indice;data;hora;natureza_acidente;situacao;bairro;endereco;numero;detalhe_endereco_acidente;complemento;bairro_cruzamento;num_semaforo;sentido_via;tipo;auto;moto;ciclom;ciclista;pedestre;onibus;caminhao;viatura;outros;vitimas;vitimasfatais;acidente_verificado;tempo_clima;situacao_semaforo;sinalizacao;condicao_via;conservacao_via;ponto_controle;situacao_placa;velocidade_max_via;mao_direcao;divisao_via1;divisao_via2;divisao_via3;turno
120;06/01/2020;14:02:00;COM VÍTIMA;FINALIZADA;AREIAS;AV DR JOSE RUFINO;1501;;E/F A IGREJA PRESBITERIANA;AREIAS;44.0;CIDADE;COLISÃO TRASEIRA;1.0;1.0;0.0;0.0;0.0;0.0;0.0;0.0;0.0;2.0;0.0;Longo da via;Bom;Sem defeito;Incompleta;Seca;Perfeito estado;Faixa de pedestre;R-6a;;Dupla;Faixa contínua;;;Tarde
121;06/01/2020;14:25:00;SEM VÍTIMA;FINALIZADA;SANTO AMARO;AV NORTE;141;RUA VINTE E QUATRO DE AGOSTO;EM FRENTE AO 21º CSM;SANTO AMARO;463.0;SUBURBIO;ABALROAMENTO LONGITUDINAL;1.0;0.0;0.0;0.0;0.0;1.0;0.0;0.0;0.0;0.0;0.0;Longo da via;Bom;Sem defeito;Perfeito estado;Seca;Perfeito estado;Faixa de retenção;Outras;60 km/h;Dupla;Faixa contínua;Canteiro central;;Tarde
122;06/01/2020;14:38:00;SEM VÍTIMA;FINALIZADA;NOVA DESCOBERTA;AV VEREADOR OTACILIO AZEVEDO;;;E/F A ESCOLA ROTARY;NOVA DESCOBERTA;;SUBURBIO;COLISÃO TRASEIRA;1.0;1.0;0.0;0.0;0.0;0.0;0.0;0.0;0.0;0.0;0.0;Longo da via;Bom;Não existe;Perfeito estado;Seca;Perfeito estado;Faixa de pedestre;Outras;;Dupla;Faixa contínua;;;Tarde
123;06/01/2020;14:46:00;SEM VÍTIMA;FINALIZADA;PINA;RUA CONSUL JOSEPH NOUJAIM;;RUA NOGUEIRA DE SOUZA;;PINA;658.0;CIDADE;ABALROAMENTO LONGITUDINAL;2.0;0.0;0.0;0.0;0.0;0.0;0.0;0.0;0.0;0.0;0.0;Cruzamento;Bom;Sem defeito;Perfeito estado;Seca;Perfeito estado;Faixa de pedestre;Não há placas;;Única;Faixa seccionada;;;Tarde
124;06/01/2020;14:48:00;SEM VÍTIMA;FINALIZADA;BOA VIAGEM;AV ENGENHEIRO DOMINGOS FERREIRA;2640;;POSTO BR;BOA VIAGEM;;SUBURBIO;COLISÃO TRASEIRA;3.0;0.0;0.0;0.0;0.0;0.0;0.0;0.0;0.0;0.0;0.0;Longo da via;Bom;Não existe;Perfeito estado;Seca;Perfeito estado;Não existe;Não há placas;;Única;Faixa seccionada;;;Tarde
125;06/01/2020;15:27:00;SEM VÍTIMA;FINALIZADA;ILHA DO LEITE;RUA GENERAL JOAQUIM INACIO;4481;;AO LADO DO BANCO;ILHA DO LEITE;69.0;SUBURBIO;COLISÃO TRASEIRA;2.0;0.0;0.0;0.0;0.0;0.0;0.0;0.0;0.0;0.0;0.0;Longo da via;Bom;Sem defeito;Perfeito estado;Seca;Perfeito estado;Faixa de pedestre;Não há placas;40 km/h;Única;Faixa contínua;;;Tarde
126;06/01/2020;17:24:00;SEM VÍTIMA;FINALIZADA;IMBIRIBEIRA;AV MARECHAL MASCARENHAS DE MORAES;2657;;E/F A IMBIRIBEIRA DIESEL;IMBIRIBEIRA;7.0;CIDADE;COLISÃO TRASEIRA;1.0;0.0;0.0;0.0;0.0;1.0;0.0;0.0;0.0;0.0;0.0;Longo da via;Bom;Sem defeito;Perfeito estado;Seca;Perfeito estado;Faixa de pedestre;;60 km/h;Única;Canteiro central;;;Tarde
127;06/01/2020;17:46:00;SEM VÍTIMA;FINALIZADA;BOA VIAGEM;RUA ANTONIO FALCAO;;RUA MINISTRO NELSON HUNGRIA;PARQUE TRIGO;BOA VIAGEM;;;ABALROAMENTO TRANSVERSAL;2.0;1.0;0.0;0.0;0.0;0.0;0.0;0.0;0.0;0.0;0.0;Cruzamento;Bom;Não existe;Incompleta;Seca;Perfeito estado;Não existe;Não há placas;60 km/h;Única;Não existe;;;Tarde
128;06/01/2020;18:38:00;SEM VÍTIMA;FINALIZADA;ÁGUA FRIA;AV BEBERIBE;2238;;MERCADINHO DOIS IRMÃOS / SOBERANO;ÁGUA FRIA;;SUBURBIO;ABALROAMENTO LONGITUDINAL;1.0;0.0;0.0;0.0;0.0;1.0;0.0;0.0;0.0;0.0;0.0;Longo da via;Bom;Não existe;Perfeito estado;Seca;Perfeito estado;Não existe;Não há placas;;Dupla;Faixa contínua;Faixa seccionada;;Noite
129;06/01/2020;18:49:00;SEM VÍTIMA;FINALIZADA;BOA VIAGEM;AV CONSELHEIRO AGUIAR;3572;;LOJA CORTA JACA;BOA VIAGEM;;CIDADE;ABALROAMENTO LONGITUDINAL;2.0;0.0;0.0;0.0;0.0;0.0;0.0;0.0;0.0;0.0;0.0;Longo da via;Bom;Não existe;Perfeito estado;Seca;Perfeito estado;Não existe;R-6a;60 km/h;Única;Faixa seccionada;;;Noite
130;06/01/2020;18:58:00;COM VÍTIMA;FINALIZADA;SANTO ANTÔNIO;RUA DO SOL;;AV GUARARAPES;CRUZAMENTO C/AV GUARARAPES;SANTO ANTÔNIO;14.0;SUBURBIO;ATROPELAMENTO;1.0;0.0;0.0;0.0;2.0;0.0;0.0;0.0;0.0;2.0;0.0;Cruzamento;Bom;Sem defeito;Perfeito estado;Seca;Perfeito estado;Agente;R-6a;;Única;;;;Noite
131;06/01/2020;19:32:00;SEM VÍTIMA;FINALIZADA;ROSARINHO;AV CONS ROSA E SILVA;1997;;FARMÁCIA PAGUE MENOS;ROSARINHO;;SUBURBIO;ABALROAMENTO TRANSVERSAL;1.0;0.0;0.0;0.0;0.0;0.0;1.0;0.0;0.0;0.0;0.0;Longo da via;Bom;Não existe;Perfeito estado;Seca;Perfeito estado;Não existe;Não há placas;;Única;Faixa contínua;;;Noite
132;06/01/2020;19:52:00;SEM VÍTIMA;FINALIZADA;IBURA;AV DOIS RIOS;1103;;EM FRENTE AO Nº 1103;IBURA;;;COLISÃO TRASEIRA;2.0;0.0;0.0;0.0;0.0;0.0;0.0;0.0;0.0;0.0;0.0;Longo da via;Bom;Sem defeito;Perfeito estado;Seca;Mal iluminada;Não existe;Não há placas;;Dupla;Faixa contínua;;;Noite
133;06/01/2020;20:11:00;SEM VÍTIMA;FINALIZADA;BOA VISTA;RUA LUIZ BARBALHO;89;RUA MIGUEL COUTO;EMLURB;BOA VISTA;;CIDADE;ABALROAMENTO LONGITUDINAL;2.0;0.0;0.0;0.0;0.0;0.0;0.0;0.0;0.0;0.0;0.0;Cruzamento;Bom;Não existe;;Seca;Perfeito estado;Não existe;Não há placas;;Dupla;Não existe;;;Noite
134;06/01/2020;20:28:00;SEM VÍTIMA;FINALIZADA;SANTO ANTÔNIO;C SANTA RITA;;;PRÓXIMO A ENTRADA DO TERMINAL;SANTO ANTÔNIO;76.0;CIDADE;ABALROAMENTO LONGITUDINAL;1.0;0.0;0.0;0.0;0.0;1.0;0.0;0.0;0.0;0.0;0.0;Longo da via;Bom;Sem defeito;Perfeito estado;Seca;Perfeito estado;Não existe;Não há placas;;Dupla;Canteiro central;Faixa contínua;;Noite
135;07/01/2020;07:32:00;SEM VÍTIMA;FINALIZADA;DOIS IRMÃOS;RUA DOIS IRMAOS;;AV DA RECUPERACAO;;DOIS IRMÃOS;416.0;CIDADE;ABALROAMENTO LONGITUDINAL;0.0;2.0;0.0;0.0;0.0;0.0;0.0;0.0;0.0;0.0;0.0;Cruzamento;Chuvoso;Sem defeito;Perfeito estado;Molhada;Perfeito estado;Não existe;Não há placas;;Dupla;Não existe;;;Manhã
136;07/01/2020;08:01:00;SEM VÍTIMA;FINALIZADA;VÁRZEA;AV CAXANGA;;;LADO OPOSTO A UPA ESCRITOR PAULO CAVALCANTI CAXANGÁ;VÁRZEA;281.0;CIDADE;COLISÃO TRASEIRA;3.0;0.0;0.0;0.0;0.0;0.0;0.0;0.0;0.0;0.0;0.0;Longo da via;Chuvoso;Sem defeito;Perfeito estado;Molhada;Perfeito estado;Agente;Não há placas;60 km/h;Dupla;Faixa seccionada;Canteiro central;;Manhã
137;07/01/2020;08:06:00;SEM VÍTIMA;FINALIZADA;ESPINHEIRO;AV CONS ROSA E SILVA;;;EM FRENTE AO HOSPITAL DOS SERVIDORES DO ESTADO - HSE;ESPINHEIRO;309.0;SUBURBIO;COLISÃO TRASEIRA;2.0;0.0;0.0;0.0;0.0;0.0;0.0;0.0;0.0;0.0;0.0;Longo da via;Bom;Sem defeito;Perfeito estado;Seca;Perfeito estado;Faixa de pedestre;;;Única;Faixa seccionada;;;Manhã
138;07/01/2020;08:11:00;SEM VÍTIMA;FINALIZADA;GRAÇAS;AV RUI BARBOSA;870;;EM FRENTE AO Nº 870;GRAÇAS;48.0;CIDADE;COLISÃO TRASEIRA;2.0;0.0;0.0;0.0;0.0;0.0;0.0;0.0;0.0;0.0;0.0;Longo da via;Bom;Sem defeito;Perfeito estado;Seca;Perfeito estado;Agente;Outras;;Única;Faixa seccionada;;;Manhã
139;07/01/2020;09:23:00;SEM VÍTIMA;FINALIZADA;AFOGADOS;RUA SAO MIGUEL;650;;LADO OP A PORTUGUÊS STO INÁCIO AUTO PEÇAS;AFOGADOS;391.0;CIDADE;ABALROAMENTO LONGITUDINAL;1.0;0.0;0.0;0.0;0.0;1.0;0.0;0.0;0.0;0.0;0.0;Longo da via;Bom;Sem defeito;Incompleta;Seca;;;Outras;50 km/h;Dupla;;;;Manhã
140;07/01/2020;09:58:00;SEM VÍTIMA;FINALIZADA;IMBIRIBEIRA;AV MARECHAL MASCARENHAS DE MORAES;;RUA JOAQUIM BANDEIRA;CONCESSIONÁRIA MITSUBISH MOTORS;IMBIRIBEIRA;534.0;SUBURBIO;ABALROAMENTO LONGITUDINAL;0.0;0.0;0.0;0.0;0.0;1.0;1.0;0.0;0.0;0.0;0.0;Cruzamento;Bom;Sem defeito;Perfeito estado;Seca;Perfeito estado;Faixa de pedestre;Não há placas;60 km/h;Dupla;Canteiro central;;;Manhã
141;07/01/2020;11:05:00;SEM VÍTIMA;FINALIZADA;AFLITOS;AV CONS ROSA E SILVA;632;;GALERIA MOLDULAR;AFLITOS;;SUBURBIO;COLISÃO TRASEIRA;2.0;0.0;0.0;0.0;0.0;0.0;0.0;0.0;0.0;0.0;0.0;Longo da via;Bom;Sem defeito;Perfeito estado;Seca;Perfeito estado;Não existe;R-6a;40 km/h;Única;Faixa contínua;;;Manhã
142;07/01/2020;11:20:00;SEM VÍTIMA;FINALIZADA;CAMPO GRANDE;RUA DR MACHADO;353;RUA VOLUNTARIOS DA PATRIA;;CAMPO GRANDE;;;COLISÃO TRASEIRA;2.0;0.0;0.0;0.0;0.0;0.0;0.0;0.0;0.0;0.0;0.0;Cruzamento;Bom;Sem defeito;Perfeito estado;Seca;Perfeito estado;Não existe;Placas Pare;;Única;Não existe;;;Manhã
143;07/01/2020;11:27:00;COM VÍTIMA;FINALIZADA;IPUTINGA;RUA EMILIANO BRAGA;163;RUA MANOEL JOAQUIM DE ALMEIDA;ED NOVA ESPERANÇA;IPUTINGA;;;ABALROAMENTO TRANSVERSAL;1.0;1.0;0.0;0.0;0.0;0.0;0.0;0.0;0.0;1.0;0.0;Cruzamento;Bom;Não existe;Incompleta;Seca;Perfeito estado;Não existe;Não há placas;;Dupla;Não existe;;;Manhã
144;07/01/2020;11:28:00;SEM VÍTIMA;FINALIZADA;ESPINHEIRO;RUA CONS PORTELA;;RUA BARAO DE ITAMARACA;IGREJA MATRIZ DO ESPINHEIRO;ESPINHEIRO;464.0;CIDADE;ABALROAMENTO LONGITUDINAL;1.0;0.0;0.0;0.0;0.0;0.0;1.0;0.0;0.0;0.0;0.0;Longo da via;Bom;Sem defeito;Perfeito estado;Seca;Perfeito estado;Faixa de pedestre;R-6a;;Única;Faixa seccionada;;;Manhã
145;07/01/2020;11:32:00;SEM VÍTIMA;FINALIZADA;PRADO;AV ENGENHEIRO ABDIAS DE CARVALHO;;;ZERO GRAU / ESTÁCIO CLÍNICA DE PSICOLOGIA;PRADO;327.0;CIDADE;COLISÃO TRASEIRA;2.0;0.0;0.0;0.0;0.0;0.0;0.0;0.0;0.0;0.0;0.0;Longo da via;Bom;Sem defeito;Perfeito estado;Seca;Perfeito estado;Faixa de pedestre;R-6a;60 km/h;Única;Faixa contínua;;;Manhã
146;07/01/2020;12:39:00;SEM VÍTIMA;FINALIZADA;TORRE;RUA REAL DA TORRE;1507;RUA VITORIANO PALHARES;EDF. AMADEUS E MOZART;TORRE;;CIDADE;CHOQUE VEÍCULO PARADO;2.0;0.0;0.0;0.0;0.0;0.0;0.0;0.0;0.0;0.0;0.0;;Bom;Não existe;Perfeito estado;Seca;Perfeito estado;Não existe;Não há placas;30 km/h;Única;Não existe;;;Tarde
147;07/01/2020;12:53:00;SEM VÍTIMA;FINALIZADA;ESPINHEIRO;RUA DO ESPINHEIRO;222;;EM FRENTE AO HOSPITAL DE ESPINHEIRO;ESPINHEIRO;;SUBURBIO;ABALROAMENTO LONGITUDINAL;2.0;0.0;0.0;0.0;0.0;0.0;0.0;0.0;0.0;0.0;0.0;Longo da via;Bom;Não existe;Não existente;Seca;Perfeito estado;Não existe;Não há placas;;Única;Faixa seccionada;;;Tarde
148;07/01/2020;13:21:00;SEM VÍTIMA;FINALIZADA;CIDADE UNIVERSITÁRIA;AV PROFESSOR ARTUR DE SA;1953;;LADO OPOSTO AO CEMITÉRIO DA VÁRZEA;CIDADE UNIVERSITÁRIA;;SUBURBIO;ABALROAMENTO TRANSVERSAL;1.0;1.0;0.0;0.0;0.0;0.0;0.0;0.0;0.0;0.0;0.0;Longo da via;Bom;Não existe;Perfeito estado;Seca;Perfeito estado;Outros;Outras;30 km/h;Dupla;Faixa seccionada;;;Tarde
149;07/01/2020;13:24:00;SEM VÍTIMA;FINALIZADA;ESPINHEIRO;RUA ANGUSTURA;358;;CHINA 48;ESPINHEIRO;;CIDADE;ABALROAMENTO TRANSVERSAL;2.0;0.0;0.0;0.0;0.0;0.0;0.0;0.0;0.0;0.0;0.0;Longo da via;Bom;Não existe;Perfeito estado;Seca;Perfeito estado;Não existe;Outras;;Única;Não existe;;;Tarde
150;07/01/2020;13:37:00;SEM VÍTIMA;FINALIZADA;PINA;AV ANTONIO DE GOES;820;;EMPRESARIAL JOPIN;PINA;103.0;CIDADE;COLISÃO TRASEIRA;0.0;2.0;0.0;0.0;0.0;0.0;0.0;0.0;0.0;0.0;0.0;Cruzamento;Bom;Sem defeito;Perfeito estado;Seca;Perfeito estado;Agente;;60 km/h;Única;Canteiro central;;;Tarde
151;07/01/2020;13:57:00;SEM VÍTIMA;FINALIZADA;BAIRRO DO RECIFE;CAIS DO APOLO;;;TRIBUNAL REGIONAL DA 5º REGIÃO;BAIRRO DO RECIFE;454.0;CIDADE;ABALROAMENTO LONGITUDINAL;1.0;0.0;0.0;0.0;0.0;0.0;1.0;0.0;0.0;0.0;0.0;Longo da via;Bom;Sem defeito;Perfeito estado;Seca;Perfeito estado;Faixa de pedestre;R-6a;;Única;Faixa seccionada;;;Tarde
152;07/01/2020;14:21:00;SEM VÍTIMA;FINALIZADA;SANTO AMARO;AV NORTE;787;;EVALDO DE ALBUQUERQUE BATERIAS HELIAR;SANTO AMARO;;CIDADE;ABALROAMENTO LONGITUDINAL;1.0;0.0;0.0;0.0;0.0;1.0;0.0;0.0;0.0;0.0;0.0;Longo da via;Bom;Não existe;Perfeito estado;Seca;Perfeito estado;Outros;Outras;60 km/h;Dupla;Faixa seccionada;Canteiro central;;Tarde
153;07/01/2020;14:40:00;SEM VÍTIMA;FINALIZADA;DERBY;AV RUI BARBOSA;;AV GOVERNADOR AGAMENON MAGALHAES;;DERBY;37.0;CIDADE;ABALROAMENTO LONGITUDINAL;2.0;0.0;0.0;0.0;0.0;0.0;0.0;0.0;0.0;0.0;0.0;Cruzamento;Bom;Sem defeito;Perfeito estado;Seca;Perfeito estado;;Outras;40 km/h;Única;Faixa contínua;;;Tarde
154;07/01/2020;14:52:00;SEM VÍTIMA;FINALIZADA;IPSEP;RUA POTENGY;512;;;IPSEP;;CIDADE;ABALROAMENTO LONGITUDINAL;2.0;0.0;0.0;0.0;0.0;0.0;0.0;0.0;0.0;0.0;0.0;;Bom;Não existe;Perfeito estado;Seca;Perfeito estado;Não existe;Placas Pare;;Única;Não existe;;;Tarde
155;07/01/2020;15:16:00;SEM VÍTIMA;FINALIZADA;AFOGADOS;RUA IMPERIAL;;;CORE;AFOGADOS;87.0;SUBURBIO;COLISÃO TRASEIRA;1.0;0.0;0.0;0.0;0.0;0.0;1.0;0.0;0.0;0.0;0.0;Longo da via;Bom;Sem defeito;Perfeito estado;Seca;Perfeito estado;Faixa de pedestre;Outras;;Única;Faixa seccionada;;;Tarde
156;07/01/2020;15:15:00;SEM VÍTIMA;FINALIZADA;IPSEP;AV RECIFE;2775;;EM FRENTE A IBEX;IPSEP;;SUBURBIO;ABALROAMENTO LONGITUDINAL;2.0;0.0;0.0;0.0;0.0;0.0;0.0;0.0;0.0;0.0;0.0;Longo da via;Bom;Não existe;Perfeito estado;Seca;Perfeito estado;Agente;Não há placas;60 km/h;Dupla;Canteiro central;;;Tarde
157;07/01/2020;15:34:00;SEM VÍTIMA;FINALIZADA;;RUA WALDEMAR NERY CARNEIRO MONTEIRO;62;RUA DA CONFRATERNIZACAO;COLÉGIO GESTÃO RECIFE;;;SUBURBIO;COLISÃO FRONTAL;2.0;0.0;0.0;0.0;0.0;0.0;0.0;0.0;0.0;0.0;0.0;Cruzamento;Bom;Não existe;Perfeito estado;Seca;Perfeito estado;Não existe;Não há placas;;Dupla;Não existe;;;Tarde
158;07/01/2020;15:35:00;SEM VÍTIMA;FINALIZADA;CORDEIRO;AV ENGENHEIRO ABDIAS DE CARVALHO;;RUA TIJUCAS;DROGARIA DROGA MARIA;CORDEIRO;422.0;;COLISÃO TRASEIRA;2.0;0.0;0.0;0.0;0.0;0.0;0.0;0.0;0.0;0.0;0.0;Longo da via;Bom;Sem defeito;Perfeito estado;Seca;Perfeito estado;Faixa de pedestre;Não há placas;;Dupla;Canteiro central;;;Tarde
159;07/01/2020;15:40:00;SEM VÍTIMA;FINALIZADA;CASA AMARELA;AV PEDRO ALLAIN;81;;EM FRENTE AO EDF EDUARDO CARDOSO;CASA AMARELA;;;ABALROAMENTO LONGITUDINAL;2.0;0.0;0.0;0.0;0.0;0.0;0.0;0.0;0.0;0.0;0.0;Longo da via;Bom;Não existe;Não existente;Seca;Perfeito estado;Não existe;Não há placas;30 km/h;Dupla;Não existe;;;Tarde
160;07/01/2020;15:50:00;SEM VÍTIMA;FINALIZADA;CAMPO GRANDE;RUA ODORICO MENDES;597;;EM FRENTE A ULTRAGÁS;CAMPO GRANDE;;SUBURBIO;COLISÃO FRONTAL;3.0;0.0;0.0;0.0;0.0;0.0;0.0;0.0;0.0;0.0;0.0;Longo da via;Bom;Não existe;Perfeito estado;Seca;Perfeito estado;Não existe;R-6a;;Dupla;Faixa seccionada;;;Tarde
161;07/01/2020;15:59:00;SEM VÍTIMA;FINALIZADA;JARDIM SÃO PAULO;RUA LORENA;93;RUA BRAGANCA;AO LADO DO Nº 093;JARDIM SÃO PAULO;;;ABALROAMENTO TRANSVERSAL;2.0;0.0;0.0;0.0;0.0;0.0;0.0;0.0;0.0;0.0;0.0;Cruzamento;Bom;Não existe;Incompleta;Seca;Perfeito estado;Não existe;Placas Pare;;Dupla;Não existe;;;Tarde
162;07/01/2020;17:37:00;COM VÍTIMA;FINALIZADA;BOA VIAGEM;RUA VISCONDE DE JEQUITINHONHA;652;RUA ERNESTO DE PAULA SANTOS;NO SEMAFORO 304;BOA VIAGEM;304.0;CIDADE;COLISÃO COM CICLISTA;1.0;0.0;0.0;1.0;0.0;0.0;0.0;0.0;0.0;1.0;0.0;Cruzamento;Bom;Sem defeito;Perfeito estado;Seca;Perfeito estado;Faixa de pedestre;R-6a;30 km/h;Única;Não existe;;;Tarde
163;07/01/2020;18:55:00;SEM VÍTIMA;FINALIZADA;BOA VIAGEM;RUA JOSE DOMINGUES DA SILVA;205;RUA PADRE CABRAL;EDF MONTE CATINE;BOA VIAGEM;;SUBURBIO;ABALROAMENTO TRANSVERSAL;1.0;1.0;0.0;0.0;0.0;0.0;0.0;0.0;0.0;0.0;0.0;Cruzamento;Bom;Não existe;Perfeito estado;Seca;Perfeito estado;Faixa de retenção;Placas Pare;;Dupla;Faixa contínua;Faixa seccionada;;Noite
164;08/01/2020;04:11:00;SEM VÍTIMA;FINALIZADA;BOA VISTA;AV CONDE DA BOA VISTA;175;RUA DA AURORA;CINEMA SÃO LUIZ;BOA VISTA;162.0;CIDADE;ABALROAMENTO TRANSVERSAL;0.0;0.0;0.0;0.0;0.0;2.0;0.0;0.0;0.0;0.0;0.0;Cruzamento;Bom;Sem defeito;Perfeito estado;Seca;Perfeito estado;Faixa de pedestre;Outras;;Dupla;Canteiro central;;;Madrugada
165;08/01/2020;07:14:00;COM VÍTIMA;FINALIZADA;IPUTINGA;RUA MAURICIO DE NASSAU;43;;EM FRENTE A IGREJA CONGREGAÇÃO CRISTÃ;IPUTINGA;;CIDADE;COLISÃO TRASEIRA;1.0;1.0;0.0;0.0;0.0;0.0;0.0;0.0;0.0;1.0;0.0;Longo da via;Bom;;;Seca;Perfeito estado;;;;Dupla;;;;Manhã
166;08/01/2020;08:47:00;SEM VÍTIMA;FINALIZADA;DERBY;PRC DO DERBY;;;LADO OPOSTO AO LABORATÓRIO MARCELO MAGALHÃES;DERBY;;CIDADE;ABALROAMENTO TRANSVERSAL;2.0;0.0;0.0;0.0;0.0;0.0;0.0;0.0;0.0;0.0;0.0;Longo da via;Bom;Não existe;Perfeito estado;Seca;Perfeito estado;Não existe;Outras;;Dupla;Faixa seccionada;;;Manhã
167;08/01/2020;09:38:00;SEM VÍTIMA;FINALIZADA;CASA AMARELA;EST DO ARRAIAL;3720;RUA ANTONIO DE CASTRO;E/F AO EDF. VALDIR PESSOA;CASA AMARELA;;SUBURBIO;ABALROAMENTO LONGITUDINAL;2.0;0.0;0.0;0.0;0.0;0.0;0.0;0.0;0.0;0.0;0.0;Longo da via;Bom;Não existe;Perfeito estado;Seca;Perfeito estado;;;60 km/h;Única;Não existe;;;Manhã
168;08/01/2020;10:28:00;COM VÍTIMA;FINALIZADA;COELHOS;RUA DOS COELHOS;123;PTE JOAQUIM CARDOSO;AO LADO DO IMIP;COELHOS;;SUBURBIO;ABALROAMENTO LONGITUDINAL;0.0;2.0;0.0;0.0;0.0;0.0;0.0;0.0;0.0;2.0;0.0;Longo da via;Bom;Não existe;Perfeito estado;Seca;Perfeito estado;Não existe;R-6a;;Dupla;Faixa contínua;;;Manhã
169;08/01/2020;10:47:00;SEM VÍTIMA;FINALIZADA;DERBY;PRC DO DERBY;;RUA JENER DE SOUZA;SOB O SEMÁFORO 418;DERBY;;CIDADE;COLISÃO TRASEIRA;2.0;0.0;0.0;0.0;0.0;0.0;0.0;0.0;0.0;0.0;0.0;Cruzamento;Bom;Sem defeito;Perfeito estado;Seca;Perfeito estado;Faixa de pedestre;Outras;;Dupla;Blocos;;;Manhã
170;08/01/2020;11:07:00;COM VÍTIMA;FINALIZADA;ARRUDA;RUA SAO BENTO;340;EST VELHA DE AGUA FRIA;APÓS O POSTO NORTE BRAZ;ARRUDA;;SUBURBIO;ABALROAMENTO LONGITUDINAL;0.0;2.0;0.0;0.0;0.0;0.0;0.0;0.0;0.0;1.0;0.0;Longo da via;Bom;Não existe;Perfeito estado;Seca;Perfeito estado;Não existe;Não há placas;;Única;Faixa seccionada;;;Manhã
171;08/01/2020;11:22:00;SEM VÍTIMA;FINALIZADA;TORRE;RUA PADRE ANCHIETA;;RUA JOSE BONIFACIO;AO LADO DO MINUTO PÃO DE AÇUCAR;TORRE;193.0;CIDADE;ABALROAMENTO LONGITUDINAL;2.0;0.0;0.0;0.0;0.0;0.0;0.0;0.0;0.0;0.0;0.0;Cruzamento;Bom;Sem defeito;Perfeito estado;Seca;Perfeito estado;Faixa de pedestre;R-6a;;Única;Faixa seccionada;;;Manhã
172;08/01/2020;11:41:00;SEM VÍTIMA;FINALIZADA;ARRUDA;RUA DR RAIMUNDO CAVALCANTI UCHOA;;RUA DESPORTIST WALDIR SANTANA;ESQUINA DAS RUAS;ARRUDA;;;ABALROAMENTO TRANSVERSAL;2.0;0.0;0.0;0.0;0.0;0.0;0.0;0.0;0.0;0.0;0.0;;Bom;Não existe;Não existente;Seca;Mal conservada;Não existe;Não há placas;;Dupla;Não existe;;;Manhã
173;08/01/2020;11:46:00;SEM VÍTIMA;FINALIZADA;BOA VISTA;AV GOVERNADOR AGAMENON MAGALHAES;;;EM FRENTE AO CÍRCULO MILITAR DO RECIFE;BOA VISTA;;;COLISÃO TRASEIRA;2.0;0.0;0.0;0.0;0.0;0.0;0.0;0.0;0.0;0.0;0.0;Longo da via;Bom;Não existe;Perfeito estado;Seca;Perfeito estado;Não existe;Não há placas;60 km/h;Dupla;Canteiro central;;;Manhã
174;08/01/2020;12:33:00;SEM VÍTIMA;FINALIZADA;IBURA;AV DOIS RIOS;;RUA PINTOR AGENOR DE ALBUQUERQUE CESAR;;IBURA;561.0;SUBURBIO;ABALROAMENTO TRANSVERSAL;1.0;0.0;0.0;0.0;0.0;1.0;0.0;0.0;0.0;0.0;0.0;Cruzamento;Bom;Sem defeito;Perfeito estado;Seca;Perfeito estado;Faixa de pedestre;Não há placas;;Dupla;Faixa contínua;;;Tarde
175;08/01/2020;13:21:00;SEM VÍTIMA;FINALIZADA;BAIRRO DO RECIFE;CAIS DO APOLO;925;;AREA INTERNA DO ESTACIONAMENTO DA PCR;BAIRRO DO RECIFE;;;ABALROAMENTO TRANSVERSAL;2.0;0.0;0.0;0.0;0.0;0.0;0.0;0.0;0.0;0.0;0.0;;Bom;Não existe;Não existente;Seca;Perfeito estado;Não existe;Não há placas;;Dupla;Não existe;;;Tarde
176;08/01/2020;13:21:00;SEM VÍTIMA;FINALIZADA;ESPINHEIRO;RUA MARQUES DO PARANA;450;RUA GOMES PACHECO;OFICERTA;ESPINHEIRO;;;ABALROAMENTO LONGITUDINAL;2.0;0.0;0.0;0.0;0.0;0.0;0.0;0.0;0.0;0.0;0.0;Cruzamento;Bom;Não existe;Perfeito estado;Seca;Perfeito estado;Faixa de pedestre;Placas Pare;;Única;Faixa seccionada;;;Tarde
177;08/01/2020;13:23:00;SEM VÍTIMA;FINALIZADA;BOA VISTA;RUA DO RIACHUELO;105;RUA DA UNIAO;;BOA VISTA;;CIDADE;COLISÃO TRASEIRA;2.0;0.0;0.0;0.0;0.0;0.0;0.0;0.0;0.0;0.0;0.0;Longo da via;Bom;Não existe;Perfeito estado;Seca;Perfeito estado;Faixa de pedestre;Outras;;Dupla;Faixa seccionada;Canteiro central;;Tarde
178;08/01/2020;13:32:00;SEM VÍTIMA;FINALIZADA;COELHOS;RUA DO JARDIM;37;;EM FRENTE AO Nº 37 / SENTIDO ÚNICO;COELHOS;;;COLISÃO TRASEIRA;2.0;0.0;0.0;0.0;0.0;0.0;0.0;0.0;0.0;0.0;0.0;Longo da via;Bom;Não existe;Não existente;Seca;Mal conservada;Não existe;Não há placas;;Única;Não existe;;;Tarde