indice;data;hora;natureza_acidente;situacao;bairro;endereco;numero;detalhe_endereco_acidente;complemento;bairro_cruzamento;num_semaforo;sentido_via;tipo;auto;moto;ciclom;ciclista;pedestre;onibus;caminhao;viatura;outros;vitimas;vitimasfatais;acidente_verificado;tempo_clima;situacao_semaforo;sinalizacao;condicao_via;conservacao_via;ponto_controle;situacao_placa;velocidade_max_via;mao_direcao;divisao_via1;divisao_via2;divisao_via3;turno
179;08/01/2020;13:48:00;COM VÍTIMA;FINALIZADA;CORDEIRO;AV CAXANGA;2555;AV INACIO MONTEIRO;PROX AO POSTO SILVA E ARAUJO;CORDEIRO;234.0;CIDADE;ABALROAMENTO LONGITUDINAL;1.0;1.0;0.0;0.0;0.0;0.0;0.0;0.0;1.0;1.0;0.0;Esquina;Bom;Sem defeito;Perfeito estado;Seca;Perfeito estado;Faixa de pedestre;Outras;;Dupla;Faixa contínua;Faixa seccionada;Canteiro central;Tarde
180;08/01/2020;14:08:00;SEM VÍTIMA;FINALIZADA;BOA VIAGEM;AV ENGENHEIRO DOMINGOS FERREIRA;236;;CERPE;BOA VIAGEM;380.0;SUBURBIO;COLISÃO TRASEIRA;2.0;0.0;0.0;0.0;0.0;0.0;0.0;0.0;0.0;0.0;0.0;Longo da via;Bom;Sem defeito;Perfeito estado;Seca;Perfeito estado;Faixa de pedestre;;60 km/h;Única;Faixa contínua;;;Tarde
181;08/01/2020;14:52:00;SEM VÍTIMA;FINALIZADA;AREIAS;AV RECIFE;;;LADO OPOSTO AO BIG BOMPREÇO;AREIAS;;;COLISÃO TRASEIRA;2.0;0.0;0.0;0.0;0.0;0.0;0.0;0.0;0.0;0.0;0.0;Longo da via;Bom;Sem defeito;Perfeito estado;Seca;Perfeito estado;;Outras;;Dupla;Canteiro central;;;Tarde
182;08/01/2020;15:15:00;SEM VÍTIMA;FINALIZADA;BOA VIAGEM;RUA RIBEIRO DE BRITO;972;RUA DOS NAVEGANTES;EDIFÍCIO LUIZA RAMOS;BOA VIAGEM;;;ABALROAMENTO TRANSVERSAL;2.0;0.0;0.0;0.0;0.0;0.0;0.0;0.0;0.0;0.0;0.0;Cruzamento;Bom;Não existe;Ilegível;Seca;Perfeito estado;Faixa de retenção;Placas Pare;;Única;Não existe;;;Tarde
183;08/01/2020;15:43:00;SEM VÍTIMA;FINALIZADA;JORDÃO;RUA BOANERGES PEREIRA;;AV MARIA IRENE;;JORDÃO;;CIDADE;ABALROAMENTO LONGITUDINAL;0.0;0.0;0.0;0.0;0.0;0.0;2.0;0.0;0.0;0.0;0.0;Cruzamento;Bom;Não existe;Perfeito estado;Seca;Perfeito estado;;;;;;;;Tarde
184;08/01/2020;15:47:00;COM VÍTIMA;FINALIZADA;SOLEDADE;RUA BARAO DE SAO BORJA;;;E/F AO CENTRO UNIVERSITARIO TIRADENTES;SOLEDADE;;SUBURBIO;ATROPELAMENTO;1.0;0.0;0.0;0.0;1.0;0.0;0.0;0.0;0.0;1.0;0.0;Longo da via;Bom;Não existe;Perfeito estado;Seca;Perfeito estado;Não existe;R-6a;;Única;Não existe;;;Tarde
185;08/01/2020;15:54:00;SEM VÍTIMA;FINALIZADA;CASA FORTE;AV DEZESSETE DE AGOSTO;;;EM FRENTE A FARMACIA PAGUE MENOS;CASA FORTE;;CIDADE;COLISÃO TRASEIRA;2.0;0.0;0.0;0.0;0.0;0.0;0.0;0.0;0.0;0.0;0.0;Longo da via;Bom;Sem defeito;Perfeito estado;Seca;Perfeito estado;Faixa de pedestre;Outras;;Dupla;Faixa contínua;;;Tarde
186;08/01/2020;16:42:00;SEM VÍTIMA;FINALIZADA;VÁRZEA;AV CAXANGA;;;;VÁRZEA;608.0;CIDADE;COLISÃO TRASEIRA;1.0;0.0;0.0;0.0;0.0;0.0;1.0;0.0;0.0;0.0;0.0;Longo da via;Bom;Sem defeito;Perfeito estado;Seca;Perfeito estado;Faixa de pedestre;R-6a;;Dupla;Canteiro central;;;Tarde
187;08/01/2020;16:59:00;SEM VÍTIMA;FINALIZADA;IMBIRIBEIRA;RUA JOAQUIM BANDEIRA;268;AV SUL;EM FRENTE A MICAELLY PEDROSA;IMBIRIBEIRA;;SUBURBIO;ABALROAMENTO LONGITUDINAL;2.0;0.0;0.0;0.0;0.0;0.0;0.0;0.0;0.0;0.0;0.0;Cruzamento;Bom;Não existe;Perfeito estado;Seca;Perfeito estado;Não existe;Não há placas;;Única;Faixa seccionada;;;Tarde
188;08/01/2020;17:18:00;SEM VÍTIMA;FINALIZADA;CASA FORTE;AV DEZESSETE DE AGOSTO;;RUA PIAUI;AO LADO DO CENTRO MÉDICO SEN JOSE ERMIRIO DE MORRES;CASA FORTE;251.0;CIDADE;CHOQUE OBJETO FIXO;0.0;0.0;0.0;0.0;0.0;0.0;1.0;0.0;0.0;0.0;0.0;;Bom;Sem defeito;Perfeito estado;Seca;Perfeito estado;Faixa de pedestre;R-6a;;Dupla;Faixa seccionada;;;Tarde
189;08/01/2020;17:27:00;SEM VÍTIMA;FINALIZADA;BOA VIAGEM;RUA AMALIA BERNARDINO DE SOUZA;286;;POR TRÁS DA FACULDADE MAURICIO DE NASSAU;BOA VIAGEM;;CIDADE;COLISÃO TRASEIRA;2.0;0.0;0.0;0.0;0.0;0.0;0.0;0.0;0.0;0.0;0.0;Longo da via;Bom;Sem defeito;Perfeito estado;Seca;Perfeito estado;Não existe;Não há placas;;Dupla;Não existe;;;Tarde
190;08/01/2020;17:29:00;SEM VÍTIMA;FINALIZADA;AFOGADOS;RUA MOTOCOLOMBO;190;RUA FRANCISCO SILVEIRA;;AFOGADOS;;SUBURBIO;ABALROAMENTO LONGITUDINAL;2.0;0.0;0.0;0.0;0.0;0.0;0.0;0.0;0.0;0.0;0.0;Cruzamento;Bom;Não existe;Não existente;Seca;Perfeito estado;Não existe;Não há placas;;Única;Faixa seccionada;;;Tarde
191;08/01/2020;17:46:00;SEM VÍTIMA;FINALIZADA;SANTO ANTÔNIO;PRC DA REPUBLICA;;RUA IMPERADOR PEDRO SEGUNDO;;SANTO ANTÔNIO;278.0;;ABALROAMENTO TRANSVERSAL;1.0;0.0;0.0;0.0;0.0;1.0;0.0;0.0;0.0;0.0;0.0;Cruzamento;Bom;Sem defeito;Perfeito estado;Seca;Perfeito estado;;Outras;;Única;Faixa contínua;Faixa seccionada;;Tarde
192;08/01/2020;17:58:00;SEM VÍTIMA;FINALIZADA;DERBY;AV GOVERNADOR AGAMENON MAGALHAES;;;AO LADO DO CLUBE PORTUGUÊS;DERBY;173.0;;COLISÃO TRASEIRA;3.0;0.0;0.0;0.0;0.0;0.0;0.0;0.0;0.0;0.0;0.0;Longo da via;Bom;Sem defeito;Perfeito estado;Seca;Perfeito estado;;Não há placas;60 km/h;Única;Faixa contínua;;;Tarde
193;08/01/2020;18:37:00;SEM VÍTIMA;FINALIZADA;IPUTINGA;AV LUIZ DE LACERDA;260;RUA PROFESSOR MUSSA HAZIN;EM FRENTE AO COLÉGIO DESAFIO;IPUTINGA;;SUBURBIO;ABALROAMENTO LONGITUDINAL;2.0;0.0;0.0;0.0;0.0;0.0;0.0;0.0;0.0;0.0;0.0;Longo da via;Bom;Não existe;Perfeito estado;Seca;Perfeito estado;Não existe;R-6a;;Única;Faixa seccionada;;;Noite
194;08/01/2020;19:00:00;SEM VÍTIMA;FINALIZADA;ILHA DO RETIRO;PRC DA BANDEIRA;;;EM FRENTEAO SPORT CLUB DO RECIFE;ILHA DO RETIRO;;CIDADE;ABALROAMENTO LONGITUDINAL;2.0;0.0;0.0;0.0;0.0;0.0;0.0;0.0;0.0;0.0;0.0;;Bom;Não existe;Perfeito estado;Seca;Perfeito estado;Não existe;R-6a;30 km/h;Única;Não existe;;;Noite
195;08/01/2020;22:39:00;SEM VÍTIMA;FINALIZADA;BOA VIAGEM;RUA BRUNO VELOSO;392;;;BOA VIAGEM;338.0;SUBURBIO;COLISÃO TRASEIRA;2.0;0.0;0.0;0.0;0.0;0.0;0.0;0.0;0.0;0.0;0.0;Longo da via;Bom;Sem defeito;Perfeito estado;Seca;Perfeito estado;Faixa de retenção;Outras;;Única;Faixa seccionada;;;Noite
196;08/01/2020;23:26:00;SEM VÍTIMA;FINALIZADA;ESPINHEIRO;AV JOAO DE BARROS;1314;;;ESPINHEIRO;338.0;SUBURBIO;COLISÃO TRASEIRA;2.0;0.0;0.0;0.0;0.0;0.0;0.0;0.0;0.0;0.0;0.0;Longo da via;Bom;Intermitente;Perfeito estado;Seca;Perfeito estado;Faixa de pedestre;Não há placas;;Única;Faixa contínua;Faixa seccionada;;Noite
197;09/01/2020;01:24:00;COM VÍTIMA;FINALIZADA;ARRUDA;RUA MEM DE SA;;RUA PROFESSOR JERONIMO GUEIROS;AO LADO DA FÁBRICA COCA-COLA;ARRUDA;495.0;;ABALROAMENTO TRANSVERSAL;2.0;0.0;0.0;0.0;0.0;0.0;0.0;0.0;0.0;1.0;0.0;Cruzamento;Bom;Sem defeito;Perfeito estado;Seca;Perfeito estado;Não existe;Não há placas;30 km/h;Dupla;Não existe;;;Madrugada
198;09/01/2020;07:14:00;COM VÍTIMA;FINALIZADA;IPSEP;RUA PINTOR ANTONIO ALBUQUERQUE;456;;EM FRENTE AO SMOEPE;IPSEP;;;ACID. DE PERCURSO;0.0;1.0;0.0;0.0;0.0;0.0;0.0;0.0;0.0;1.0;0.0;Longo da via;Chuvoso;Não existe;Perfeito estado;Molhada;Perfeito estado;Não existe;Não há placas;40 km/h;Dupla;Não existe;;;Manhã
199;09/01/2020;07:59:00;SEM VÍTIMA;FINALIZADA;IBURA;AV ENGENHO SERRA VERDE;830;;MASTER PIZZA;IBURA;;CIDADE;COLISÃO TRASEIRA;1.0;0.0;0.0;0.0;0.0;0.0;0.0;0.0;0.0;0.0;0.0;Longo da via;Chuvoso;Não existe;Incompleta;Molhada;Perfeito estado;Não existe;Não há placas;40 km/h;Única;Não existe;;;Manhã
200;09/01/2020;08:03:00;SEM VÍTIMA;FINALIZADA;CASA AMARELA;AV NORTE;5400;;EM FRENTE A ESCOLA MUNICIPAL ROZEMAR DE MACEDO LIMA;CASA AMARELA;;SUBURBIO;COLISÃO TRASEIRA;2.0;0.0;0.0;0.0;0.0;0.0;0.0;0.0;0.0;0.0;0.0;Longo da via;Chuvoso;Não existe;Perfeito estado;Molhada;Perfeito estado;Não existe;Não há placas;;Dupla;Canteiro central;;;Manhã
201;09/01/2020;08:28:00;COM VÍTIMA;FINALIZADA;PINA;AV HERCULANO BANDEIRA;544;;E/F JSA PNEUS;PINA;;SUBURBIO;COLISÃO TRASEIRA;1.0;2.0;0.0;0.0;0.0;0.0;0.0;0.0;0.0;1.0;0.0;Longo da via;Bom;Sem defeito;Perfeito estado;Seca;Perfeito estado;Não existe;Não há placas;60 km/h;Única;Faixa seccionada;;;Manhã
202;09/01/2020;08:49:00;COM VÍTIMA;FINALIZADA;SAN MARTIN;AV ENGENHEIRO ABDIAS DE CARVALHO;3010;;AO  LADO  DA CHESF;SAN MARTIN;;CIDADE;COLISÃO TRASEIRA;1.0;1.0;0.0;0.0;0.0;0.0;0.0;0.0;0.0;1.0;0.0;Longo da via;Bom;Não existe;Perfeito estado;Seca;Perfeito estado;Não existe;;;Dupla;Canteiro central;;;Manhã
203;09/01/2020;09:34:00;SEM VÍTIMA;FINALIZADA;IMBIRIBEIRA;RUA ITACARI;162;RUA ITAJAI;YNOVE DRYWALL;IMBIRIBEIRA;;SUBURBIO;ABALROAMENTO LONGITUDINAL;2.0;0.0;0.0;0.0;0.0;0.0;0.0;0.0;0.0;0.0;0.0;Cruzamento;Bom;Não existe;Perfeito estado;Seca;Perfeito estado;Faixa de pedestre;Placas Pare;30 km/h;Única;Faixa seccionada;;;Manhã
204;09/01/2020;11:10:00;SEM VÍTIMA;FINALIZADA;AFOGADOS;RUA SAO MIGUEL;;RUA SANTOS ARAUJO;;AFOGADOS;333.0;SUBURBIO;COLISÃO TRASEIRA;1.0;0.0;0.0;0.0;0.0;0.0;1.0;0.0;1.0;0.0;0.0;Cruzamento;Bom;Sem defeito;Perfeito estado;Seca;Perfeito estado;Faixa de pedestre;Outras;60 km/h;Dupla;Faixa contínua;;;Manhã
205;09/01/2020;11:53:00;SEM VÍTIMA;FINALIZADA;CORDEIRO;AV ENGENHEIRO ABDIAS DE CARVALHO;;AV GENERAL SAN MARTIN;SOB O SEMÁFORO Nº 058;CORDEIRO;58.0;CIDADE;ABALROAMENTO LONGITUDINAL;1.0;0.0;0.0;0.0;0.0;0.0;0.0;0.0;1.0;0.0;0.0;Cruzamento;Bom;Sem defeito;Perfeito estado;Seca;Perfeito estado;Faixa de pedestre;Não há placas;;Dupla;Canteiro central;;;Manhã
206;09/01/2020;12:19:00;SEM VÍTIMA;FINALIZADA;IPSEP;AV RECIFE;2240;;;IPSEP;;;COLISÃO TRASEIRA;3.0;0.0;0.0;0.0;0.0;0.0;0.0;0.0;0.0;0.0;0.0;Longo da via;Bom;Sem defeito;Incompleta;Seca;Perfeito estado;Não existe;Outras;60 km/h;Dupla;Canteiro central;;;Tarde
207;09/01/2020;13:25:00;COM VÍTIMA;FINALIZADA;IMBIRIBEIRA;AV MARECHAL MASCARENHAS DE MORAES;4861;;FAC. SAUDE;IMBIRIBEIRA;;CIDADE;COLISÃO TRASEIRA;1.0;1.0;0.0;0.0;0.0;0.0;0.0;0.0;0.0;2.0;0.0;Longo da via;Bom;Sem defeito;Perfeito estado;Seca;Perfeito estado;Não existe;Outras;60 km/h;Dupla;Canteiro central;;;Tarde
208;09/01/2020;13:56:00;SEM VÍTIMA;FINALIZADA;MADALENA;RUA JOAO IVO DA SILVA;;AV ENGENHEIRO ABDIAS DE CARVALHO;PRÓXIMO DO HABIBS;MADALENA;;;COLISÃO TRASEIRA;1.0;0.0;0.0;0.0;0.0;0.0;1.0;0.0;0.0;0.0;0.0;Longo da via;Bom;Sem defeito;Perfeito estado;Seca;Perfeito estado;Agente;Não há placas;;Dupla;Canal;;;Tarde
209;09/01/2020;16:12:00;SEM VÍTIMA;FINALIZADA;ESPINHEIRO;RUA CONS PORTELA;;RUA QUARENTA E OITO;FARMÁCIA PAGUE MENOS;ESPINHEIRO;11.0;CIDADE;ABALROAMENTO LONGITUDINAL;2.0;0.0;0.0;0.0;0.0;0.0;0.0;0.0;0.0;0.0;0.0;Cruzamento;Bom;Sem defeito;Perfeito estado;Seca;Perfeito estado;Faixa de pedestre;R-6a;;Única;Faixa contínua;;;Tarde
210;09/01/2020;16:31:00;SEM VÍTIMA;FINALIZADA;TORRE;RUA REAL DA TORRE;1288;;CONSUL ZELIA MACEDO;TORRE;;CIDADE;CHOQUE OBJETO FIXO;0.0;0.0;0.0;0.0;0.0;0.0;1.0;0.0;0.0;0.0;0.0;Longo da via;Bom;Sem defeito;Perfeito estado;Seca;Perfeito estado;Outros;Outras;60 km/h;Única;Faixa seccionada;;;Tarde
211;09/01/2020;16:39:00;SEM VÍTIMA;FINALIZADA;TORRE;RUA CONDE DE IRAJA;494;;LENDS CLUB TABULEIRA;TORRE;;SUBURBIO;ABALROAMENTO LONGITUDINAL;1.0;0.0;0.0;0.0;0.0;1.0;0.0;0.0;0.0;0.0;0.0;Longo da via;Bom;Não existe;Perfeito estado;Seca;Perfeito estado;Não existe;R-6a;;Única;Faixa seccionada;;;Tarde
212;09/01/2020;17:25:00;SEM VÍTIMA;FINALIZADA;IPSEP;AV RECIFE;;AV DOM HELDER CAMARA;;IPSEP;55.0;;ABALROAMENTO TRANSVERSAL;2.0;0.0;0.0;0.0;0.0;0.0;0.0;0.0;0.0;0.0;0.0;Cruzamento;Bom;Sem defeito;Perfeito estado;Seca;Perfeito estado;Faixa de pedestre;;60 km/h;Dupla;Faixa contínua;Canteiro central;;Tarde
213;09/01/2020;17:30:00;COM VÍTIMA;FINALIZADA;BOA VISTA;AV GOVERNADOR AGAMENON MAGALHAES;;;E/F AO COLEGIO AMERICANO BATISTA NO SEMAFORO 037 S/T OLINDA;BOA VISTA;37.0;OLINDA;ABALROAMENTO LONGITUDINAL;0.0;2.0;0.0;0.0;0.0;0.0;0.0;0.0;0.0;1.0;0.0;Longo da via;Bom;Sem defeito;Perfeito estado;Seca;Perfeito estado;;;60 km/h;Dupla;Canal;;;Tarde
214;09/01/2020;17:36:00;SEM VÍTIMA;FINALIZADA;CASA FORTE;AV DEZESSETE DE AGOSTO;1248;RUA JACO VELOSINO;FARMÁCIA DROGASIL;CASA FORTE;;;COLISÃO FRONTAL;2.0;0.0;0.0;0.0;0.0;0.0;0.0;0.0;0.0;0.0;0.0;Longo da via;Bom;Não existe;Perfeito estado;Seca;Perfeito estado;Não existe;Outras;;Dupla;Faixa seccionada;;;Tarde
215;09/01/2020;17:43:00;SEM VÍTIMA;FINALIZADA;CAMPO GRANDE;EST DE BELEM;;RUA VOLUNTARIOS DA PATRIA;PRÓXIMO A CHURRASCARIA O JARDIM;CAMPO GRANDE;;SUBURBIO;COLISÃO TRASEIRA;2.0;0.0;0.0;0.0;0.0;0.0;0.0;0.0;0.0;0.0;0.0;;Bom;Não existe;Perfeito estado;Seca;Perfeito estado;Não existe;R-6a;;Dupla;Faixa seccionada;;;Tarde
216;09/01/2020;18:11:00;SEM VÍTIMA;FINALIZADA;CASA AMARELA;AV DR EURICO CHAVES;667;;FRENTE IGREJA NOSSA SRA DE LOURDES;CASA AMARELA;;SUBURBIO;COLISÃO TRASEIRA;2.0;0.0;0.0;0.0;0.0;0.0;0.0;0.0;0.0;0.0;0.0;Longo da via;Bom;Não existe;Perfeito estado;Seca;Perfeito estado;;Outras;;Dupla;Não existe;;;Noite
217;09/01/2020;18:28:00;SEM VÍTIMA;FINALIZADA;SÃO JOSÉ;RUA FLORIANO PEIXOTO;205;;CASA DA CULTURA;SÃO JOSÉ;;SUBURBIO;CHOQUE VEÍCULO PARADO;1.0;0.0;0.0;0.0;0.0;1.0;0.0;0.0;0.0;0.0;0.0;Longo da via;Bom;Não existe;Perfeito estado;Seca;Perfeito estado;Não existe;Não há placas;;Única;Faixa seccionada;;;Noite
218;09/01/2020;18:34:00;SEM VÍTIMA;FINALIZADA;AREIAS;AV DR JOSE RUFINO;1454;;FARMÁCIA DROGASIL;AREIAS;44.0;;ABALROAMENTO LONGITUDINAL;1.0;0.0;0.0;0.0;0.0;0.0;1.0;0.0;0.0;0.0;0.0;Longo da via;Bom;Sem defeito;Perfeito estado;Seca;Perfeito estado;Faixa de pedestre;;60 km/h;Dupla;Faixa seccionada;;;Noite
219;09/01/2020;19:07:00;SEM VÍTIMA;FINALIZADA;IMBIRIBEIRA;AV MARECHAL MASCARENHAS DE MORAES;6211;;POSTE DE ILUMINAÇÃO PÚBLICA B 029297 - PRÓXIMO INFRAERO;IMBIRIBEIRA;;SUBURBIO;COLISÃO TRASEIRA;1.0;1.0;0.0;0.0;0.0;0.0;0.0;0.0;0.0;0.0;0.0;Longo da via;Bom;Não existe;Perfeito estado;Seca;Mal conservada;Não existe;Não há placas;;Dupla;Faixa seccionada;Canteiro central;;Noite
220;09/01/2020;19:12:00;COM VÍTIMA;FINALIZADA;ESTÂNCIA;AV RECIFE;5606;;AO LADO DO LABORATORIO CERPE/ PROX A ENTRADA DE SAN MARTINS;ESTÂNCIA;;CEASA;ABALROAMENTO LONGITUDINAL;1.0;1.0;0.0;0.0;0.0;0.0;0.0;0.0;0.0;1.0;0.0;Longo da via;Bom;Não existe;Perfeito estado;Seca;Perfeito estado;Não existe;Não há placas;60 km/h;Dupla;Canteiro central;;;Noite
221;09/01/2020;20:34:00;COM VÍTIMA;FINALIZADA;AFOGADOS;RUA SAO MIGUEL;;EST DOS REMEDIOS;PROX A FARMACIA DO TRABALHADOR;AFOGADOS;;SUBURBIO;CHOQUE OBJETO FIXO;0.0;1.0;0.0;0.0;0.0;0.0;0.0;0.0;0.0;1.0;0.0;Longo da via;Bom;Sem defeito;Perfeito estado;Seca;Perfeito estado;Não existe;Não há placas;;Dupla;Faixa contínua;;;Noite
222;09/01/2020;20:57:00;SEM VÍTIMA;FINALIZADA;BOA VIAGEM;RUA FRANCISCO DA CUNHA;187;RUA PROFESSOR EDUARDO WANDERLEY FILHO;EDIFÍCIO PUERTO VALENCIA;BOA VIAGEM;;;ABALROAMENTO TRANSVERSAL;2.0;0.0;0.0;0.0;0.0;0.0;0.0;0.0;0.0;0.0;0.0;Cruzamento;Bom;;Perfeito estado;Seca;Perfeito estado;Faixa de retenção;Placas Pare;;Única;;;;Noite
223;09/01/2020;21:11:00;SEM VÍTIMA;FINALIZADA;TORRE;RUA DOM MANOEL DA COSTA;87;RUA BELARMINO CARNEIRO;;TORRE;;SUBURBIO;ABALROAMENTO LONGITUDINAL;1.0;0.0;0.0;0.0;0.0;0.0;1.0;0.0;0.0;0.0;0.0;Cruzamento;Bom;Não existe;Incompleta;Seca;Mal conservada;Não existe;R-6a;40 km/h;Única;Faixa seccionada;;;Noite
224;09/01/2020;21:58:00;SEM VÍTIMA;FINALIZADA;CAMPO GRANDE;RUA PROFESSOR FRANCISCO DA TRINDADE;290;;;CAMPO GRANDE;;SUBURBIO;ABALROAMENTO TRANSVERSAL;1.0;1.0;0.0;0.0;0.0;0.0;0.0;0.0;0.0;0.0;0.0;Longo da via;Bom;Não existe;Perfeito estado;Seca;Perfeito estado;Não existe;Não há placas;;Dupla;Faixa seccionada;;;Noite
225;09/01/2020;22:59:00;COM VÍTIMA;FINALIZADA;BOA VIAGEM;RUA VISCONDE DE JEQUITINHONHA;2938;;E/F AO CONDOMINIO VIA FARINI;BOA VIAGEM;;SUBURBIO;ABALROAMENTO LONGITUDINAL;1.0;1.0;0.0;0.0;0.0;0.0;0.0;0.0;0.0;1.0;0.0;Longo da via;Bom;Não existe;Perfeito estado;Seca;Perfeito estado;Não existe;Outras;60 km/h;Dupla;Faixa seccionada;;;Noite
226;10/01/2020;03:03:00;COM VÍTIMA;FINALIZADA;AFOGADOS;PTE DO MOTOCOLOMBO;;;PRÓX A ESTAÇÃO LARGO DA PAZ;AFOGADOS;;CIDADE;ABALROAMENTO LONGITUDINAL;1.0;1.0;0.0;0.0;0.0;0.0;0.0;0.0;0.0;1.0;0.0;Ponte;Bom;Não existe;Perfeito estado;Seca;Perfeito estado;Não existe;Não há placas;;Dupla;;;;Madrugada
227;10/01/2020;09:02:00;SEM VÍTIMA;FINALIZADA;BOA VISTA;RUA DR JOSE MARIANO;817;;EM FRENTE AO Nº 817;BOA VISTA;209.0;SUBURBIO;COLISÃO TRASEIRA;2.0;0.0;0.0;0.0;0.0;0.0;0.0;0.0;0.0;0.0;0.0;Longo da via;Bom;Sem defeito;Perfeito estado;Seca;Perfeito estado;Não existe;;;;;;;Manhã
228;10/01/2020;09:16:00;SEM VÍTIMA;FINALIZADA;PARNAMIRIM;RUA ALBINO MEIRA;152;;AO LADO DO PÃO DE AÇUCAR;PARNAMIRIM;;SUBURBIO;ABALROAMENTO LONGITUDINAL;2.0;0.0;0.0;0.0;0.0;0.0;0.0;0.0;0.0;0.0;0.0;Longo da via;Bom;Não existe;Perfeito estado;Seca;Perfeito estado;Não existe;R-6a;;Única;Não existe;;;Manhã
229;10/01/2020;09:56:00;SEM VÍTIMA;FINALIZADA;CAMPO GRANDE;RUA MANUEL DE BARROS LIMA;86;;;CAMPO GRANDE;;SUBURBIO;ABALROAMENTO LONGITUDINAL;2.0;0.0;0.0;0.0;0.0;0.0;0.0;0.0;0.0;0.0;0.0;Longo da via;Bom;Não existe;Ilegível;Seca;Perfeito estado;Não existe;Outras;30 km/h;Dupla;Não existe;;;Manhã
230;10/01/2020;10:37:00;COM VÍTIMA;FINALIZADA;BOA VISTA;AV GOVERNADOR CARLOS DE LIMA CAVALCANTI;141;;E/F AO CLINICA LUCILO MARANHÃO;BOA VISTA;;SUBURBIO;ABALROAMENTO LONGITUDINAL;1.0;1.0;0.0;0.0;0.0;0.0;0.0;0.0;0.0;1.0;0.0;Longo da via;Bom;Não existe;Perfeito estado;Seca;Perfeito estado;Não existe;Outras;;Dupla;Canteiro central;;;Manhã
231;10/01/2020;11:45:00;SEM VÍTIMA;FINALIZADA;IPUTINGA;RUA BARAO DE ITAPISSUMA;109;RUA LINDOIA DO NORTE;;IPUTINGA;;CIDADE;ABALROAMENTO TRANSVERSAL;2.0;0.0;0.0;0.0;0.0;0.0;0.0;0.0;0.0;0.0;0.0;;Bom;Não existe;Perfeito estado;Seca;Perfeito estado;Não existe;Não há placas;;Única;Faixa contínua;;;Manhã
232;10/01/2020;11:52:00;SEM VÍTIMA;FINALIZADA;IMBIRIBEIRA;AV GENERAL MAC ARTHUR;1846;AV SUL;;IMBIRIBEIRA;;;ABALROAMENTO TRANSVERSAL;2.0;0.0;0.0;0.0;0.0;0.0;0.0;0.0;0.0;0.0;0.0;Cruzamento;Bom;Não existe;Perfeito estado;Seca;Perfeito estado;Faixa de pedestre;Placas Pare;;Única;Faixa seccionada;;;Manhã
233;10/01/2020;12:10:00;SEM VÍTIMA;FINALIZADA;IPSEP;RUA DR RAPOSO PINTO;130A;RUA LANDELINO CAMARA;MARVEL BURGUER;IPSEP;;CIDADE;ABALROAMENTO LONGITUDINAL;2.0;0.0;0.0;0.0;0.0;0.0;0.0;0.0;0.0;0.0;0.0;Cruzamento;Bom;Não existe;Perfeito estado;Seca;Perfeito estado;Faixa de retenção;Placas Pare;30 km/h;Dupla;Faixa contínua;;;Tarde
234;10/01/2020;13:47:00;SEM VÍTIMA;FINALIZADA;VÁRZEA;AV JOAQUIM RIBEIRO;;;LADO OPOSTO A UPA DA CAXANGÁ;VÁRZEA;;CIDADE;COLISÃO TRASEIRA;3.0;0.0;0.0;0.0;0.0;0.0;0.0;0.0;0.0;0.0;0.0;Viaduto;Bom;Não existe;Incompleta;Seca;Perfeito estado;Não existe;R-6a;;Dupla;Faixa contínua;Faixa seccionada;;Tarde
235;10/01/2020;13:59:00;SEM VÍTIMA;FINALIZADA;AFOGADOS;RUA COSME VIANA;;;CHURRASCARIA BOI GRILL;AFOGADOS;430.0;SUBURBIO;ABALROAMENTO LONGITUDINAL;2.0;0.0;0.0;0.0;0.0;0.0;0.0;0.0;0.0;0.0;0.0;Longo da via;Bom;Sem defeito;Perfeito estado;Seca;Perfeito estado;Faixa de pedestre;Outras;;Única;Faixa contínua;Faixa seccionada;;Tarde
236;10/01/2020;13:59:00;SEM VÍTIMA;FINALIZADA;ILHA DO RETIRO;RUA SPORT CLUBE DO RECIFE;;;EM FRENTE AO SPORT CLUB DO RECIFE;ILHA DO RETIRO;;CIDADE;ABALROAMENTO LONGITUDINAL;1.0;0.0;0.0;0.0;0.0;1.0;0.0;0.0;0.0;0.0;0.0;Longo da via;Bom;Não existe;Perfeito estado;Seca;Perfeito estado;Não existe;R-6a;;Dupla;Canteiro central;;;Tarde
237;10/01/2020;14:26:00;SEM VÍTIMA;FINALIZADA;BOA VIAGEM;AV FERNANDO SIMOES BARBOSA;1087;;CHURRASCARIA PAJUÇARA;BOA VIAGEM;;SUBURBIO;ABALROAMENTO TRANSVERSAL;2.0;0.0;0.0;0.0;0.0;0.0;0.0;0.0;0.0;0.0;0.0;Longo da via;Bom;Não existe;Perfeito estado;Seca;Perfeito estado;Não existe;R-6a;;Única;Faixa seccionada;;;Tarde
238;10/01/2020;14:32:00;SEM VÍTIMA;FINALIZADA;BOA VISTA;RUA PRINCESA IZABEL;96;;EM FRENTE AO Nº 96;BOA VISTA;167.0;CIDADE;COLISÃO TRASEIRA;2.0;0.0;0.0;0.0;0.0;0.0;0.0;0.0;0.0;0.0;0.0;Longo da via;Bom;Sem defeito;Perfeito estado;Seca;Perfeito estado;Faixa de pedestre;R-6a;;Única;Faixa seccionada;;;Tarde