indice;data;hora;natureza_acidente;situacao;bairro;endereco;numero;detalhe_endereco_acidente;complemento;bairro_cruzamento;num_semaforo;sentido_via;tipo;auto;moto;ciclom;ciclista;pedestre;onibus;caminhao;viatura;outros;vitimas;vitimasfatais;acidente_verificado;tempo_clima;situacao_semaforo;sinalizacao;condicao_via;conservacao_via;ponto_controle;situacao_placa;velocidade_max_via;mao_direcao;divisao_via1;divisao_via2;divisao_via3;turno
239;10/01/2020;15:06:00;SEM VÍTIMA;FINALIZADA;PRADO;RUA GOMES TABORDA;982;;COMERCIAL SONHO MEU;PRADO;;SUBURBIO;ABALROAMENTO LONGITUDINAL;1.0;0.0;0.0;0.0;0.0;1.0;0.0;0.0;0.0;0.0;0.0;Longo da via;Bom;;;Seca;Perfeito estado;;;;Dupla;;;;Tarde
240;10/01/2020;15:57:00;COM VÍTIMA;FINALIZADA;MADALENA;RUA RICARDO SALAZAR;45;;PROX AO TUNEL DA ABOLIÇAO. EM FRENTE A CASA DE APOIO DO CANHOTINHO.;MADALENA;;SUBURBIO;ABALROAMENTO TRANSVERSAL;1.0;1.0;0.0;0.0;0.0;0.0;0.0;0.0;0.0;1.0;0.0;Longo da via;Bom;Não existe;Perfeito estado;Seca;Perfeito estado;;Outras;;Dupla;Canal;;;Tarde
241;10/01/2020;16:49:00;SEM VÍTIMA;FINALIZADA;SANTO AMARO;RUA TREZE DE MAIO;254;;SER EDUCACIONAL;SANTO AMARO;;SUBURBIO;ABALROAMENTO LONGITUDINAL;2.0;0.0;0.0;0.0;0.0;0.0;0.0;0.0;0.0;0.0;0.0;Longo da via;Bom;Não existe;Perfeito estado;Seca;Perfeito estado;Não existe;Outras;30 km/h;Dupla;Faixa contínua;;;Tarde
242;10/01/2020;17:08:00;SEM VÍTIMA;FINALIZADA;PRADO;AV ENGENHEIRO ABDIAS DE CARVALHO;2098;;POSTO BR;PRADO;;SUBURBIO;COLISÃO TRASEIRA;2.0;0.0;0.0;0.0;0.0;0.0;0.0;0.0;0.0;0.0;0.0;Longo da via;Bom;Não existe;Perfeito estado;Seca;Perfeito estado;Não existe;Outras;;Dupla;Faixa contínua;Faixa seccionada;Canteiro central;Tarde
243;10/01/2020;17:33:00;SEM VÍTIMA;FINALIZADA;CASA AMARELA;COR DO BARTOLOMEU;143;;CASA AMARELA EM FRENTE AO Nº 143;CASA AMARELA;;SUBURBIO;COLISÃO TRASEIRA;2.0;0.0;0.0;0.0;0.0;0.0;0.0;0.0;0.0;0.0;0.0;Longo da via;Bom;Não existe;Perfeito estado;Seca;Perfeito estado;Não existe;Outras;;Dupla;Faixa seccionada;;;Tarde
244;10/01/2020;17:39:00;SEM VÍTIMA;FINALIZADA;CASA AMARELA;RUA PADRE LEMOS;785;AV NORTE;AO LADO DO POSTO DE COMBUSTÍVEL BR;CASA AMARELA;66.0;SUBURBIO;ABALROAMENTO LONGITUDINAL;1.0;0.0;0.0;0.0;0.0;0.0;1.0;0.0;0.0;0.0;0.0;Longo da via;Bom;Sem defeito;Ilegível;Seca;Mal conservada;Outros;R-6a;;Dupla;;;;Tarde
245;10/01/2020;17:53:00;SEM VÍTIMA;FINALIZADA;ESTÂNCIA;AV RECIFE;5008;;LADO OPOSTO AO MAKRO;ESTÂNCIA;621.0;SUBURBIO;COLISÃO TRASEIRA;1.0;0.0;0.0;0.0;0.0;0.0;1.0;0.0;0.0;0.0;0.0;Longo da via;Bom;Sem defeito;Perfeito estado;Seca;Perfeito estado;Faixa de pedestre;Outras;;Dupla;Canteiro central;;;Tarde
246;10/01/2020;18:10:00;SEM VÍTIMA;FINALIZADA;BOA VIAGEM;RUA VISCONDE DE JEQUITINHONHA;;AV ARMINDO MOURA;;BOA VIAGEM;258.0;;COLISÃO TRASEIRA;2.0;0.0;0.0;0.0;0.0;0.0;0.0;0.0;0.0;0.0;0.0;Cruzamento;Bom;Sem defeito;Perfeito estado;Seca;Perfeito estado;Faixa de pedestre;Não há placas;60 km/h;Única;Faixa contínua;;;Noite
247;10/01/2020;18:15:00;SEM VÍTIMA;FINALIZADA;ÁGUA FRIA;RUA DA REGENERACAO;2202;;AO LADO DO POSTO DE COMBUSTÍVEL IPIRANGA;ÁGUA FRIA;622.0;SUBURBIO;ABALROAMENTO LONGITUDINAL;1.0;0.0;0.0;0.0;0.0;0.0;1.0;0.0;0.0;0.0;0.0;Longo da via;Bom;Sem defeito;Perfeito estado;Seca;Perfeito estado;;Não há placas;;Única;Faixa contínua;;;Noite
248;10/01/2020;18:37:00;SEM VÍTIMA;FINALIZADA;PINA;RUA BARAO DE SANTO ANGELO;150;;HOTEL LUZEIROS;PINA;;CIDADE;COLISÃO TRASEIRA;2.0;0.0;0.0;0.0;0.0;0.0;0.0;0.0;0.0;0.0;0.0;Longo da via;Bom;Não existe;Perfeito estado;Seca;Perfeito estado;Não existe;R-6a;;Única;Faixa seccionada;;;Noite
249;10/01/2020;18:46:00;SEM VÍTIMA;FINALIZADA;BOA VIAGEM;RUA ERNESTO DE PAULA SANTOS;187;AV CONSELHEIRO AGUIAR;ACADEMIA SMART FIT;BOA VIAGEM;127.0;;ABALROAMENTO LONGITUDINAL;2.0;0.0;0.0;0.0;0.0;0.0;0.0;0.0;0.0;0.0;0.0;Cruzamento;Bom;Sem defeito;Perfeito estado;Seca;Perfeito estado;Não existe;R-6a;;Única;Faixa seccionada;;;Noite
250;10/01/2020;19:10:00;SEM VÍTIMA;FINALIZADA;SANTO AMARO;AV CRUZ CABUGA;555;RUA DOIS DE JULHO;EM FRENTE AO NÚMERO 555 ( SHEKINA IGREJA MISSIONÁRIA);SANTO AMARO;;SUBURBIO;ABALROAMENTO LONGITUDINAL;1.0;0.0;0.0;0.0;0.0;1.0;1.0;0.0;0.0;0.0;0.0;Longo da via;Bom;Não existe;Perfeito estado;Seca;Perfeito estado;Faixa de pedestre;R-6a;;Dupla;Faixa contínua;;;Noite
251;10/01/2020;18:59:00;COM VÍTIMA;FINALIZADA;AFOGADOS;RUA VINTE E UM DE ABRIL;1075;;E/F A PADARIA IPIRANGA / PRÓX A FÁBRICA DE CAFÉ PETINHO. KARMÉLIA CONFECÇÕES E CALÇADOS.;AFOGADOS;;SUBURBIO;ABALROAMENTO TRANSVERSAL;1.0;1.0;0.0;0.0;0.0;0.0;0.0;0.0;0.0;1.0;0.0;Longo da via;Bom;Não existe;Incompleta;Seca;Perfeito estado;Não existe;R-19;30 km/h;Dupla;Outros;;;Noite
252;10/01/2020;19:41:00;SEM VÍTIMA;FINALIZADA;PARNAMIRIM;RUA PADRE ROMA;273;RUA SEBASTIAO ALVES;E/F AO FAACA BUTECO;PARNAMIRIM;;SUBURBIO;ABALROAMENTO LONGITUDINAL;2.0;0.0;0.0;0.0;0.0;0.0;0.0;0.0;0.0;0.0;0.0;Longo da via;Bom;Não existe;Perfeito estado;Seca;Perfeito estado;Não existe;Outras;;Única;Não existe;;;Noite
253;10/01/2020;19:38:00;SEM VÍTIMA;FINALIZADA;TAMARINEIRA;RUA EUCLIDES GOMES DE FREITAS;721;AV PROFESSOR JOSE DOS ANJOS;;TAMARINEIRA;;CIDADE;ABALROAMENTO LONGITUDINAL;2.0;0.0;0.0;0.0;0.0;0.0;0.0;0.0;0.0;0.0;0.0;;Bom;Não existe;Perfeito estado;Seca;Perfeito estado;Faixa de pedestre;Não há placas;;Única;Faixa seccionada;;;Noite
254;10/01/2020;20:12:00;SEM VÍTIMA;FINALIZADA;;PTE RAIMUNDO FARIAS;;AV GOVERNADOR AGAMENON MAGALHAES;;;37.0;CIDADE;ABALROAMENTO LONGITUDINAL;2.0;0.0;0.0;0.0;0.0;0.0;0.0;0.0;0.0;0.0;0.0;Cruzamento;Bom;Sem defeito;Perfeito estado;Seca;Perfeito estado;Faixa de pedestre;Não há placas;60 km/h;Dupla;Canal;;;Noite
255;10/01/2020;20:23:00;SEM VÍTIMA;FINALIZADA;IMBIRIBEIRA;AV GENERAL MAC ARTHUR;80;;LAFITTE GRAFICA E ESTAMPARIA;IMBIRIBEIRA;;SUBURBIO;COLISÃO TRASEIRA;1.0;1.0;0.0;0.0;0.0;0.0;0.0;0.0;0.0;0.0;0.0;Longo da via;Bom;;Perfeito estado;Seca;Perfeito estado;Não existe;Não há placas;;Única;Faixa seccionada;;;Noite
256;11/01/2020;04:58:00;SEM VÍTIMA;FINALIZADA;BOA VIAGEM;RUA DEZ DE JULHO;;RUA WALDEMAR NERY CARNEIRO MONTEIRO;;BOA VIAGEM;573.0;CIDADE;ABALROAMENTO TRANSVERSAL;2.0;0.0;0.0;0.0;0.0;0.0;0.0;0.0;0.0;0.0;0.0;Cruzamento;Bom;Intermitente;Incompleta;Seca;Perfeito estado;Faixa de pedestre;Não há placas;;Única;Faixa seccionada;;;Madrugada
257;11/01/2020;06:16:00;COM VÍTIMA;FINALIZADA;TORRE;RUA REAL DA TORRE;1309;;APOS O ATACADO DOS PRESENTES  EM FRENTE A DROGARIA SÃO PAULO;TORRE;;SUBURBIO;CHOQUE OBJETO FIXO;1.0;0.0;0.0;0.0;0.0;0.0;0.0;0.0;0.0;1.0;0.0;Longo da via;Bom;Não existe;Perfeito estado;Seca;Perfeito estado;Não existe;R-6a;;Única;Faixa seccionada;;;Manhã
258;11/01/2020;06:19:00;SEM VÍTIMA;FINALIZADA;MADALENA;AV ENGENHEIRO ABDIAS DE CARVALHO;;EST DOS REMEDIOS;SEMÁFORO Nº 052;MADALENA;52.0;CIDADE;COLISÃO TRASEIRA;2.0;0.0;0.0;0.0;0.0;0.0;0.0;0.0;0.0;0.0;0.0;Cruzamento;Bom;Sem defeito;Perfeito estado;Seca;Perfeito estado;Faixa de pedestre;R-6a;40 km/h;Dupla;Canteiro central;;;Manhã
259;11/01/2020;07:29:00;COM VÍTIMA;FINALIZADA;ROSARINHO;AV NORTE;3287;;POSTO IPIRANGA;ROSARINHO;;CIDADE;ATROPELAMENTO;0.0;0.0;0.0;1.0;1.0;0.0;0.0;0.0;0.0;1.0;0.0;Longo da via;Bom;Sem defeito;Perfeito estado;Seca;Perfeito estado;Faixa de pedestre;Outras;;Única;Faixa seccionada;Canteiro central;;Manhã
260;11/01/2020;09:52:00;SEM VÍTIMA;FINALIZADA;SANTO ANTÔNIO;RUA DO SOL;283;;EM FRENTE AO EDIFÍCIO AVENIDA GUARARAPES;SANTO ANTÔNIO;14.0;SUBURBIO;ABALROAMENTO LONGITUDINAL;2.0;0.0;0.0;0.0;0.0;0.0;0.0;0.0;1.0;0.0;0.0;Longo da via;Bom;Sem defeito;Perfeito estado;Seca;Perfeito estado;Faixa de pedestre;R-6b;;Única;Faixa seccionada;;;Manhã
261;11/01/2020;10:03:00;SEM VÍTIMA;FINALIZADA;TORRE;RUA DOM MANOEL DA COSTA;;RUA PADRE LANDIM;SOB O SEMÁFORO Nº 252;TORRE;252.0;;ABALROAMENTO TRANSVERSAL;2.0;0.0;0.0;0.0;0.0;0.0;0.0;0.0;0.0;0.0;0.0;Cruzamento;Bom;Sem defeito;Perfeito estado;Seca;Perfeito estado;Faixa de retenção;R-6a;;Única;Faixa seccionada;;;Manhã
262;11/01/2020;10:08:00;SEM VÍTIMA;FINALIZADA;IPSEP;RUA DR RAPOSO PINTO;;RUA ADERBAL DE MELO;;IPSEP;;SUBURBIO;COLISÃO FRONTAL;1.0;0.0;0.0;0.0;0.0;1.0;0.0;0.0;0.0;0.0;0.0;Cruzamento;Bom;Não existe;Incompleta;Seca;Perfeito estado;Não existe;Placas Pare;;Dupla;Não existe;;;Manhã
263;11/01/2020;10:51:00;SEM VÍTIMA;FINALIZADA;BOA VIAGEM;RUA BARAO DE SOUZA LEAO;;AV DES JOSE NEVES;SUPERMERCADO TREVO;BOA VIAGEM;476.0;;COLISÃO TRASEIRA;1.0;0.0;0.0;0.0;0.0;0.0;1.0;0.0;1.0;0.0;0.0;Ponte;Bom;Sem defeito;Perfeito estado;Seca;Perfeito estado;Faixa de retenção;Outras;;Única;Faixa seccionada;;;Manhã
264;11/01/2020;11:04:00;SEM VÍTIMA;FINALIZADA;ARRUDA;RUA SAO BENTO;204;;EM FRENTE AO Nº 204;ARRUDA;;;COLISÃO TRASEIRA;2.0;0.0;0.0;0.0;0.0;0.0;0.0;0.0;0.0;0.0;0.0;Longo da via;Bom;Não existe;Perfeito estado;Seca;Perfeito estado;Não existe;Não há placas;;Única;Faixa seccionada;;;Manhã
265;11/01/2020;11:16:00;SEM VÍTIMA;FINALIZADA;NOVA DESCOBERTA;RUA CORREGO DO JOAQUIM;610;;;NOVA DESCOBERTA;;SUBURBIO;ABALROAMENTO LONGITUDINAL;1.0;0.0;0.0;0.0;0.0;1.0;0.0;0.0;0.0;0.0;0.0;Longo da via;Bom;Não existe;Não existente;Seca;Mal conservada;Não existe;Não há placas;;Dupla;Não existe;;;Manhã
266;11/01/2020;11:47:00;SEM VÍTIMA;FINALIZADA;TORRE;RUA PROFESSOR TRAJANO DE MENDONCA;320;;RAMPA DE ACESSO AO ESTACIONAMENTO DO ATACADO DOS PRESENTES;TORRE;;;COLISÃO TRASEIRA;2.0;0.0;0.0;0.0;0.0;0.0;0.0;0.0;0.0;0.0;0.0;;Bom;Não existe;Perfeito estado;Seca;Perfeito estado;Não existe;Outras;;Única;Faixa seccionada;;;Manhã
267;11/01/2020;12:00:00;SEM VÍTIMA;FINALIZADA;ESTÂNCIA;AV ESTANCIA;22;;PANIFICADORA SITIENCE;ESTÂNCIA;;SUBURBIO;ABALROAMENTO LONGITUDINAL;2.0;0.0;0.0;0.0;0.0;0.0;0.0;0.0;0.0;0.0;0.0;Longo da via;Bom;Não existe;Incompleta;Seca;;Não existe;Não há placas;;Única;Não existe;;;Tarde
268;11/01/2020;13:09:00;SEM VÍTIMA;FINALIZADA;SÃO JOSÉ;RUA IMPERIAL;;TRV DO RAPOSO;SOB O SEMAFORO DE Nº 510;SÃO JOSÉ;510.0;;ABALROAMENTO LONGITUDINAL;2.0;0.0;0.0;0.0;0.0;0.0;0.0;0.0;0.0;0.0;0.0;Cruzamento;Bom;Sem defeito;Perfeito estado;Seca;Perfeito estado;Faixa de pedestre;R-4a;;Única;Faixa seccionada;;;Tarde
269;11/01/2020;13:12:00;SEM VÍTIMA;FINALIZADA;IBURA;AV DOIS RIOS;196;;POLICLÍNICA E MATERNIDADE PROFESSOR ARNALDO MARQUES;IBURA;;SUBURBIO;ABALROAMENTO LONGITUDINAL;2.0;0.0;0.0;0.0;0.0;0.0;0.0;0.0;0.0;0.0;0.0;Longo da via;Bom;Não existe;Não existente;Seca;Mal conservada;Não existe;R-6a;;Dupla;Faixa contínua;;;Tarde
270;11/01/2020;14:32:00;SEM VÍTIMA;FINALIZADA;BOA VIAGEM;AV MARECHAL JUAREZ TAVORA;328;RUA DEZ DE JULHO;D.J MOVEIS;BOA VIAGEM;437.0;;ABALROAMENTO LONGITUDINAL;2.0;0.0;0.0;0.0;0.0;0.0;0.0;0.0;0.0;0.0;0.0;Cruzamento;Bom;Sem defeito;Perfeito estado;Seca;Perfeito estado;Faixa de pedestre;Não há placas;;Dupla;Canal;;;Tarde
271;11/01/2020;15:39:00;SEM VÍTIMA;FINALIZADA;IPSEP;AV RECIFE;;RUA PINTOR ANTONIO ALBUQUERQUE;POSTO SHELL;IPSEP;55.0;SUBURBIO;COLISÃO TRASEIRA;2.0;0.0;0.0;0.0;0.0;0.0;0.0;0.0;0.0;0.0;0.0;Longo da via;Bom;Sem defeito;Perfeito estado;Seca;Perfeito estado;Faixa de pedestre;Não há placas;;Dupla;Canteiro central;;;Tarde
272;11/01/2020;15:51:00;COM VÍTIMA;FINALIZADA;SANTO ANTÔNIO;RUA PRIMEIRO DE MARCO;;AV DANTAS BARRETO;EM FRENTE A FARMACIA PERMANENTE;SANTO ANTÔNIO;15.0;SUBURBIO;ABALROAMENTO LONGITUDINAL;0.0;1.0;0.0;0.0;0.0;0.0;0.0;1.0;0.0;1.0;0.0;Cruzamento;Bom;Sem defeito;Perfeito estado;Seca;Perfeito estado;Faixa de pedestre;Não há placas;;Única;Não existe;;;Tarde
273;11/01/2020;15:53:00;SEM VÍTIMA;FINALIZADA;ARRUDA;AV PROFESSOR JOSE DOS ANJOS;1310;RUA DA REGENERACAO;FW REFRIGERAÇÕES;ARRUDA;;SUBURBIO;COLISÃO TRASEIRA;2.0;0.0;0.0;0.0;0.0;0.0;0.0;0.0;0.0;0.0;0.0;Longo da via;Bom;Não existe;Perfeito estado;Seca;Perfeito estado;Não existe;Outras;;Única;Canal;;;Tarde
274;11/01/2020;16:10:00;SEM VÍTIMA;FINALIZADA;TEJIPIÓ;AV DR JOSE RUFINO;2984;;LADO OPOSTO AO ED. NINA MACHADO;TEJIPIÓ;156.0;SUBURBIO;ABALROAMENTO TRANSVERSAL;1.0;1.0;0.0;0.0;0.0;0.0;0.0;0.0;0.0;0.0;0.0;Longo da via;Bom;Sem defeito;Perfeito estado;Seca;Perfeito estado;Faixa de pedestre;R-6a;;Dupla;Faixa contínua;;;Tarde
275;11/01/2020;16:19:00;SEM VÍTIMA;FINALIZADA;IBURA;AV DOIS RIOS;483;;;IBURA;;SUBURBIO;COLISÃO FRONTAL;1.0;1.0;0.0;0.0;0.0;0.0;0.0;0.0;0.0;0.0;0.0;Longo da via;Bom;Não existe;Não existente;Seca;Perfeito estado;Não existe;Não há placas;;Dupla;Faixa contínua;;;Tarde
276;11/01/2020;17:25:00;COM VÍTIMA;FINALIZADA;BARRO;AV DR JOSE RUFINO;2513;;E/F A SOCORRO VENACIO RECEPÇOES;BARRO;;SUBURBIO;ABALROAMENTO LONGITUDINAL;1.0;1.0;0.0;0.0;0.0;0.0;0.0;0.0;0.0;1.0;0.0;Longo da via;Bom;Não existe;Perfeito estado;Seca;Perfeito estado;Não existe;R-6a;;Dupla;Faixa seccionada;;;Tarde
277;11/01/2020;19:06:00;SEM VÍTIMA;FINALIZADA;GRAÇAS;RUA CONS PORTELA;78;;;GRAÇAS;;SUBURBIO;COLISÃO TRASEIRA;4.0;0.0;0.0;0.0;0.0;0.0;0.0;0.0;0.0;0.0;0.0;Longo da via;Bom;Não existe;Perfeito estado;Seca;Perfeito estado;Não existe;R-6a;;Única;Faixa seccionada;;;Noite
278;11/01/2020;20:19:00;SEM VÍTIMA;FINALIZADA;BREJO DE BEBERIBE;AV VEREADOR OTACILIO AZEVEDO;858;;POSTE DE Nº B 078225;BREJO DE BEBERIBE;;CIDADE;COLISÃO FRONTAL;2.0;0.0;0.0;0.0;0.0;0.0;0.0;0.0;0.0;0.0;0.0;Longo da via;Bom;Não existe;Incompleta;Seca;Perfeito estado;Não existe;Outras;;Dupla;Faixa contínua;;;Noite
279;11/01/2020;19:54:00;COM VÍTIMA;FINALIZADA;ALTO JOSÉ DO PINHO;RUA CECILIA REIS;44;RUA ITAPICURU;PROX AO CLUBE BOM SUCESSO;ALTO JOSÉ DO PINHO;;SUBURBIO;CHOQUE VEÍCULO PARADO;0.0;1.0;0.0;0.0;0.0;0.0;1.0;0.0;0.0;2.0;0.0;Cruzamento;Bom;Não existe;Não existente;Seca;Perfeito estado;Não existe;Não há placas;;Dupla;Não existe;;;Noite
280;11/01/2020;20:00:00;SEM VÍTIMA;FINALIZADA;BOA VIAGEM;RUA DOS NAVEGANTES;401;RUA CORONEL BENEDITO CHAVES;EDIFÍCIO SCALA;BOA VIAGEM;;SUBURBIO;ABALROAMENTO TRANSVERSAL;2.0;0.0;0.0;0.0;0.0;0.0;0.0;0.0;0.0;0.0;0.0;Cruzamento;Bom;Não existe;Incompleta;Seca;Perfeito estado;Faixa de retenção;Outras;;Única;Não existe;;;Noite
281;11/01/2020;23:37:00;SEM VÍTIMA;FINALIZADA;SANTO AMARO;AV CRUZ CABUGA;;;E/F A SANTA CASA DE MISERICORDIA;SANTO AMARO;479.0;SUBURBIO;ABALROAMENTO LONGITUDINAL;1.0;0.0;0.0;0.0;0.0;1.0;0.0;0.0;0.0;0.0;0.0;Longo da via;Bom;Sem defeito;Perfeito estado;Seca;Perfeito estado;Faixa de retenção;R-6a;;Dupla;Faixa seccionada;;;Noite
282;12/01/2020;01:03:00;SEM VÍTIMA;FINALIZADA;TORRE;RUA DOM MANOEL DA COSTA;342;RUA PADRE LANDIM;ALTURA DA ESCOLA MUNICIPAL PAROQUIA CRISTO REI;TORRE;252.0;CIDADE;ABALROAMENTO TRANSVERSAL;2.0;0.0;0.0;0.0;0.0;0.0;0.0;0.0;0.0;0.0;0.0;Longo da via;Bom;Sem defeito;Perfeito estado;Seca;Perfeito estado;Faixa de retenção;Não há placas;;Única;Faixa seccionada;;;Madrugada
283;12/01/2020;04:24:00;SEM VÍTIMA;FINALIZADA;AFLITOS;AV CONS ROSA E SILVA;;AV SANTOS DUMONT;;AFLITOS;47.0;;ABALROAMENTO TRANSVERSAL;2.0;0.0;0.0;0.0;0.0;0.0;0.0;0.0;0.0;0.0;0.0;Cruzamento;Bom;Sem defeito;Perfeito estado;Seca;Perfeito estado;Faixa de pedestre;R-6a;;Única;Faixa seccionada;;;Madrugada
284;12/01/2020;05:47:00;COM VÍTIMA;FINALIZADA;BOA VIAGEM;AV CONSELHEIRO AGUIAR;2178;;EM FRENTE AO BRADESCO;BOA VIAGEM;;SUBURBIO;CHOQUE OBJETO FIXO;1.0;0.0;0.0;0.0;0.0;0.0;0.0;0.0;0.0;2.0;0.0;Longo da via;Bom;Não existe;Perfeito estado;Seca;Perfeito estado;;R-6a;;Única;Faixa seccionada;;;Madrugada
285;12/01/2020;06:26:00;SEM VÍTIMA;FINALIZADA;BOA VIAGEM;RUA RIBEIRO DE BRITO;;AV FERNANDO SIMOES BARBOSA;AO LADO DO EMPRESARIAL MONTEIRO DE MELO;BOA VIAGEM;332.0;SUBURBIO;ABALROAMENTO TRANSVERSAL;2.0;0.0;0.0;0.0;0.0;0.0;0.0;0.0;0.0;0.0;0.0;Cruzamento;Bom;Sem defeito;Perfeito estado;Seca;Perfeito estado;Faixa de pedestre;R-6a;;Dupla;Outros;;;Manhã
286;12/01/2020;06:53:00;COM VÍTIMA;FINALIZADA;SANTO AMARO;AV CRUZ CABUGA;767;;EM FRENTE A CASA DA INDUSTRIA;SANTO AMARO;;CIDADE;ABALROAMENTO LONGITUDINAL;1.0;1.0;0.0;0.0;0.0;0.0;0.0;0.0;0.0;1.0;0.0;Longo da via;Bom;;Perfeito estado;Seca;Perfeito estado;Não existe;Outras;;Dupla;Faixa contínua;;;Manhã
287;12/01/2020;10:17:00;SEM VÍTIMA;FINALIZADA;DERBY;AV GOVERNADOR AGAMENON MAGALHAES;;;EM FRENTE AO HOSPITAL PORTUGUES;DERBY;349.0;SUBURBIO;COLISÃO TRASEIRA;4.0;0.0;0.0;0.0;0.0;0.0;0.0;0.0;0.0;0.0;0.0;Longo da via;Bom;Sem defeito;Perfeito estado;Seca;Perfeito estado;Faixa de pedestre;R-6a;;Dupla;;;;Manhã
288;12/01/2020;10:23:00;SEM VÍTIMA;FINALIZADA;IMBIRIBEIRA;AV MARECHAL MASCARENHAS DE MORAES;1482;;À ENCRUZILHADA PNEUS;IMBIRIBEIRA;287.0;;ABALROAMENTO LONGITUDINAL;1.0;0.0;0.0;0.0;0.0;1.0;0.0;0.0;0.0;0.0;0.0;Longo da via;Bom;Sem defeito;Perfeito estado;Seca;Perfeito estado;Faixa de pedestre;R-6a;;Dupla;;;;Manhã
289;12/01/2020;10:30:00;SEM VÍTIMA;FINALIZADA;MANGUEIRA;RUA TAMBAU;;;AO LADO DA IGREJA ASSEMBLEIA DE DEUS;MANGUEIRA;;CIDADE;ABALROAMENTO LONGITUDINAL;2.0;0.0;0.0;0.0;0.0;0.0;0.0;0.0;0.0;0.0;0.0;Longo da via;Bom;Não existe;Perfeito estado;Seca;Perfeito estado;Não existe;Não há placas;40 km/h;;Faixa seccionada;;;Manhã
290;12/01/2020;12:09:00;COM VÍTIMA;FINALIZADA;BOA VIAGEM;AV BOA VIAGEM;848;;STUDIO PORTAL DE BOA VIAGEM;BOA VIAGEM;;CIDADE;ATROPELAMENTO;0.0;0.0;0.0;1.0;1.0;0.0;0.0;0.0;0.0;1.0;0.0;Longo da via;Bom;Não existe;Perfeito estado;Seca;Perfeito estado;Não existe;Não há placas;;Única;Faixa contínua;;;Tarde
291;12/01/2020;13:34:00;COM VÍTIMA;FINALIZADA;PASSARINHO;EST DO PASSARINHO;3464;;PROX AO TERMINAL DE ONIBUS DE DOIS UNIDOS;PASSARINHO;;SUBURBIO;COLISÃO FRONTAL;1.0;1.0;0.0;0.0;0.0;0.0;0.0;0.0;0.0;1.0;0.0;Longo da via;Bom;Não existe;Não existente;Seca;Mal conservada;Não existe;Não há placas;;Dupla;Não existe;;;Tarde
292;12/01/2020;14:22:00;SEM VÍTIMA;FINALIZADA;BOA VIAGEM;RUA DOS NAVEGANTES;;RUA ANTONIO FALCAO;E/F AO ILHA CAMARÕES;BOA VIAGEM;;;ABALROAMENTO LONGITUDINAL;1.0;1.0;0.0;0.0;0.0;0.0;0.0;0.0;0.0;0.0;0.0;Cruzamento;Bom;Não existe;Perfeito estado;Seca;Perfeito estado;Faixa de retenção;R-6a;;Única;Não existe;;;Tarde
293;12/01/2020;16:27:00;SEM VÍTIMA;FINALIZADA;ESPINHEIRO;AV GOVERNADOR AGAMENON MAGALHAES;2125;;FR SANTANDER SELECT;ESPINHEIRO;78.0;SUBURBIO;COLISÃO TRASEIRA;2.0;0.0;0.0;0.0;0.0;0.0;0.0;0.0;0.0;0.0;0.0;Longo da via;Bom;Sem defeito;Perfeito estado;Seca;Perfeito estado;Faixa de pedestre;Não há placas;60 km/h;Única;Faixa seccionada;;;Tarde
294;12/01/2020;17:13:00;SEM VÍTIMA;FINALIZADA;BOA VIAGEM;AV DOM JOAO VI;;;LADO OPOSTO AO SHOPPING RECIFE;BOA VIAGEM;;SUBURBIO;CAPOTAMENTO;1.0;0.0;0.0;0.0;0.0;0.0;0.0;0.0;0.0;0.0;0.0;Longo da via;Bom;Sem defeito;Perfeito estado;Seca;Perfeito estado;;;;Única;Faixa seccionada;;;Tarde
295;12/01/2020;18:41:00;SEM VÍTIMA;FINALIZADA;IPSEP;RUA JAMAICA;;RUA IZABEL DE SOUZA;;IPSEP;;SUBURBIO;ABALROAMENTO TRANSVERSAL;2.0;0.0;0.0;0.0;0.0;0.0;0.0;0.0;0.0;0.0;0.0;Cruzamento;Bom;Não existe;Perfeito estado;Seca;Perfeito estado;Não existe;Não há placas;;Única;Não existe;;;Noite
296;12/01/2020;18:50:00;SEM VÍTIMA;FINALIZADA;ÁGUA FRIA;RUA JULIO RAMOS;;RUA ZEFERINO AGRA;IMÓVEL Nº 102 ( EM FRENTE);ÁGUA FRIA;;SUBURBIO;COLISÃO FRONTAL;1.0;1.0;0.0;0.0;0.0;0.0;0.0;0.0;0.0;0.0;0.0;Cruzamento;Bom;Não existe;Perfeito estado;Seca;Perfeito estado;Faixa de pedestre;Placas Pare;30 km/h;Única;;;;Noite
297;12/01/2020;20:38:00;SEM VÍTIMA;FINALIZADA;BOA VIAGEM;RUA MARQUES DE VALENCA;;RUA OLAVO BILAC;;BOA VIAGEM;;CIDADE;ABALROAMENTO TRANSVERSAL;2.0;0.0;0.0;0.0;0.0;0.0;0.0;0.0;0.0;0.0;0.0;Longo da via;Bom;Não existe;Perfeito estado;Seca;Perfeito estado;Não existe;Placas Pare;;Única;Não existe;;;Noite
298;12/01/2020;22:18:00;SEM VÍTIMA;FINALIZADA;PINA;AV HERCULANO BANDEIRA;990;RUA ARQUITETO AUGUSTO REINALDO;JBS VEÍCULOS;PINA;660.0;SUBURBIO;ABALROAMENTO TRANSVERSAL;2.0;0.0;0.0;0.0;0.0;0.0;0.0;0.0;0.0;0.0;0.0;Cruzamento;Bom;Sem defeito;Perfeito estado;Seca;Perfeito estado;Faixa de retenção;Outras;;Única;Faixa seccionada;;;Noite