indice;data;hora;natureza_acidente;situacao;bairro;endereco;numero;detalhe_endereco_acidente;complemento;bairro_cruzamento;num_semaforo;sentido_via;tipo;auto;moto;ciclom;ciclista;pedestre;onibus;caminhao;viatura;outros;vitimas;vitimasfatais;acidente_verificado;tempo_clima;situacao_semaforo;sinalizacao;condicao_via;conservacao_via;ponto_controle;situacao_placa;velocidade_max_via;mao_direcao;divisao_via1;divisao_via2;divisao_via3;turno
299;13/01/2020;06:39:00;SEM VÍTIMA;FINALIZADA;ENCRUZILHADA;RUA FERNANDO CESAR;290;RUA INACIO GALVAO DOS SANTOS;;ENCRUZILHADA;;CIDADE;ABALROAMENTO TRANSVERSAL;2.0;0.0;0.0;0.0;0.0;0.0;0.0;0.0;0.0;0.0;0.0;Cruzamento;Bom;Não existe;Perfeito estado;Seca;Perfeito estado;Faixa de pedestre;Placas Pare;;Única;Faixa seccionada;;;Manhã
300;13/01/2020;06:43:00;SEM VÍTIMA;FINALIZADA;ESTÂNCIA;AV RECIFE;;;SOB O SEMÁFORO Nº 261 SENTIDO BR 101;ESTÂNCIA;261.0;SUBURBIO;COLISÃO TRASEIRA;1.0;0.0;0.0;0.0;0.0;0.0;1.0;0.0;0.0;0.0;0.0;Longo da via;Bom;Sem defeito;Perfeito estado;Seca;Perfeito estado;Faixa de retenção;Outras;60 km/h;Dupla;Faixa contínua;Canteiro central;;Manhã
301;13/01/2020;07:30:00;SEM VÍTIMA;FINALIZADA;TORRE;RUA REAL DA TORRE;1275;;;TORRE;;;ABALROAMENTO LONGITUDINAL;2.0;0.0;0.0;0.0;0.0;0.0;0.0;0.0;0.0;0.0;0.0;Longo da via;Chuvoso;Sem defeito;Perfeito estado;Molhada;Perfeito estado;Faixa de pedestre;Outras;40 km/h;Única;Faixa seccionada;;;Manhã
302;13/01/2020;07:51:00;SEM VÍTIMA;FINALIZADA;CORDEIRO;AV ENGENHEIRO ABDIAS DE CARVALHO;;;LADO OPOSTO AO NÚMERO 3010;CORDEIRO;;CIDADE;COLISÃO TRASEIRA;3.0;0.0;0.0;0.0;0.0;0.0;0.0;0.0;0.0;0.0;0.0;Longo da via;Bom;Não existe;Perfeito estado;Seca;Perfeito estado;Não existe;Não há placas;60 km/h;Dupla;Canteiro central;;;Manhã
303;13/01/2020;08:19:00;COM VÍTIMA;FINALIZADA;ALTO JOSÉ BONIFÁCIO;RUA ALTO JOSE BONIFACIO;963;;PROX: QUADRA DO ALTO JOSE BONIFACIO;ALTO JOSÉ BONIFÁCIO;;CIDADE;CHOQUE VEÍCULO PARADO;0.0;1.0;0.0;0.0;0.0;1.0;0.0;0.0;0.0;1.0;0.0;Longo da via;Chuvoso;Não existe;Perfeito estado;Molhada;Perfeito estado;Não existe;Não há placas;;Dupla;Faixa seccionada;;;Manhã
304;13/01/2020;08:24:00;SEM VÍTIMA;FINALIZADA;BARRO;AV DR JOSE RUFINO;;;VIADUTO DA BR 101;BARRO;;SUBURBIO;ABALROAMENTO TRANSVERSAL;1.0;1.0;0.0;0.0;0.0;0.0;0.0;0.0;0.0;0.0;0.0;Cruzamento;Bom;Não existe;Incompleta;Seca;Perfeito estado;Não existe;Não há placas;;Dupla;Faixa seccionada;;;Manhã
305;13/01/2020;09:08:00;SEM VÍTIMA;FINALIZADA;ESPINHEIRO;RUA SAO SALVADOR;105;;MORADA SÃO SALVADOR;ESPINHEIRO;;CIDADE;ABALROAMENTO LONGITUDINAL;2.0;0.0;0.0;0.0;0.0;0.0;0.0;0.0;0.0;0.0;0.0;Longo da via;Bom;Não existe;Perfeito estado;Seca;Perfeito estado;Não existe;R-6a;;Única;Não existe;;;Manhã
306;13/01/2020;09:35:00;SEM VÍTIMA;FINALIZADA;ILHA JOANA BEZERRA;AV BEIRA RIO;;;EM FRENTE AO CAMPO DE FUTEBOL DA JOANA BEZERRA;ILHA JOANA BEZERRA;;CIDADE;COLISÃO TRASEIRA;5.0;0.0;0.0;0.0;0.0;0.0;0.0;0.0;0.0;0.0;0.0;Longo da via;Bom;Não existe;Perfeito estado;Seca;Perfeito estado;Outros;Não há placas;;Dupla;Faixa contínua;Faixa seccionada;;Manhã
307;13/01/2020;09:48:00;SEM VÍTIMA;FINALIZADA;CASA AMARELA;RUA BENTO LOYOLA;75;AV PROFESSOR JOSE DOS ANJOS;POSTE CELPE Nº B 005914;CASA AMARELA;;;ABALROAMENTO TRANSVERSAL;2.0;0.0;0.0;0.0;0.0;0.0;0.0;0.0;0.0;0.0;0.0;Cruzamento;Bom;Não existe;Perfeito estado;Seca;Perfeito estado;Não existe;Placas Pare;30 km/h;Dupla;Não existe;;;Manhã
308;13/01/2020;09:55:00;SEM VÍTIMA;FINALIZADA;BOA VISTA;;;;ANTES DA ESQUINA COM A RUA DR. JOSÉ MARIANO;BOA VISTA;209.0;;COLISÃO TRASEIRA;2.0;0.0;0.0;0.0;0.0;0.0;0.0;0.0;0.0;0.0;0.0;Longo da via;Bom;Sem defeito;Perfeito estado;Seca;Perfeito estado;Faixa de pedestre;Não há placas;;Única;Faixa contínua;;;Manhã
309;13/01/2020;10:00:00;SEM VÍTIMA;FINALIZADA;SÃO JOSÉ;RUA DA CONCORDIA;907;;EM FRENTE A LOJA COMANDO DAS BOMBAS;SÃO JOSÉ;;CIDADE;ABALROAMENTO TRANSVERSAL;2.0;0.0;0.0;0.0;0.0;0.0;0.0;0.0;0.0;0.0;0.0;Longo da via;Bom;Não existe;Perfeito estado;Seca;Perfeito estado;Não existe;Outras;;Única;Não existe;;;Manhã
310;13/01/2020;10:30:00;SEM VÍTIMA;FINALIZADA;BOA VISTA;RUA DA SOLEDADE;;AV CONDE DA BOA VISTA;;BOA VISTA;25.0;SUBURBIO;ABALROAMENTO LONGITUDINAL;1.0;0.0;0.0;0.0;0.0;0.0;1.0;0.0;0.0;0.0;0.0;Cruzamento;Bom;Sem defeito;Perfeito estado;Seca;Perfeito estado;Faixa de pedestre;R-6a;;Única;Faixa contínua;;;Manhã
311;13/01/2020;10:31:00;COM VÍTIMA;FINALIZADA;IPUTINGA;AV CAXANGA;3665;;PROX. AO POSTO BR- SENT. CIDADE;IPUTINGA;;CIDADE;COLISÃO TRASEIRA;0.0;2.0;0.0;0.0;0.0;0.0;0.0;0.0;0.0;1.0;0.0;Longo da via;Bom;Sem defeito;Perfeito estado;Seca;Perfeito estado;Agente;R-5a;60 km/h;;Canteiro central;;;Manhã
312;13/01/2020;10:55:00;SEM VÍTIMA;FINALIZADA;IPSEP;AV RECIFE;2996;;EXATA COR;IPSEP;;CIDADE;ABALROAMENTO LONGITUDINAL;2.0;0.0;0.0;0.0;0.0;0.0;0.0;0.0;0.0;0.0;0.0;Longo da via;Bom;Sem defeito;Perfeito estado;Seca;Perfeito estado;Não existe;Outras;60 km/h;Única;Faixa seccionada;Canteiro central;;Manhã
313;13/01/2020;11:46:00;SEM VÍTIMA;FINALIZADA;BAIRRO DO RECIFE;RUA DR ASCANIO PEIXOTO;;;DENTRO DO PORTO DO RECIFE;BAIRRO DO RECIFE;;CIDADE;ABALROAMENTO LONGITUDINAL;1.0;0.0;0.0;0.0;0.0;0.0;1.0;0.0;0.0;0.0;0.0;Longo da via;Bom;Não existe;Perfeito estado;Seca;;Outros;Não há placas;;Dupla;Canteiro central;;;Manhã
314;13/01/2020;11:48:00;SEM VÍTIMA;FINALIZADA;ALTO JOSÉ DO PINHO;RUA CORREGO JOSE GRANDE;121;;ESTAÇÃO ELEVATÓRIA DE ÁGUA;ALTO JOSÉ DO PINHO;;CIDADE;ABALROAMENTO LONGITUDINAL;1.0;1.0;0.0;0.0;0.0;0.0;0.0;0.0;0.0;0.0;0.0;Longo da via;Bom;Não existe;Perfeito estado;Seca;Perfeito estado;Não existe;Outras;;Dupla;Não existe;;;Manhã
315;13/01/2020;11:52:00;SEM VÍTIMA;FINALIZADA;SAN MARTIN;RUA COMENDADOR FRANCO FERREIRA;16;RUA JOSE VELOSO;;SAN MARTIN;;SUBURBIO;ABALROAMENTO LONGITUDINAL;2.0;0.0;0.0;0.0;0.0;0.0;0.0;0.0;0.0;0.0;0.0;Cruzamento;Bom;Não existe;Incompleta;Seca;Perfeito estado;Outros;Placas Pare;30 km/h;Dupla;Não existe;;;Manhã
316;13/01/2020;12:33:00;SEM VÍTIMA;FINALIZADA;SANTO ANTÔNIO;AV MARTINS DE BARROS;;;EM FRENTE AO POSTO IPIRANGA;SANTO ANTÔNIO;;SUBURBIO;COLISÃO TRASEIRA;2.0;0.0;0.0;0.0;0.0;0.0;0.0;0.0;0.0;0.0;0.0;Longo da via;Bom;Não existe;Perfeito estado;Seca;Perfeito estado;Faixa de pedestre;Não há placas;;Dupla;Canteiro central;;;Tarde
317;13/01/2020;13:53:00;SEM VÍTIMA;FINALIZADA;VÁRZEA;RUA MARIO CAMPELO;394;AV INACIO DE BARROS BARRETO;KITANDA RENASCER;VÁRZEA;;;ABALROAMENTO LONGITUDINAL;1.0;1.0;0.0;0.0;0.0;0.0;0.0;0.0;0.0;0.0;0.0;Cruzamento;Bom;Não existe;Não existente;Seca;Perfeito estado;Não existe;Não há placas;;Dupla;Não existe;;;Tarde
318;13/01/2020;14:42:00;SEM VÍTIMA;FINALIZADA;MADALENA;RUA JOAQUIM NABUCO;;;PONTE DA CAPUNGA;MADALENA;;SUBURBIO;COLISÃO TRASEIRA;1.0;0.0;0.0;0.0;0.0;0.0;1.0;0.0;0.0;0.0;0.0;Longo da via;Bom;Não existe;Perfeito estado;Seca;Perfeito estado;Não existe;Não há placas;;Dupla;Faixa contínua;;;Tarde
319;13/01/2020;15:04:00;SEM VÍTIMA;FINALIZADA;AFOGADOS;RUA NICOLAU PEREIRA;;RUA DA PAZ;FÁBRICA DA ASA;AFOGADOS;73.0;SUBURBIO;ABALROAMENTO TRANSVERSAL;1.0;0.0;0.0;0.0;0.0;0.0;0.0;0.0;1.0;0.0;0.0;Cruzamento;Bom;Sem defeito;Perfeito estado;Seca;Perfeito estado;Agente;Outras;40 km/h;Única;Faixa seccionada;;;Tarde
320;13/01/2020;15:32:00;SEM VÍTIMA;FINALIZADA;ILHA DO RETIRO;RUA BENFICA;;RUA SPORT CLUBE DO RECIFE;SPORT CLUBE DO RECIFE;ILHA DO RETIRO;;SUBURBIO;COLISÃO TRASEIRA;3.0;0.0;0.0;0.0;0.0;0.0;0.0;0.0;0.0;0.0;0.0;Longo da via;Bom;Não existe;Perfeito estado;Seca;Perfeito estado;Não existe;Outras;;Única;Não existe;;;Tarde
321;13/01/2020;15:45:00;SEM VÍTIMA;FINALIZADA;MACAXEIRA;AV NORTE;7969;RUA DO MONTE;ANTIGO TERMINAL DA MACAXEIRA;MACAXEIRA;296.0;CIDADE;COLISÃO TRASEIRA;1.0;1.0;0.0;0.0;0.0;0.0;0.0;0.0;0.0;0.0;0.0;Longo da via;Bom;Sem defeito;Perfeito estado;Seca;Perfeito estado;Não existe;R-6a;60 km/h;Dupla;Canteiro central;;;Tarde
322;13/01/2020;16:29:00;SEM VÍTIMA;FINALIZADA;JAQUEIRA;AV RUI BARBOSA;1601;;EM FRENTE AO CURSO DE INGLÊS RED BALLOON;JAQUEIRA;;CIDADE;COLISÃO TRASEIRA;3.0;0.0;0.0;0.0;0.0;0.0;0.0;0.0;0.0;0.0;0.0;Longo da via;Bom;Não existe;Perfeito estado;Seca;Perfeito estado;Não existe;Não há placas;60 km/h;Única;Faixa contínua;;;Tarde
323;13/01/2020;17:03:00;SEM VÍTIMA;FINALIZADA;DERBY;PRC DO DERBY;;RUA JENER DE SOUZA;PRAÇA DO DERBY;DERBY;40.0;CIDADE;ABALROAMENTO TRANSVERSAL;2.0;0.0;0.0;0.0;0.0;0.0;0.0;0.0;0.0;0.0;0.0;Longo da via;Bom;Com defeito;Perfeito estado;Seca;Perfeito estado;Faixa de pedestre;;50 km/h;Dupla;Faixa contínua;;;Tarde
324;13/01/2020;17:12:00;SEM VÍTIMA;FINALIZADA;;AV MARTINS DE BARROS;;;EM FRENTE AO DELTA EXPRESSO;;;SUBURBIO;COLISÃO FRONTAL;3.0;0.0;0.0;0.0;0.0;0.0;0.0;0.0;0.0;0.0;0.0;Longo da via;Bom;Não existe;Perfeito estado;Seca;Perfeito estado;Não existe;R-19;40 km/h;Única;Faixa seccionada;;;Tarde
325;13/01/2020;17:40:00;SEM VÍTIMA;FINALIZADA;BOA VIAGEM;AV BOA VIAGEM;4040;;;BOA VIAGEM;;CIDADE;COLISÃO TRASEIRA;2.0;0.0;0.0;0.0;0.0;0.0;0.0;0.0;0.0;0.0;0.0;Longo da via;Bom;Sem defeito;Perfeito estado;Seca;Perfeito estado;Não existe;Não há placas;;Única;Faixa seccionada;;;Tarde
326;13/01/2020;17:55:00;SEM VÍTIMA;FINALIZADA;SAN MARTIN;RUA COMENDADOR FRANCO FERREIRA;201;RUA EDUARDO DE ANDRADE;ACADEMIA DA CIDADE;SAN MARTIN;;;ABALROAMENTO TRANSVERSAL;1.0;1.0;0.0;0.0;0.0;0.0;0.0;0.0;0.0;0.0;0.0;Cruzamento;Bom;Não existe;Perfeito estado;Seca;Perfeito estado;Outros;Placas Pare;;Dupla;Outros;;;Tarde
327;13/01/2020;18:05:00;COM VÍTIMA;FINALIZADA;IMBIRIBEIRA;RUA ENGENHEIRO JOSE APOLINARIO;103;RUA ALVARO AMORIM;POR TRÁS DA ANTIGA DHPP;IMBIRIBEIRA;;SUBURBIO;ABALROAMENTO TRANSVERSAL;1.0;1.0;0.0;0.0;0.0;0.0;0.0;0.0;0.0;1.0;0.0;Cruzamento;Bom;Não existe;Perfeito estado;Seca;Perfeito estado;Não existe;Placas Pare;;Dupla;Não existe;;;Noite
328;13/01/2020;18:39:00;SEM VÍTIMA;FINALIZADA;ESPINHEIRO;RUA QUARENTA E OITO;347;;;ESPINHEIRO;;CIDADE;COLISÃO TRASEIRA;3.0;0.0;0.0;0.0;0.0;0.0;0.0;0.0;0.0;0.0;0.0;Longo da via;Bom;Não existe;Perfeito estado;Seca;Perfeito estado;Não existe;Não há placas;;Única;Faixa seccionada;;;Noite
329;13/01/2020;18:52:00;SEM VÍTIMA;FINALIZADA;BOA VIAGEM;RUA WALDEMAR NERY CARNEIRO MONTEIRO;445;;;BOA VIAGEM;;SUBURBIO;CHOQUE VEÍCULO PARADO;3.0;0.0;0.0;0.0;0.0;0.0;0.0;0.0;0.0;0.0;0.0;Longo da via;Bom;Não existe;Não existente;Seca;Perfeito estado;Não existe;Não há placas;;Dupla;Não existe;;;Noite
330;13/01/2020;19:06:00;SEM VÍTIMA;FINALIZADA;CURADO;AV PREFEITO ANTONIO PEREIRA;;RUA MINISTRO MARIO ANDREAZZA;;CURADO;;;ABALROAMENTO TRANSVERSAL;1.0;0.0;0.0;0.0;0.0;1.0;0.0;0.0;0.0;0.0;0.0;Cruzamento;Bom;Não existe;Não existente;Seca;Perfeito estado;Não existe;Não há placas;;Dupla;Canteiro central;;;Noite
331;13/01/2020;22:24:00;SEM VÍTIMA;FINALIZADA;VÁRZEA;AV AFONSO OLINDENSE;188;;FRENTE RESIDÊNCIA DE Nº 188;VÁRZEA;;SUBURBIO;ABALROAMENTO LONGITUDINAL;2.0;0.0;0.0;0.0;0.0;0.0;0.0;0.0;0.0;0.0;0.0;Longo da via;Bom;Não existe;Perfeito estado;Seca;Perfeito estado;Faixa de pedestre;Outras;;Dupla;Faixa contínua;;;Noite
332;14/01/2020;06:52:00;SEM VÍTIMA;FINALIZADA;BOA VIAGEM;RUA VISCONDE DE JEQUITINHONHA;;;EM FRENTE A GALERIA SETUBAL CENTER;BOA VIAGEM;433.0;;COLISÃO TRASEIRA;2.0;0.0;0.0;0.0;0.0;0.0;0.0;0.0;0.0;0.0;0.0;Longo da via;Bom;Sem defeito;Perfeito estado;Seca;Perfeito estado;Faixa de retenção;Não há placas;;Única;Faixa contínua;;;Manhã
333;14/01/2020;07:23:00;SEM VÍTIMA;FINALIZADA;PAISSANDU;AV GOVERNADOR AGAMENON MAGALHAES;;RUA PAISSANDU;SOB O SEMÁFORO Nº 069;PAISSANDU;69.0;;ABALROAMENTO TRANSVERSAL;2.0;0.0;0.0;0.0;0.0;0.0;0.0;0.0;0.0;0.0;0.0;Cruzamento;Bom;Sem defeito;Perfeito estado;Seca;Perfeito estado;Agente;Outras;60 km/h;Dupla;Canteiro central;;;Manhã
334;14/01/2020;08:02:00;SEM VÍTIMA;FINALIZADA;ESPINHEIRO;AV JOAO DE BARROS;;RUA CONS PORTELA;;ESPINHEIRO;;CIDADE;ABALROAMENTO LONGITUDINAL;1.0;0.0;0.0;0.0;0.0;1.0;0.0;0.0;0.0;0.0;0.0;Longo da via;Bom;Não existe;Perfeito estado;Seca;Perfeito estado;Faixa de pedestre;Outras;;Única;Faixa seccionada;;;Manhã
335;14/01/2020;09:27:00;SEM VÍTIMA;FINALIZADA;ALTO JOSÉ DO PINHO;AV NORTE;4590;;APÓS A ENTRADA DO ALTO JOSÉ DO PINHO;ALTO JOSÉ DO PINHO;;SUBURBIO;ABALROAMENTO LONGITUDINAL;1.0;0.0;0.0;0.0;0.0;0.0;2.0;0.0;0.0;0.0;0.0;Longo da via;Bom;Não existe;Perfeito estado;Seca;Perfeito estado;Não existe;R-6a;;Dupla;Faixa seccionada;;;Manhã
336;14/01/2020;09:34:00;COM VÍTIMA;FINALIZADA;TEJIPIÓ;RUA FALCAO DE LACERDA;447;RUA PAPA JOAO VINTE E TRES;EM FRENTE A ART MOVEIS;TEJIPIÓ;285.0;CIDADE;ABALROAMENTO LONGITUDINAL;1.0;1.0;0.0;0.0;0.0;0.0;0.0;0.0;0.0;1.0;0.0;Esquina;Bom;Sem defeito;Perfeito estado;Seca;Perfeito estado;Faixa de pedestre;Outras;;Dupla;Faixa contínua;;;Manhã
337;14/01/2020;10:18:00;SEM VÍTIMA;FINALIZADA;IMBIRIBEIRA;AV GENERAL MAC ARTHUR;;AV MARECHAL MASCARENHAS DE MORAES;;IMBIRIBEIRA;225.0;SUBURBIO;ABALROAMENTO LONGITUDINAL;1.0;0.0;0.0;0.0;0.0;0.0;0.0;0.0;1.0;0.0;0.0;Cruzamento;Bom;Sem defeito;Perfeito estado;Seca;Perfeito estado;Agente;Não há placas;40 km/h;Única;Faixa seccionada;;;Manhã
338;14/01/2020;10:21:00;COM VÍTIMA;FINALIZADA;ARRUDA;RUA DESENHISTA EULINO SANTOS;1170;RUA DA REGENERACAO;CONJUNTO ELDORADO. PRÓXIMO A ANTIGA FÁBRICA DA COCACOLA;ARRUDA;;SUBURBIO;ABALROAMENTO LONGITUDINAL;1.0;1.0;0.0;0.0;0.0;0.0;0.0;0.0;0.0;1.0;0.0;Longo da via;Bom;Não existe;Não existente;Seca;Perfeito estado;Não existe;Não há placas;;Dupla;Canteiro central;;;Manhã
339;14/01/2020;10:22:00;SEM VÍTIMA;FINALIZADA;PRADO;RUA PADRE TEOFILO TWORZ;;RUA CARLOS GOMES;;PRADO;;CIDADE;ABALROAMENTO TRANSVERSAL;1.0;1.0;0.0;0.0;0.0;0.0;0.0;0.0;0.0;0.0;0.0;Cruzamento;Bom;Não existe;Não existente;Seca;Perfeito estado;Não existe;Não há placas;;Dupla;Canteiro central;;;Manhã
340;14/01/2020;10:26:00;COM VÍTIMA;FINALIZADA;PRADO;RUA GOMES TABORDA;;;PXÓXIMO AO BAILE PERFUMADO;PRADO;;SUBURBIO;ABALROAMENTO LONGITUDINAL;1.0;0.0;1.0;0.0;0.0;0.0;0.0;0.0;0.0;1.0;0.0;Longo da via;Bom;Não existe;Perfeito estado;Seca;Perfeito estado;;Outras;;Dupla;Faixa seccionada;;;Manhã
341;14/01/2020;11:12:00;SEM VÍTIMA;FINALIZADA;BOA VIAGEM;AV BOA VIAGEM;634;;EDIFICIO JOSE ESTACIO VIEIRA;BOA VIAGEM;;CIDADE;ABALROAMENTO LONGITUDINAL;4.0;0.0;0.0;0.0;0.0;0.0;0.0;0.0;0.0;0.0;0.0;Longo da via;Bom;Não existe;Perfeito estado;Seca;Perfeito estado;Não existe;Não há placas;60 km/h;Única;Faixa seccionada;;;Manhã
342;14/01/2020;11:15:00;COM VÍTIMA;FINALIZADA;CAMPO GRANDE;EST DE BELEM;600;;E/F A ACADEMIA HI;CAMPO GRANDE;;;ABALROAMENTO LONGITUDINAL;1.0;1.0;0.0;0.0;0.0;0.0;0.0;0.0;0.0;1.0;0.0;Longo da via;Bom;Não existe;Perfeito estado;Seca;Perfeito estado;;;;Dupla;Faixa contínua;;;Manhã
343;14/01/2020;11:25:00;SEM VÍTIMA;FINALIZADA;IMBIRIBEIRA;AV MARECHAL MASCARENHAS DE MORAES;;;EM FRENTE A CAIXA ECONOMICA FEDERAL;IMBIRIBEIRA;;CIDADE;COLISÃO TRASEIRA;3.0;0.0;0.0;0.0;0.0;0.0;0.0;0.0;0.0;0.0;0.0;Longo da via;Bom;Não existe;Perfeito estado;Seca;Perfeito estado;Não existe;;60 km/h;Dupla;Faixa contínua;Canteiro central;;Manhã
344;14/01/2020;11:28:00;SEM VÍTIMA;FINALIZADA;IMBIRIBEIRA;AV DES JOSE NEVES;159;;;IMBIRIBEIRA;567.0;SUBURBIO;ABALROAMENTO LONGITUDINAL;2.0;1.0;0.0;0.0;0.0;0.0;0.0;0.0;0.0;0.0;0.0;Longo da via;Bom;Sem defeito;Perfeito estado;Seca;Perfeito estado;Faixa de pedestre;Não há placas;60 km/h;Dupla;Canal;;;Manhã
345;14/01/2020;13:32:00;COM VÍTIMA;FINALIZADA;BOA VIAGEM;RUA BRUNO VELOSO;528;RUA PROFESSOR JOAO MEDEIROS;E/F A ACADEMIA R2;BOA VIAGEM;335.0;CIDADE;ABALROAMENTO LONGITUDINAL;2.0;0.0;0.0;0.0;0.0;0.0;0.0;0.0;0.0;1.0;0.0;Cruzamento;Bom;Sem defeito;Perfeito estado;Seca;Perfeito estado;Faixa de pedestre;Não há placas;60 km/h;Dupla;Canteiro central;;;Tarde
346;14/01/2020;13:39:00;SEM VÍTIMA;FINALIZADA;JOANA BEZERRA;AV MARTIN LUTHER KING;115;;BORRACHARIA DO GEL;JOANA BEZERRA;;;ABALROAMENTO LONGITUDINAL;1.0;1.0;0.0;0.0;0.0;0.0;0.0;0.0;0.0;0.0;0.0;Longo da via;Bom;Não existe;;Seca;Perfeito estado;Não existe;Outras;;Dupla;Canteiro central;;;Tarde
347;14/01/2020;13:52:00;COM VÍTIMA;FINALIZADA;SÃO JOSÉ;C SANTA RITA;;;NO TERMINAL DO CAIS DE SANTA RITA;SÃO JOSÉ;;;ATROPELAMENTO;0.0;0.0;0.0;0.0;1.0;1.0;0.0;0.0;0.0;1.0;0.0;Longo da via;Bom;Não existe;Incompleta;Seca;Mal conservada;Faixa de pedestre;Outras;;Dupla;Não existe;;;Tarde
348;14/01/2020;14:28:00;COM VÍTIMA;FINALIZADA;SANCHO;AV LIBERDADE;612;EST DO CURADO;PROXIMO A ANTIGA PIZZARIA MANA E EM FRENTE A MONTE CARLOS. POSTE H030325.;SANCHO;;SUBURBIO;ABALROAMENTO TRANSVERSAL;1.0;1.0;0.0;0.0;0.0;0.0;0.0;0.0;0.0;1.0;0.0;Longo da via;Bom;Não existe;Perfeito estado;Seca;Perfeito estado;Não existe;R-6a;;Dupla;Faixa contínua;;;Tarde
349;14/01/2020;14:34:00;SEM VÍTIMA;FINALIZADA;IBURA;AV RECIFE;2528;;ATACAMAX ATACADO;IBURA;;CIDADE;COLISÃO TRASEIRA;2.0;0.0;0.0;0.0;0.0;0.0;0.0;0.0;0.0;0.0;0.0;Longo da via;Bom;Não existe;Perfeito estado;Seca;Perfeito estado;Não existe;Não há placas;;Dupla;Canteiro central;;;Tarde
350;14/01/2020;14:58:00;SEM VÍTIMA;FINALIZADA;BOA VIAGEM;AV BOA VIAGEM;;RUA ERNESTO DE PAULA SANTOS;;BOA VIAGEM;113.0;CIDADE;COLISÃO TRASEIRA;2.0;1.0;0.0;0.0;0.0;0.0;0.0;0.0;0.0;0.0;0.0;;Bom;Sem defeito;Perfeito estado;Seca;Perfeito estado;Faixa de pedestre;Outras;;Única;Faixa seccionada;;;Tarde
351;14/01/2020;15:04:00;SEM VÍTIMA;FINALIZADA;ILHA DO LEITE;PRC MIGUEL DE CERVANTES;961;;EM FRENTE AO POSTE Nº H 027310;ILHA DO LEITE;;CIDADE;ABALROAMENTO LONGITUDINAL;2.0;0.0;0.0;0.0;0.0;0.0;0.0;0.0;0.0;0.0;0.0;Longo da via;Bom;Não existe;Perfeito estado;Seca;Perfeito estado;Faixa de pedestre;R-6a;;Única;Não existe;;;Tarde
352;14/01/2020;15:21:00;SEM VÍTIMA;FINALIZADA;VÁRZEA;AV JOAQUIM RIBEIRO;;RUA GASTAO VIDIGAL;PRÓXIMO A UPA DA CAXANGÁ;VÁRZEA;281.0;CIDADE;ABALROAMENTO LONGITUDINAL;2.0;0.0;0.0;0.0;0.0;0.0;0.0;0.0;0.0;0.0;0.0;Longo da via;Bom;Sem defeito;Perfeito estado;Seca;Perfeito estado;Agente;Não há placas;;Única;Faixa seccionada;;;Tarde
353;14/01/2020;17:12:00;COM VÍTIMA;FINALIZADA;AFOGADOS;EST DOS REMEDIOS;1262;EST DO BONGI;PROX AO POSTO BR. EM FRENTE AO SOS MINGAU DA SOCORRO.;AFOGADOS;394.0;CIDADE;COLISÃO TRASEIRA;2.0;0.0;0.0;0.0;0.0;0.0;0.0;0.0;0.0;1.0;0.0;Cruzamento;Bom;Sem defeito;Perfeito estado;Seca;Perfeito estado;Faixa de pedestre;R-6a;;Única;Faixa contínua;;;Tarde
354;14/01/2020;17:45:00;SEM VÍTIMA;FINALIZADA;BOA VIAGEM;RUA DEZ DE JULHO;210;RUA CAMBOIM;;BOA VIAGEM;;CIDADE;ABALROAMENTO LONGITUDINAL;1.0;1.0;0.0;0.0;0.0;0.0;0.0;0.0;0.0;0.0;0.0;Cruzamento;Bom;Não existe;Perfeito estado;Seca;Perfeito estado;Não existe;Placas Pare;60 km/h;Única;Faixa seccionada;;;Tarde
355;14/01/2020;18:09:00;COM VÍTIMA;FINALIZADA;BOA VIAGEM;AV ARMINDO MOURA;;RUA VISCONDE DE JEQUITINHONHA;NO CRUZAMENTO MESMO/ RUA VISCONDE DE JEQUITINHONHA;BOA VIAGEM;258.0;SUBURBIO;ATROPELAMENTO;1.0;0.0;0.0;0.0;1.0;0.0;0.0;0.0;0.0;1.0;0.0;Cruzamento;Bom;Sem defeito;Perfeito estado;Seca;Perfeito estado;Faixa de pedestre;Não há placas;;Única;Faixa seccionada;Canteiro central;;Noite
356;14/01/2020;19:02:00;SEM VÍTIMA;FINALIZADA;IPSEP;RUA PINTOR ANTONIO ALBUQUERQUE;;;;IPSEP;;CIDADE;ABALROAMENTO LONGITUDINAL;0.0;0.0;0.0;0.0;0.0;1.0;1.0;0.0;0.0;0.0;0.0;;Bom;Sem defeito;Perfeito estado;Seca;Perfeito estado;Não existe;Outras;;Única;;;;Noite
357;14/01/2020;19:30:00;SEM VÍTIMA;FINALIZADA;IBURA;AV SERRA DA MANTIQUEIRA;205;;;IBURA;;SUBURBIO;ABALROAMENTO TRANSVERSAL;1.0;0.0;0.0;0.0;0.0;1.0;0.0;0.0;0.0;0.0;0.0;Longo da via;Bom;Sem defeito;Perfeito estado;Seca;Perfeito estado;Não existe;Não há placas;;Dupla;Não existe;;;Noite
358;14/01/2020;20:34:00;SEM VÍTIMA;FINALIZADA;IPSEP;RUA JEAN EMILE FAVRE;1447;RUA ANIZIO GALVAO;AUTOCAR EXPRESS;IPSEP;70.0;SUBURBIO;ABALROAMENTO TRANSVERSAL;1.0;1.0;0.0;0.0;0.0;0.0;0.0;0.0;0.0;0.0;0.0;Cruzamento;Bom;Sem defeito;Perfeito estado;Seca;Perfeito estado;Faixa de pedestre;Outras;;Dupla;Faixa contínua;;;Noite