indice;data;hora;natureza_acidente;situacao;bairro;endereco;numero;detalhe_endereco_acidente;complemento;bairro_cruzamento;num_semaforo;sentido_via;tipo;auto;moto;ciclom;ciclista;pedestre;onibus;caminhao;viatura;outros;vitimas;vitimasfatais;acidente_verificado;tempo_clima;situacao_semaforo;sinalizacao;condicao_via;conservacao_via;ponto_controle;situacao_placa;velocidade_max_via;mao_direcao;divisao_via1;divisao_via2;divisao_via3;turno
359;15/01/2020;00:56:00;SEM VÍTIMA;FINALIZADA;PRADO;RUA PADRE TEOFILO TWORZ;;RUA SANTA EDWIRGES;IGREJA PRESBITERIANA;PRADO;;CIDADE;ABALROAMENTO TRANSVERSAL;2.0;0.0;0.0;0.0;0.0;0.0;0.0;0.0;0.0;0.0;0.0;Cruzamento;Bom;Não existe;Ilegível;Seca;Perfeito estado;Não existe;Não há placas;;Dupla;Não existe;;;Madrugada
360;15/01/2020;07:16:00;SEM VÍTIMA;FINALIZADA;ZUMBI;RUA TOMAZ GONZAGA;;RUA SOUZA BANDEIRA;SEMÁFORO DE Nº 448;ZUMBI;448.0;SUBURBIO;ABALROAMENTO LONGITUDINAL;1.0;1.0;0.0;0.0;0.0;0.0;0.0;0.0;0.0;0.0;0.0;Cruzamento;Bom;Sem defeito;Perfeito estado;Seca;Perfeito estado;Faixa de pedestre;R-3;;Dupla;Faixa seccionada;;;Manhã
361;15/01/2020;07:21:00;COM VÍTIMA;FINALIZADA;TEJIPIÓ;AV DR JOSE RUFINO;2802;;SOBRE O VIADUTO QUE PASSA POR CIMA DA BR 101;TEJIPIÓ;;CIDADE;ABALROAMENTO TRANSVERSAL;1.0;1.0;0.0;0.0;0.0;0.0;0.0;0.0;0.0;1.0;0.0;Cruzamento;Bom;Não existe;Incompleta;Seca;Perfeito estado;;Não há placas;;Dupla;Faixa seccionada;;;Manhã
362;15/01/2020;08:07:00;SEM VÍTIMA;FINALIZADA;CORDEIRO;AV CAXANGA;;;EM FRENTE AO LABORATÓRIO NABUCO LOPES- PRÓXIMO AO SEM Nº 268;CORDEIRO;268.0;CIDADE;ABALROAMENTO LONGITUDINAL;2.0;1.0;0.0;0.0;0.0;0.0;0.0;0.0;0.0;0.0;0.0;Longo da via;Bom;Sem defeito;Incompleta;Seca;Perfeito estado;Faixa de pedestre;Não há placas;;Dupla;Canteiro central;;;Manhã
363;15/01/2020;08:22:00;SEM VÍTIMA;FINALIZADA;ÁGUA FRIA;RUA DA REGENERACAO;;AV BEBERIBE;AO LADO DO POSTO DE COMBUSTÍVEL BR;ÁGUA FRIA;187.0;SUBURBIO;ABALROAMENTO TRANSVERSAL;1.0;0.0;0.0;0.0;0.0;0.0;1.0;0.0;0.0;0.0;0.0;Cruzamento;Bom;Sem defeito;Perfeito estado;Seca;Perfeito estado;Não existe;R-6a;;Única;Não existe;;;Manhã
364;15/01/2020;08:25:00;SEM VÍTIMA;FINALIZADA;ESTÂNCIA;AV DR JOSE RUFINO;46;;APÓS O COLÉGIO VISÃO;ESTÂNCIA;;CIDADE;COLISÃO TRASEIRA;2.0;0.0;0.0;0.0;0.0;0.0;0.0;0.0;0.0;0.0;0.0;Longo da via;Bom;Sem defeito;Incompleta;Seca;;Não existe;Outras;60 km/h;Dupla;Faixa seccionada;;;Manhã
365;15/01/2020;09:37:00;SEM VÍTIMA;FINALIZADA;SANTO AMARO;AV JOAO DE BARROS;919;;EM FRENTE AO SANTANDER;SANTO AMARO;;CIDADE;COLISÃO TRASEIRA;3.0;0.0;0.0;0.0;0.0;0.0;0.0;0.0;0.0;0.0;0.0;Longo da via;Bom;Não existe;Perfeito estado;Seca;Perfeito estado;Outros;Outras;;Dupla;Canteiro central;;;Manhã
366;15/01/2020;09:46:00;SEM VÍTIMA;FINALIZADA;BOA VIAGEM;RUA PROFESSOR JOSE BRANDAO;;AV ENGENHEIRO DOMINGOS FERREIRA;;BOA VIAGEM;550.0;SUBURBIO;ABALROAMENTO LONGITUDINAL;2.0;0.0;0.0;0.0;0.0;0.0;0.0;0.0;0.0;0.0;0.0;Cruzamento;Bom;Sem defeito;Perfeito estado;Seca;Perfeito estado;Faixa de pedestre;Não há placas;;Única;Faixa contínua;;;Manhã
367;15/01/2020;10:12:00;SEM VÍTIMA;FINALIZADA;IPSEP;AV RECIFE;2240;;MOTO ELETRICA;IPSEP;;SUBURBIO;COLISÃO TRASEIRA;2.0;0.0;0.0;0.0;0.0;0.0;0.0;0.0;0.0;0.0;0.0;Longo da via;Bom;Sem defeito;Perfeito estado;Seca;;Outros;Outras;;Única;Faixa seccionada;Canteiro central;;Manhã
368;15/01/2020;10:33:00;SEM VÍTIMA;FINALIZADA;IPUTINGA;AV CAXANGA;3595;;EM FRENTE A ESCOLA FERNANDES VIEIRA- Nº 3595;IPUTINGA;229.0;CIDADE;COLISÃO TRASEIRA;2.0;0.0;0.0;0.0;0.0;0.0;0.0;0.0;0.0;0.0;0.0;Longo da via;Bom;Sem defeito;Perfeito estado;Seca;Perfeito estado;Não existe;Não há placas;;Dupla;Faixa seccionada;Canteiro central;;Manhã
369;15/01/2020;10:38:00;SEM VÍTIMA;FINALIZADA;CORDEIRO;RUA GOMES TABORDA;951;;ARMAZEM SANTO ANDRE;CORDEIRO;;;COLISÃO TRASEIRA;3.0;0.0;0.0;0.0;0.0;0.0;0.0;0.0;0.0;0.0;0.0;Longo da via;Bom;Não existe;Ilegível;Seca;Perfeito estado;Não existe;Não há placas;;Dupla;Faixa seccionada;;;Manhã
370;15/01/2020;11:39:00;SEM VÍTIMA;FINALIZADA;IMBIRIBEIRA;AV MARECHAL MASCARENHAS DE MORAES;4815;;PARVI LOCADORA;IMBIRIBEIRA;;CIDADE;COLISÃO TRASEIRA;2.0;0.0;0.0;0.0;0.0;0.0;0.0;0.0;0.0;0.0;0.0;Longo da via;Bom;Não existe;Perfeito estado;Seca;Perfeito estado;Não existe;Não há placas;;Dupla;Canteiro central;;;Manhã
371;15/01/2020;12:02:00;SEM VÍTIMA;FINALIZADA;ESPINHEIRO;AV GOVERNADOR AGAMENON MAGALHAES;;RUA JOSE LUIZ DA SILVEIRA BARROS;;ESPINHEIRO;;SUBURBIO;CHOQUE VEÍCULO PARADO;2.0;0.0;0.0;0.0;0.0;0.0;0.0;0.0;0.0;0.0;0.0;;Bom;Não existe;Perfeito estado;Seca;Perfeito estado;Não existe;Outras;;Dupla;Faixa seccionada;;;Tarde
372;15/01/2020;12:23:00;COM VÍTIMA;FINALIZADA;BOA VISTA;RUA DOM BOSCO;1183;AV CONDE DA BOA VISTA;ESQUINA DO POSTO DOM BOSCO;BOA VISTA;27.0;SUBURBIO;ABALROAMENTO TRANSVERSAL;1.0;1.0;0.0;0.0;0.0;0.0;0.0;0.0;0.0;1.0;0.0;Cruzamento;Bom;Sem defeito;Perfeito estado;Seca;Perfeito estado;Faixa de pedestre;;40 km/h;;Faixa;;;Tarde
373;15/01/2020;14:08:00;SEM VÍTIMA;FINALIZADA;BOA VIAGEM;RUA PROFESSOR JOAO MEDEIROS;533;;ED RENATO MEDEIROS;BOA VIAGEM;335.0;CIDADE;COLISÃO TRASEIRA;1.0;1.0;0.0;0.0;0.0;0.0;0.0;0.0;0.0;0.0;0.0;Longo da via;Bom;Sem defeito;Perfeito estado;Seca;Perfeito estado;Faixa de pedestre;Não há placas;;Única;Faixa seccionada;;;Tarde
374;15/01/2020;14:19:00;COM VÍTIMA;FINALIZADA;AFOGADOS;RUA SAO MIGUEL;945;;EM FRENTE DO QUARTEL;AFOGADOS;;CIDADE;ABALROAMENTO TRANSVERSAL;2.0;0.0;0.0;0.0;0.0;0.0;0.0;0.0;0.0;1.0;0.0;Longo da via;Bom;Sem defeito;Incompleta;Seca;;Faixa de pedestre;Outras;;Dupla;Faixa;;;Tarde
375;15/01/2020;15:48:00;SEM VÍTIMA;FINALIZADA;BRASÍLIA TEIMOSA;RUA ARABAIANA;;RUA ARTUR BERNARDES;;BRASÍLIA TEIMOSA;;;ABALROAMENTO TRANSVERSAL;1.0;0.0;0.0;0.0;0.0;1.0;0.0;0.0;0.0;0.0;0.0;;Bom;Não existe;Não existente;Seca;Perfeito estado;Não existe;Não há placas;;Única;Não existe;;;Tarde
376;15/01/2020;15:55:00;COM VÍTIMA;FINALIZADA;MADALENA;AV JOSE GONCALVES DE MEDEIROS;118;;EM FRENTE A ENTRADA DO EXTRA;MADALENA;;SUBURBIO;ABALROAMENTO LONGITUDINAL;0.0;2.0;0.0;0.0;0.0;0.0;0.0;0.0;0.0;2.0;0.0;Longo da via;Bom;Sem defeito;Perfeito estado;Seca;Perfeito estado;Agente;Outras;;Dupla;Faixa contínua;Faixa seccionada;;Tarde
377;15/01/2020;16:20:00;SEM VÍTIMA;FINALIZADA;GRAÇAS;AV RUI BARBOSA;370;;;GRAÇAS;;CIDADE;COLISÃO TRASEIRA;1.0;0.0;0.0;0.0;0.0;0.0;0.0;0.0;0.0;0.0;0.0;Longo da via;Bom;Não existe;Perfeito estado;Seca;Perfeito estado;Não existe;R-6a;;Única;Faixa seccionada;;;Tarde
378;15/01/2020;17:03:00;SEM VÍTIMA;FINALIZADA;IPSEP;AV RECIFE;;;EM FRENTE SÃO PAULO VEÍCULOS;IPSEP;;SUBURBIO;COLISÃO TRASEIRA;2.0;0.0;0.0;0.0;0.0;0.0;0.0;0.0;0.0;0.0;0.0;Longo da via;Bom;Sem defeito;Perfeito estado;Seca;Perfeito estado;;Não há placas;60 km/h;Dupla;Faixa seccionada;Canteiro central;;Tarde
379;15/01/2020;17:04:00;SEM VÍTIMA;FINALIZADA;ILHA DO RETIRO;RUA BENFICA;;;SAÍDA DO TÚNEL CHICO SCIENCE;ILHA DO RETIRO;;;ABALROAMENTO LONGITUDINAL;1.0;0.0;0.0;0.0;0.0;0.0;1.0;0.0;0.0;0.0;0.0;Longo da via;Bom;Não existe;Incompleta;Seca;Perfeito estado;Não existe;Outras;40 km/h;Única;Faixa seccionada;;;Tarde
380;15/01/2020;17:33:00;SEM VÍTIMA;FINALIZADA;SANTO ANTÔNIO;RUA IMPERADOR PEDRO SEGUNDO;307;RUA MARQUES DO RECIFE;EM FRENTE AO EDIFÍCIO ARMANDO MONTEIRO FILHO;SANTO ANTÔNIO;;;ABALROAMENTO LONGITUDINAL;0.0;0.0;0.0;0.0;0.0;1.0;1.0;0.0;0.0;0.0;0.0;Longo da via;Bom;Não existe;Perfeito estado;Seca;Perfeito estado;Não existe;Outras;;Única;Faixa seccionada;;;Tarde
381;15/01/2020;17:39:00;SEM VÍTIMA;FINALIZADA;VÁRZEA;RUA GASTAO VIDIGAL;;;EM FRENTE AO CALDINHO DO MARROM E A PARADA DE Nº 090278;VÁRZEA;281.0;SUBURBIO;ABALROAMENTO LONGITUDINAL;1.0;0.0;0.0;0.0;0.0;1.0;0.0;0.0;0.0;0.0;0.0;Longo da via;Bom;Sem defeito;Perfeito estado;Seca;Perfeito estado;Não existe;Não há placas;;Dupla;Faixa seccionada;;;Tarde
382;15/01/2020;17:56:00;SEM VÍTIMA;FINALIZADA;IMBIRIBEIRA;AV MARECHAL MASCARENHAS DE MORAES;2728;;TAMBAÍ;IMBIRIBEIRA;161.0;SUBURBIO;COLISÃO TRASEIRA;1.0;0.0;0.0;0.0;0.0;1.0;0.0;0.0;0.0;0.0;0.0;Longo da via;Bom;Sem defeito;Perfeito estado;Seca;Perfeito estado;Faixa de pedestre;Não há placas;;Dupla;Canteiro central;;;Tarde
383;15/01/2020;18:18:00;SEM VÍTIMA;FINALIZADA;BOA VIAGEM;AVENIDA CELSO FURTADO (VIA MANGUE);;;;BOA VIAGEM;;SUBURBIO;ABALROAMENTO LONGITUDINAL;2.0;0.0;0.0;0.0;0.0;0.0;0.0;0.0;0.0;0.0;0.0;Longo da via;Bom;Não existe;Perfeito estado;Seca;Perfeito estado;Não existe;Não há placas;60 km/h;Dupla;Canteiro central;;;Noite
384;15/01/2020;18:34:00;SEM VÍTIMA;FINALIZADA;DOIS IRMÃOS;;;;PRÓXIMO AO HOTEL SENZALA;DOIS IRMÃOS;416.0;;ABALROAMENTO LONGITUDINAL;2.0;0.0;0.0;0.0;0.0;0.0;0.0;0.0;0.0;0.0;0.0;Cruzamento;Bom;Sem defeito;Incompleta;;;Não existe;R-6a;;Dupla;Não existe;;;Noite
385;15/01/2020;18:58:00;SEM VÍTIMA;FINALIZADA;IMBIRIBEIRA;RUA ARQUITETO LUIZ NUNES;873;;;IMBIRIBEIRA;;SUBURBIO;ABALROAMENTO LONGITUDINAL;1.0;1.0;0.0;0.0;0.0;0.0;0.0;0.0;0.0;0.0;0.0;Longo da via;Bom;Não existe;Perfeito estado;Seca;Perfeito estado;Não existe;Não há placas;40 km/h;Dupla;Faixa contínua;;;Noite
386;15/01/2020;19:13:00;SEM VÍTIMA;FINALIZADA;BOA VIAGEM;RUA DOS NAVEGANTES;74;RUA HENRIQUE CAPITULINO;EDF VIRGINIA WOOLF Nº 74;BOA VIAGEM;;SUBURBIO;ABALROAMENTO TRANSVERSAL;2.0;0.0;0.0;0.0;0.0;0.0;0.0;0.0;0.0;0.0;0.0;Cruzamento;Bom;Não existe;Incompleta;Seca;Perfeito estado;Não existe;Placas Pare;;Única;Faixa seccionada;;;Noite
387;15/01/2020;19:31:00;COM VÍTIMA;FINALIZADA;VÁRZEA;RUA VALE DO SIRIJI;130;;ENF A FABRICA ESTUDIO ZERO;VÁRZEA;;SUBURBIO;ABALROAMENTO LONGITUDINAL;1.0;1.0;0.0;0.0;0.0;0.0;0.0;0.0;0.0;1.0;0.0;Longo da via;Bom;Não existe;Incompleta;Seca;Perfeito estado;Não existe;Não há placas;;Dupla;Faixa seccionada;;;Noite
388;15/01/2020;20:09:00;SEM VÍTIMA;FINALIZADA;IMBIRIBEIRA;RUA JACI;120;AV GENERAL MAC ARTHUR;ART LED MAT ELÉTRICOS;IMBIRIBEIRA;;CIDADE;ABALROAMENTO LONGITUDINAL;1.0;0.0;0.0;0.0;0.0;1.0;0.0;0.0;0.0;0.0;0.0;Cruzamento;Bom;Não existe;Perfeito estado;Seca;Perfeito estado;Outros;Placas Pare;;Única;Não existe;;;Noite
389;15/01/2020;22:43:00;COM VÍTIMA;FINALIZADA;BOA VIAGEM;RUA RIBEIRO DE BRITO;;RUA AMALIA BERNARDINO DE SOUZA;AO LADO DA UNISSAU/ PROX AO RESTAURANTE CARCARÁ;BOA VIAGEM;;CIDADE;ABALROAMENTO TRANSVERSAL;1.0;1.0;0.0;0.0;0.0;0.0;0.0;0.0;0.0;2.0;0.0;Cruzamento;Bom;Não existe;Não existente;Seca;Perfeito estado;Não existe;Não há placas;;Única;Faixa seccionada;;;Noite
390;15/01/2020;22:45:00;SEM VÍTIMA;FINALIZADA;ILHA DO RETIRO;AV ENGENHEIRO ABDIAS DE CARVALHO;;RUA SENADOR FABIO DE BARROS;ENTRE AO POSTO IPIRANGA;ILHA DO RETIRO;355.0;SUBURBIO;ABALROAMENTO LONGITUDINAL;2.0;0.0;0.0;0.0;0.0;0.0;0.0;0.0;0.0;0.0;0.0;Longo da via;Bom;Sem defeito;Perfeito estado;Seca;Perfeito estado;;Não há placas;;Única;Faixa seccionada;;;Noite
391;16/01/2020;06:45:00;SEM VÍTIMA;FINALIZADA;IPUTINGA;RUA PROFESSOR JULIO OLIVEIRA;7770;AV PROFESSOR JOAQUIM CAVALCANTI;;IPUTINGA;;;ABALROAMENTO LONGITUDINAL;1.0;0.0;0.0;0.0;0.0;1.0;0.0;0.0;0.0;0.0;0.0;;Bom;Não existe;Perfeito estado;Seca;Perfeito estado;Faixa de retenção;Placas Pare;;Única;Não existe;;;Manhã
392;16/01/2020;08:05:00;COM VÍTIMA;FINALIZADA;BOA VIAGEM;RUA CONEGO ROMEU;637;AV MARECHAL JUAREZ TAVORA;ARMAZEM ECOSEL;BOA VIAGEM;;CIDADE;ABALROAMENTO LONGITUDINAL;1.0;1.0;0.0;0.0;0.0;0.0;0.0;0.0;0.0;1.0;0.0;Longo da via;Bom;Não existe;Perfeito estado;Seca;Perfeito estado;Não existe;Não há placas;60 km/h;Dupla;Canal;;;Manhã
393;16/01/2020;09:06:00;SEM VÍTIMA;FINALIZADA;BOA VIAGEM;RUA PETROLINA;;RUA CORONEL BENEDITO CHAVES;ANTIGO RECIFE MONTE HOTEL;BOA VIAGEM;;CIDADE;ABALROAMENTO LONGITUDINAL;1.0;0.0;0.0;0.0;0.0;0.0;1.0;0.0;0.0;0.0;0.0;Cruzamento;Bom;Não existe;Incompleta;Seca;Perfeito estado;Não existe;Não há placas;30 km/h;Única;Não existe;;;Manhã
394;16/01/2020;09:06:00;SEM VÍTIMA;FINALIZADA;PRADO;RUA JOAO IVO DA SILVA;;;;PRADO;;SUBURBIO;ABALROAMENTO LONGITUDINAL;1.0;1.0;0.0;0.0;0.0;0.0;0.0;0.0;0.0;0.0;0.0;Longo da via;Bom;Não existe;Perfeito estado;Seca;Perfeito estado;Não existe;Não há placas;;Única;Não existe;;;Manhã
395;16/01/2020;09:35:00;COM VÍTIMA;FINALIZADA;CAMPO GRANDE;RUA JERONIMO VILELA;725;;EM FRENTE AO BAR DO ZE E RESTAURANTE ESTAÇÃO DA TERRA;CAMPO GRANDE;341.0;SUBURBIO;COLISÃO COM CICLISTA;1.0;0.0;0.0;1.0;0.0;0.0;0.0;0.0;0.0;1.0;0.0;Longo da via;Bom;Sem defeito;Perfeito estado;Seca;Perfeito estado;Faixa de pedestre;Outras;;Dupla;Faixa contínua;;;Manhã
396;16/01/2020;09:43:00;COM VÍTIMA;FINALIZADA;JOANA BEZERRA;RUA MIRANDOPOLIS;;;TERMINAL DE JOANA BEZERRA. VIA DE ACESSO AO TI. EM FRENTE A LILI MODAS.;JOANA BEZERRA;;CIDADE;ABALROAMENTO LONGITUDINAL;0.0;0.0;0.0;0.0;0.0;1.0;0.0;0.0;1.0;1.0;0.0;Longo da via;Bom;Não existe;Perfeito estado;Seca;Perfeito estado;Não existe;R-6a;;Única;Não existe;;;Manhã
397;16/01/2020;09:56:00;SEM VÍTIMA;FINALIZADA;CORDEIRO;AV ENGENHEIRO ABDIAS DE CARVALHO;;AV GENERAL SAN MARTIN;SOB O SEMÁFORO 058;CORDEIRO;58.0;SUBURBIO;COLISÃO FRONTAL;1.0;1.0;0.0;0.0;0.0;0.0;0.0;0.0;0.0;0.0;0.0;Longo da via;Bom;Sem defeito;Perfeito estado;Seca;Perfeito estado;Faixa de pedestre;Não há placas;;Dupla;Canteiro central;;;Manhã
398;16/01/2020;10:20:00;SEM VÍTIMA;FINALIZADA;BONGI;AV ENGENHEIRO ABDIAS DE CARVALHO;;AV GENERAL SAN MARTIN;LADO OPOSTO FUNASE;BONGI;58.0;CIDADE;COLISÃO TRASEIRA;2.0;0.0;0.0;0.0;0.0;0.0;0.0;0.0;0.0;0.0;0.0;Cruzamento;Bom;Sem defeito;Perfeito estado;Seca;Perfeito estado;Agente;Outras;;Única;Faixa seccionada;;;Manhã
399;16/01/2020;10:52:00;SEM VÍTIMA;FINALIZADA;TORRÕES;AV BICENTENARIO DA REVOLUCAO FRANCESA;35;;;TORRÕES;;SUBURBIO;COLISÃO TRASEIRA;1.0;1.0;0.0;0.0;0.0;0.0;0.0;0.0;0.0;0.0;0.0;Longo da via;Bom;Não existe;Incompleta;Seca;Perfeito estado;Não existe;Não há placas;;Dupla;Não existe;;;Manhã
400;16/01/2020;11:08:00;SEM VÍTIMA;FINALIZADA;MADALENA;RUA BENFICA;997;;EM FRENTE A BOSCH SERVICE;MADALENA;;CIDADE;ABALROAMENTO LONGITUDINAL;2.0;0.0;0.0;0.0;0.0;0.0;0.0;0.0;0.0;0.0;0.0;Longo da via;Bom;Não existe;Perfeito estado;Seca;Perfeito estado;Não existe;R-6a;;Única;Não existe;;;Manhã
401;16/01/2020;11:39:00;SEM VÍTIMA;FINALIZADA;MADALENA;AV VISCONDE DE ALBUQUERQUE;457;RUA BARTOLOMEU DE GUSMAO;PADARIA ENGENHO MADALENA;MADALENA;;SUBURBIO;ABALROAMENTO TRANSVERSAL;2.0;0.0;0.0;0.0;0.0;0.0;0.0;0.0;0.0;0.0;0.0;Cruzamento;Bom;Não existe;Perfeito estado;Seca;Perfeito estado;Não existe;Placas Pare;;Única;Faixa contínua;Faixa seccionada;;Manhã
402;16/01/2020;11:52:00;SEM VÍTIMA;FINALIZADA;BOMBA DO HEMETÉRIO;RUA PROFESSOR JOSE AMARINO DOS REIS;427;RUA CHA DE ALEGRIA;;BOMBA DO HEMETÉRIO;;SUBURBIO;CHOQUE VEÍCULO PARADO;1.0;1.0;0.0;0.0;0.0;1.0;0.0;0.0;0.0;0.0;0.0;Cruzamento;Bom;Não existe;Perfeito estado;Seca;Perfeito estado;Outros;R-6a;;Dupla;Não existe;;;Manhã
403;16/01/2020;12:39:00;COM VÍTIMA;FINALIZADA;TEJIPIÓ;AV DR JOSE RUFINO;248;;EM FRENTE AO CARTORIO DE TEJIPIO;TEJIPIÓ;411.0;SUBURBIO;ABALROAMENTO TRANSVERSAL;1.0;1.0;0.0;0.0;0.0;0.0;0.0;0.0;0.0;1.0;0.0;Longo da via;Bom;Sem defeito;Perfeito estado;Seca;Perfeito estado;Faixa de pedestre;;;Dupla;;;;Tarde
404;16/01/2020;13:16:00;SEM VÍTIMA;FINALIZADA;ILHA DO LEITE;RUA FRANCISCO ALVES;408;;HOSP. UNIMED - BEIRA RIO;ILHA DO LEITE;;SUBURBIO;COLISÃO TRASEIRA;2.0;0.0;0.0;0.0;0.0;0.0;0.0;0.0;0.0;0.0;0.0;Longo da via;Bom;Não existe;Perfeito estado;Seca;Perfeito estado;;;;Dupla;Faixa contínua;;;Tarde
405;16/01/2020;13:36:00;SEM VÍTIMA;FINALIZADA;BOA VIAGEM;AV BOA VIAGEM;3114;;EM FRENTE AO HOTEL JANGADEIRO;BOA VIAGEM;555.0;CIDADE;COLISÃO TRASEIRA;2.0;0.0;0.0;0.0;0.0;0.0;0.0;0.0;0.0;0.0;0.0;Longo da via;Bom;Sem defeito;Perfeito estado;Seca;Perfeito estado;Faixa de pedestre;Outras;;Única;Faixa contínua;Faixa seccionada;;Tarde
406;16/01/2020;13:52:00;SEM VÍTIMA;FINALIZADA;ESTÂNCIA;RUA JOSE GOMES DE MOURA;816;;AO LADO DA CASA DO PORTA PALETES;ESTÂNCIA;;SUBURBIO;ABALROAMENTO LONGITUDINAL;1.0;0.0;0.0;0.0;0.0;1.0;0.0;0.0;0.0;0.0;0.0;Longo da via;Bom;Não existe;Incompleta;Seca;Perfeito estado;Não existe;Não há placas;;Única;Não existe;;;Tarde
407;16/01/2020;14:31:00;SEM VÍTIMA;FINALIZADA;DERBY;AV GOVERNADOR AGAMENON MAGALHAES;;AV GOVERNADOR CARLOS DE LIMA CAVALCANTI;SEMÁFORO;DERBY;75.0;;COLISÃO TRASEIRA;3.0;0.0;0.0;0.0;0.0;0.0;0.0;0.0;0.0;0.0;0.0;Cruzamento;Bom;Sem defeito;Perfeito estado;Seca;Perfeito estado;;;60 km/h;Dupla;Canal;;;Tarde
408;16/01/2020;15:28:00;SEM VÍTIMA;FINALIZADA;VÁRZEA;AV JOAQUIM RIBEIRO;;;UPA CAXANGÁ;VÁRZEA;281.0;SUBURBIO;ABALROAMENTO LONGITUDINAL;2.0;0.0;0.0;0.0;0.0;0.0;0.0;0.0;0.0;0.0;0.0;Longo da via;Bom;Sem defeito;Perfeito estado;Seca;Perfeito estado;Agente;Outras;;Dupla;Faixa contínua;Faixa seccionada;Canteiro central;Tarde
409;16/01/2020;15:30:00;SEM VÍTIMA;FINALIZADA;ESPINHEIRO;RUA QUARENTA E OITO;97;;EM FRENTE AO Nº 97;ESPINHEIRO;;;COLISÃO TRASEIRA;2.0;0.0;0.0;0.0;0.0;0.0;0.0;0.0;0.0;0.0;0.0;Longo da via;Bom;Não existe;Perfeito estado;Seca;Perfeito estado;Faixa de pedestre;Outras;;Única;Faixa contínua;;;Tarde
410;16/01/2020;15:43:00;SEM VÍTIMA;FINALIZADA;;AV GOVERNADOR AGAMENON MAGALHAES;;;SOB O SEMÁFORO Nº 173- SENTIDO BOA VIAGEM;;173.0;;COLISÃO TRASEIRA;2.0;0.0;0.0;0.0;0.0;0.0;0.0;0.0;0.0;0.0;0.0;Longo da via;Bom;Sem defeito;Perfeito estado;Seca;Perfeito estado;Faixa de pedestre;Não há placas;60 km/h;Dupla;Faixa contínua;;;Tarde
411;16/01/2020;16:08:00;SEM VÍTIMA;FINALIZADA;IPUTINGA;RUA MINISTRO JOAO ALBERTO;;;AO LADO DO SHOPPING DOS COLCHÕES;IPUTINGA;231.0;SUBURBIO;COLISÃO TRASEIRA;1.0;0.0;0.0;0.0;0.0;1.0;0.0;0.0;0.0;0.0;0.0;Longo da via;Bom;Sem defeito;Incompleta;Seca;Perfeito estado;Faixa de pedestre;R-6a;;Única;Faixa contínua;;;Tarde
412;16/01/2020;16:35:00;SEM VÍTIMA;FINALIZADA;BOA VIAGEM;AV CONSELHEIRO AGUIAR;4880;;EM FRENTE A GALERIA PRAIA SUL;BOA VIAGEM;;CIDADE;COLISÃO TRASEIRA;3.0;0.0;0.0;0.0;0.0;0.0;0.0;0.0;0.0;0.0;0.0;Longo da via;Bom;Não existe;Perfeito estado;Seca;Perfeito estado;Não existe;Outras;60 km/h;Única;Faixa seccionada;;;Tarde
413;16/01/2020;17:06:00;SEM VÍTIMA;FINALIZADA;ILHA DO LEITE;RUA SENADOR JOSE HENRIQUE;224;AV GOVERNADOR AGAMENON MAGALHAES;EM FRENTE AO RESIDENCIAL ISAAC NEWTON;ILHA DO LEITE;;SUBURBIO;COLISÃO TRASEIRA;2.0;0.0;0.0;0.0;0.0;0.0;0.0;0.0;0.0;0.0;0.0;Longo da via;Bom;Não existe;Perfeito estado;Seca;Perfeito estado;Faixa de pedestre;R-6b;30 km/h;Única;Faixa seccionada;;;Tarde
414;16/01/2020;17:08:00;SEM VÍTIMA;FINALIZADA;ESPINHEIRO;RUA DO ESPINHEIRO;;AV JOAO DE BARROS;;ESPINHEIRO;89.0;;COLISÃO TRASEIRA;1.0;1.0;0.0;0.0;0.0;0.0;0.0;0.0;0.0;0.0;0.0;Longo da via;Bom;Sem defeito;Perfeito estado;Seca;Perfeito estado;Faixa de pedestre;Outras;;Única;Faixa contínua;;;Tarde
415;16/01/2020;17:31:00;SEM VÍTIMA;FINALIZADA;AFOGADOS;RUA SAO MIGUEL;41;EST DOS REMEDIOS;VIDRAÇARIA DIAMANTE LADO OPOSTO;AFOGADOS;53.0;SUBURBIO;ABALROAMENTO LONGITUDINAL;1.0;0.0;0.0;0.0;0.0;0.0;1.0;0.0;0.0;0.0;0.0;Longo da via;Bom;Sem defeito;Perfeito estado;Seca;Perfeito estado;Faixa de pedestre;Outras;;Dupla;Faixa seccionada;;;Tarde
416;16/01/2020;18:12:00;SEM VÍTIMA;FINALIZADA;PRADO;EST DOS REMEDIOS;2056;AV ENGENHEIRO ABDIAS DE CARVALHO;BOB´S;PRADO;52.0;CIDADE;COLISÃO TRASEIRA;2.0;0.0;0.0;0.0;0.0;0.0;0.0;0.0;0.0;0.0;0.0;Longo da via;Bom;Sem defeito;Perfeito estado;Seca;Perfeito estado;Faixa de pedestre;Outras;;Única;Faixa contínua;Faixa seccionada;;Noite
417;16/01/2020;18:50:00;COM VÍTIMA;FINALIZADA;PINA;AVENIDA CELSO FURTADO (VIA MANGUE);;;SNT BOA VIAGEM / AO LADO DO CAMPO DA AVIAÇÃO / APÓS O RIO MAR;PINA;;CIDADE;CHOQUE OBJETO FIXO;1.0;0.0;0.0;0.0;0.0;0.0;0.0;0.0;0.0;1.0;0.0;Longo da via;Bom;Não existe;Ilegível;Seca;Mal iluminada;Não existe;Não há placas;60 km/h;Dupla;Canteiro central;;;Noite