indice;data;hora;natureza_acidente;situacao;bairro;endereco;numero;detalhe_endereco_acidente;complemento;bairro_cruzamento;num_semaforo;sentido_via;tipo;auto;moto;ciclom;ciclista;pedestre;onibus;caminhao;viatura;outros;vitimas;vitimasfatais;acidente_verificado;tempo_clima;situacao_semaforo;sinalizacao;condicao_via;conservacao_via;ponto_controle;situacao_placa;velocidade_max_via;mao_direcao;divisao_via1;divisao_via2;divisao_via3;turno
418;17/01/2020;00:32:00;SEM VÍTIMA;FINALIZADA;BOA VIAGEM;RUA VISCONDE DE JEQUITINHONHA;;;AO LADO DO RECIFE FLAT HOTEL;BOA VIAGEM;;SUBURBIO;CHOQUE VEÍCULO PARADO;2.0;0.0;0.0;0.0;0.0;0.0;0.0;0.0;0.0;0.0;0.0;Longo da via;Bom;Não existe;Perfeito estado;Seca;Perfeito estado;Não existe;Não há placas;;Única;Faixa contínua;;;Madrugada
419;17/01/2020;01:01:00;SEM VÍTIMA;FINALIZADA;PINA;AV CONSELHEIRO AGUIAR;;RUA PEREIRA DA COSTA;;PINA;140.0;CIDADE;ABALROAMENTO TRANSVERSAL;2.0;0.0;0.0;0.0;0.0;0.0;0.0;0.0;0.0;0.0;0.0;Cruzamento;Bom;Intermitente;Perfeito estado;Seca;Perfeito estado;Faixa de pedestre;;;Única;Faixa seccionada;;;Madrugada
420;17/01/2020;01:36:00;SEM VÍTIMA;FINALIZADA;SANTO AMARO;AV CRUZ CABUGA;;RUA DOS CASADOS;;SANTO AMARO;202.0;CIDADE;COLISÃO TRASEIRA;2.0;0.0;0.0;0.0;0.0;0.0;0.0;0.0;0.0;0.0;0.0;Cruzamento;Bom;Sem defeito;Perfeito estado;Seca;Perfeito estado;Faixa de retenção;Não há placas;60 km/h;Dupla;Faixa contínua;;;Madrugada
421;17/01/2020;02:26:00;SEM VÍTIMA;FINALIZADA;BOA VIAGEM;RUA PROFESSOR AUGUSTO LINS E SILVA;481;;ED. FLÁVIA HELENA;BOA VIAGEM;;CIDADE;COLISÃO TRASEIRA;6.0;0.0;0.0;0.0;0.0;0.0;0.0;0.0;0.0;0.0;0.0;Longo da via;Bom;Não existe;Perfeito estado;Seca;Perfeito estado;Não existe;Outras;;Dupla;Não existe;;;Madrugada
422;17/01/2020;07:18:00;COM VÍTIMA;FINALIZADA;COELHOS;RUA DOS COELHOS;361;;ANTIGA MATERNIDADE OSCA COTINHO. EM FRENTE AO IMIP;COELHOS;359.0;CIDADE;ATROPELAMENTO;1.0;0.0;0.0;0.0;1.0;0.0;0.0;0.0;0.0;1.0;0.0;Longo da via;Bom;Sem defeito;Perfeito estado;Seca;;Faixa de pedestre;Outras;;Dupla;Faixa contínua;;;Manhã
423;17/01/2020;08:35:00;COM VÍTIMA;FINALIZADA;BOA VIAGEM;RUA RIBEIRO DE BRITO;458;RUA PROFESSOR JOAO MEDEIROS;TIDELLI;BOA VIAGEM;332.0;CIDADE;ABALROAMENTO LONGITUDINAL;1.0;1.0;0.0;0.0;0.0;0.0;0.0;0.0;0.0;1.0;0.0;Cruzamento;Bom;Sem defeito;Perfeito estado;Seca;Perfeito estado;Faixa de pedestre;Outras;40 km/h;Única;Faixa contínua;Faixa seccionada;;Manhã
424;17/01/2020;10:08:00;SEM VÍTIMA;FINALIZADA;PINA;AV ANTONIO DE GOES;720;;SOB O SEMÁFORO 103;PINA;103.0;CIDADE;COLISÃO TRASEIRA;2.0;0.0;0.0;0.0;0.0;0.0;0.0;0.0;0.0;0.0;0.0;Longo da via;Bom;Sem defeito;Perfeito estado;Seca;Perfeito estado;Agente;;60 km/h;;Faixa contínua;;;Manhã
425;17/01/2020;10:22:00;SEM VÍTIMA;FINALIZADA;BOA VIAGEM;AV CONSELHEIRO AGUIAR;2814;RUA TENENTE JOAO CICERO;;BOA VIAGEM;;CIDADE;ABALROAMENTO LONGITUDINAL;1.0;1.0;0.0;0.0;0.0;0.0;0.0;0.0;0.0;0.0;0.0;Cruzamento;Bom;Não existe;Perfeito estado;Seca;Perfeito estado;Não existe;Não há placas;;Única;Faixa seccionada;;;Manhã
426;17/01/2020;10:26:00;COM VÍTIMA;FINALIZADA;BAIRRO DO RECIFE;RUA MARIZ E BARROS;173;AV ALFREDO LISBOA;EM FRENTE AO POSTO BR;BAIRRO DO RECIFE;;SUBURBIO;ABALROAMENTO LONGITUDINAL;1.0;1.0;0.0;0.0;0.0;0.0;0.0;0.0;0.0;1.0;0.0;Esquina;Bom;Não existe;Perfeito estado;Seca;Perfeito estado;Não existe;Outras;;Única;Não existe;;;Manhã
427;17/01/2020;10:27:00;SEM VÍTIMA;FINALIZADA;AREIAS;AV RECIFE;5586;;EM FRENTE AO POSTO BR DO MACRO;AREIAS;;;COLISÃO TRASEIRA;2.0;0.0;0.0;0.0;0.0;0.0;0.0;0.0;0.0;0.0;0.0;Longo da via;Bom;Não existe;Perfeito estado;Seca;Perfeito estado;Não existe;Não há placas;60 km/h;Dupla;Canteiro central;;;Manhã
428;17/01/2020;11:28:00;SEM VÍTIMA;FINALIZADA;MANGUEIRA;RUA VINTE E UM DE ABRIL;1357;RUA CORACAO DE JESUS;;MANGUEIRA;;SUBURBIO;ABALROAMENTO TRANSVERSAL;2.0;0.0;0.0;0.0;0.0;0.0;0.0;0.0;0.0;0.0;0.0;Cruzamento;Bom;Não existe;Perfeito estado;Seca;Perfeito estado;Outros;Outras;60 km/h;Dupla;Não existe;;;Manhã
429;17/01/2020;12:14:00;SEM VÍTIMA;FINALIZADA;BOA VIAGEM;RUA JACK AYRES;;RUA FRANCISCO DA CUNHA;;BOA VIAGEM;;;ABALROAMENTO TRANSVERSAL;1.0;1.0;0.0;0.0;0.0;0.0;0.0;0.0;0.0;0.0;0.0;Cruzamento;Bom;Não existe;Perfeito estado;Seca;Perfeito estado;Não existe;Placas Pare;;Dupla;Não existe;;;Tarde
430;17/01/2020;12:16:00;SEM VÍTIMA;FINALIZADA;SANTO AMARO;AV MARIO MELO;;RUA DO POMBAL;POSTO DE SAÚDE DO POMBAL ( L.O);SANTO AMARO;;SUBURBIO;ABALROAMENTO LONGITUDINAL;1.0;1.0;0.0;0.0;0.0;0.0;0.0;0.0;0.0;0.0;0.0;Cruzamento;Bom;Não existe;Perfeito estado;Seca;Perfeito estado;Não existe;R-4a;;Única;;;;Tarde
431;17/01/2020;12:17:00;SEM VÍTIMA;FINALIZADA;SANTO AMARO;RUA MARIO ALBUQUERQUE CAVALCANTI;;RUA VOLTA DO SINO;POR TRAS DA COMPESA;SANTO AMARO;;;COLISÃO TRASEIRA;2.0;0.0;0.0;0.0;0.0;0.0;0.0;0.0;0.0;0.0;0.0;Cruzamento;Bom;Não existe;Não existente;Seca;Perfeito estado;Não existe;Não há placas;;Dupla;Canal;;;Tarde
432;17/01/2020;12:45:00;SEM VÍTIMA;FINALIZADA;AFOGADOS;RUA VINTE E UM DE ABRIL;;RUA COSME VIANA;FARMACIA DO TRABALHADOR;AFOGADOS;334.0;CIDADE;ABALROAMENTO LONGITUDINAL;1.0;0.0;0.0;0.0;0.0;1.0;0.0;0.0;0.0;0.0;0.0;Cruzamento;Bom;Sem defeito;Perfeito estado;Seca;Perfeito estado;Faixa de pedestre;Não há placas;;Dupla;Faixa seccionada;;;Tarde
433;17/01/2020;13:05:00;SEM VÍTIMA;FINALIZADA;SANTO AMARO;RUA TREZE DE MAIO;112;RUA DOS PALMARES;;SANTO AMARO;30.0;CIDADE;ABALROAMENTO LONGITUDINAL;1.0;1.0;0.0;0.0;0.0;0.0;0.0;0.0;0.0;0.0;0.0;Longo da via;Bom;Sem defeito;Perfeito estado;Seca;Perfeito estado;Não existe;Não há placas;;Dupla;Faixa contínua;;;Tarde
434;17/01/2020;14:31:00;SEM VÍTIMA;FINALIZADA;BOA VISTA;RUA NUNES MACHADO;22;;EM FRENTE AO Nº 22;BOA VISTA;;CIDADE;COLISÃO TRASEIRA;2.0;0.0;0.0;0.0;0.0;0.0;0.0;0.0;0.0;0.0;0.0;Longo da via;Bom;Não existe;Perfeito estado;Seca;Perfeito estado;Faixa de pedestre;R-6a;;Única;Não existe;;;Tarde
435;17/01/2020;16:38:00;SEM VÍTIMA;FINALIZADA;BOA VISTA;RUA GERVASIO PIRES;332;;;BOA VISTA;24.0;SUBURBIO;COLISÃO TRASEIRA;2.0;0.0;0.0;0.0;0.0;0.0;0.0;0.0;0.0;0.0;0.0;Longo da via;Bom;Sem defeito;Perfeito estado;Seca;Perfeito estado;Faixa de pedestre;;;Única;Não existe;;;Tarde
436;17/01/2020;18:02:00;SEM VÍTIMA;FINALIZADA;TORREÃO;AV NORTE;1987;;NISSAN;TORREÃO;;CIDADE;ABALROAMENTO LONGITUDINAL;1.0;0.0;0.0;0.0;0.0;1.0;0.0;0.0;0.0;0.0;0.0;Longo da via;Bom;Não existe;Perfeito estado;Seca;Perfeito estado;Não existe;Outras;;Dupla;Canteiro central;;;Noite
437;17/01/2020;18:13:00;SEM VÍTIMA;FINALIZADA;IPUTINGA;RUA REZENDE;;RUA MIGUEL LEAO;;IPUTINGA;;;ABALROAMENTO TRANSVERSAL;2.0;0.0;0.0;0.0;0.0;0.0;0.0;0.0;0.0;0.0;0.0;Cruzamento;Bom;Não existe;Perfeito estado;Seca;Perfeito estado;;;40 km/h;Dupla;Não existe;;;Noite
438;17/01/2020;18:44:00;SEM VÍTIMA;FINALIZADA;TAMARINEIRA;AV PROFESSOR JOSE DOS ANJOS;;;EM FRENTE AO POSTO DE GASOLINA PETROBRAS;TAMARINEIRA;364.0;CIDADE;ABALROAMENTO LONGITUDINAL;2.0;0.0;0.0;0.0;0.0;0.0;0.0;0.0;0.0;0.0;0.0;Longo da via;Bom;Sem defeito;Perfeito estado;Seca;Perfeito estado;Faixa de pedestre;Não há placas;;Dupla;Faixa seccionada;;;Noite
439;17/01/2020;18:50:00;COM VÍTIMA;FINALIZADA;BOA VIAGEM;RUA RIBEIRO DE BRITO;1250;RUA JONATHAS DE VASCONCELOS;ENF AO HOTEL NACIONAL INN // BATERIAS HELIAR;BOA VIAGEM;;SUBURBIO;COLISÃO TRASEIRA;1.0;1.0;0.0;0.0;0.0;0.0;0.0;0.0;0.0;1.0;0.0;Longo da via;Bom;Não existe;Perfeito estado;Seca;Perfeito estado;Não existe;Outras;;Única;Faixa seccionada;;;Noite
440;17/01/2020;19:55:00;SEM VÍTIMA;FINALIZADA;PARNAMIRIM;AV DEZESSETE DE AGOSTO;30;;E/F A DROGASIL;PARNAMIRIM;;SUBURBIO;ABALROAMENTO LONGITUDINAL;2.0;0.0;0.0;0.0;0.0;0.0;0.0;0.0;0.0;0.0;0.0;Longo da via;Bom;Não existe;Perfeito estado;Seca;Perfeito estado;Não existe;Não há placas;;Única;Faixa seccionada;Canteiro central;;Noite
441;17/01/2020;20:52:00;SEM VÍTIMA;FINALIZADA;MORRO DA CONCEIÇÃO;AV NORTE;5210B;RUA DEPUTADO MARIO MONTEIRO;;MORRO DA CONCEIÇÃO;79.0;SUBURBIO;ABALROAMENTO LONGITUDINAL;1.0;0.0;0.0;0.0;0.0;1.0;0.0;0.0;0.0;0.0;0.0;Cruzamento;Bom;Sem defeito;Incompleta;Seca;Mal conservada;Faixa de pedestre;Outras;;Dupla;Canteiro central;;;Noite
442;17/01/2020;21:47:00;SEM VÍTIMA;FINALIZADA;BOMBA DO HEMETÉRIO;RUA DAS CRIANCAS;135;RUA BOMBA DO HEMETERIO;;BOMBA DO HEMETÉRIO;;;ABALROAMENTO LONGITUDINAL;2.0;0.0;0.0;0.0;0.0;0.0;0.0;0.0;0.0;0.0;0.0;Cruzamento;Bom;Não existe;Incompleta;Seca;;Não existe;Outras;;Dupla;Faixa seccionada;;;Noite
443;17/01/2020;21:56:00;SEM VÍTIMA;FINALIZADA;COHAB;RUA DR BENIGNO JORDAO DE VASCONCELOS;7;RUA RADIALISTA TORRES FILHO;;COHAB;;CIDADE;ABALROAMENTO LONGITUDINAL;0.0;1.0;0.0;0.0;0.0;0.0;0.0;1.0;0.0;0.0;0.0;Longo da via;Bom;Não existe;Não existente;Seca;Perfeito estado;Não existe;Não há placas;;Única;Não existe;;;Noite
444;17/01/2020;22:39:00;SEM VÍTIMA;FINALIZADA;SÃO JOSÉ;RUA IMPERIAL;1198;RUA BOM SUCESSO;AO LADO DA PADARIA PÃO PÃO;SÃO JOSÉ;;SUBURBIO;ABALROAMENTO TRANSVERSAL;1.0;0.0;0.0;0.0;0.0;1.0;0.0;0.0;0.0;0.0;0.0;;Bom;Não existe;Perfeito estado;Seca;Perfeito estado;Não existe;Não há placas;;Única;Faixa seccionada;;;Noite
445;18/01/2020;01:16:00;SEM VÍTIMA;FINALIZADA;MADALENA;AV VISCONDE DE ALBUQUERQUE;;RUA JOSE OSORIO;;MADALENA;50.0;SUBURBIO;ABALROAMENTO LONGITUDINAL;1.0;1.0;0.0;0.0;0.0;0.0;0.0;0.0;0.0;0.0;0.0;Cruzamento;Bom;Sem defeito;Perfeito estado;Seca;Perfeito estado;Faixa de pedestre;Outras;;Única;Faixa contínua;;;Madrugada
446;18/01/2020;03:40:00;COM VÍTIMA;FINALIZADA;CORDEIRO;AV CAXANGA;;;EM FRENTE A EXPOSIÇÃO DE ANIMAIS;CORDEIRO;135.0;SUBURBIO;ABALROAMENTO TRANSVERSAL;1.0;1.0;0.0;0.0;0.0;0.0;0.0;0.0;0.0;1.0;0.0;Cruzamento;Bom;Sem defeito;Perfeito estado;Seca;Perfeito estado;Faixa de pedestre;Outras;;Única;Faixa contínua;Faixa seccionada;Canteiro central;Madrugada
447;18/01/2020;09:04:00;SEM VÍTIMA;FINALIZADA;TORRÕES;AV ENGENHEIRO ABDIAS DE CARVALHO;603;;LADO DO POSTO SHELL- APÓS A UPA DOS TORRÕES;TORRÕES;;SUBURBIO;COLISÃO TRASEIRA;2.0;0.0;0.0;0.0;0.0;0.0;0.0;0.0;0.0;0.0;0.0;Longo da via;Bom;Não existe;Perfeito estado;Seca;Perfeito estado;Não existe;Não há placas;60 km/h;Dupla;Canteiro central;;;Manhã
448;18/01/2020;09:27:00;SEM VÍTIMA;FINALIZADA;BOA VIAGEM;RUA DHALIA;53;;;BOA VIAGEM;;SUBURBIO;ABALROAMENTO LONGITUDINAL;2.0;0.0;0.0;0.0;0.0;0.0;0.0;0.0;0.0;0.0;0.0;Longo da via;Bom;Não existe;Perfeito estado;Seca;Perfeito estado;Não existe;R-6a;;Única;Não existe;;;Manhã
449;18/01/2020;09:32:00;SEM VÍTIMA;FINALIZADA;AREIAS;RUA ARAPUA;;;POR TRÁS DA ESCOLA ISAAC PERIM;AREIAS;;SUBURBIO;ABALROAMENTO LONGITUDINAL;1.0;1.0;0.0;0.0;0.0;0.0;0.0;0.0;0.0;0.0;0.0;Longo da via;Bom;Não existe;Não existente;Seca;Perfeito estado;Não existe;Não há placas;;Dupla;Não existe;;;Manhã
450;18/01/2020;10:04:00;SEM VÍTIMA;FINALIZADA;MANGABEIRA;AV PROFESSOR JOSE DOS ANJOS;;RUA EUCLIDES GOMES DE FREITAS;ESQUINA DAS RUAS;MANGABEIRA;;CIDADE;ABALROAMENTO TRANSVERSAL;1.0;0.0;0.0;0.0;0.0;0.0;1.0;0.0;0.0;0.0;0.0;;Bom;Não existe;Incompleta;Seca;Perfeito estado;Não existe;Outras;;Única;Faixa seccionada;;;Manhã
451;18/01/2020;10:18:00;COM VÍTIMA;FINALIZADA;BEBERIBE;AV BEBERIBE;1095;;EM FRENTE A FRIGO ALVES;BEBERIBE;;SUBURBIO;ATROPELAMENTO ANIMAL;0.0;1.0;0.0;0.0;0.0;0.0;0.0;0.0;1.0;1.0;0.0;Longo da via;Bom;Não existe;Perfeito estado;Seca;;Não existe;Não há placas;40 km/h;Dupla;Faixa seccionada;;;Manhã
452;18/01/2020;11:07:00;SEM VÍTIMA;FINALIZADA;SÃO JOSÉ;C SANTA RITA;595;;LADO OPOSTO AS TORRES GÊMEAS;SÃO JOSÉ;;SUBURBIO;COLISÃO TRASEIRA;2.0;0.0;0.0;0.0;0.0;0.0;0.0;0.0;0.0;0.0;0.0;Longo da via;Bom;Não existe;Perfeito estado;Seca;Perfeito estado;Não existe;Não há placas;;Dupla;Faixa seccionada;Canteiro central;;Manhã
453;18/01/2020;11:52:00;SEM VÍTIMA;FINALIZADA;BOA VISTA;RUA DO GIRIQUITI;18;;EM FRENTE AO Nº 18;BOA VISTA;;CIDADE;COLISÃO TRASEIRA;2.0;0.0;0.0;0.0;0.0;0.0;0.0;0.0;0.0;0.0;0.0;Longo da via;Bom;Não existe;Perfeito estado;Seca;Perfeito estado;Não existe;Outras;;Única;Não existe;;;Manhã
454;18/01/2020;12:24:00;SEM VÍTIMA;FINALIZADA;JORDÃO;AV DONA CARENTINA;21;;ESCOLA ESTADUAL ENELDA RABELO;JORDÃO;;SUBURBIO;CHOQUE VEÍCULO PARADO;1.0;0.0;0.0;0.0;0.0;1.0;0.0;0.0;0.0;0.0;0.0;Longo da via;Bom;Não existe;Perfeito estado;Seca;Perfeito estado;;;;Dupla;Faixa seccionada;;;Tarde
455;18/01/2020;12:32:00;SEM VÍTIMA;FINALIZADA;BOMBA DO HEMETÉRIO;RUA CHA DE ALEGRIA;107;RUA TAMBOARA;;BOMBA DO HEMETÉRIO;;CIDADE;COLISÃO TRASEIRA;0.0;2.0;0.0;0.0;0.0;0.0;0.0;0.0;0.0;0.0;0.0;Cruzamento;Bom;Não existe;Perfeito estado;Seca;Perfeito estado;Outros;Outras;;Dupla;Faixa seccionada;;;Tarde
456;18/01/2020;13:01:00;COM VÍTIMA;FINALIZADA;BOA VIAGEM;RUA SA E SOUZA;580;RUA LUIZ PIMENTEL;E/F A IGREJA DE JESUS CRISTOS DOS ULTIMOS DIAS;BOA VIAGEM;;CIDADE;ABALROAMENTO TRANSVERSAL;1.0;1.0;0.0;0.0;0.0;0.0;0.0;0.0;0.0;1.0;0.0;Cruzamento;Bom;Não existe;Perfeito estado;Seca;Perfeito estado;Não existe;Placas Pare;;Dupla;Faixa seccionada;;;Tarde
457;18/01/2020;14:13:00;SEM VÍTIMA;FINALIZADA;BOA VISTA;RUA SAO GONCALO;497;RUA DA GLORIA;;BOA VISTA;;SUBURBIO;ABALROAMENTO LONGITUDINAL;2.0;0.0;0.0;0.0;0.0;0.0;0.0;0.0;0.0;0.0;0.0;;Bom;Não existe;Perfeito estado;Seca;Perfeito estado;Não existe;Placas Pare;40 km/h;Única;Faixa seccionada;;;Tarde
458;18/01/2020;14:22:00;SEM VÍTIMA;FINALIZADA;ILHA DO RETIRO;RUA SPORT CLUBE DO RECIFE;;RUA JOAO ELISIO RAMOS;AO LADO DO ESTÁDIO ADELMAR DA COSTA CARVALHO;ILHA DO RETIRO;355.0;CIDADE;ABALROAMENTO LONGITUDINAL;2.0;0.0;0.0;0.0;0.0;0.0;0.0;0.0;0.0;0.0;0.0;;Bom;Sem defeito;Perfeito estado;Seca;Perfeito estado;;R-6a;;Dupla;Faixa contínua;Canteiro central;;Tarde
459;18/01/2020;14:27:00;SEM VÍTIMA;FINALIZADA;TORRÕES;;;RUA ONZE DE FEVEREIRO;AO LADO DO LAVA JATO BRILHO CAR;TORRÕES;;;ABALROAMENTO LONGITUDINAL;1.0;1.0;0.0;0.0;0.0;0.0;0.0;0.0;0.0;0.0;0.0;Cruzamento;Bom;Não existe;;Seca;Perfeito estado;Não existe;Placas Pare;;Dupla;;;;Tarde
460;18/01/2020;15:34:00;SEM VÍTIMA;FINALIZADA;JIQUIÁ;RUA SAO MIGUEL;1805;;;JIQUIÁ;;SUBURBIO;COLISÃO TRASEIRA;2.0;0.0;0.0;0.0;0.0;0.0;0.0;0.0;0.0;0.0;0.0;Longo da via;Bom;Sem defeito;Incompleta;Seca;Perfeito estado;Faixa de pedestre;Outras;60 km/h;Dupla;Faixa contínua;;;Tarde
461;18/01/2020;16:02:00;SEM VÍTIMA;FINALIZADA;ARRUDA;RUA DAS MOCAS;752;;EM FRENTE A IEADALPE;ARRUDA;;SUBURBIO;ABALROAMENTO LONGITUDINAL;2.0;0.0;0.0;0.0;0.0;0.0;0.0;0.0;0.0;0.0;0.0;Longo da via;Bom;Não existe;Perfeito estado;Seca;Perfeito estado;Não existe;Não há placas;;Dupla;Faixa seccionada;;;Tarde
462;18/01/2020;16:47:00;SEM VÍTIMA;FINALIZADA;TORREÃO;RUA DJALMA FARIAS;109;;EM FRENTE AO Nº 109;TORREÃO;;SUBURBIO;ABALROAMENTO LONGITUDINAL;1.0;1.0;0.0;0.0;0.0;0.0;0.0;0.0;0.0;0.0;0.0;Longo da via;Bom;Não existe;Não existente;Seca;Mal conservada;Não existe;Não há placas;;Dupla;Não existe;;;Tarde
463;18/01/2020;20:49:00;COM VÍTIMA;FINALIZADA;IMBIRIBEIRA;RUA ITACARI;162;RUA ITAJAI;GRÁFICA YNOVE;IMBIRIBEIRA;;SUBURBIO;ABALROAMENTO TRANSVERSAL;2.0;0.0;0.0;0.0;0.0;0.0;0.0;0.0;0.0;1.0;0.0;Cruzamento;Bom;Não existe;Incompleta;Seca;Mal conservada;Não existe;Placas Pare;;Única;;;;Noite
464;18/01/2020;21:26:00;SEM VÍTIMA;FINALIZADA;ÁGUA FRIA;AV BEBERIBE;;RUA DA REGENERACAO;;ÁGUA FRIA;187.0;SUBURBIO;ABALROAMENTO LONGITUDINAL;3.0;0.0;0.0;0.0;0.0;0.0;0.0;0.0;0.0;0.0;0.0;Longo da via;Bom;Não existe;Ilegível;Seca;Perfeito estado;Não existe;Não há placas;;Única;Faixa seccionada;;;Noite
465;19/01/2020;02:29:00;SEM VÍTIMA;FINALIZADA;BOA VISTA;RUA DOM BOSCO;;RUA LUIZ BARBALHO;EM FRENTE AO BATALHÃO DE POLÍCIA RADIOPATRULHA;BOA VISTA;;CIDADE;CHOQUE VEÍCULO PARADO;2.0;0.0;0.0;0.0;0.0;0.0;0.0;0.0;0.0;0.0;0.0;Longo da via;Chuvoso;Não existe;Perfeito estado;Molhada;Perfeito estado;Não existe;R-6a;;Única;Faixa seccionada;;;Madrugada
466;19/01/2020;06:02:00;SEM VÍTIMA;FINALIZADA;SANTO AMARO;AV NORTE;;;SENAI;SANTO AMARO;36.0;;COLISÃO TRASEIRA;1.0;0.0;0.0;0.0;0.0;1.0;0.0;0.0;0.0;0.0;0.0;Longo da via;Bom;Sem defeito;Perfeito estado;Seca;Perfeito estado;Faixa de pedestre;Outras;;Dupla;Canteiro central;;;Manhã
467;19/01/2020;06:53:00;COM VÍTIMA;FINALIZADA;ROSARINHO;RUA COUTO MAGALHAES;;AV SANTOS DUMONT;DE ESQUINA COM O COLEGIO FAZER CRESCER;ROSARINHO;;SUBURBIO;ABALROAMENTO LONGITUDINAL;1.0;1.0;0.0;0.0;0.0;0.0;0.0;0.0;0.0;1.0;0.0;Esquina;Bom;Não existe;Perfeito estado;Seca;Perfeito estado;Faixa de pedestre;Outras;30 km/h;Única;Não existe;;;Manhã
468;19/01/2020;08:09:00;SEM VÍTIMA;FINALIZADA;CORDEIRO;AV CAXANGA;144;;EM FRENTE AO SEMÁFORO Nº 080;CORDEIRO;80.0;SUBURBIO;COLISÃO TRASEIRA;1.0;0.0;0.0;0.0;0.0;1.0;0.0;0.0;0.0;0.0;0.0;Longo da via;Bom;Sem defeito;Perfeito estado;Seca;Perfeito estado;Faixa de pedestre;R-6a;;Dupla;Faixa contínua;Canteiro central;;Manhã
469;19/01/2020;09:35:00;SEM VÍTIMA;FINALIZADA;TEJIPIÓ;AV LIBERDADE;364;;PRÓXIMO A DELEGACIA DRACO;TEJIPIÓ;;SUBURBIO;ABALROAMENTO LONGITUDINAL;2.0;0.0;0.0;0.0;0.0;0.0;0.0;0.0;0.0;0.0;0.0;Longo da via;Bom;Não existe;Não existente;Seca;Perfeito estado;Não existe;Não há placas;;Dupla;Faixa contínua;;;Manhã
470;19/01/2020;09:51:00;COM VÍTIMA;FINALIZADA;PINA;AV HERCULANO BANDEIRA;950;;EM FRENTE A JBS VEICULOS;PINA;660.0;SUBURBIO;CHOQUE OBJETO FIXO;0.0;0.0;0.0;0.0;0.0;0.0;1.0;0.0;0.0;1.0;0.0;Longo da via;Bom;Sem defeito;Perfeito estado;Seca;Perfeito estado;Faixa de pedestre;Outras;60 km/h;Única;Faixa seccionada;;;Manhã
471;19/01/2020;10:07:00;SEM VÍTIMA;FINALIZADA;CORDEIRO;AV CAXANGA;1417;RUA CONEGO ANTONIO CAVALCANTE;;CORDEIRO;;CIDADE;CHOQUE OBJETO FIXO;1.0;0.0;0.0;0.0;0.0;0.0;0.0;0.0;0.0;0.0;0.0;Cruzamento;Bom;Não existe;Perfeito estado;Seca;Perfeito estado;Outros;Outras;;Dupla;Não existe;;;Manhã
472;19/01/2020;13:15:00;SEM VÍTIMA;FINALIZADA;TORREÃO;AV NORTE;1726;;CHEVROLET PEDRAGON;TORREÃO;376.0;CIDADE;COLISÃO TRASEIRA;1.0;0.0;0.0;0.0;0.0;1.0;0.0;0.0;0.0;0.0;0.0;Longo da via;Bom;Sem defeito;Perfeito estado;Seca;Perfeito estado;Faixa de pedestre;Outras;;Única;Faixa seccionada;Canteiro central;;Tarde
473;19/01/2020;13:33:00;SEM VÍTIMA;FINALIZADA;IMBIRIBEIRA;AV SENADOR ROBERT KENNEDY;350;RUA CONDESSA DE BARRAL;REGIONAL SUL;IMBIRIBEIRA;;SUBURBIO;ABALROAMENTO TRANSVERSAL;1.0;1.0;0.0;0.0;0.0;0.0;0.0;0.0;0.0;0.0;0.0;;Bom;Não existe;Não existente;Seca;Perfeito estado;Não existe;Não há placas;;Dupla;Não existe;;;Tarde
474;19/01/2020;15:46:00;COM VÍTIMA;FINALIZADA;DOIS IRMÃOS;RUA DOIS IRMAOS;932;;PRÓX. AO VIADUTO DA BR 101;DOIS IRMÃOS;;SUBURBIO;ABALROAMENTO TRANSVERSAL;1.0;1.0;0.0;0.0;0.0;0.0;0.0;0.0;0.0;2.0;0.0;Longo da via;Bom;Sem defeito;Perfeito estado;Seca;Perfeito estado;Não existe;Não há placas;;Dupla;Faixa contínua;;;Tarde
475;19/01/2020;16:40:00;SEM VÍTIMA;FINALIZADA;ARRUDA;RUA SAO BENTO;84;;RESIDENCIAL SÃO BENTO;ARRUDA;;SUBURBIO;COLISÃO TRASEIRA;2.0;0.0;0.0;0.0;0.0;0.0;0.0;0.0;0.0;0.0;0.0;Longo da via;Bom;Não existe;Perfeito estado;Seca;Perfeito estado;;Outras;;Única;Faixa seccionada;;;Tarde
476;19/01/2020;20:21:00;SEM VÍTIMA;FINALIZADA;SANTO ANTÔNIO;C SANTA RITA;;;POSTE DE ILUMINAÇÃO PÚBLICA BO 17446 ( POSTE LADO OPOSTO );SANTO ANTÔNIO;571.0;CIDADE;ABALROAMENTO LONGITUDINAL;1.0;0.0;0.0;0.0;0.0;1.0;0.0;0.0;0.0;0.0;0.0;Longo da via;Bom;Sem defeito;Perfeito estado;Seca;Perfeito estado;Faixa de pedestre;Outras;;Única;Faixa contínua;Faixa seccionada;;Noite
477;19/01/2020;20:45:00;SEM VÍTIMA;FINALIZADA;TORREÃO;RUA DJALMA FARIAS;;RUA PADRE MIGUELINHO;;TORREÃO;;CIDADE;ABALROAMENTO TRANSVERSAL;1.0;1.0;0.0;0.0;0.0;0.0;0.0;0.0;0.0;0.0;0.0;Cruzamento;Bom;Não existe;Perfeito estado;Seca;Perfeito estado;Não existe;Placas Pare;;Dupla;Não existe;;;Noite