indice;data;hora;natureza_acidente;situacao;bairro;endereco;numero;detalhe_endereco_acidente;complemento;bairro_cruzamento;num_semaforo;sentido_via;tipo;auto;moto;ciclom;ciclista;pedestre;onibus;caminhao;viatura;outros;vitimas;vitimasfatais;acidente_verificado;tempo_clima;situacao_semaforo;sinalizacao;condicao_via;conservacao_via;ponto_controle;situacao_placa;velocidade_max_via;mao_direcao;divisao_via1;divisao_via2;divisao_via3;turno
478;19/01/2020;20:53:00;COM VÍTIMA;FINALIZADA;CORDEIRO;AV CAXANGA;;;E/F A EXPOSIÇÃO DE ANIMAIS;CORDEIRO;235.0;SUBURBIO;COLISÃO TRASEIRA;1.0;1.0;0.0;0.0;0.0;0.0;0.0;0.0;0.0;1.0;0.0;Longo da via;Bom;Sem defeito;Perfeito estado;Seca;Perfeito estado;Faixa de pedestre;;;Dupla;Canteiro central;;;Noite
479;20/01/2020;07:20:00;COM VÍTIMA;FINALIZADA;TORRE;RUA REAL DA TORRE;1201;;;TORRE;108.0;CIDADE;COLISÃO COM CICLISTA;0.0;1.0;0.0;1.0;0.0;0.0;0.0;0.0;0.0;1.0;0.0;Longo da via;Bom;Sem defeito;Perfeito estado;Seca;Perfeito estado;;Outras;50 km/h;Única;Faixa;;;Manhã
480;20/01/2020;08:24:00;SEM VÍTIMA;FINALIZADA;DERBY;AV GOVERNADOR AGAMENON MAGALHAES;;RUA JORNALISTA PAULO BITTENCOURT;AO LADO DO BRADESCO;DERBY;;CIDADE;ABALROAMENTO LONGITUDINAL;1.0;0.0;0.0;0.0;0.0;1.0;0.0;0.0;0.0;0.0;0.0;Cruzamento;Bom;Não existe;Perfeito estado;Seca;Perfeito estado;Faixa de pedestre;Placas Pare;30 km/h;Dupla;Faixa seccionada;;;Manhã
481;20/01/2020;08:28:00;SEM VÍTIMA;FINALIZADA;ESPINHEIRO;RUA QUARENTA E OITO;;RUA CONS PORTELA;CRUZAMENTO DAS RUAS;ESPINHEIRO;11.0;;ABALROAMENTO LONGITUDINAL;1.0;0.0;0.0;0.0;0.0;1.0;0.0;0.0;0.0;0.0;0.0;Longo da via;Bom;Sem defeito;Perfeito estado;Seca;Perfeito estado;Faixa de pedestre;;;Única;Faixa seccionada;;;Manhã
482;20/01/2020;08:39:00;SEM VÍTIMA;FINALIZADA;IPSEP;AV RECIFE;;RUA JEAN EMILE FAVRE;EM FRENTE A PADARIA VILLA DO PÃO;IPSEP;130.0;;COLISÃO TRASEIRA;3.0;0.0;0.0;0.0;0.0;0.0;0.0;0.0;0.0;0.0;0.0;Longo da via;Bom;Sem defeito;Perfeito estado;Seca;Perfeito estado;;Não há placas;60 km/h;Dupla;Faixa contínua;Faixa seccionada;Canteiro central;Manhã
483;20/01/2020;09:18:00;SEM VÍTIMA;FINALIZADA;GRAÇAS;RUA ANTONIO NOVAIS;50;;;GRAÇAS;;;ABALROAMENTO LONGITUDINAL;1.0;1.0;0.0;0.0;0.0;0.0;0.0;0.0;0.0;0.0;0.0;Longo da via;Bom;Não existe;Perfeito estado;Seca;Perfeito estado;Não existe;Não há placas;;Única;Não existe;;;Manhã
484;20/01/2020;09:30:00;COM VÍTIMA;FINALIZADA;CORDEIRO;AV GENERAL SAN MARTIN;;;EM FRENTE AO HOSPITAL GETULIO VARGAS;CORDEIRO;185.0;SUBURBIO;ATROPELAMENTO;0.0;1.0;0.0;0.0;1.0;0.0;0.0;0.0;0.0;1.0;0.0;Longo da via;Bom;Sem defeito;Perfeito estado;Seca;Perfeito estado;;;;Dupla;Faixa contínua;;;Manhã
485;20/01/2020;09:35:00;SEM VÍTIMA;FINALIZADA;MADALENA;RUA JOSE MUCIO MONTEIRO;241;;;MADALENA;;;ABALROAMENTO LONGITUDINAL;2.0;0.0;0.0;0.0;0.0;0.0;0.0;0.0;0.0;0.0;0.0;Longo da via;Bom;Não existe;Perfeito estado;Seca;Perfeito estado;Não existe;R-6a;;Única;Faixa seccionada;;;Manhã
486;20/01/2020;10:09:00;SEM VÍTIMA;FINALIZADA;ESPINHEIRO;RUA CONS PORTELA;;RUA QUARENTA E OITO;PRÓX. AO SEMÁFORO 011;ESPINHEIRO;11.0;CIDADE;COLISÃO TRASEIRA;1.0;0.0;0.0;0.0;0.0;1.0;0.0;0.0;0.0;0.0;0.0;Cruzamento;Bom;Sem defeito;Perfeito estado;Seca;Perfeito estado;Agente;Outras;40 km/h;Única;;;;Manhã
487;20/01/2020;10:11:00;SEM VÍTIMA;FINALIZADA;CORDEIRO;RUA TAMBORIL;18;RUA TIJUCAS;RESTAURANTE JOÃO DA CARNE DE SOL;CORDEIRO;;CIDADE;COLISÃO FRONTAL;1.0;0.0;0.0;0.0;0.0;1.0;0.0;0.0;0.0;0.0;0.0;;Bom;Não existe;Perfeito estado;Seca;Perfeito estado;;Placas Pare;;Dupla;Não existe;;;Manhã
488;20/01/2020;10:18:00;SEM VÍTIMA;FINALIZADA;IMBIRIBEIRA;AV MARECHAL MASCARENHAS DE MORAES;6211;;JUSTÇA FEDERAL ( EDIFÍCIO SEDE II);IMBIRIBEIRA;625.0;SUBURBIO;COLISÃO TRASEIRA;2.0;0.0;0.0;0.0;0.0;0.0;0.0;0.0;0.0;0.0;0.0;Longo da via;Bom;Sem defeito;Perfeito estado;Seca;Perfeito estado;Faixa de pedestre;Não há placas;60 km/h;Dupla;Canteiro central;;;Manhã
489;20/01/2020;10:43:00;SEM VÍTIMA;FINALIZADA;JORDÃO;RUA DR ANDRADE LYRA;10;;EM FRENTE AO Nº 10;JORDÃO;;CIDADE;COLISÃO TRASEIRA;2.0;0.0;0.0;0.0;0.0;0.0;0.0;0.0;0.0;0.0;0.0;Longo da via;Bom;Não existe;Perfeito estado;Seca;Perfeito estado;Não existe;;30 km/h;Única;Não existe;;;Manhã
490;20/01/2020;10:34:00;SEM VÍTIMA;FINALIZADA;MADALENA;RUA JOAO IVO DA SILVA;;;DENTRO DO TÚNEL DA ABOLIÇÃO;MADALENA;;SUBURBIO;ABALROAMENTO LONGITUDINAL;1.0;0.0;0.0;0.0;0.0;1.0;0.0;0.0;0.0;0.0;0.0;Longo da via;Bom;Não existe;Perfeito estado;Seca;Perfeito estado;Não existe;Não há placas;;Única;;;;Manhã
491;20/01/2020;11:42:00;COM VÍTIMA;FINALIZADA;BOA VIAGEM;AV CONSELHEIRO AGUIAR;;RUA ERNESTO DE PAULA SANTOS;HABIB'S.;BOA VIAGEM;127.0;CIDADE;ABALROAMENTO LONGITUDINAL;1.0;1.0;0.0;0.0;0.0;0.0;0.0;0.0;0.0;1.0;0.0;Cruzamento;Bom;Sem defeito;Perfeito estado;Seca;Perfeito estado;Faixa de pedestre;Não há placas;60 km/h;Única;Faixa seccionada;;;Manhã
492;20/01/2020;11:59:00;SEM VÍTIMA;FINALIZADA;BOA VISTA;AV GOVERNADOR AGAMENON MAGALHAES;;;AO LADO DO COLEGIO AMERICANO BATISTA;BOA VISTA;;;COLISÃO TRASEIRA;2.0;0.0;0.0;0.0;0.0;0.0;0.0;0.0;0.0;0.0;0.0;Longo da via;Bom;Sem defeito;Perfeito estado;Seca;Perfeito estado;Outros;Outras;60 km/h;Dupla;Canteiro central;;;Manhã
493;20/01/2020;12:26:00;SEM VÍTIMA;FINALIZADA;IMBIRIBEIRA;AV MARECHAL MASCARENHAS DE MORAES;4861;;FACULDADE FPS;IMBIRIBEIRA;630.0;SUBURBIO;COLISÃO TRASEIRA;2.0;0.0;0.0;0.0;0.0;0.0;0.0;0.0;0.0;0.0;0.0;Longo da via;Bom;Não existe;Perfeito estado;Seca;Perfeito estado;Não existe;Não há placas;60 km/h;Dupla;Canteiro central;;;Tarde
494;20/01/2020;12:26:00;SEM VÍTIMA;FINALIZADA;CAMPO GRANDE;RUA ODORICO MENDES;;AV GOVERNADOR AGAMENON MAGALHAES;LADO OPOSTO AO INSTITUTO CRIMINALÍSTICO CICS;CAMPO GRANDE;49.0;SUBURBIO;ABALROAMENTO TRANSVERSAL;1.0;1.0;0.0;0.0;0.0;0.0;0.0;0.0;0.0;0.0;0.0;Cruzamento;Bom;Sem defeito;Perfeito estado;Seca;Perfeito estado;Faixa de pedestre;R-4a;60 km/h;Dupla;Faixa seccionada;Canteiro central;;Tarde
495;20/01/2020;13:10:00;SEM VÍTIMA;FINALIZADA;DOIS IRMÃOS;RUA DOM MANOEL DA COSTA;;;E/F A UNIVERSIDADE RURAL DE PERNABUCO;DOIS IRMÃOS;;;COLISÃO;1.0;0.0;0.0;0.0;0.0;1.0;0.0;0.0;0.0;0.0;0.0;;;;;;;;;;;;;;Tarde
496;20/01/2020;13:17:00;SEM VÍTIMA;FINALIZADA;MADALENA;AV VISCONDE DE ALBUQUERQUE;123;RUA LOPES DE CARVALHO;;MADALENA;;SUBURBIO;ABALROAMENTO TRANSVERSAL;2.0;0.0;0.0;0.0;0.0;0.0;0.0;0.0;0.0;0.0;0.0;Cruzamento;Bom;Não existe;Perfeito estado;Seca;Perfeito estado;Não existe;Placas Pare;;Única;Faixa seccionada;;;Tarde
497;20/01/2020;13:26:00;SEM VÍTIMA;FINALIZADA;BOA VIAGEM;AV ENGENHEIRO DOMINGOS FERREIRA;;;E/F AO SUPERMECADO EXTRA;BOA VIAGEM;;SUBURBIO;COLISÃO TRASEIRA;2.0;0.0;0.0;0.0;0.0;0.0;0.0;0.0;0.0;0.0;0.0;Longo da via;Bom;Sem defeito;Perfeito estado;Seca;Perfeito estado;Faixa de pedestre;Não há placas;60 km/h;Dupla;Canteiro central;;;Tarde
498;20/01/2020;13:34:00;COM VÍTIMA;FINALIZADA;BOA VIAGEM;AV ENGENHEIRO DOMINGOS FERREIRA;;RUA ERNESTO DE PAULA SANTOS;E/F A ACADEMIA SMAT FIT;BOA VIAGEM;217.0;SUBURBIO;ABALROAMENTO LONGITUDINAL;2.0;0.0;0.0;0.0;0.0;0.0;0.0;0.0;0.0;1.0;0.0;Cruzamento;Bom;Sem defeito;Perfeito estado;Seca;Perfeito estado;Faixa de pedestre;R-6a;60 km/h;Única;Faixa seccionada;;;Tarde
499;20/01/2020;13:48:00;SEM VÍTIMA;FINALIZADA;JORDÃO;AV MARIA IRENE;837;;MADEREIRA SÃO JOSE;JORDÃO;;CIDADE;COLISÃO TRASEIRA;1.0;0.0;0.0;0.0;0.0;1.0;0.0;0.0;0.0;0.0;0.0;Longo da via;Bom;Não existe;Ilegível;Seca;Mal conservada;Não existe;Outras;60 km/h;Dupla;Faixa contínua;;;Tarde
500;20/01/2020;14:19:00;SEM VÍTIMA;FINALIZADA;ENCRUZILHADA;AV NORTE;;AV JOAO DE BARROS;LADO OPOSTO AO BANCO SANTANDER;ENCRUZILHADA;43.0;SUBURBIO;COLISÃO TRASEIRA;1.0;0.0;0.0;0.0;0.0;0.0;1.0;0.0;0.0;0.0;0.0;Longo da via;Bom;Sem defeito;Perfeito estado;Seca;Perfeito estado;Agente;;60 km/h;Dupla;Canteiro central;;;Tarde
501;20/01/2020;14:27:00;SEM VÍTIMA;FINALIZADA;BOA VISTA;AV MANOEL BORBA;166;RUA GERVASIO PIRES;EM FRENTE A CASA LUX ÓTICA;BOA VISTA;169.0;SUBURBIO;ABALROAMENTO LONGITUDINAL;0.0;0.0;1.0;0.0;0.0;1.0;0.0;0.0;0.0;0.0;0.0;Cruzamento;Bom;Sem defeito;Perfeito estado;Seca;Perfeito estado;Faixa de pedestre;R-6a;;Única;Faixa seccionada;;;Tarde
502;20/01/2020;14:40:00;SEM VÍTIMA;FINALIZADA;SANTO AMARO;RUA TREZE DE MAIO;1030;;LADO OPOSTO A OFICINA BOY CAR;SANTO AMARO;36.0;SUBURBIO;COLISÃO TRASEIRA;2.0;0.0;0.0;0.0;0.0;0.0;0.0;0.0;0.0;0.0;0.0;Longo da via;Bom;Sem defeito;Perfeito estado;Seca;Perfeito estado;;R-6a;;Dupla;Faixa contínua;;;Tarde
503;20/01/2020;15:42:00;SEM VÍTIMA;FINALIZADA;BOA VISTA;RUA DR LEOPOLDO LINS;237;;EM FRENTE AO Nº 237;BOA VISTA;78.0;SUBURBIO;COLISÃO TRASEIRA;1.0;1.0;0.0;0.0;0.0;0.0;0.0;0.0;0.0;0.0;0.0;Longo da via;Bom;Sem defeito;Perfeito estado;Seca;Perfeito estado;Faixa de pedestre;R-6a;;Única;Não existe;;;Tarde
504;20/01/2020;16:15:00;COM VÍTIMA;FINALIZADA;DERBY;AV GOVERNADOR AGAMENON MAGALHAES;;;NA FAIXA DE PEDESTRE DA PRAÇA DO DERBY SENTIDO BOA VIAGEM;DERBY;75.0;BOA VIAGEM;ATROPELAMENTO;1.0;0.0;0.0;0.0;1.0;0.0;0.0;0.0;0.0;1.0;0.0;Cruzamento;Bom;Sem defeito;Perfeito estado;Seca;Perfeito estado;Faixa de pedestre;;60 km/h;Única;Faixa seccionada;;;Tarde
505;20/01/2020;16:20:00;SEM VÍTIMA;FINALIZADA;DERBY;PRC DO DERBY;;;APÓS O SEMÁFORO 040;DERBY;;CIDADE;COLISÃO TRASEIRA;2.0;0.0;0.0;0.0;0.0;0.0;0.0;0.0;0.0;0.0;0.0;Longo da via;Bom;Sem defeito;Perfeito estado;Seca;Perfeito estado;Não existe;;50 km/h;Dupla;Canteiro central;;;Tarde
506;20/01/2020;16:34:00;SEM VÍTIMA;FINALIZADA;BOA VIAGEM;RUA ANTONIO VICENTE;258;;;BOA VIAGEM;;SUBURBIO;ABALROAMENTO LONGITUDINAL;2.0;0.0;0.0;0.0;0.0;0.0;0.0;0.0;0.0;0.0;0.0;Longo da via;Bom;Não existe;Perfeito estado;Seca;Perfeito estado;Não existe;Placas Pare;;Dupla;Faixa seccionada;;;Tarde
507;20/01/2020;16:56:00;SEM VÍTIMA;FINALIZADA;CURADO;RUA MINISTRO MARIO ANDREAZZA;;AV PREFEITO ANTONIO PEREIRA;POSTE B 067125;CURADO;;;ABALROAMENTO TRANSVERSAL;1.0;0.0;0.0;0.0;0.0;1.0;0.0;0.0;0.0;0.0;0.0;Longo da via;Bom;Não existe;Não existente;Seca;Mal conservada;Não existe;Não há placas;;Dupla;Não existe;;;Tarde
508;20/01/2020;16:57:00;SEM VÍTIMA;FINALIZADA;VÁRZEA;AV AFONSO OLINDENSE;;;PADARIA CAXANGÁ;VÁRZEA;638.0;SUBURBIO;COLISÃO TRASEIRA;1.0;1.0;0.0;0.0;0.0;0.0;0.0;0.0;0.0;0.0;0.0;Longo da via;Bom;Sem defeito;Perfeito estado;Seca;Perfeito estado;;;;;;;;Tarde
509;20/01/2020;17:05:00;SEM VÍTIMA;FINALIZADA;MANGABEIRA;AV NORTE;;;EM FRENTE AO SEMÁFORO Nº 096;MANGABEIRA;96.0;SUBURBIO;COLISÃO TRASEIRA;2.0;0.0;0.0;0.0;0.0;0.0;0.0;0.0;0.0;0.0;0.0;Longo da via;Bom;Sem defeito;Perfeito estado;Seca;Perfeito estado;Faixa de pedestre;Outras;;Dupla;Canteiro central;;;Tarde
510;20/01/2020;17:34:00;SEM VÍTIMA;FINALIZADA;BOA VIAGEM;RUA MARQUES DE VALENCA;;;;BOA VIAGEM;;;ABALROAMENTO TRANSVERSAL;2.0;0.0;0.0;0.0;0.0;0.0;0.0;0.0;0.0;0.0;0.0;Cruzamento;Bom;Não existe;Perfeito estado;Seca;Perfeito estado;Faixa de retenção;R-6a;;Dupla;Faixa seccionada;;;Tarde
511;20/01/2020;17:49:00;SEM VÍTIMA;FINALIZADA;SANTO ANTÔNIO;PRC DA REPUBLICA;;RUA IMPERADOR PEDRO SEGUNDO;AO LADO DA SECRETARIA DA FAZENDA;SANTO ANTÔNIO;278.0;CIDADE;ABALROAMENTO LONGITUDINAL;1.0;0.0;0.0;0.0;0.0;1.0;0.0;0.0;0.0;0.0;0.0;Longo da via;Bom;Sem defeito;Perfeito estado;Seca;Perfeito estado;Faixa de pedestre;R-6a;30 km/h;Única;Faixa contínua;;;Tarde
512;20/01/2020;18:34:00;COM VÍTIMA;FINALIZADA;IMBIRIBEIRA;AV PINHEIROS;886;;PROX AO POSTO IPIRANGA/ PROX A GRILO FLORES;IMBIRIBEIRA;;SUBURBIO;COLISÃO FRONTAL;1.0;1.0;0.0;0.0;0.0;0.0;0.0;0.0;0.0;1.0;0.0;Longo da via;Bom;Não existe;Perfeito estado;Seca;Perfeito estado;Não existe;Não há placas;;Dupla;Não existe;;;Noite
513;20/01/2020;18:39:00;SEM VÍTIMA;FINALIZADA;DOIS UNIDOS;AV HILDEBRANDO DE VASCONCELOS;4A;;EM FRENTE A ESCOLA DR FRANCISCO DE QUEIROZ;DOIS UNIDOS;;SUBURBIO;ABALROAMENTO LONGITUDINAL;2.0;0.0;0.0;0.0;0.0;0.0;0.0;0.0;0.0;0.0;0.0;Longo da via;Bom;Não existe;Perfeito estado;Seca;Perfeito estado;Não existe;Não há placas;;Dupla;Faixa seccionada;;;Noite
514;20/01/2020;19:31:00;SEM VÍTIMA;FINALIZADA;JOANA BEZERRA;VIADUTO CAPITAO TEMUDO;;RUA DOM PAULO II;ANTES ALÇA ACESSO AFOGADOS;JOANA BEZERRA;;SUBURBIO;ABALROAMENTO LONGITUDINAL;1.0;0.0;0.0;0.0;0.0;0.0;1.0;0.0;0.0;0.0;0.0;Viaduto;Bom;Não existe;Perfeito estado;Seca;Perfeito estado;Não existe;Outras;;Dupla;;;;Noite
515;21/01/2020;06:57:00;SEM VÍTIMA;FINALIZADA;JORDÃO;RUA BOANERGES PEREIRA;07B;;GRÁFICA EDX;JORDÃO;;CIDADE;ABALROAMENTO LONGITUDINAL;0.0;0.0;0.0;0.0;0.0;1.0;0.0;0.0;0.0;0.0;0.0;Longo da via;Bom;Não existe;Perfeito estado;Seca;Perfeito estado;Não existe;Não há placas;30 km/h;Dupla;Não existe;;;Manhã
516;21/01/2020;08:18:00;SEM VÍTIMA;FINALIZADA;IPSEP;RUA BLUMENAU;374;RUA IRAPUA;;IPSEP;;SUBURBIO;ABALROAMENTO LONGITUDINAL;2.0;0.0;0.0;0.0;0.0;0.0;0.0;0.0;0.0;0.0;0.0;Cruzamento;Bom;Sem defeito;Perfeito estado;Seca;Perfeito estado;Não existe;Não há placas;;Única;Não existe;;;Manhã
517;21/01/2020;08:18:00;SEM VÍTIMA;FINALIZADA;DERBY;AV GOVERNADOR AGAMENON MAGALHAES;;;LADO OPOSTO AO HOSPITAL DA RESTAURAÇÃO;DERBY;174.0;;COLISÃO TRASEIRA;1.0;0.0;0.0;0.0;0.0;1.0;0.0;0.0;0.0;0.0;0.0;Longo da via;Bom;Sem defeito;Perfeito estado;Seca;Perfeito estado;Agente;Outras;60 km/h;Única;Faixa seccionada;;;Manhã
518;21/01/2020;08:33:00;SEM VÍTIMA;FINALIZADA;CABANGA;RUA COMANDANTE ANTONIO MANHAES DE MATTOS;472;;EM FRENTE A COMPESA UNIDADE CABANGA;CABANGA;;;COLISÃO TRASEIRA;2.0;0.0;0.0;0.0;0.0;0.0;0.0;0.0;0.0;0.0;0.0;Longo da via;Bom;Não existe;Perfeito estado;Seca;Perfeito estado;Não existe;Não há placas;;Única;Faixa seccionada;;;Manhã
519;21/01/2020;08:39:00;COM VÍTIMA;FINALIZADA;CAMPO GRANDE;AV GOVERNADOR AGAMENON MAGALHAES;;;E/F A ANTIGA FÁBRICA TACARUNA (SENT. CIDADADE);CAMPO GRANDE;;CIDADE;ATROPELAMENTO;1.0;0.0;0.0;0.0;3.0;0.0;0.0;0.0;0.0;3.0;0.0;Longo da via;Bom;Não existe;Não existente;Seca;Mal conservada;Não existe;Não há placas;60 km/h;Única;Não existe;;;Manhã
520;21/01/2020;08:55:00;SEM VÍTIMA;FINALIZADA;CASA AMARELA;AV NORTE;4861;RUA ARNOLDO MAGALHAES;;CASA AMARELA;;CIDADE;ABALROAMENTO LONGITUDINAL;1.0;0.0;0.0;0.0;0.0;0.0;1.0;0.0;0.0;0.0;0.0;;Bom;Não existe;Perfeito estado;Seca;Perfeito estado;Não existe;Placas Pare;;Dupla;Canteiro central;;;Manhã
521;21/01/2020;09:36:00;SEM VÍTIMA;FINALIZADA;BAIRRO DO RECIFE;RUA MADRE DEUS;;;EM FRENTE AO SHOPPING PAÇO ALFÂNDEGA;BAIRRO DO RECIFE;;SUBURBIO;COLISÃO TRASEIRA;1.0;0.0;0.0;0.0;0.0;1.0;0.0;0.0;0.0;0.0;0.0;Longo da via;Bom;Não existe;Perfeito estado;Seca;Perfeito estado;Faixa de pedestre;Placas Dê a preferência;30 km/h;Única;Não existe;;;Manhã
522;21/01/2020;09:45:00;COM VÍTIMA;FINALIZADA;IPSEP;RUA ITACARI;369;RUA CACHOEIRA;VAGNER JOSE GAS NATURAL;IPSEP;;SUBURBIO;ABALROAMENTO TRANSVERSAL;1.0;1.0;0.0;0.0;0.0;0.0;0.0;0.0;0.0;1.0;0.0;Cruzamento;Bom;Não existe;Incompleta;Seca;Perfeito estado;Não existe;Não há placas;30 km/h;Única;Faixa seccionada;;;Manhã
523;21/01/2020;10:04:00;SEM VÍTIMA;FINALIZADA;GRAÇAS;RUA AMELIA;372;;GRAÇAS CENTER;GRAÇAS;177.0;CIDADE;COLISÃO TRASEIRA;2.0;0.0;0.0;0.0;0.0;0.0;0.0;0.0;0.0;0.0;0.0;Longo da via;Bom;Sem defeito;Perfeito estado;Seca;Perfeito estado;Faixa de pedestre;R-6a;40 km/h;Única;Faixa contínua;;;Manhã
524;21/01/2020;10:24:00;SEM VÍTIMA;FINALIZADA;BOA VIAGEM;AV CONSELHEIRO AGUIAR;1748;;EM FRENTE AO EMPRESARIAL ITALO BRASIL RENDA;BOA VIAGEM;;CIDADE;ABALROAMENTO LONGITUDINAL;1.0;0.0;0.0;0.0;0.0;0.0;1.0;0.0;0.0;0.0;0.0;Longo da via;Bom;Não existe;Perfeito estado;Seca;Perfeito estado;Não existe;Não há placas;60 km/h;Única;Faixa seccionada;;;Manhã
525;21/01/2020;12:20:00;SEM VÍTIMA;FINALIZADA;BOA VIAGEM;AV HERCULANO BANDEIRA;949;;EM FRENTE A JBS;BOA VIAGEM;;SUBURBIO;COLISÃO TRASEIRA;3.0;0.0;0.0;0.0;0.0;0.0;0.0;0.0;0.0;0.0;0.0;Longo da via;Bom;Sem defeito;Perfeito estado;Seca;Perfeito estado;Agente;Não há placas;60 km/h;Única;Faixa seccionada;;;Tarde
526;21/01/2020;12:36:00;SEM VÍTIMA;FINALIZADA;ÁGUA FRIA;AV BEBERIBE;;;EM FRENTE A LOJA MI;ÁGUA FRIA;405.0;;ABALROAMENTO LONGITUDINAL;1.0;0.0;0.0;0.0;0.0;0.0;1.0;0.0;0.0;0.0;0.0;Longo da via;Bom;Sem defeito;Perfeito estado;Seca;Perfeito estado;Não existe;;;Única;Não existe;;;Tarde
527;21/01/2020;12:56:00;SEM VÍTIMA;FINALIZADA;ARRUDA;RUA DAS MOCAS;859;RUA ZEFERINO AGRA;CACULE COMEDORIA;ARRUDA;;SUBURBIO;ABALROAMENTO TRANSVERSAL;2.0;0.0;0.0;0.0;0.0;0.0;0.0;0.0;0.0;0.0;0.0;Cruzamento;Bom;Não existe;Perfeito estado;Seca;Perfeito estado;Faixa de pedestre;Placas Pare;30 km/h;Dupla;Faixa seccionada;;;Tarde
528;21/01/2020;13:33:00;SEM VÍTIMA;FINALIZADA;MADALENA;RUA RODOLFO RANGEL MOREIRA;48;;PRÓX. PONTO TÁXI;MADALENA;;;COLISÃO TRASEIRA;3.0;0.0;0.0;0.0;0.0;0.0;0.0;0.0;0.0;0.0;0.0;Longo da via;Bom;Não existe;Não existente;Seca;;Não existe;Outras;;Única;Não existe;;;Tarde
529;21/01/2020;13:40:00;SEM VÍTIMA;FINALIZADA;BOA VIAGEM;RUA PROFESSOR ARNALDO CARNEIRO LEAO;;RUA PADRE CARAPUCEIRO;;BOA VIAGEM;321.0;SUBURBIO;ABALROAMENTO LONGITUDINAL;1.0;1.0;0.0;0.0;0.0;0.0;0.0;0.0;0.0;0.0;0.0;Cruzamento;Bom;Sem defeito;Perfeito estado;Seca;Perfeito estado;Faixa de pedestre;R-6a;60 km/h;Única;Faixa contínua;Faixa seccionada;;Tarde
530;21/01/2020;15:49:00;COM VÍTIMA;FINALIZADA;IPUTINGA;AV MAURICIO DE NASSAU;;RUA PEREIRA COUTINHO FILHO;APOS O GOE/ PROX A LOMBADA ELETRONICO;IPUTINGA;;SUBURBIO;ABALROAMENTO TRANSVERSAL;1.0;1.0;0.0;0.0;0.0;0.0;0.0;0.0;0.0;1.0;0.0;Cruzamento;Bom;Não existe;Incompleta;Seca;Perfeito estado;Não existe;Não há placas;;Dupla;Faixa contínua;;;Tarde
531;21/01/2020;15:59:00;SEM VÍTIMA;FINALIZADA;BOA VISTA;RUA DOM BOSCO;;AV GOVERNADOR CARLOS DE LIMA CAVALCANTI;POSTO BR;BOA VISTA;27.0;SUBURBIO;ABALROAMENTO LONGITUDINAL;0.0;2.0;0.0;0.0;0.0;0.0;0.0;0.0;0.0;0.0;0.0;Longo da via;Bom;Sem defeito;Perfeito estado;Seca;Perfeito estado;Faixa de pedestre;Não há placas;;Única;;;;Tarde
532;21/01/2020;16:02:00;COM VÍTIMA;FINALIZADA;ILHA JOANA BEZERRA;VDO PAPA JOAO PAULO II;;;EM FRENTE AO FORUM JOANA BEZERRA;ILHA JOANA BEZERRA;;CIDADE;ABALROAMENTO LONGITUDINAL;1.0;1.0;0.0;0.0;0.0;0.0;0.0;0.0;0.0;1.0;0.0;Viaduto;Bom;Não existe;Perfeito estado;Seca;Perfeito estado;Não existe;Não há placas;;Dupla;Faixa seccionada;Canteiro central;Blocos;Tarde
533;21/01/2020;16:12:00;SEM VÍTIMA;FINALIZADA;BOA VISTA;RUA AURORA;;PTE PRINCESA IZABEL;NA DESCIDA DA PONTE;BOA VISTA;;;COLISÃO;2.0;0.0;0.0;0.0;0.0;0.0;0.0;0.0;0.0;0.0;0.0;;;;;;;;;;;;;;Tarde
534;21/01/2020;16:16:00;SEM VÍTIMA;FINALIZADA;IMBIRIBEIRA;AV ANTONIO TORRES GALVAO;284;;;IMBIRIBEIRA;543.0;;COLISÃO TRASEIRA;3.0;0.0;0.0;0.0;0.0;0.0;0.0;0.0;0.0;0.0;0.0;Longo da via;Bom;Sem defeito;Perfeito estado;Seca;Perfeito estado;Faixa de pedestre;Não há placas;60 km/h;Única;Faixa contínua;;;Tarde
535;21/01/2020;16:23:00;SEM VÍTIMA;FINALIZADA;IPUTINGA;EST DO BARBALHO;;;BIG BOMPREÇO;IPUTINGA;533.0;;ABALROAMENTO LONGITUDINAL;2.0;0.0;0.0;0.0;0.0;0.0;0.0;0.0;0.0;0.0;0.0;Longo da via;Bom;Sem defeito;Perfeito estado;Seca;Perfeito estado;Faixa de pedestre;Não há placas;;Única;Não existe;;;Tarde
536;21/01/2020;18:07:00;SEM VÍTIMA;FINALIZADA;BOA VIAGEM;AV BOA VIAGEM;5802;;;BOA VIAGEM;445.0;CIDADE;ABALROAMENTO LONGITUDINAL;2.0;0.0;0.0;0.0;0.0;0.0;0.0;0.0;0.0;0.0;0.0;Longo da via;Bom;Sem defeito;Perfeito estado;Seca;Perfeito estado;Não existe;Não há placas;60 km/h;Única;Faixa seccionada;;;Noite
537;21/01/2020;18:10:00;VÍTIMA FATAL;FINALIZADA;CAMPO GRANDE;AV CORREIA DE BRITO;;AV PROFESSOR JOSE DOS ANJOS;PROX AO POSTO DE GASOLINA DISLUB;CAMPO GRANDE;563.0;;ABALROAMENTO TRANSVERSAL;0.0;1.0;0.0;0.0;0.0;0.0;1.0;0.0;0.0;1.0;1.0;Esquina;Bom;Sem defeito;Perfeito estado;Seca;Perfeito estado;;Outras;;Dupla;Não existe;;;Noite