indice;data;hora;natureza_acidente;situacao;bairro;endereco;numero;detalhe_endereco_acidente;complemento;bairro_cruzamento;num_semaforo;sentido_via;tipo;auto;moto;ciclom;ciclista;pedestre;onibus;caminhao;viatura;outros;vitimas;vitimasfatais;acidente_verificado;tempo_clima;situacao_semaforo;sinalizacao;condicao_via;conservacao_via;ponto_controle;situacao_placa;velocidade_max_via;mao_direcao;divisao_via1;divisao_via2;divisao_via3;turno
538;21/01/2020;18:59:00;SEM VÍTIMA;FINALIZADA;VÁRZEA;AV CAXANGA;;;BRT CAPIBARIBE DE FRONTE AO POSTO SHELL;VÁRZEA;;SUBURBIO;ABALROAMENTO LONGITUDINAL;1.0;0.0;0.0;0.0;0.0;0.0;1.0;0.0;0.0;0.0;0.0;Longo da via;Bom;Não existe;Perfeito estado;Seca;Perfeito estado;Não existe;Outras;;Única;Canteiro central;;;Noite
539;21/01/2020;19:00:00;SEM VÍTIMA;FINALIZADA;AFOGADOS;RUA NICOLAU PEREIRA;;RUA IMPERIAL;;AFOGADOS;73.0;SUBURBIO;ABALROAMENTO LONGITUDINAL;2.0;0.0;0.0;0.0;0.0;0.0;0.0;0.0;0.0;0.0;0.0;Cruzamento;Bom;Sem defeito;Perfeito estado;Seca;Perfeito estado;Não existe;Não há placas;;Única;Faixa seccionada;;;Noite
540;21/01/2020;19:19:00;SEM VÍTIMA;FINALIZADA;ENGENHO DO MEIO;RUA GOVERNADOR LOPO GARRO;;RUA MANOEL CORTE REAL;;ENGENHO DO MEIO;;CIDADE;ABALROAMENTO TRANSVERSAL;2.0;0.0;0.0;0.0;0.0;0.0;0.0;0.0;0.0;0.0;0.0;Cruzamento;Bom;Não existe;Incompleta;Seca;Perfeito estado;Não existe;Não há placas;;Dupla;Não existe;;;Noite
541;21/01/2020;20:13:00;COM VÍTIMA;FINALIZADA;ENCRUZILHADA;AV NORTE;;AV JOAO DE BARROS;ENF AO SANTANDER;ENCRUZILHADA;43.0;SUBURBIO;ABALROAMENTO TRANSVERSAL;1.0;1.0;0.0;0.0;0.0;0.0;0.0;0.0;0.0;1.0;0.0;Cruzamento;Bom;Sem defeito;Perfeito estado;Seca;Perfeito estado;Agente;;40 km/h;Única;Não existe;;;Noite
542;21/01/2020;20:18:00;SEM VÍTIMA;FINALIZADA;TAMARINEIRA;RUA CONEGO BARATA;420;;;TAMARINEIRA;;SUBURBIO;COLISÃO TRASEIRA;2.0;0.0;0.0;0.0;0.0;0.0;0.0;0.0;0.0;0.0;0.0;Longo da via;Chuvoso;Não existe;Perfeito estado;Molhada;Perfeito estado;Não existe;Não há placas;;Dupla;Canteiro central;;;Noite
543;21/01/2020;20:53:00;SEM VÍTIMA;FINALIZADA;BOA VIAGEM;RUA RIBEIRO DE BRITO;;;EM FRENTE AO SEMÁFORO 496;BOA VIAGEM;496.0;CIDADE;ABALROAMENTO LONGITUDINAL;1.0;1.0;0.0;0.0;0.0;0.0;0.0;0.0;0.0;0.0;0.0;Longo da via;Bom;Sem defeito;Perfeito estado;Seca;Perfeito estado;Não existe;Não há placas;;Única;Faixa seccionada;;;Noite
544;21/01/2020;21:52:00;SEM VÍTIMA;FINALIZADA;SANTO AMARO;AV GOVERNADOR AGAMENON MAGALHAES;;;FRENTE AO COLÉGIO AMERICANO BATISTA;SANTO AMARO;37.0;SUBURBIO;ABALROAMENTO LONGITUDINAL;1.0;0.0;0.0;0.0;0.0;0.0;1.0;0.0;0.0;0.0;0.0;Longo da via;Bom;Sem defeito;Perfeito estado;Seca;Perfeito estado;Faixa de pedestre;Outras;60 km/h;Dupla;Canteiro central;;;Noite
545;21/01/2020;22:25:00;SEM VÍTIMA;FINALIZADA;IPSEP;AV RECIFE;;;EM FRENTE AO SEMÁFORO 016;IPSEP;16.0;CIDADE;COLISÃO TRASEIRA;3.0;0.0;0.0;0.0;0.0;0.0;0.0;0.0;0.0;0.0;0.0;Longo da via;Bom;Sem defeito;Perfeito estado;Seca;Perfeito estado;Não existe;Não há placas;;Dupla;Faixa contínua;;;Noite
546;22/01/2020;07:39:00;SEM VÍTIMA;FINALIZADA;SANTO AMARO;AV GOVERNADOR AGAMENON MAGALHAES;;;EM FRENTE A ECOESTAÇÃO AGAMENON;SANTO AMARO;;;COLISÃO TRASEIRA;3.0;0.0;0.0;0.0;0.0;0.0;0.0;0.0;0.0;0.0;0.0;Longo da via;Bom;Não existe;Perfeito estado;Molhada;Perfeito estado;Não existe;Não há placas;60 km/h;Dupla;Faixa seccionada;;;Manhã
547;22/01/2020;07:58:00;SEM VÍTIMA;FINALIZADA;IMBIRIBEIRA;AV MARECHAL MASCARENHAS DE MORAES;;;CHEVROLET TAMBAI;IMBIRIBEIRA;439.0;CIDADE;COLISÃO TRASEIRA;4.0;0.0;0.0;0.0;0.0;0.0;0.0;0.0;0.0;0.0;0.0;Longo da via;Chuvoso;Sem defeito;Perfeito estado;Molhada;Perfeito estado;Faixa de pedestre;Não há placas;60 km/h;Única;Faixa seccionada;;;Manhã
548;22/01/2020;08:02:00;SEM VÍTIMA;FINALIZADA;SANTO AMARO;AV NORTE;;;SOBRE A PONTE DO LIMOEIRO;SANTO AMARO;;CIDADE;COLISÃO TRASEIRA;2.0;0.0;0.0;0.0;0.0;0.0;0.0;0.0;0.0;0.0;0.0;Ponte;Chuvoso;Não existe;Perfeito estado;Molhada;Perfeito estado;Não existe;Não há placas;;Dupla;Faixa contínua;;;Manhã
549;22/01/2020;08:20:00;SEM VÍTIMA;FINALIZADA;SANTO AMARO;RUA DOS PALMARES;;;EM FRENTE AO RM EXPRESS;SANTO AMARO;;CIDADE;ABALROAMENTO LONGITUDINAL;1.0;0.0;0.0;0.0;0.0;0.0;1.0;0.0;0.0;0.0;0.0;Longo da via;Chuvoso;Não existe;Perfeito estado;Molhada;Perfeito estado;Não existe;Outras;;Dupla;Faixa seccionada;Canteiro central;;Manhã
550;22/01/2020;08:31:00;SEM VÍTIMA;FINALIZADA;SAN MARTIN;AV GENERAL SAN MARTIN;2066;;;SAN MARTIN;;SUBURBIO;COLISÃO TRASEIRA;2.0;0.0;0.0;0.0;0.0;0.0;0.0;0.0;0.0;0.0;0.0;Longo da via;Bom;Não existe;Perfeito estado;Seca;Perfeito estado;Não existe;Outras;;Dupla;Faixa contínua;;;Manhã
551;22/01/2020;08:56:00;SEM VÍTIMA;FINALIZADA;AFOGADOS;RUA VINTE E UM DE ABRIL;;;PRÓXIMO AO RESTAURANTE ARRETADO DE BOM;AFOGADOS;;SUBURBIO;ABALROAMENTO LONGITUDINAL;2.0;0.0;0.0;0.0;0.0;0.0;0.0;0.0;0.0;0.0;0.0;Longo da via;Bom;Não existe;Perfeito estado;Seca;Perfeito estado;;Outras;;Dupla;Faixa seccionada;;;Manhã
552;22/01/2020;09:20:00;SEM VÍTIMA;FINALIZADA;SANTO ANTÔNIO;RUA DO SOL;283;AV GUARARAPES;;SANTO ANTÔNIO;14.0;;ABALROAMENTO LONGITUDINAL;2.0;0.0;0.0;0.0;0.0;0.0;0.0;0.0;0.0;0.0;0.0;Cruzamento;Bom;Sem defeito;Perfeito estado;Seca;Perfeito estado;Faixa de pedestre;Não há placas;;Única;Faixa seccionada;;;Manhã
553;22/01/2020;09:41:00;SEM VÍTIMA;FINALIZADA;IMBIRIBEIRA;RUA ANTONIO CARDOSO DA FONTE;483;RUA BARAO HOMEM DE MELO;;IMBIRIBEIRA;;;ABALROAMENTO LONGITUDINAL;1.0;0.0;0.0;0.0;0.0;0.0;1.0;0.0;0.0;0.0;0.0;Longo da via;Bom;Não existe;Não existente;Molhada;Mal conservada;Não existe;Não há placas;;Dupla;Não existe;;;Manhã
554;22/01/2020;09:52:00;COM VÍTIMA;FINALIZADA;AFOGADOS;RUA VINTE E UM DE ABRIL;851;;E/F AO RECANTO 21 SELF SERVICE;AFOGADOS;;SUBURBIO;ABALROAMENTO LONGITUDINAL;1.0;1.0;0.0;0.0;0.0;0.0;0.0;0.0;0.0;2.0;0.0;Longo da via;Bom;Não existe;Não existente;Seca;Perfeito estado;Não existe;Não há placas;;Dupla;Não existe;;;Manhã
555;22/01/2020;10:06:00;SEM VÍTIMA;FINALIZADA;MACAXEIRA;AV NORTE;7536;;;MACAXEIRA;424.0;SUBURBIO;COLISÃO TRASEIRA;2.0;0.0;0.0;0.0;0.0;0.0;0.0;0.0;0.0;0.0;0.0;Longo da via;Bom;Sem defeito;Perfeito estado;Seca;Perfeito estado;Faixa de pedestre;;;Única;Faixa seccionada;;;Manhã
556;22/01/2020;11:33:00;SEM VÍTIMA;FINALIZADA;IPUTINGA;AV CAXANGA;;;E/F A SOPRANOR;IPUTINGA;;CIDADE;COLISÃO;2.0;0.0;0.0;0.0;0.0;0.0;0.0;0.0;0.0;0.0;0.0;;;;;;;;;;;;;;Manhã
557;22/01/2020;11:33:00;SEM VÍTIMA;FINALIZADA;BOA VISTA;AV GOVERNADOR AGAMENON MAGALHAES;2291;RUA HENRIQUE DIAS;HOSPITAL MEMORIAL SÃO JOSÉ;BOA VISTA;68.0;;COLISÃO TRASEIRA;1.0;0.0;0.0;0.0;0.0;1.0;0.0;0.0;0.0;0.0;0.0;Longo da via;Bom;Sem defeito;Perfeito estado;Seca;Perfeito estado;Agente;;60 km/h;Dupla;Canal;;;Manhã
558;22/01/2020;11:37:00;SEM VÍTIMA;FINALIZADA;GRAÇAS;RUA DOM BOSCO;;AV GOVERNADOR AGAMENON MAGALHAES;SOB O SEMÁFORO 174;GRAÇAS;174.0;SUBURBIO;ABALROAMENTO LONGITUDINAL;2.0;0.0;0.0;0.0;0.0;0.0;0.0;0.0;0.0;0.0;0.0;Cruzamento;Bom;Sem defeito;Perfeito estado;Seca;Perfeito estado;Agente;Outras;60 km/h;Única;Não existe;;;Manhã
559;22/01/2020;11:40:00;SEM VÍTIMA;FINALIZADA;BOA VIAGEM;RUA CORONEL SERGIO HENRIQUE CARDIM;;;AO LADO DO RESTAURANTE CHICA PITANGA;BOA VIAGEM;;SUBURBIO;CHOQUE VEÍCULO PARADO;1.0;0.0;0.0;0.0;0.0;0.0;1.0;0.0;0.0;0.0;0.0;Longo da via;Bom;Não existe;Não existente;Seca;Perfeito estado;Não existe;Não há placas;;Única;Não existe;;;Manhã
560;22/01/2020;12:17:00;SEM VÍTIMA;FINALIZADA;CASA FORTE;AV DEZESSETE DE AGOSTO;;RUA SAMUEL FARIAS;ESQUINA DAS RUAS;CASA FORTE;;;ABALROAMENTO LONGITUDINAL;2.0;0.0;0.0;0.0;0.0;0.0;0.0;0.0;0.0;0.0;0.0;;Bom;Não existe;Perfeito estado;Seca;Perfeito estado;Não existe;;;Dupla;;;;Tarde
561;22/01/2020;13:13:00;SEM VÍTIMA;FINALIZADA;BOMBA DO HEMETÉRIO;RUA BOMBA DO HEMETERIO;163;;;BOMBA DO HEMETÉRIO;;SUBURBIO;ABALROAMENTO LONGITUDINAL;1.0;0.0;0.0;0.0;0.0;1.0;0.0;0.0;0.0;0.0;0.0;Longo da via;Bom;Não existe;Perfeito estado;Seca;Perfeito estado;Outros;Outras;;Dupla;Faixa seccionada;;;Tarde
562;22/01/2020;14:04:00;COM VÍTIMA;FINALIZADA;BOA VIAGEM;AV ENGENHEIRO DOMINGOS FERREIRA;3340;RUA FAUSTINO PORTO;APOS A PARADA DO CARREFOUR. EXTRAFARMA;BOA VIAGEM;;SUBURBIO;ABALROAMENTO TRANSVERSAL;1.0;0.0;0.0;0.0;0.0;1.0;0.0;0.0;0.0;2.0;0.0;Longo da via;Bom;Não existe;Perfeito estado;Seca;Perfeito estado;Não existe;R-6a;;Única;Faixa seccionada;;;Tarde
563;22/01/2020;14:11:00;SEM VÍTIMA;FINALIZADA;BOA VISTA;RUA DAS NINFAS;;;EM FRENTE AO SEMÁFORO 083;BOA VISTA;83.0;SUBURBIO;ABALROAMENTO LONGITUDINAL;2.0;0.0;0.0;0.0;0.0;0.0;0.0;0.0;0.0;0.0;0.0;Longo da via;Bom;Sem defeito;Perfeito estado;Seca;Perfeito estado;Faixa de pedestre;Outras;;Dupla;Faixa contínua;Faixa seccionada;;Tarde
564;22/01/2020;14:24:00;SEM VÍTIMA;FINALIZADA;BOA VISTA;RUA DO RIACHUELO;425;;EM FRENTE AO Nº 425;BOA VISTA;92.0;CIDADE;COLISÃO TRASEIRA;4.0;0.0;0.0;0.0;0.0;0.0;0.0;0.0;0.0;0.0;0.0;Longo da via;Bom;Sem defeito;Perfeito estado;Seca;Perfeito estado;Faixa de pedestre;R-6a;;Única;Não existe;;;Tarde
565;22/01/2020;14:26:00;COM VÍTIMA;FINALIZADA;MADALENA;RUA MONSENHOR JULIO MARIA;127;;PROX. O TUNEL DA ABOLIÇÃO E A GALERIA CAMPOLINA CENTER;MADALENA;;ABDIAS DE CARVALHO;ABALROAMENTO LONGITUDINAL;1.0;1.0;0.0;0.0;0.0;0.0;0.0;0.0;0.0;1.0;0.0;Longo da via;Bom;Não existe;Perfeito estado;Seca;Perfeito estado;;;;Única;Não existe;;;Tarde
566;22/01/2020;16:08:00;COM VÍTIMA;FINALIZADA;CABANGA;AV SATURNINO DE BRITO;;;AO LADO DA COMPESA. NA SUBIDA DO VIADUTO DO PINA.;CABANGA;;SUBURBIO;COLISÃO TRASEIRA;1.0;1.0;0.0;0.0;0.0;0.0;0.0;0.0;0.0;1.0;0.0;Longo da via;Bom;Não existe;Perfeito estado;Seca;Perfeito estado;;Não há placas;30 km/h;Única;Faixa contínua;;;Tarde
567;22/01/2020;16:22:00;SEM VÍTIMA;FINALIZADA;TEJIPIÓ;AV DR JOSE RUFINO;3694;;POSTE DE ILUMINAÇÃO Nº H 033924;TEJIPIÓ;;CIDADE;COLISÃO TRASEIRA;2.0;0.0;0.0;0.0;0.0;0.0;0.0;0.0;0.0;0.0;0.0;Longo da via;Bom;Não existe;Perfeito estado;Seca;Perfeito estado;Não existe;Outras;;Dupla;Faixa contínua;Faixa seccionada;;Tarde
568;22/01/2020;16:36:00;SEM VÍTIMA;FINALIZADA;VÁRZEA;PRC PINTO DAMASO;;;LADO OPOSTO AO Nº 2005;VÁRZEA;;SUBURBIO;ABALROAMENTO TRANSVERSAL;2.0;0.0;0.0;0.0;0.0;0.0;0.0;0.0;0.0;0.0;0.0;Longo da via;Bom;Não existe;Não existente;Seca;Mal conservada;Não existe;Não há placas;;Única;Não existe;;;Tarde
569;22/01/2020;16:44:00;COM VÍTIMA;FINALIZADA;SÃO JOSÉ;PRC DAS CINCO PONTAS;;;SUBIDA DO VIADUTO CINCO PONTAS;SÃO JOSÉ;;SUBURBIO;CHOQUE OBJETO FIXO;0.0;1.0;0.0;0.0;0.0;0.0;0.0;0.0;0.0;1.0;0.0;Longo da via;Bom;Não existe;Perfeito estado;Seca;Perfeito estado;Não existe;R-4b;;Dupla;Canteiro central;;;Tarde
570;22/01/2020;18:02:00;SEM VÍTIMA;FINALIZADA;BOA VIAGEM;RUA BARAO DE SOUZA LEAO;1544;;IMPERIO DOS PAES;BOA VIAGEM;;SUBURBIO;ABALROAMENTO LONGITUDINAL;1.0;1.0;0.0;0.0;0.0;0.0;0.0;0.0;0.0;0.0;0.0;Longo da via;Bom;Não existe;Perfeito estado;Seca;Perfeito estado;Não existe;Não há placas;30 km/h;Única;Faixa seccionada;;;Noite
571;22/01/2020;18:20:00;SEM VÍTIMA;FINALIZADA;IMBIRIBEIRA;RUA ITAJAI;501;RUA ITACARE;PRÓX A FERREIRA COSTA E ESPAÇO ABERTO;IMBIRIBEIRA;;;CHOQUE OBJETO FIXO;0.0;0.0;0.0;0.0;0.0;0.0;1.0;0.0;0.0;0.0;0.0;;;;;;;;;;;;;;Noite
572;22/01/2020;19:12:00;SEM VÍTIMA;FINALIZADA;BOA VISTA;RUA GERVASIO PIRES;585;;AO LADO DO HOSPITAL DO EXÉRCITO - HGE;BOA VISTA;41.0;;ABALROAMENTO LONGITUDINAL;2.0;0.0;0.0;0.0;0.0;0.0;0.0;0.0;0.0;0.0;0.0;Longo da via;Bom;Sem defeito;Perfeito estado;Seca;Perfeito estado;Faixa de pedestre;Não há placas;;Única;Não existe;;;Noite
573;22/01/2020;19:52:00;SEM VÍTIMA;FINALIZADA;BOA VISTA;RUA JOSE DE ALENCAR;;RUA BARAO DE SAO BORJA;;BOA VISTA;;;ABALROAMENTO TRANSVERSAL;2.0;0.0;0.0;0.0;0.0;0.0;0.0;0.0;0.0;0.0;0.0;Cruzamento;Bom;Não existe;Perfeito estado;Seca;Perfeito estado;Não existe;Placas Pare;30 km/h;Única;Não existe;;;Noite
574;22/01/2020;20:22:00;SEM VÍTIMA;FINALIZADA;CAÇOTE;RUA GUARACI;8;RUA AURORA CACOTE;;CAÇOTE;;SUBURBIO;CHOQUE VEÍCULO PARADO;1.0;0.0;0.0;0.0;0.0;0.0;1.0;0.0;0.0;0.0;0.0;Longo da via;Bom;Não existe;Não existente;Seca;Perfeito estado;Não existe;Não há placas;;Dupla;Não existe;;;Noite
575;23/01/2020;00:43:00;SEM VÍTIMA;FINALIZADA;SÃO JOSÉ;RUA IMPERIAL;1032;;E/F AO HOTEL CRISTAL;SÃO JOSÉ;;SUBURBIO;CHOQUE OBJETO FIXO;1.0;0.0;0.0;0.0;0.0;0.0;0.0;0.0;0.0;0.0;0.0;Longo da via;Bom;Não existe;Perfeito estado;Seca;Perfeito estado;Não existe;Não há placas;;Única;Faixa seccionada;;;Madrugada
576;23/01/2020;01:00:00;SEM VÍTIMA;FINALIZADA;BOA VIAGEM;RUA DEZ DE JULHO;;RUA CAMBOIM;;BOA VIAGEM;;;ABALROAMENTO TRANSVERSAL;1.0;0.0;0.0;0.0;0.0;1.0;0.0;0.0;0.0;0.0;0.0;Cruzamento;Bom;Não existe;Perfeito estado;Seca;Perfeito estado;Não existe;Placas Pare;60 km/h;Única;Faixa seccionada;;;Madrugada
577;23/01/2020;07:34:00;COM VÍTIMA;FINALIZADA;BOA VISTA;RUA AURORA;;RUA PRINCESA IZABEL;;BOA VISTA;22.0;CIDADE;TOMBAMENTO;0.0;1.0;0.0;0.0;0.0;0.0;0.0;0.0;0.0;1.0;0.0;Cruzamento;Bom;Sem defeito;Perfeito estado;Oleosa;Perfeito estado;;Não há placas;40 km/h;Única;Faixa contínua;;;Manhã
578;23/01/2020;09:35:00;SEM VÍTIMA;FINALIZADA;ILHA JOANA BEZERRA;;;;AO LADO DO FORUM DA JOANA BEZERRA;ILHA JOANA BEZERRA;38.0;SUBURBIO;COLISÃO TRASEIRA;2.0;0.0;0.0;0.0;0.0;0.0;0.0;0.0;0.0;0.0;0.0;Longo da via;Bom;Sem defeito;Perfeito estado;Seca;Perfeito estado;Faixa de pedestre;R-6c;;Dupla;Canteiro central;;;Manhã
579;23/01/2020;10:19:00;SEM VÍTIMA;FINALIZADA;PRADO;EST DOS REMEDIOS;2034;;AO LADO DO BOB'S;PRADO;;;COLISÃO TRASEIRA;2.0;0.0;0.0;0.0;0.0;0.0;0.0;0.0;0.0;0.0;0.0;Longo da via;Bom;Não existe;Perfeito estado;Seca;Perfeito estado;Não existe;R-6a;;Única;Faixa contínua;;;Manhã
580;23/01/2020;10:35:00;SEM VÍTIMA;FINALIZADA;BAIRRO DO RECIFE;CAIS DO APOLO;;;EM FRENTE A PREFEITURA DO RECIFE;BAIRRO DO RECIFE;340.0;CIDADE;COLISÃO TRASEIRA;2.0;0.0;0.0;0.0;0.0;0.0;0.0;0.0;0.0;0.0;0.0;Longo da via;Bom;Sem defeito;Perfeito estado;Seca;Perfeito estado;Agente;Outras;;Dupla;Faixa contínua;Canteiro central;;Manhã
581;23/01/2020;11:03:00;SEM VÍTIMA;FINALIZADA;SANTO AMARO;AV GOVERNADOR AGAMENON MAGALHAES;130;;PRÓXIMO AO POSTO DE COMBUSTÍVEL DISLUB;SANTO AMARO;378.0;;ABALROAMENTO LONGITUDINAL;1.0;0.0;0.0;0.0;0.0;1.0;0.0;0.0;0.0;0.0;0.0;Cruzamento;Bom;Sem defeito;Perfeito estado;Seca;Perfeito estado;Não existe;;60 km/h;Dupla;Canteiro central;;;Manhã
582;23/01/2020;11:25:00;COM VÍTIMA;FINALIZADA;CAXANGÁ;AV CAXANGA;1381;;EM FRENTE AO SUPERMERCADO STYLLO- SENT. CIDADE. IGREJA DE SÃO SEBASTIÃO;CAXANGÁ;;CIDADE;COLISÃO;1.0;2.0;0.0;0.0;0.0;0.0;0.0;0.0;0.0;2.0;0.0;Longo da via;Bom;;Perfeito estado;Seca;Perfeito estado;;;;;;;;Manhã
583;23/01/2020;11:33:00;SEM VÍTIMA;FINALIZADA;;RUA GASTAO VIDIGAL;679;;EM FRENTE AO Nº 679;;;SUBURBIO;COLISÃO TRASEIRA;2.0;0.0;0.0;0.0;0.0;0.0;0.0;0.0;0.0;0.0;0.0;Longo da via;Bom;Não existe;Perfeito estado;Seca;Perfeito estado;Não existe;Não há placas;;Dupla;Faixa contínua;;;Manhã
584;23/01/2020;12:31:00;COM VÍTIMA;FINALIZADA;PINA;AVENIDA CELSO FURTADO (VIA MANGUE);;;PRAÇA MARCANTONIO VILLAÇA;PINA;;CIDADE;COLISÃO TRASEIRA;0.0;1.0;0.0;0.0;0.0;0.0;0.0;0.0;0.0;1.0;0.0;Longo da via;Bom;Não existe;Perfeito estado;Seca;Perfeito estado;Não existe;R-19;60 km/h;Dupla;Canteiro central;;;Tarde
585;23/01/2020;13:21:00;SEM VÍTIMA;FINALIZADA;TORRE;RUA ANTONIO DE PADUA M FERNANDES;666;;;TORRE;;;CHOQUE VEÍCULO PARADO;1.0;0.0;0.0;0.0;0.0;0.0;1.0;0.0;0.0;0.0;0.0;Longo da via;Bom;Não existe;Não existente;Seca;Perfeito estado;Não existe;Não há placas;;Dupla;Não existe;;;Tarde
586;23/01/2020;14:11:00;COM VÍTIMA;FINALIZADA;JORDÃO;AV DONA CARENTINA;2;RUA BOANERGES PEREIRA;NA PRAÇA DO JORDÃO;JORDÃO;581.0;SUBURBIO;COLISÃO TRASEIRA;0.0;2.0;0.0;0.0;0.0;0.0;0.0;0.0;0.0;2.0;0.0;Longo da via;Bom;Sem defeito;Perfeito estado;Seca;Perfeito estado;Faixa de pedestre;Não há placas;;Dupla;Não existe;;;Tarde
587;23/01/2020;14:49:00;SEM VÍTIMA;FINALIZADA;ILHA DO RETIRO;RUA SPORT CLUBE DO RECIFE;;;EM FRENTE AO SPORT CLUB DO RECIFE;ILHA DO RETIRO;355.0;SUBURBIO;ABALROAMENTO LONGITUDINAL;2.0;0.0;0.0;0.0;0.0;0.0;0.0;0.0;0.0;0.0;0.0;;Bom;Sem defeito;Ilegível;Seca;Perfeito estado;Agente;Não há placas;40 km/h;Única;Faixa seccionada;;;Tarde
588;23/01/2020;15:54:00;COM VÍTIMA;FINALIZADA;ENCRUZILHADA;AV BEBERIBE;497;;EM FRENTE A GLAUBEMAR MECÂNICA DE AUTOS;ENCRUZILHADA;;CIDADE;COLISÃO;1.0;1.0;0.0;0.0;0.0;0.0;0.0;0.0;0.0;1.0;0.0;Longo da via;Bom;Não existe;Perfeito estado;Seca;Perfeito estado;Não existe;Não há placas;;Dupla;Faixa contínua;;;Tarde
589;23/01/2020;16:16:00;SEM VÍTIMA;FINALIZADA;JARDIM SÃO PAULO;AV CENTRAL;;;ESTAÇÃO WERNECK;JARDIM SÃO PAULO;;SUBURBIO;ABALROAMENTO LONGITUDINAL;1.0;0.0;0.0;0.0;0.0;1.0;0.0;0.0;0.0;0.0;0.0;Longo da via;Bom;Não existe;Perfeito estado;Seca;Perfeito estado;Não existe;Não há placas;30 km/h;Única;Não existe;;;Tarde
590;23/01/2020;16:38:00;SEM VÍTIMA;FINALIZADA;BOA VIAGEM;RUA VISCONDE DE JEQUITINHONHA;1656;RUA JOSE MOREIRA LEAL;;BOA VIAGEM;;SUBURBIO;ABALROAMENTO TRANSVERSAL;2.0;0.0;0.0;0.0;0.0;0.0;0.0;0.0;0.0;0.0;0.0;;Bom;Não existe;Perfeito estado;Seca;Perfeito estado;Faixa de pedestre;Placas Pare;30 km/h;Única;Faixa seccionada;;;Tarde
591;23/01/2020;17:02:00;SEM VÍTIMA;FINALIZADA;PINA;AV HERCULANO BANDEIRA;716;;ADVOCACIA GERAL DA UNIÃO;PINA;;SUBURBIO;COLISÃO TRASEIRA;2.0;0.0;0.0;0.0;0.0;0.0;0.0;0.0;0.0;0.0;0.0;Longo da via;Bom;Não existe;Perfeito estado;Seca;Perfeito estado;Não existe;Não há placas;;Única;Faixa seccionada;;;Tarde
592;23/01/2020;17:42:00;SEM VÍTIMA;FINALIZADA;SANTO ANTÔNIO;RUA IMPERADOR PEDRO SEGUNDO;221;;AO LADO DO BANCO SANTANDER;SANTO ANTÔNIO;;CIDADE;ABALROAMENTO LONGITUDINAL;1.0;0.0;0.0;0.0;0.0;0.0;1.0;0.0;0.0;0.0;0.0;Longo da via;Bom;Não existe;Perfeito estado;Seca;Perfeito estado;Não existe;Não há placas;;Única;Faixa seccionada;;;Tarde
593;23/01/2020;18:47:00;SEM VÍTIMA;FINALIZADA;BOA VIAGEM;RUA FRANCISCO DA CUNHA;530;RUA DONA BENVINDA DE FARIAS;AO LADO DO EDF. BESSY;BOA VIAGEM;;SUBURBIO;ABALROAMENTO LONGITUDINAL;2.0;0.0;0.0;0.0;0.0;0.0;0.0;0.0;0.0;0.0;0.0;Cruzamento;Bom;Não existe;Perfeito estado;Seca;Perfeito estado;Não existe;Placas Pare;;Única;Não existe;;;Noite
594;23/01/2020;19:21:00;SEM VÍTIMA;FINALIZADA;IPUTINGA;AV CAXANGA;;;ESTAÇÃO DO BRT ENGENHO POETA;IPUTINGA;228.0;CIDADE;COLISÃO TRASEIRA;2.0;0.0;0.0;0.0;0.0;0.0;0.0;0.0;0.0;0.0;0.0;Longo da via;Bom;Sem defeito;Perfeito estado;Seca;Mal iluminada;Faixa de pedestre;Outras;;Dupla;Canteiro central;;;Noite
595;23/01/2020;21:17:00;SEM VÍTIMA;FINALIZADA;DERBY;RUA JENER DE SOUZA;;;SEMÁFORO Nº 418;DERBY;418.0;CIDADE;ABALROAMENTO LONGITUDINAL;1.0;0.0;0.0;0.0;0.0;0.0;1.0;0.0;0.0;0.0;0.0;Longo da via;Bom;Sem defeito;Perfeito estado;Seca;Perfeito estado;Faixa de pedestre;Outras;;Única;Faixa contínua;Faixa seccionada;Canteiro central;Noite
596;23/01/2020;22:11:00;SEM VÍTIMA;FINALIZADA;BOA VIAGEM;AV MARECHAL JUAREZ TAVORA;440;;;BOA VIAGEM;;SUBURBIO;COLISÃO TRASEIRA;2.0;0.0;0.0;0.0;0.0;0.0;0.0;0.0;0.0;0.0;0.0;Longo da via;Bom;Não existe;Perfeito estado;Seca;Perfeito estado;Não existe;Não há placas;;Única;Faixa seccionada;;;Noite
597;23/01/2020;22:23:00;COM VÍTIMA;FINALIZADA;ESPINHEIRO;RUA DO ESPINHEIRO;200;RUA SANTO ELIAS;;ESPINHEIRO;;CIDADE;ABALROAMENTO TRANSVERSAL;1.0;1.0;0.0;0.0;0.0;0.0;0.0;0.0;0.0;1.0;0.0;Cruzamento;Bom;Não existe;Incompleta;Seca;Perfeito estado;Faixa de pedestre;R-6a;;Única;Faixa contínua;;;Noite
598;24/01/2020;07:55:00;SEM VÍTIMA;FINALIZADA;TAMARINEIRA;AV CONS ROSA E SILVA;;RUA CONEGO BARATA;SOB O SEMÁFORO 061 SENTIDO ÚNICO;TAMARINEIRA;61.0;;COLISÃO TRASEIRA;1.0;1.0;0.0;0.0;0.0;0.0;0.0;0.0;0.0;0.0;0.0;Cruzamento;Bom;Sem defeito;Perfeito estado;Seca;Perfeito estado;Agente;Não há placas;60 km/h;Única;Não existe;;;Manhã