indice;data;hora;natureza_acidente;situacao;bairro;endereco;numero;detalhe_endereco_acidente;complemento;bairro_cruzamento;num_semaforo;sentido_via;tipo;auto;moto;ciclom;ciclista;pedestre;onibus;caminhao;viatura;outros;vitimas;vitimasfatais;acidente_verificado;tempo_clima;situacao_semaforo;sinalizacao;condicao_via;conservacao_via;ponto_controle;situacao_placa;velocidade_max_via;mao_direcao;divisao_via1;divisao_via2;divisao_via3;turno
599;24/01/2020;08:39:00;COM VÍTIMA;FINALIZADA;IPUTINGA;AV CAXANGA;3217;;E/F A DISNOVE;IPUTINGA;;CIDADE;COLISÃO TRASEIRA;0.0;2.0;0.0;0.0;0.0;0.0;0.0;0.0;0.0;1.0;0.0;Longo da via;Bom;Não existe;Perfeito estado;Seca;Perfeito estado;Não existe;Outras;;Dupla;Faixa contínua;Faixa seccionada;Canteiro central;Manhã
600;24/01/2020;10:45:00;SEM VÍTIMA;FINALIZADA;TORRÕES;RUA ANTONIO CARLOS;74;;ESQUINA DO COLEGIO FANTAINHA DE ABREU;TORRÕES;;SUBURBIO;ABALROAMENTO LONGITUDINAL;1.0;0.0;0.0;0.0;0.0;0.0;1.0;0.0;0.0;0.0;0.0;Longo da via;Bom;Não existe;Incompleta;Seca;Perfeito estado;Não existe;Não há placas;;Única;Não existe;;;Manhã
601;24/01/2020;11:14:00;SEM VÍTIMA;FINALIZADA;PINA;AV HERCULANO BANDEIRA;840;RUA MANOEL DE BRITO;AO LADO DA PASSARELA DA AV. HERCULANO BANDEIRA;PINA;;SUBURBIO;COLISÃO FRONTAL;1.0;0.0;0.0;0.0;0.0;1.0;0.0;0.0;0.0;0.0;0.0;Longo da via;Bom;Não existe;Perfeito estado;Seca;Perfeito estado;Agente;Não há placas;60 km/h;Única;Faixa seccionada;;;Manhã
602;24/01/2020;11:19:00;SEM VÍTIMA;FINALIZADA;DERBY;RUA HENRIQUE DIAS;;;EM FRENTE AO COLÉGIO DA POLÍCIA MILITAR;DERBY;;CIDADE;ABALROAMENTO LONGITUDINAL;1.0;1.0;0.0;0.0;0.0;0.0;0.0;0.0;0.0;0.0;0.0;Longo da via;Bom;Não existe;Perfeito estado;Seca;Perfeito estado;Outros;Não há placas;;Única;Faixa seccionada;;;Manhã
603;24/01/2020;11:31:00;SEM VÍTIMA;FINALIZADA;SANTO AMARO;AV GOVERNADOR AGAMENON MAGALHAES;3158;;;SANTO AMARO;;;ABALROAMENTO LONGITUDINAL;1.0;0.0;0.0;0.0;0.0;0.0;1.0;0.0;0.0;0.0;0.0;Longo da via;Bom;Não existe;Perfeito estado;Seca;Perfeito estado;Não existe;R-6a;;Dupla;Canteiro central;;;Manhã
604;24/01/2020;11:56:00;SEM VÍTIMA;FINALIZADA;GRAÇAS;AV GOVERNADOR AGAMENON MAGALHAES;1114;RUA DR BANDEIRA FILHO;;GRAÇAS;173.0;;COLISÃO TRASEIRA;2.0;0.0;0.0;0.0;0.0;0.0;0.0;0.0;0.0;0.0;0.0;Cruzamento;Bom;Sem defeito;Perfeito estado;Seca;Perfeito estado;Faixa de pedestre;Outras;60 km/h;Dupla;Faixa contínua;Faixa seccionada;Canteiro central;Manhã
605;24/01/2020;12:47:00;SEM VÍTIMA;FINALIZADA;CASA AMARELA;AV PROFESSOR JOSE DOS ANJOS;;AV NORTE;;CASA AMARELA;364.0;SUBURBIO;ABALROAMENTO LONGITUDINAL;1.0;0.0;0.0;0.0;0.0;0.0;1.0;0.0;0.0;0.0;0.0;Cruzamento;Bom;Sem defeito;Perfeito estado;Seca;Perfeito estado;Faixa de pedestre;Outras;;Única;Faixa seccionada;;;Tarde
606;24/01/2020;13:21:00;COM VÍTIMA;FINALIZADA;AFOGADOS;RUA SAO MIGUEL;1541;RUA JOVELINO SELVA;E/F A ARMAZEM CORAL;AFOGADOS;;SUBURBIO;COLISÃO TRASEIRA;0.0;1.0;0.0;0.0;0.0;0.0;1.0;0.0;0.0;1.0;0.0;Longo da via;Bom;Não existe;Perfeito estado;Seca;Perfeito estado;Não existe;R-6a;;Dupla;Faixa contínua;;;Tarde
607;24/01/2020;13:44:00;SEM VÍTIMA;FINALIZADA;BAIRRO DO RECIFE;RUA MADRE DEUS;27;RUA PROFESSOR ALOISIO MAGALHAES;PONTE GIRATÓRIA;BAIRRO DO RECIFE;477.0;SUBURBIO;COLISÃO TRASEIRA;1.0;0.0;0.0;0.0;0.0;0.0;0.0;0.0;1.0;0.0;0.0;Longo da via;Bom;Sem defeito;Perfeito estado;Seca;Perfeito estado;Faixa de retenção;;;Única;Blocos;;;Tarde
608;24/01/2020;13:52:00;COM VÍTIMA;FINALIZADA;ROSARINHO;AV NORTE;3476;;PRÓX A PADARIA ROSARINHO;ROSARINHO;456.0;SUBURBIO;COLISÃO COM CICLISTA;1.0;0.0;0.0;1.0;0.0;0.0;0.0;0.0;0.0;1.0;0.0;Longo da via;Bom;Sem defeito;Perfeito estado;Seca;Perfeito estado;Faixa de pedestre;Outras;;Dupla;Canteiro central;;;Tarde
609;24/01/2020;14:13:00;SEM VÍTIMA;FINALIZADA;IBURA;AV RECIFE;3672;;MAXI RATIFICA;IBURA;;CIDADE;COLISÃO TRASEIRA;2.0;0.0;0.0;0.0;0.0;0.0;0.0;0.0;0.0;0.0;0.0;Longo da via;Bom;Não existe;Perfeito estado;Seca;Perfeito estado;Não existe;R-6a;;Dupla;Canteiro central;;;Tarde
610;24/01/2020;14:32:00;SEM VÍTIMA;FINALIZADA;IPSEP;RUA ADERBAL DE MELO;301;RUA PROFESSOR JOSE VICENTE;;IPSEP;;CIDADE;ABALROAMENTO LONGITUDINAL;2.0;0.0;0.0;0.0;0.0;0.0;0.0;0.0;0.0;0.0;0.0;Cruzamento;Bom;Não existe;Não existente;Seca;Perfeito estado;Não existe;Não há placas;;Dupla;Não existe;;;Tarde
611;24/01/2020;14:45:00;SEM VÍTIMA;FINALIZADA;DERBY;RUA DR SEVERINO PINHEIRO;;AV GOVERNADOR AGAMENON MAGALHAES;EM FRENTE AO SEMÁFORO 075;DERBY;;CIDADE;ABALROAMENTO LONGITUDINAL;1.0;0.0;0.0;0.0;0.0;1.0;0.0;0.0;0.0;0.0;0.0;Longo da via;Bom;Sem defeito;Perfeito estado;Seca;Perfeito estado;Faixa de pedestre;Não há placas;60 km/h;Dupla;Canteiro central;;;Tarde
612;24/01/2020;15:21:00;SEM VÍTIMA;FINALIZADA;BOA VIAGEM;RUA VISCONDE DE JEQUITINHONHA;1418;;E/F AO EDF CARA VELAS;BOA VIAGEM;;;COLISÃO;2.0;0.0;0.0;0.0;0.0;0.0;0.0;0.0;0.0;0.0;0.0;;;;;;;;;;;;;;Tarde
613;24/01/2020;15:31:00;SEM VÍTIMA;FINALIZADA;PARNAMIRIM;AV PARNAMIRIM;95;;EM FRENTE AO HOSPITAL MARIA LUCINDA;PARNAMIRIM;460.0;CIDADE;ABALROAMENTO LONGITUDINAL;0.0;1.0;0.0;0.0;0.0;1.0;0.0;0.0;0.0;0.0;0.0;Longo da via;Chuvoso;Sem defeito;Perfeito estado;Molhada;Perfeito estado;Faixa de pedestre;Não há placas;;Única;Faixa contínua;;;Tarde
614;24/01/2020;15:32:00;COM VÍTIMA;FINALIZADA;CORDEIRO;AV CAXANGA;;RUA ANTERO MOTA;PROX AO PARQUE DE EXPOSIÇÃO DE ANIMAIS. EM FRENTE AO BANCO DO BRASIL;CORDEIRO;;SUBURBIO;TOMBAMENTO;0.0;1.0;0.0;0.0;0.0;0.0;0.0;0.0;0.0;1.0;0.0;Longo da via;Chuvoso;Sem defeito;Perfeito estado;Seca;Perfeito estado;Faixa de pedestre;R-6a;;Dupla;Canteiro central;;;Tarde
615;24/01/2020;15:49:00;SEM VÍTIMA;FINALIZADA;BAIRRO DO RECIFE;CAIS DO APOLO;;;EM FRENTE AO SEMÁFORO Nº 019;BAIRRO DO RECIFE;19.0;SUBURBIO;COLISÃO TRASEIRA;1.0;0.0;0.0;0.0;0.0;1.0;0.0;0.0;0.0;0.0;0.0;Longo da via;Bom;Sem defeito;Perfeito estado;Seca;Perfeito estado;Faixa de pedestre;Outras;;Dupla;Canteiro central;;;Tarde
616;24/01/2020;15:52:00;SEM VÍTIMA;FINALIZADA;AFLITOS;RUA DAS CREOULAS;;AV RUI BARBOSA;;AFLITOS;102.0;CIDADE;ABALROAMENTO LONGITUDINAL;2.0;0.0;0.0;0.0;0.0;0.0;0.0;0.0;0.0;0.0;0.0;Cruzamento;Bom;Sem defeito;Perfeito estado;Seca;Perfeito estado;Faixa de pedestre;;;Única;;;;Tarde
617;24/01/2020;16:10:00;SEM VÍTIMA;FINALIZADA;TAMARINEIRA;AV NORTE;;RUA CONEGO BARATA;;TAMARINEIRA;62.0;CIDADE;COLISÃO TRASEIRA;2.0;0.0;0.0;0.0;0.0;0.0;0.0;0.0;0.0;0.0;0.0;;Chuvoso;Sem defeito;Perfeito estado;Seca;Perfeito estado;Faixa de pedestre;R-6a;;Dupla;Faixa contínua;Faixa seccionada;Canteiro central;Tarde
618;24/01/2020;16:32:00;COM VÍTIMA;FINALIZADA;TAMARINEIRA;RUA PADRE ROMA;;EST DO ARRAIAL;LADO OPOSTO A HI ACADEMIA;TAMARINEIRA;61.0;;COLISÃO COM CICLISTA;1.0;0.0;0.0;1.0;0.0;0.0;0.0;0.0;0.0;1.0;0.0;Cruzamento;Bom;Sem defeito;Perfeito estado;Seca;Perfeito estado;Faixa de pedestre;Outras;;Única;Faixa seccionada;;;Tarde
619;24/01/2020;16:48:00;SEM VÍTIMA;FINALIZADA;MADALENA;RUA BENFICA;1015;;EM FRENTE A AUTO PNEUS;MADALENA;;CIDADE;ABALROAMENTO LONGITUDINAL;2.0;0.0;0.0;0.0;0.0;0.0;0.0;0.0;0.0;0.0;0.0;Longo da via;Bom;Não existe;Perfeito estado;Seca;Perfeito estado;Não existe;Outras;;Única;Faixa seccionada;;;Tarde
620;24/01/2020;16:49:00;SEM VÍTIMA;FINALIZADA;IBURA;AV DOIS RIOS;;LAD DA COHAB;;IBURA;;CIDADE;ABALROAMENTO LONGITUDINAL;0.0;1.0;0.0;0.0;0.0;1.0;0.0;0.0;0.0;0.0;0.0;Cruzamento;Bom;Não existe;Perfeito estado;Seca;Perfeito estado;Não existe;Placas Pare;;;;;;Tarde
621;24/01/2020;18:09:00;COM VÍTIMA;FINALIZADA;BOA VIAGEM;RUA BALTAZAR PASSOS;53;RUA SETUBAL;E/F AO EDF COSTA DOS NAVEGANTES;BOA VIAGEM;;;ABALROAMENTO LONGITUDINAL;1.0;1.0;0.0;0.0;0.0;0.0;0.0;0.0;0.0;1.0;0.0;Longo da via;Bom;Não existe;Perfeito estado;Seca;Perfeito estado;Não existe;Outras;;Única;Faixa seccionada;;;Noite
622;24/01/2020;18:05:00;SEM VÍTIMA;FINALIZADA;IBURA;RUA MARECHAL TAUMATURGO;23;;ESCOLA FUTURO CIDADÃO;IBURA;;SUBURBIO;CHOQUE VEÍCULO PARADO;2.0;0.0;0.0;0.0;0.0;0.0;0.0;0.0;0.0;0.0;0.0;Longo da via;Bom;Não existe;Perfeito estado;Seca;Perfeito estado;Não existe;Não há placas;;Dupla;Não existe;;;Noite
623;24/01/2020;19:20:00;SEM VÍTIMA;FINALIZADA;BOA VISTA;AV CONDE DA BOA VISTA;1274;;;BOA VISTA;;;ABALROAMENTO LONGITUDINAL;1.0;0.0;0.0;0.0;0.0;1.0;0.0;0.0;0.0;0.0;0.0;Longo da via;Bom;Não existe;Perfeito estado;Seca;Perfeito estado;Outros;Outras;;Dupla;Canteiro central;;;Noite
624;24/01/2020;19:44:00;SEM VÍTIMA;FINALIZADA;BOA VIAGEM;RUA VISCONDE DE JEQUITINHONHA;350;;SHOPPING RECIFE;BOA VIAGEM;;CIDADE;ABALROAMENTO LONGITUDINAL;2.0;0.0;0.0;0.0;0.0;0.0;0.0;0.0;0.0;0.0;0.0;Longo da via;Bom;Não existe;Perfeito estado;Seca;Perfeito estado;Faixa de pedestre;Não há placas;40 km/h;Única;Não existe;;;Noite
625;24/01/2020;19:55:00;COM VÍTIMA;FINALIZADA;SÃO JOSÉ;CAIS DA DETENCAO;;;POR TRÁS DA CASA DA CULTURA;SÃO JOSÉ;;CIDADE;ATROPELAMENTO;1.0;0.0;0.0;0.0;1.0;0.0;0.0;0.0;0.0;1.0;0.0;Longo da via;Bom;Não existe;Perfeito estado;Seca;Perfeito estado;;R-6a;40 km/h;Única;;;;Noite
626;24/01/2020;21:14:00;COM VÍTIMA;FINALIZADA;CASA FORTE;AV DEZESSETE DE AGOSTO;251;RUA PIAUI;SEMÁFORO 251/ PRÓX AO MUSEU DO HOMEM DO NORDESTE E COLÉGIO MONTEIRO;CASA FORTE;251.0;CIDADE;ABALROAMENTO TRANSVERSAL;1.0;1.0;0.0;0.0;0.0;0.0;0.0;0.0;0.0;1.0;0.0;Outros;Bom;Sem defeito;Incompleta;Seca;Perfeito estado;Faixa de pedestre;Não há placas;;Dupla;Faixa contínua;;;Noite
627;24/01/2020;21:15:00;SEM VÍTIMA;FINALIZADA;AFOGADOS;RUA PADRE TEOFILO TWORZ;;RUA COSME VIANA;;AFOGADOS;503.0;SUBURBIO;ABALROAMENTO LONGITUDINAL;2.0;0.0;0.0;0.0;0.0;0.0;0.0;0.0;0.0;0.0;0.0;Cruzamento;Bom;Sem defeito;Perfeito estado;Seca;Perfeito estado;Faixa de pedestre;Outras;;Única;Faixa seccionada;;;Noite
628;24/01/2020;22:04:00;SEM VÍTIMA;FINALIZADA;SÃO JOSÉ;RUA N S DO CARMO;660;;EM FRENTE AO EDIFÍCIO INCONFIDÊNCIA;SÃO JOSÉ;203.0;CIDADE;ABALROAMENTO LONGITUDINAL;2.0;0.0;0.0;0.0;0.0;0.0;0.0;0.0;0.0;0.0;0.0;Longo da via;Bom;Sem defeito;Perfeito estado;Seca;Perfeito estado;Faixa de retenção;Não há placas;;Dupla;Faixa contínua;;;Noite
629;25/01/2020;03:47:00;COM VÍTIMA;FINALIZADA;IMBIRIBEIRA;AV PRESIDENTE DUTRA;;;ANTES DA BIFURCAÇÃO- SENTIDO AEROPORTO E APÓS O RESTAURANTE SAL E BRASA;IMBIRIBEIRA;;SUBURBIO;COLISÃO COM CICLISTA;1.0;0.0;0.0;1.0;0.0;0.0;0.0;0.0;0.0;1.0;0.0;Longo da via;Bom;Não existe;Perfeito estado;Seca;Perfeito estado;Outros;Outras;;Dupla;Faixa seccionada;Faixa contínua;;Madrugada
630;25/01/2020;07:26:00;COM VÍTIMA;FINALIZADA;ÁGUA FRIA;AV BEBERIBE;1919;;EM FRENTE AO MERCADO DE AGUA FRIA. MAGAZINE LUIZA.;ÁGUA FRIA;;SUBURBIO;COLISÃO COM CICLISTA;0.0;0.0;0.0;1.0;0.0;1.0;0.0;0.0;0.0;1.0;0.0;Longo da via;Bom;Não existe;Perfeito estado;Seca;Perfeito estado;Não existe;Outras;;Dupla;Faixa contínua;;;Manhã
631;25/01/2020;08:11:00;SEM VÍTIMA;FINALIZADA;BOA VIAGEM;RUA JOAO CARDOSO AIRES;705;;EM FRENTE AO COLÉGIO MADRE DE DEUS;BOA VIAGEM;478.0;SUBURBIO;COLISÃO TRASEIRA;2.0;0.0;0.0;0.0;0.0;0.0;0.0;0.0;0.0;0.0;0.0;Longo da via;Bom;Sem defeito;Perfeito estado;Seca;Perfeito estado;Faixa de pedestre;R-6a;;Única;Faixa seccionada;;;Manhã
632;25/01/2020;08:46:00;SEM VÍTIMA;FINALIZADA;PINA;PTE GOVERNADOR PAULO GUERRA;;;SOBRE A PONTE PISTA DE ACESSO AO SHOPPING RIO MAR;PINA;;SUBURBIO;COLISÃO COM CICLISTA;1.0;0.0;0.0;1.0;0.0;0.0;0.0;0.0;0.0;0.0;0.0;Longo da via;Bom;Não existe;Perfeito estado;Seca;Perfeito estado;Outros;Outras;60 km/h;Única;Faixa seccionada;;;Manhã
633;25/01/2020;09:16:00;COM VÍTIMA;FINALIZADA;AFOGADOS;RUA SAO MIGUEL;110;RUA PEDRO CABRAL DE OLIVEIRA;CARTORIO DE AFOGADOS. FACULDADE FAREC / IPESU.;AFOGADOS;300.0;CIDADE;ABALROAMENTO LONGITUDINAL;0.0;1.0;0.0;0.0;0.0;1.0;0.0;0.0;0.0;1.0;0.0;Longo da via;Bom;Sem defeito;Perfeito estado;Seca;Perfeito estado;Agente;R-6a;;Única;;;;Manhã
634;25/01/2020;10:42:00;SEM VÍTIMA;FINALIZADA;BOA VISTA;RUA PRINCESA IZABEL;;RUA DO HOSPICIO;;BOA VISTA;31.0;CIDADE;ABALROAMENTO LONGITUDINAL;1.0;1.0;0.0;0.0;0.0;0.0;0.0;0.0;0.0;0.0;0.0;Cruzamento;Nublado;Sem defeito;Perfeito estado;Seca;Perfeito estado;Não existe;R-6a;;Única;Faixa seccionada;;;Manhã
635;25/01/2020;10:46:00;SEM VÍTIMA;FINALIZADA;ENCRUZILHADA;AV JOAO DE BARROS;1800;;EM FRENTE AO ETEPAM;ENCRUZILHADA;;CIDADE;ABALROAMENTO LONGITUDINAL;1.0;0.0;0.0;0.0;0.0;1.0;0.0;0.0;0.0;0.0;0.0;Longo da via;Bom;Não existe;Perfeito estado;Seca;Perfeito estado;Não existe;R-6a;;Única;Faixa seccionada;;;Manhã
636;25/01/2020;10:54:00;SEM VÍTIMA;FINALIZADA;PINA;RUA COMENDADOR MORAES;10A;AV ANTONIO DE GOES;AO LADO DO EMPRESARIAL JCPM;PINA;;SUBURBIO;ABALROAMENTO LONGITUDINAL;1.0;0.0;0.0;0.0;0.0;0.0;1.0;0.0;0.0;0.0;0.0;Longo da via;Bom;Não existe;Perfeito estado;Seca;Perfeito estado;Faixa de pedestre;Não há placas;;Dupla;;;;Manhã
637;25/01/2020;11:51:00;SEM VÍTIMA;FINALIZADA;BOA VIAGEM;RUA SETUBAL;596;;EM FRENTE AO Nº 596;BOA VIAGEM;;;ABALROAMENTO LONGITUDINAL;1.0;1.0;0.0;0.0;0.0;0.0;0.0;0.0;0.0;0.0;0.0;Longo da via;Bom;Não existe;Perfeito estado;Seca;Perfeito estado;Não existe;R-6a;;Única;Faixa seccionada;;;Manhã
638;25/01/2020;12:31:00;SEM VÍTIMA;FINALIZADA;CAMPO GRANDE;RUA MARECHAL DEODORO;700;;UNIDADE DE SAÚDE DA FAMÍLIA ILHA DE JANEIRO;CAMPO GRANDE;;;CHOQUE VEÍCULO PARADO;1.0;0.0;0.0;0.0;0.0;0.0;0.0;0.0;0.0;0.0;0.0;Longo da via;Bom;Não existe;Perfeito estado;Seca;Perfeito estado;Não existe;R-6a;30 km/h;Dupla;Faixa seccionada;;;Tarde
639;25/01/2020;13:21:00;SEM VÍTIMA;FINALIZADA;PARNAMIRIM;RUA JOAO TUDE DE MELO;;RUA VIRGINIA LORETO;POSTO DE COMBUSTÍVEL PETRO MEGA;PARNAMIRIM;649.0;;ABALROAMENTO TRANSVERSAL;1.0;1.0;0.0;0.0;0.0;0.0;0.0;0.0;0.0;0.0;0.0;Cruzamento;Bom;Sem defeito;Perfeito estado;Seca;Perfeito estado;Faixa de pedestre;R-6a;40 km/h;Única;Faixa seccionada;;;Tarde
640;25/01/2020;13:27:00;SEM VÍTIMA;FINALIZADA;CASA AMARELA;EST DO ARRAIAL;4526;;;CASA AMARELA;;SUBURBIO;ABALROAMENTO LONGITUDINAL;3.0;0.0;0.0;0.0;0.0;0.0;0.0;0.0;0.0;0.0;0.0;Longo da via;Bom;Não existe;Perfeito estado;Seca;Perfeito estado;Outros;Outras;;Única;Faixa seccionada;;;Tarde
641;25/01/2020;13:31:00;SEM VÍTIMA;FINALIZADA;PINA;AV REPUBLICA ARABE UNIDA;78;;EDF. QUARTIER SAINT HONOÚ;PINA;;SUBURBIO;ABALROAMENTO LONGITUDINAL;2.0;0.0;0.0;0.0;0.0;0.0;0.0;0.0;0.0;0.0;0.0;Longo da via;Bom;Não existe;Não existente;Seca;Perfeito estado;Não existe;Não há placas;;Única;Faixa seccionada;;;Tarde
642;25/01/2020;13:59:00;SEM VÍTIMA;FINALIZADA;MUSTARDINHA;RUA JOSE MOREIRA REIS;;;AO LADO DO SESI DA MUSTARDINHA;MUSTARDINHA;;;ABALROAMENTO LONGITUDINAL;1.0;0.0;0.0;0.0;0.0;0.0;1.0;0.0;0.0;0.0;0.0;Longo da via;Bom;Não existe;Não existente;Seca;Perfeito estado;Não existe;Não há placas;30 km/h;Dupla;Não existe;;;Tarde
643;25/01/2020;14:14:00;SEM VÍTIMA;FINALIZADA;BOA VIAGEM;RUA FELIX DE BRITO E MELO;;RUA PROFESSOR ARNALDO CARNEIRO LEAO;ESTACIONAMENTO DO BIG BOMPREÇO;BOA VIAGEM;544.0;CIDADE;ABALROAMENTO TRANSVERSAL;1.0;1.0;0.0;0.0;0.0;0.0;0.0;0.0;0.0;0.0;0.0;Cruzamento;Bom;Sem defeito;Perfeito estado;Seca;Perfeito estado;Faixa de pedestre;R-6a;;Única;Faixa contínua;;;Tarde
644;25/01/2020;14:41:00;COM VÍTIMA;FINALIZADA;MACAXEIRA;RUA JOSE CARLOS NOVAES DA MATA MACHADO;140;;E/F AO BAR DO VINHO;MACAXEIRA;;SUBURBIO;COLISÃO FRONTAL;0.0;1.0;0.0;0.0;0.0;1.0;0.0;0.0;0.0;1.0;0.0;Longo da via;Chuvoso;Não existe;Não existente;Seca;Outros;Não existe;Não há placas;30 km/h;Dupla;Não existe;;;Tarde
645;25/01/2020;14:47:00;SEM VÍTIMA;FINALIZADA;AREIAS;AV DR JOSE RUFINO;1352;;EM FRENTE AO Nº 1352;AREIAS;;;ABALROAMENTO LONGITUDINAL;2.0;0.0;0.0;0.0;0.0;0.0;0.0;0.0;0.0;0.0;0.0;Longo da via;Bom;Não existe;Perfeito estado;Seca;Perfeito estado;Não existe;R-6a;;Dupla;Faixa contínua;;;Tarde
646;25/01/2020;15:30:00;SEM VÍTIMA;FINALIZADA;BOA VIAGEM;RUA ANTONIO FALCAO;190;RUA FRANCISCO DA CUNHA;;BOA VIAGEM;227.0;SUBURBIO;ABALROAMENTO LONGITUDINAL;1.0;1.0;0.0;0.0;0.0;0.0;0.0;0.0;0.0;0.0;0.0;Cruzamento;Bom;Sem defeito;Perfeito estado;Seca;Perfeito estado;Faixa de pedestre;;40 km/h;Única;Não existe;;;Tarde
647;25/01/2020;15:35:00;COM VÍTIMA;FINALIZADA;BOA VIAGEM;AV BOA VIAGEM;5366;;AO LADO DO HOTEL ATLANTE PLAZA;BOA VIAGEM;;CIDADE;ABALROAMENTO LONGITUDINAL;1.0;1.0;0.0;0.0;0.0;0.0;0.0;0.0;0.0;1.0;0.0;Longo da via;Bom;Não existe;Perfeito estado;Seca;Perfeito estado;Não existe;Não há placas;;Única;Faixa seccionada;;;Tarde
648;25/01/2020;15:40:00;SEM VÍTIMA;FINALIZADA;SANTO AMARO;AV GOVERNADOR AGAMENON MAGALHAES;;;CIRCULO MILITAR DO RECIFE;SANTO AMARO;;SUBURBIO;COLISÃO TRASEIRA;3.0;0.0;0.0;0.0;0.0;0.0;0.0;0.0;0.0;0.0;0.0;Longo da via;Nublado;Não existe;Perfeito estado;Seca;Perfeito estado;Não existe;R-19;60 km/h;Única;Faixa contínua;Faixa seccionada;;Tarde
649;25/01/2020;16:04:00;SEM VÍTIMA;FINALIZADA;SÃO JOSÉ;AV SUL;;RUA CARLOS COELHO LEAL VALENTE;;SÃO JOSÉ;260.0;SUBURBIO;ABALROAMENTO TRANSVERSAL;1.0;0.0;0.0;0.0;0.0;1.0;0.0;0.0;0.0;0.0;0.0;Cruzamento;Bom;Sem defeito;Perfeito estado;Seca;Perfeito estado;Faixa de pedestre;Outras;;Dupla;Canteiro central;;;Tarde
650;25/01/2020;17:37:00;SEM VÍTIMA;FINALIZADA;ROSARINHO;AV NORTE;;;;ROSARINHO;456.0;SUBURBIO;CHOQUE OBJETO FIXO;1.0;0.0;0.0;0.0;0.0;0.0;0.0;0.0;0.0;0.0;0.0;Longo da via;Bom;Sem defeito;Perfeito estado;Seca;Perfeito estado;Faixa de pedestre;Não há placas;60 km/h;Dupla;Canteiro central;;;Tarde
651;25/01/2020;18:02:00;SEM VÍTIMA;FINALIZADA;ZUMBI;RUA SOUZA BANDEIRA;1186;AV CAXANGA;APÓS A RUA GREGÓRIO JUNIOR;ZUMBI;236.0;;ABALROAMENTO LONGITUDINAL;1.0;1.0;0.0;0.0;0.0;0.0;0.0;0.0;0.0;0.0;0.0;Cruzamento;Bom;Sem defeito;Perfeito estado;Seca;Perfeito estado;Faixa de pedestre;Outras;40 km/h;Única;Faixa seccionada;;;Noite
652;25/01/2020;18:15:00;SEM VÍTIMA;FINALIZADA;ESPINHEIRO;AV NORTE;1851;RUA MARQUES DO PARANA;SEMÁFORO 056;ESPINHEIRO;56.0;CIDADE;ABALROAMENTO TRANSVERSAL;1.0;1.0;0.0;0.0;0.0;0.0;0.0;0.0;0.0;0.0;0.0;Cruzamento;Bom;Sem defeito;Perfeito estado;Seca;Perfeito estado;Faixa de pedestre;Outras;;Única;Faixa seccionada;;;Noite
653;25/01/2020;18:28:00;SEM VÍTIMA;FINALIZADA;GRAÇAS;RUA BRUNO MAIA;217;;;GRAÇAS;;SUBURBIO;CHOQUE OBJETO FIXO;1.0;0.0;0.0;0.0;0.0;0.0;0.0;0.0;0.0;0.0;0.0;Longo da via;Bom;Não existe;Perfeito estado;Seca;Mal conservada;Não existe;Placas Pare;;Única;Não existe;;;Noite
654;25/01/2020;19:37:00;COM VÍTIMA;FINALIZADA;IBURA;AV RECIFE;;AV DOM HELDER CAMARA;E/F AO POSTO SHELL/ EXTRAFARMA;IBURA;55.0;CIDADE;COLISÃO COM CICLISTA;1.0;0.0;0.0;1.0;0.0;0.0;0.0;0.0;0.0;1.0;0.0;Longo da via;Bom;Sem defeito;Incompleta;Seca;Perfeito estado;Não existe;Não há placas;;Única;Não existe;;;Noite
655;26/01/2020;00:19:00;SEM VÍTIMA;FINALIZADA;CABANGA;PRC GOVERNADOR PAULO GUERRA;;;;CABANGA;662.0;;COLISÃO FRONTAL;2.0;0.0;0.0;0.0;0.0;0.0;0.0;0.0;0.0;0.0;0.0;Longo da via;Bom;Não existe;Perfeito estado;Seca;Perfeito estado;Faixa de pedestre;;60 km/h;Única;Canteiro central;;;Madrugada
656;26/01/2020;01:56:00;SEM VÍTIMA;FINALIZADA;CABANGA;AV ENGENHEIRO JOSE ESTELITA;;;PRÓXIMO AO VIADUTO DAS CINCO PONTAS;CABANGA;;CIDADE;ABALROAMENTO LONGITUDINAL;2.0;0.0;0.0;0.0;0.0;0.0;0.0;0.0;0.0;0.0;0.0;Longo da via;Bom;Não existe;Perfeito estado;Seca;Perfeito estado;Não existe;Não há placas;;Dupla;;;;Madrugada
657;26/01/2020;11:11:00;COM VÍTIMA;FINALIZADA;AFOGADOS;RUA SAO MIGUEL;2012;;EM FRENTE AO POSTO PETROISA;AFOGADOS;;;ABALROAMENTO LONGITUDINAL;1.0;1.0;0.0;0.0;0.0;0.0;0.0;0.0;0.0;1.0;0.0;Longo da via;Bom;;Perfeito estado;Seca;Perfeito estado;;;;Dupla;Faixa contínua;;;Manhã
658;26/01/2020;13:50:00;SEM VÍTIMA;FINALIZADA;BOA VISTA;AV GOVERNADOR AGAMENON MAGALHAES;2764;RUA DR LEOPOLDO LINS;CAIXA ECONOMICA FEDERAL;BOA VISTA;78.0;SUBURBIO;COLISÃO TRASEIRA;2.0;0.0;0.0;0.0;0.0;0.0;0.0;0.0;0.0;0.0;0.0;Longo da via;Bom;Sem defeito;Perfeito estado;Seca;Perfeito estado;Faixa de pedestre;Outras;;Dupla;Faixa contínua;Faixa seccionada;Canteiro central;Tarde