indice;data;hora;natureza_acidente;situacao;bairro;endereco;numero;detalhe_endereco_acidente;complemento;bairro_cruzamento;num_semaforo;sentido_via;tipo;auto;moto;ciclom;ciclista;pedestre;onibus;caminhao;viatura;outros;vitimas;vitimasfatais;acidente_verificado;tempo_clima;situacao_semaforo;sinalizacao;condicao_via;conservacao_via;ponto_controle;situacao_placa;velocidade_max_via;mao_direcao;divisao_via1;divisao_via2;divisao_via3;turno
659;26/01/2020;14:23:00;SEM VÍTIMA;FINALIZADA;BOA VIAGEM;AV CONSELHEIRO AGUIAR;2333;;E/F AO EMPRESARIAL JOÃO ROMA;BOA VIAGEM;;CIDADE;ABALROAMENTO LONGITUDINAL;1.0;0.0;0.0;0.0;0.0;1.0;0.0;0.0;0.0;0.0;0.0;Longo da via;Bom;Não existe;Perfeito estado;Seca;Perfeito estado;Não existe;R-6a;;Única;Faixa seccionada;;;Tarde
660;26/01/2020;15:08:00;SEM VÍTIMA;FINALIZADA;BOA VIAGEM;RUA ERNESTO DE PAULA SANTOS;;RUA DOS NAVEGANTES;HOTEL GRAND MERCURE;BOA VIAGEM;;;ABALROAMENTO TRANSVERSAL;2.0;0.0;0.0;0.0;0.0;0.0;0.0;0.0;0.0;0.0;0.0;Cruzamento;Bom;Não existe;Perfeito estado;Seca;Perfeito estado;;Placas Pare;;Única;;;;Tarde
661;26/01/2020;15:15:00;SEM VÍTIMA;FINALIZADA;IMBIRIBEIRA;RUA ITAMARACA;;RUA JAMAICA;LADO OPOSTO AO Nº 238;IMBIRIBEIRA;;CIDADE;CHOQUE VEÍCULO PARADO;2.0;0.0;0.0;0.0;0.0;0.0;0.0;0.0;0.0;0.0;0.0;Longo da via;Bom;Não existe;Perfeito estado;Seca;Perfeito estado;Não existe;Não há placas;;Única;Não existe;;;Tarde
662;26/01/2020;15:21:00;SEM VÍTIMA;FINALIZADA;BOA VISTA;AV GOVERNADOR AGAMENON MAGALHAES;;AV RUI BARBOSA;;BOA VISTA;37.0;;COLISÃO TRASEIRA;4.0;0.0;0.0;0.0;0.0;0.0;0.0;0.0;0.0;0.0;0.0;Longo da via;Bom;Sem defeito;Perfeito estado;Seca;Perfeito estado;Faixa de pedestre;R-6a;60 km/h;Dupla;Faixa seccionada;Canteiro central;Canal;Tarde
663;26/01/2020;17:16:00;SEM VÍTIMA;FINALIZADA;SANTO AMARO;AV PREFEITO ARTUR LIMA CAVALCANTI;;;LADO OPOSTO AO HOSPITAL NAVAL;SANTO AMARO;;;ABALROAMENTO LONGITUDINAL;2.0;0.0;0.0;0.0;0.0;0.0;0.0;0.0;0.0;0.0;0.0;Longo da via;Bom;Não existe;Perfeito estado;Seca;Perfeito estado;Outros;R-6a;40 km/h;Dupla;Canteiro central;;;Tarde
664;26/01/2020;20:45:00;SEM VÍTIMA;FINALIZADA;BOA VIAGEM;RUA RAUL AZEDO;;RUA FREI LEANDRO;IMÓVEL Nº 95;BOA VIAGEM;;;ABALROAMENTO TRANSVERSAL;2.0;0.0;0.0;0.0;0.0;0.0;0.0;0.0;0.0;0.0;0.0;Cruzamento;Bom;Não existe;Incompleta;Seca;Perfeito estado;Faixa de pedestre;R-6a;30 km/h;Única;;;;Noite
665;27/01/2020;05:43:00;SEM VÍTIMA;FINALIZADA;IPSEP;RUA JEAN EMILE FAVRE;;RUA PADRE LIMA E SA;LANCHONETE MUSTAPAN;IPSEP;;SUBURBIO;ABALROAMENTO TRANSVERSAL;1.0;1.0;0.0;0.0;0.0;0.0;0.0;0.0;0.0;0.0;0.0;Cruzamento;Bom;Não existe;Perfeito estado;Seca;Perfeito estado;Não existe;Placas Pare;40 km/h;Dupla;Faixa contínua;;;Madrugada
666;26/01/2020;22:45:00;COM VÍTIMA;FINALIZADA;SANTO AMARO;AV GOVERNADOR AGAMENON MAGALHAES;;;LADO OPOSTO AO SHOPPING TACARUNA;SANTO AMARO;;CIDADE;COLISÃO COM CICLISTA;1.0;0.0;0.0;1.0;0.0;0.0;0.0;0.0;0.0;1.0;0.0;Longo da via;Bom;Não existe;Ilegível;Seca;Mal iluminada;Não existe;Não há placas;60 km/h;Dupla;Canal;;;Noite
667;27/01/2020;05:47:00;SEM VÍTIMA;FINALIZADA;COELHOS;RUA DR JOSE MARIANO;806;;MADELEI;COELHOS;;CIDADE;CHOQUE VEÍCULO PARADO;2.0;0.0;0.0;0.0;0.0;0.0;0.0;0.0;0.0;0.0;0.0;Longo da via;Bom;Não existe;Incompleta;Seca;Perfeito estado;Não existe;Não há placas;;Única;Não existe;;;Madrugada
668;27/01/2020;06:35:00;SEM VÍTIMA;FINALIZADA;ESPINHEIRO;AV NORTE;;RUA JOSE DE SA CARNEIRO;EM FRENTE A CONCESSIONÁRIA RENAULT;ESPINHEIRO;665.0;;ABALROAMENTO LONGITUDINAL;1.0;1.0;0.0;0.0;0.0;0.0;0.0;0.0;0.0;0.0;0.0;Cruzamento;Bom;Sem defeito;Perfeito estado;Seca;Perfeito estado;Faixa de pedestre;Outras;;Dupla;Faixa seccionada;Canteiro central;;Manhã
669;27/01/2020;06:58:00;SEM VÍTIMA;FINALIZADA;BOA VIAGEM;AV ENGENHEIRO DOMINGOS FERREIRA;3920;;EM FRENTE AO EDIFÍCIO ALICANTE;BOA VIAGEM;;SUBURBIO;CHOQUE OBJETO FIXO;1.0;0.0;0.0;0.0;0.0;0.0;0.0;0.0;0.0;0.0;0.0;Longo da via;Bom;Não existe;Perfeito estado;Seca;Perfeito estado;Não existe;Não há placas;60 km/h;Dupla;Canteiro central;;;Manhã
670;27/01/2020;07:11:00;COM VÍTIMA;FINALIZADA;SANTO ANTÔNIO;AV DANTAS BARRETO;;RUA SIQUEIRA CAMPOS;EM FRENTE AO ANTIGO PREIO DO INSS / POR TRAS DOS CORREIOS;SANTO ANTÔNIO;141.0;SUBURBIO;ATROPELAMENTO;0.0;0.0;0.0;0.0;1.0;1.0;0.0;0.0;0.0;1.0;0.0;Cruzamento;Bom;Sem defeito;Incompleta;Seca;Perfeito estado;Não existe;Não há placas;30 km/h;Dupla;Canteiro central;;;Manhã
671;27/01/2020;08:45:00;SEM VÍTIMA;FINALIZADA;TAMARINEIRA;RUA CONEGO BARATA;420;;;TAMARINEIRA;;SUBURBIO;COLISÃO TRASEIRA;2.0;0.0;0.0;0.0;0.0;0.0;0.0;0.0;0.0;0.0;0.0;Longo da via;Bom;Não existe;Perfeito estado;Seca;Perfeito estado;Não existe;Não há placas;;Dupla;Canteiro central;;;Manhã
672;27/01/2020;08:49:00;SEM VÍTIMA;FINALIZADA;ESPINHEIRO;RUA DR FERNANDO ALLAIN;25;RUA MARQUES DO PARANA;MARTELINHO DE OURO;ESPINHEIRO;;CIDADE;ABALROAMENTO TRANSVERSAL;2.0;0.0;0.0;0.0;0.0;0.0;0.0;0.0;0.0;0.0;0.0;Cruzamento;Bom;Não existe;Incompleta;Seca;Perfeito estado;Faixa de pedestre;R-6a;;Única;Não existe;;;Manhã
673;27/01/2020;09:19:00;SEM VÍTIMA;FINALIZADA;MACAXEIRA;AV NORTE;;AV DA RECUPERACAO;;MACAXEIRA;;SUBURBIO;COLISÃO TRASEIRA;2.0;0.0;0.0;0.0;0.0;1.0;0.0;0.0;0.0;0.0;0.0;;Bom;Não existe;Não existente;Seca;Perfeito estado;Não existe;Não há placas;;Dupla;;;;Manhã
674;27/01/2020;09:44:00;COM VÍTIMA;FINALIZADA;IPSEP;RUA PAMPULHA;;RUA ITAJAI;EM FRENTE AO BUFFET CASA BRABCA;IPSEP;;CIDADE;ABALROAMENTO TRANSVERSAL;1.0;1.0;0.0;0.0;0.0;0.0;0.0;0.0;0.0;2.0;0.0;Cruzamento;Bom;Não existe;;Seca;Perfeito estado;Outros;Placas Pare;;Dupla;Faixa seccionada;;;Manhã
675;27/01/2020;09:56:00;SEM VÍTIMA;FINALIZADA;AFOGADOS;RUA COSME VIANA;;RUA PADRE TEOFILO TWORZ;AO LADO DA TUPAN;AFOGADOS;503.0;SUBURBIO;ABALROAMENTO TRANSVERSAL;2.0;0.0;0.0;0.0;0.0;0.0;0.0;0.0;0.0;0.0;0.0;Cruzamento;Bom;Sem defeito;Incompleta;Seca;Perfeito estado;Faixa de pedestre;Não há placas;;Única;Faixa contínua;Faixa seccionada;;Manhã
676;27/01/2020;10:40:00;SEM VÍTIMA;FINALIZADA;TORRE;RUA ALBERTO PAIVA;;RUA AMELIA;;TORRE;;SUBURBIO;ABALROAMENTO LONGITUDINAL;1.0;0.0;0.0;0.0;0.0;0.0;1.0;0.0;0.0;0.0;0.0;Longo da via;Bom;Sem defeito;Perfeito estado;Seca;Perfeito estado;Faixa de retenção;Outras;;Dupla;Faixa contínua;;;Manhã
677;27/01/2020;11:12:00;SEM VÍTIMA;FINALIZADA;IMBIRIBEIRA;AV MARECHAL MASCARENHAS DE MORAES;2337;;LOJAS FERREIRA COSTA;IMBIRIBEIRA;385.0;CIDADE;ABALROAMENTO LONGITUDINAL;1.0;0.0;0.0;0.0;0.0;1.0;0.0;0.0;0.0;0.0;0.0;Longo da via;Bom;Sem defeito;Perfeito estado;Seca;Perfeito estado;;Não há placas;60 km/h;Dupla;Faixa contínua;Canteiro central;;Manhã
678;27/01/2020;11:15:00;SEM VÍTIMA;FINALIZADA;CORDEIRO;EST DO FORTE DO ARRAIAL N. DO B. JESUS;;RUA PROFESSORA LAURA FERREIRA DA COSTA;FORTE ARRAIAL DO BOM JESUS;CORDEIRO;;SUBURBIO;ABALROAMENTO TRANSVERSAL;1.0;0.0;0.0;0.0;0.0;1.0;0.0;0.0;0.0;0.0;0.0;Cruzamento;Bom;Não existe;Não existente;Seca;Perfeito estado;Não existe;Não há placas;;Dupla;Faixa contínua;;;Manhã
679;27/01/2020;11:18:00;SEM VÍTIMA;FINALIZADA;IMBIRIBEIRA;AV MARECHAL MASCARENHAS DE MORAES;2837;;FORD DIVEPE CAMINHÕES;IMBIRIBEIRA;7.0;CIDADE;ABALROAMENTO LONGITUDINAL;1.0;0.0;0.0;0.0;0.0;0.0;1.0;0.0;0.0;0.0;0.0;Longo da via;Bom;Sem defeito;Perfeito estado;Seca;Perfeito estado;Faixa de pedestre;Outras;;Dupla;Canteiro central;;;Manhã
680;27/01/2020;12:55:00;SEM VÍTIMA;FINALIZADA;BOA VISTA;RUA DA AURORA;;;E/F A AGENCIA DO TRABALHO;BOA VISTA;;;ABALROAMENTO LONGITUDINAL;1.0;0.0;0.0;0.0;0.0;0.0;1.0;0.0;0.0;0.0;0.0;Longo da via;Bom;Sem defeito;Perfeito estado;Seca;Perfeito estado;Faixa de pedestre;;;Única;Faixa contínua;Faixa seccionada;;Tarde
681;27/01/2020;13:19:00;SEM VÍTIMA;FINALIZADA;BOA VIAGEM;AV VINTE DE JANEIRO;1060;RUA JORNALISTA ALFREDO PORTO SILVEIRA;;BOA VIAGEM;;SUBURBIO;ABALROAMENTO TRANSVERSAL;2.0;0.0;0.0;0.0;0.0;0.0;0.0;0.0;0.0;0.0;0.0;Cruzamento;Bom;Não existe;Perfeito estado;Seca;Perfeito estado;Faixa de retenção;Placas Pare;30 km/h;Dupla;Faixa contínua;;;Tarde
682;27/01/2020;13:20:00;SEM VÍTIMA;FINALIZADA;MADALENA;RUA JOSE OSORIO;;AV BEIRA RIO;;MADALENA;387.0;SUBURBIO;COLISÃO TRASEIRA;2.0;0.0;0.0;0.0;0.0;0.0;0.0;0.0;0.0;0.0;0.0;Longo da via;Bom;Sem defeito;Perfeito estado;Seca;Perfeito estado;Faixa de pedestre;Não há placas;60 km/h;Dupla;Faixa contínua;;;Tarde
683;27/01/2020;14:45:00;SEM VÍTIMA;FINALIZADA;BOA VIAGEM;AV ENGENHEIRO DOMINGOS FERREIRA;;RUA HENRIQUE CAPITULINO;;BOA VIAGEM;484.0;SUBURBIO;COLISÃO TRASEIRA;2.0;0.0;0.0;0.0;0.0;0.0;0.0;0.0;0.0;0.0;0.0;Longo da via;Bom;Sem defeito;Perfeito estado;Seca;Perfeito estado;Faixa de pedestre;;;Única;Faixa contínua;Faixa seccionada;Canteiro central;Tarde
684;27/01/2020;14:47:00;SEM VÍTIMA;FINALIZADA;BOA VISTA;RUA PADRE INGLES;367;;EM FRENTE AO Nº 367;BOA VISTA;;;ABALROAMENTO LONGITUDINAL;2.0;0.0;0.0;0.0;0.0;0.0;0.0;0.0;0.0;0.0;0.0;Longo da via;Bom;Não existe;Perfeito estado;Seca;Mal conservada;Faixa de pedestre;Placas Pare;;Única;Não existe;;;Tarde
685;27/01/2020;15:50:00;SEM VÍTIMA;FINALIZADA;MADALENA;AV CAXANGA;792;;ESTAÇÃO ZUMBI - BRT;MADALENA;273.0;SUBURBIO;COLISÃO TRASEIRA;3.0;0.0;0.0;0.0;0.0;0.0;0.0;0.0;0.0;0.0;0.0;Longo da via;Bom;Sem defeito;Perfeito estado;Seca;;Faixa de pedestre;Outras;;Única;Não existe;;;Tarde
686;27/01/2020;16:45:00;COM VÍTIMA;FINALIZADA;SANTO AMARO;AV CRUZ CABUGA;;RUA PEDRO AFONSO;LADO OPOSTO À ESCOLA SUPERIOR DE MARKETING.;SANTO AMARO;;;ABALROAMENTO TRANSVERSAL;0.0;2.0;0.0;0.0;0.0;0.0;0.0;0.0;0.0;1.0;0.0;Cruzamento;Bom;Não existe;Perfeito estado;Seca;Perfeito estado;Faixa de pedestre;Não há placas;;Dupla;Não existe;;;Tarde
687;27/01/2020;17:17:00;SEM VÍTIMA;FINALIZADA;ENGENHO DO MEIO;RUA FRANCISCO BEZERRA MONTEIRO;;;EUROFINS;ENGENHO DO MEIO;;SUBURBIO;ABALROAMENTO LONGITUDINAL;2.0;0.0;0.0;0.0;0.0;0.0;0.0;0.0;0.0;0.0;0.0;Longo da via;Bom;Não existe;Não existente;Seca;Perfeito estado;Não existe;Não há placas;;Dupla;Não existe;;;Tarde
688;27/01/2020;17:58:00;SEM VÍTIMA;FINALIZADA;IPSEP;RUA HELIO BRANDAO;268;RUA ALVORADA;;IPSEP;;SUBURBIO;ABALROAMENTO LONGITUDINAL;1.0;0.0;0.0;0.0;0.0;1.0;0.0;0.0;0.0;0.0;0.0;Longo da via;Bom;Não existe;Não existente;Seca;Perfeito estado;Não existe;Não há placas;30 km/h;Única;Não existe;;;Tarde
689;27/01/2020;18:24:00;SEM VÍTIMA;FINALIZADA;BOA VIAGEM;AV ENGENHEIRO DOMINGOS FERREIRA;;;EM FRENTE AO ARMAZÉM CORAL;BOA VIAGEM;;SUBURBIO;COLISÃO TRASEIRA;2.0;0.0;0.0;0.0;0.0;0.0;0.0;0.0;0.0;0.0;0.0;Longo da via;Bom;Não existe;Perfeito estado;Seca;Perfeito estado;Não existe;R-6a;60 km/h;Dupla;Canteiro central;;;Noite
690;27/01/2020;18:29:00;COM VÍTIMA;FINALIZADA;IPSEP;AV RECIFE;;;LADO OPOSTO A PADARIA VILA DO PÃO;IPSEP;;CIDADE;COLISÃO TRASEIRA;2.0;0.0;0.0;0.0;0.0;0.0;0.0;0.0;1.0;1.0;0.0;Longo da via;Bom;Não existe;Perfeito estado;Seca;Perfeito estado;Não existe;Outras;60 km/h;Dupla;Faixa contínua;Faixa seccionada;Canteiro central;Noite
691;27/01/2020;18:38:00;COM VÍTIMA;FINALIZADA;ÁGUA FRIA;RUA DA REGENERACAO;333;RUA BOM CONSELHO;PROX. A CASA DE FERRAGENS JOSÉ LUIZ DA FONSECA;ÁGUA FRIA;;CIDADE;COLISÃO FRONTAL;2.0;1.0;0.0;0.0;0.0;0.0;0.0;0.0;0.0;1.0;0.0;Cruzamento;Bom;Não existe;Incompleta;Seca;;Não existe;Não há placas;;Dupla;Não existe;;;Noite
692;27/01/2020;18:43:00;SEM VÍTIMA;FINALIZADA;PINA;AV HERCULANO BANDEIRA;;;EM FRENTE AO ATACADO DOS PRESENTES;PINA;660.0;SUBURBIO;ABALROAMENTO LONGITUDINAL;1.0;0.0;0.0;0.0;0.0;1.0;0.0;0.0;0.0;0.0;0.0;Longo da via;Bom;Sem defeito;Perfeito estado;Seca;Perfeito estado;Faixa de pedestre;;;Única;Faixa contínua;Faixa seccionada;;Noite
693;27/01/2020;20:21:00;COM VÍTIMA;FINALIZADA;IPSEP;RUA ALDEMAR DE OLIVEIRA;150;RUA HELIO BRANDAO;PROX A GUSTAVO VEICULOS DA AV. RECIFE;IPSEP;;;ABALROAMENTO TRANSVERSAL;1.0;1.0;0.0;0.0;0.0;0.0;0.0;0.0;0.0;2.0;0.0;Cruzamento;Bom;Não existe;Ilegível;Seca;Perfeito estado;Faixa de retenção;Não há placas;;Dupla;Faixa contínua;Faixa seccionada;;Noite
694;27/01/2020;21:16:00;SEM VÍTIMA;FINALIZADA;JAQUEIRA;RUA SIMAO MENDES;200;;FRENTE AO SAINT ELISIO;JAQUEIRA;;SUBURBIO;COLISÃO TRASEIRA;2.0;0.0;0.0;0.0;0.0;0.0;0.0;0.0;0.0;0.0;0.0;Longo da via;Bom;Não existe;Não existente;Seca;Perfeito estado;Não existe;;40 km/h;Dupla;Não existe;;;Noite
695;27/01/2020;23:18:00;SEM VÍTIMA;FINALIZADA;BOA VIAGEM;RUA JOAO CARDOSO AIRES;;;SEMÁFORO 478 / APÓS O COLÉGIO MADRE DE DEUS;BOA VIAGEM;478.0;SUBURBIO;COLISÃO TRASEIRA;2.0;0.0;0.0;0.0;0.0;0.0;0.0;0.0;0.0;0.0;0.0;Longo da via;Bom;Sem defeito;Perfeito estado;Seca;Perfeito estado;Faixa de pedestre;Outras;;Única;Faixa seccionada;Canteiro central;;Noite
696;28/01/2020;07:05:00;SEM VÍTIMA;FINALIZADA;AFOGADOS;RUA COSME VIANA;1801;;;AFOGADOS;;SUBURBIO;COLISÃO TRASEIRA;1.0;0.0;0.0;0.0;0.0;0.0;1.0;0.0;0.0;0.0;0.0;Longo da via;Bom;Sem defeito;Perfeito estado;Seca;Perfeito estado;Faixa de pedestre;R-6a;;Única;Faixa seccionada;;;Manhã
697;28/01/2020;07:07:00;SEM VÍTIMA;FINALIZADA;CORDEIRO;RUA ODETE MONTEIRO;;AV PROFESSOR ESTEVAO FRANCISCO DA COSTA;POSTO PETROCAL;CORDEIRO;;CIDADE;ABALROAMENTO LONGITUDINAL;2.0;0.0;0.0;0.0;0.0;0.0;0.0;0.0;0.0;0.0;0.0;Cruzamento;Bom;Sem defeito;Perfeito estado;Seca;Perfeito estado;Faixa de pedestre;;;Dupla;Canteiro central;;;Manhã
698;28/01/2020;07:23:00;SEM VÍTIMA;FINALIZADA;BOA VIAGEM;AVENIDA CELSO FURTADO (VIA MANGUE);;;SOBRE AV GENERAL MAC ARTHUR;BOA VIAGEM;;SUBURBIO;ABALROAMENTO LONGITUDINAL;2.0;0.0;0.0;0.0;0.0;0.0;0.0;0.0;0.0;0.0;0.0;Longo da via;Bom;Não existe;Perfeito estado;Seca;Perfeito estado;Não existe;Não há placas;60 km/h;Dupla;Canteiro central;;;Manhã
699;28/01/2020;07:49:00;SEM VÍTIMA;FINALIZADA;ESPINHEIRO;AV GOVERNADOR AGAMENON MAGALHAES;;RUA DR FERNANDO ALLAIN;AO LADO DA JEEP;ESPINHEIRO;;;ABALROAMENTO LONGITUDINAL;2.0;0.0;0.0;0.0;0.0;0.0;0.0;0.0;0.0;0.0;0.0;;Bom;Não existe;Perfeito estado;Seca;Perfeito estado;Não existe;Placas Pare;;Dupla;Não existe;;;Manhã
700;28/01/2020;08:11:00;SEM VÍTIMA;FINALIZADA;JOANA BEZERRA;VIADUTO CAPITAO TEMUDO;;;SOBRE O VIADUTO;JOANA BEZERRA;;;COLISÃO TRASEIRA;2.0;0.0;0.0;0.0;0.0;0.0;0.0;0.0;1.0;0.0;0.0;Viaduto;Bom;Não existe;Perfeito estado;Seca;Perfeito estado;Não existe;Não há placas;60 km/h;Dupla;Faixa seccionada;Canteiro central;;Manhã
701;28/01/2020;08:15:00;SEM VÍTIMA;FINALIZADA;IMBIRIBEIRA;AV MARECHAL MASCARENHAS DE MORAES;1482;;LADO OPOSTO AO Nº 1482;IMBIRIBEIRA;287.0;CIDADE;COLISÃO TRASEIRA;0.0;2.0;0.0;0.0;0.0;0.0;0.0;0.0;0.0;0.0;0.0;Longo da via;Bom;Sem defeito;Perfeito estado;Seca;Perfeito estado;Faixa de pedestre;Não há placas;60 km/h;Dupla;Canteiro central;;;Manhã
702;28/01/2020;08:20:00;COM VÍTIMA;FINALIZADA;IMBIRIBEIRA;AV MARECHAL MASCARENHAS DE MORAES;;RUA NORUEGA;EM FRENTE A MARAVILHA MOTOS;IMBIRIBEIRA;631.0;CIDADE;ABALROAMENTO TRANSVERSAL;1.0;1.0;0.0;0.0;0.0;0.0;0.0;0.0;0.0;1.0;0.0;Cruzamento;Bom;Sem defeito;Perfeito estado;Seca;Perfeito estado;Faixa de pedestre;;60 km/h;Dupla;Faixa contínua;Canteiro central;;Manhã
703;28/01/2020;08:27:00;COM VÍTIMA;FINALIZADA;VASCO DA GAMA;RUA VASCO DA GAMA;405;;;VASCO DA GAMA;;SUBURBIO;COLISÃO COM CICLISTA;0.0;1.0;0.0;1.0;0.0;0.0;0.0;0.0;0.0;1.0;0.0;Longo da via;Bom;Não existe;Incompleta;Seca;Perfeito estado;Não existe;Outras;30 km/h;Dupla;Não existe;;;Manhã
704;28/01/2020;08:47:00;SEM VÍTIMA;FINALIZADA;SÃO JOSÉ;C SANTA RITA;;;GRANDE RECIFE E 16º BATALHÃO DA PM;SÃO JOSÉ;;SUBURBIO;ABALROAMENTO LONGITUDINAL;2.0;0.0;0.0;0.0;0.0;0.0;0.0;0.0;0.0;0.0;0.0;Longo da via;Bom;Não existe;Perfeito estado;Seca;Perfeito estado;Não existe;Não há placas;60 km/h;Dupla;Canteiro central;;;Manhã
705;28/01/2020;09:40:00;SEM VÍTIMA;FINALIZADA;ESPINHEIRO;RUA DA HORA;348;;AO LADO DA HAPVIDA PEDRO DA HORA;ESPINHEIRO;;;ABALROAMENTO LONGITUDINAL;2.0;0.0;0.0;0.0;0.0;0.0;0.0;0.0;0.0;0.0;0.0;Longo da via;Bom;Não existe;Perfeito estado;Seca;Perfeito estado;Outros;R-6a;;Única;;;;Manhã
706;28/01/2020;09:58:00;SEM VÍTIMA;FINALIZADA;BOA VISTA;RUA DA MATRIZ;130;;EM FRENTE BC INFORMÁTICA;BOA VISTA;;CIDADE;ABALROAMENTO LONGITUDINAL;1.0;1.0;0.0;0.0;0.0;0.0;0.0;0.0;0.0;0.0;0.0;Longo da via;Bom;Não existe;Perfeito estado;Seca;Perfeito estado;Outros;Outras;;Única;Não existe;;;Manhã
707;28/01/2020;11:39:00;SEM VÍTIMA;FINALIZADA;MADALENA;RUA BENFICA;505;RUA PROFESSOR BENEDITO MONTEIRO;EM FRENTE AO CLUBE INTERNACIONAL;MADALENA;;CIDADE;ABALROAMENTO LONGITUDINAL;2.0;0.0;0.0;0.0;0.0;0.0;0.0;0.0;0.0;0.0;0.0;Longo da via;Bom;Não existe;Perfeito estado;Seca;Perfeito estado;Não existe;Outras;30 km/h;Única;Faixa seccionada;;;Manhã
708;28/01/2020;13:05:00;SEM VÍTIMA;FINALIZADA;PINA;AV ANTONIO DE GOES;742;;EM FRENTE AO EMPRESARIAL JOPIN;PINA;103.0;CIDADE;COLISÃO TRASEIRA;2.0;0.0;0.0;0.0;0.0;0.0;0.0;0.0;0.0;0.0;0.0;Longo da via;Bom;Sem defeito;Perfeito estado;Seca;Perfeito estado;Agente;;60 km/h;Única;Canteiro central;;;Tarde
709;28/01/2020;13:33:00;SEM VÍTIMA;FINALIZADA;MUSTARDINHA;AV MANOEL GONCALVES DA LUZ;321;RUA ANA OTILIA DE FARIAS;PROX. DO SESI;MUSTARDINHA;;SUBURBIO;ABALROAMENTO TRANSVERSAL;1.0;1.0;0.0;0.0;0.0;0.0;0.0;0.0;0.0;0.0;0.0;;Bom;Não existe;Perfeito estado;Seca;Perfeito estado;;Placas Pare;;Dupla;Faixa seccionada;;;Tarde
710;28/01/2020;13:47:00;COM VÍTIMA;FINALIZADA;ENCRUZILHADA;EST DE BELEM;175;RUA DONA JULIETA;PROX A ESCOLA PROFESSOR OLIVIO MONTENEGRO. AO LADO DA IGREJA DE BELÉM.;ENCRUZILHADA;;CIDADE;ABALROAMENTO TRANSVERSAL;1.0;1.0;0.0;0.0;0.0;0.0;0.0;0.0;0.0;1.0;0.0;Esquina;Bom;Não existe;Perfeito estado;Seca;Perfeito estado;Outros;R-6a;;Dupla;Faixa contínua;Faixa seccionada;;Tarde
711;28/01/2020;14:07:00;SEM VÍTIMA;FINALIZADA;CORDEIRO;AV CAXANGA;1252;;FARMÁCIA DROGASIL;CORDEIRO;;SUBURBIO;COLISÃO TRASEIRA;2.0;0.0;0.0;0.0;0.0;0.0;0.0;0.0;0.0;0.0;0.0;Longo da via;Bom;Não existe;Perfeito estado;Seca;Perfeito estado;Não existe;Outras;;Dupla;Faixa contínua;Faixa seccionada;Canteiro central;Tarde
712;28/01/2020;14:49:00;SEM VÍTIMA;FINALIZADA;ILHA DO RETIRO;EST DOS REMEDIOS;1955;;HC PNEUS PRÓXIMO;ILHA DO RETIRO;;SUB/CID;ABALROAMENTO LONGITUDINAL;2.0;0.0;0.0;0.0;0.0;0.0;0.0;0.0;0.0;0.0;0.0;Longo da via;Bom;;Perfeito estado;Seca;Perfeito estado;;;60 km/h;Única;;;;Tarde
713;28/01/2020;15:15:00;COM VÍTIMA;FINALIZADA;BOA VIAGEM;RUA DR LUIZ CORREA DE OLIVEIRA;231;RUA EVARISTO CARNEIRO LEAO;NA ESQUINA SO SQUASH CENTER ACADEMIA DE TENNIS;BOA VIAGEM;;CIDADE;COLISÃO FRONTAL;1.0;1.0;0.0;0.0;0.0;0.0;0.0;0.0;0.0;2.0;0.0;Cruzamento;Bom;Não existe;Não existente;Seca;Perfeito estado;Não existe;Não há placas;;Dupla;Não existe;;;Tarde
714;28/01/2020;15:22:00;SEM VÍTIMA;FINALIZADA;SANTO AMARO;AV DR JAYME DA FONTE;18;;EM FRENTE AO Nº 18;SANTO AMARO;;SUBURBIO;ABALROAMENTO LONGITUDINAL;1.0;0.0;0.0;0.0;0.0;1.0;0.0;0.0;0.0;0.0;0.0;Longo da via;Bom;Não existe;Perfeito estado;Seca;Perfeito estado;Não existe;R-6a;;Dupla;Faixa seccionada;Canteiro central;;Tarde
715;28/01/2020;15:49:00;SEM VÍTIMA;FINALIZADA;AREIAS;AV RECIFE;4084;;LADO OPOSTO AO BIG BOMPREÇO;AREIAS;599.0;SUBURBIO;COLISÃO TRASEIRA;1.0;1.0;0.0;0.0;0.0;0.0;0.0;0.0;0.0;0.0;0.0;Longo da via;Bom;Sem defeito;Perfeito estado;Seca;Perfeito estado;Faixa de pedestre;Outras;;Dupla;Canteiro central;;;Tarde
716;28/01/2020;17:59:00;SEM VÍTIMA;FINALIZADA;TORRE;RUA PROFESSOR TRAJANO DE MENDONCA;;;EM FRENTE AO ATACADAO DE PRESENTES;TORRE;;CIDADE;ABALROAMENTO LONGITUDINAL;1.0;0.0;0.0;0.0;0.0;0.0;1.0;0.0;0.0;0.0;0.0;Longo da via;Bom;Não existe;Perfeito estado;Seca;Perfeito estado;Não existe;R-6a;;Única;Faixa contínua;Faixa seccionada;;Tarde
717;28/01/2020;18:43:00;SEM VÍTIMA;FINALIZADA;AFOGADOS;AV SUL;;RUA NICOLAU PEREIRA;;AFOGADOS;;CIDADE;ABALROAMENTO LONGITUDINAL;2.0;0.0;0.0;0.0;0.0;0.0;0.0;0.0;0.0;0.0;0.0;Longo da via;Bom;Não existe;Perfeito estado;Seca;Perfeito estado;Não existe;Não há placas;;Única;Faixa contínua;;;Noite