indice;data;hora;natureza_acidente;situacao;bairro;endereco;numero;detalhe_endereco_acidente;complemento;bairro_cruzamento;num_semaforo;sentido_via;tipo;auto;moto;ciclom;ciclista;pedestre;onibus;caminhao;viatura;outros;vitimas;vitimasfatais;acidente_verificado;tempo_clima;situacao_semaforo;sinalizacao;condicao_via;conservacao_via;ponto_controle;situacao_placa;velocidade_max_via;mao_direcao;divisao_via1;divisao_via2;divisao_via3;turno
718;28/01/2020;19:01:00;COM VÍTIMA;FINALIZADA;AREIAS;AV RECIFE;580;AV TAPAJOS;PROX AO POSTO BR SENTIDO BOA VIAGEM;AREIAS;620.0;CIDADE;ABALROAMENTO LONGITUDINAL;1.0;1.0;0.0;0.0;0.0;0.0;0.0;0.0;0.0;1.0;0.0;Longo da via;Bom;Sem defeito;Perfeito estado;Seca;Perfeito estado;Faixa de pedestre;R-4a;;Dupla;Canteiro central;;;Noite
719;28/01/2020;19:49:00;SEM VÍTIMA;FINALIZADA;SANTO AMARO;AV CRUZ CABUGA;;RUA FREI CASSIMIRO;CASA DA INDUSTRIA;SANTO AMARO;;SUBURBIO;ABALROAMENTO LONGITUDINAL;1.0;0.0;0.0;0.0;0.0;1.0;0.0;0.0;0.0;0.0;0.0;Cruzamento;Bom;Não existe;Perfeito estado;Seca;Perfeito estado;Faixa de pedestre;R-25b;;Dupla;Faixa contínua;;;Noite
720;28/01/2020;20:01:00;SEM VÍTIMA;FINALIZADA;BOA VIAGEM;RUA ERNESTO DE PAULA SANTOS;1235;;EM FRENTE A FARMÁCIA PAGUE MENOS;BOA VIAGEM;;SUBURBIO;ABALROAMENTO LONGITUDINAL;1.0;1.0;0.0;0.0;0.0;0.0;0.0;0.0;0.0;0.0;0.0;Longo da via;Bom;Não existe;Ilegível;Seca;Mal iluminada;Não existe;Não há placas;;Única;Faixa seccionada;;;Noite
721;28/01/2020;21:02:00;SEM VÍTIMA;FINALIZADA;CORDEIRO;AV MAURICIO DE NASSAU;;;AO LADO DO HABITACIONAL DO CORDEIRO;CORDEIRO;;SUBURBIO;CHOQUE VEÍCULO PARADO;2.0;0.0;0.0;0.0;0.0;0.0;0.0;0.0;0.0;0.0;0.0;Longo da via;Bom;Não existe;Ilegível;Seca;Perfeito estado;Não existe;Não há placas;;Dupla;Não existe;;;Noite
722;28/01/2020;23:52:00;SEM VÍTIMA;FINALIZADA;IMBIRIBEIRA;AV SUL;;;ESTAÇÃO TANCREDO NEVES;IMBIRIBEIRA;;SUBURBIO;COLISÃO TRASEIRA;2.0;0.0;0.0;0.0;0.0;0.0;0.0;0.0;0.0;0.0;0.0;Longo da via;Bom;Não existe;Perfeito estado;Seca;Mal iluminada;Não existe;Outras;;Única;Faixa seccionada;;;Noite
723;29/01/2020;06:38:00;SEM VÍTIMA;FINALIZADA;SANTO AMARO;AV CRUZ CABUGA;;;SOB O SEMÁFORO;SANTO AMARO;470.0;CIDADE;ABALROAMENTO LONGITUDINAL;2.0;0.0;0.0;0.0;0.0;0.0;0.0;0.0;0.0;0.0;0.0;Longo da via;Bom;Sem defeito;Perfeito estado;Seca;Perfeito estado;Não existe;Outras;;Dupla;Faixa seccionada;;;Manhã
724;29/01/2020;08:00:00;COM VÍTIMA;FINALIZADA;BOA VIAGEM;RUA RIBEIRO DE BRITO;1326;RUA AMALIA BERNARDINO DE SOUZA;AO LADO DA UNINASSAU;BOA VIAGEM;;SUBURBIO;ABALROAMENTO TRANSVERSAL;0.0;2.0;0.0;0.0;0.0;0.0;0.0;0.0;0.0;3.0;0.0;Cruzamento;Bom;Não existe;Perfeito estado;Seca;Perfeito estado;Não existe;Não há placas;;Única;Faixa seccionada;;;Manhã
725;29/01/2020;08:14:00;SEM VÍTIMA;FINALIZADA;BOA VIAGEM;AV ENGENHEIRO DOMINGOS FERREIRA;;RUA PADRE CARAPUCEIRO;FARMÁCIA FTB;BOA VIAGEM;216.0;SUBURBIO;ABALROAMENTO LONGITUDINAL;1.0;0.0;0.0;0.0;0.0;1.0;0.0;0.0;0.0;0.0;0.0;Longo da via;Bom;Sem defeito;Perfeito estado;Seca;Perfeito estado;Faixa de pedestre;Não há placas;60 km/h;Única;Faixa contínua;;;Manhã
726;29/01/2020;08:33:00;SEM VÍTIMA;FINALIZADA;TORRE;RUA CONDE DE IRAJA;;RUA REAL DA TORRE;;TORRE;106.0;;ABALROAMENTO LONGITUDINAL;2.0;0.0;0.0;0.0;0.0;0.0;0.0;0.0;0.0;0.0;0.0;Cruzamento;Bom;Sem defeito;;Seca;Perfeito estado;Faixa de pedestre;Outras;40 km/h;Única;Faixa contínua;Faixa seccionada;;Manhã
727;29/01/2020;08:53:00;SEM VÍTIMA;FINALIZADA;PINA;AV CONSELHEIRO AGUIAR;165;;EM FRENTE A IGREJA PRESBITERIANA DO PINA;PINA;;CIDADE;ABALROAMENTO LONGITUDINAL;1.0;0.0;0.0;0.0;0.0;1.0;0.0;0.0;1.0;0.0;0.0;Longo da via;Bom;Não existe;Perfeito estado;Seca;Perfeito estado;;Não há placas;60 km/h;Única;Faixa seccionada;;;Manhã
728;29/01/2020;08:55:00;COM VÍTIMA;FINALIZADA;BOA VIAGEM;RUA SETUBAL;;;LADO OPOSTO A FLORICULTURA ALBANETE FLORES;BOA VIAGEM;;CIDADE;ABALROAMENTO LONGITUDINAL;1.0;1.0;0.0;0.0;0.0;0.0;0.0;0.0;0.0;1.0;0.0;Longo da via;Bom;Não existe;Não existente;Seca;Perfeito estado;Não existe;Não há placas;;Única;Não existe;;;Manhã
729;29/01/2020;09:36:00;SEM VÍTIMA;FINALIZADA;AREIAS;AV RECIFE;204;;MESTRE BATERIAS;AREIAS;;;COLISÃO TRASEIRA;2.0;0.0;0.0;0.0;0.0;0.0;0.0;0.0;0.0;0.0;0.0;Longo da via;Bom;Não existe;Incompleta;Seca;Perfeito estado;Não existe;Não há placas;60 km/h;Dupla;Canteiro central;;;Manhã
730;29/01/2020;09:39:00;SEM VÍTIMA;FINALIZADA;IMBIRIBEIRA;AV MARECHAL MASCARENHAS DE MORAES;;;EM FRENTE A HOME CENTER TUPAN;IMBIRIBEIRA;;CIDADE;ABALROAMENTO LONGITUDINAL;2.0;0.0;0.0;0.0;0.0;0.0;0.0;0.0;0.0;0.0;0.0;Longo da via;Bom;Não existe;Perfeito estado;Seca;Perfeito estado;Não existe;R-6a;60 km/h;Dupla;Faixa seccionada;Canteiro central;;Manhã
731;29/01/2020;09:40:00;COM VÍTIMA;FINALIZADA;BOA VIAGEM;AV MARECHAL MASCARENHAS DE MORAES;6133;;EM FRENTE A LOCADORA FOCO. NO MURO DO AEROPORTO.;BOA VIAGEM;;SUBURBIO;COLISÃO TRASEIRA;3.0;0.0;0.0;0.0;0.0;0.0;0.0;0.0;0.0;1.0;0.0;Longo da via;Bom;Não existe;Perfeito estado;Seca;Perfeito estado;Não existe;Não há placas;60 km/h;Dupla;Canteiro central;;;Manhã
732;29/01/2020;10:05:00;SEM VÍTIMA;FINALIZADA;GRAÇAS;AV RUI BARBOSA;320;;EM FRENTE AO TRIBUNAL REGIONAL ELEITORAL ( ANEXO DJACI FALCÃO );GRAÇAS;;CIDADE;COLISÃO TRASEIRA;2.0;0.0;0.0;0.0;0.0;0.0;0.0;0.0;0.0;0.0;0.0;Longo da via;Bom;Sem defeito;Perfeito estado;Seca;Perfeito estado;Não existe;Não há placas;60 km/h;Única;Faixa seccionada;;;Manhã
733;29/01/2020;10:18:00;COM VÍTIMA;FINALIZADA;IPUTINGA;AV CAXANGA;4251;;EM FRENTE A CAXANGA VEICULOS;IPUTINGA;270.0;CIDADE;COLISÃO TRASEIRA;2.0;1.0;0.0;0.0;0.0;1.0;0.0;0.0;0.0;1.0;0.0;Longo da via;Bom;Sem defeito;Perfeito estado;Seca;Perfeito estado;Faixa de pedestre;Outras;60 km/h;Única;Faixa seccionada;;;Manhã
734;29/01/2020;11:02:00;SEM VÍTIMA;FINALIZADA;BAIRRO DO RECIFE;AV ALFREDO LISBOA;;;EM FRENTE AO MARCO PERNAMBUCANO DA MODA;BAIRRO DO RECIFE;;;ABALROAMENTO LONGITUDINAL;1.0;1.0;0.0;0.0;0.0;0.0;0.0;0.0;0.0;0.0;0.0;Longo da via;Bom;Não existe;Perfeito estado;Seca;Perfeito estado;Não existe;;;Única;Faixa seccionada;;;Manhã
735;29/01/2020;11:11:00;SEM VÍTIMA;FINALIZADA;AREIAS;AV RECIFE;204;;FILA FRIO EQUIPAMENTOS;AREIAS;621.0;;COLISÃO TRASEIRA;3.0;0.0;0.0;0.0;0.0;0.0;0.0;0.0;0.0;0.0;0.0;Longo da via;Bom;Sem defeito;Ilegível;Seca;Perfeito estado;Faixa de pedestre;Não há placas;;Dupla;Canteiro central;;;Manhã
736;29/01/2020;11:14:00;SEM VÍTIMA;FINALIZADA;ESTÂNCIA;AV TAPAJOS;93;RUA MEARIM;BAR DA SULA;ESTÂNCIA;620.0;;ABALROAMENTO TRANSVERSAL;2.0;0.0;0.0;0.0;0.0;0.0;0.0;0.0;0.0;0.0;0.0;;Bom;Sem defeito;Incompleta;Seca;Perfeito estado;Não existe;Outras;;Dupla;Não existe;;;Manhã
737;29/01/2020;11:17:00;SEM VÍTIMA;FINALIZADA;ILHA DO RETIRO;AV ENGENHEIRO ABDIAS DE CARVALHO;;;EM FRENTE AO SEMÁFORO Nº 052;ILHA DO RETIRO;52.0;CIDADE;COLISÃO TRASEIRA;2.0;0.0;0.0;0.0;0.0;0.0;0.0;0.0;0.0;0.0;0.0;Longo da via;Bom;Sem defeito;Perfeito estado;Seca;Perfeito estado;Faixa de retenção;Não há placas;;Dupla;Canteiro central;;;Manhã
738;29/01/2020;11:32:00;SEM VÍTIMA;FINALIZADA;CORDEIRO;AV ENGENHEIRO ABDIAS DE CARVALHO;;;EM FRENTE AO SEM. Nº 058;CORDEIRO;58.0;SUBURBIO;ABALROAMENTO LONGITUDINAL;1.0;0.0;0.0;0.0;0.0;0.0;1.0;0.0;0.0;0.0;0.0;Longo da via;Bom;Sem defeito;Perfeito estado;Seca;Perfeito estado;Faixa de pedestre;R-5a;;Dupla;Canteiro central;;;Manhã
739;29/01/2020;12:14:00;COM VÍTIMA;FINALIZADA;ESPINHEIRO;AV GOVERNADOR AGAMENON MAGALHAES;;RUA DR LEOPOLDO LINS;EM FRENTE A CAIXA ECONOMICA/ SENTIDO OLINDA;ESPINHEIRO;78.0;SUBURBIO;COLISÃO COM CICLISTA;2.0;0.0;0.0;1.0;0.0;0.0;0.0;0.0;0.0;1.0;0.0;Cruzamento;Bom;Sem defeito;Perfeito estado;Seca;Perfeito estado;Faixa de pedestre;Outras;;Dupla;Canteiro central;;;Tarde
740;29/01/2020;12:17:00;SEM VÍTIMA;FINALIZADA;MADALENA;RUA REAL DA TORRE;;RUA JOSE OSORIO;;MADALENA;179.0;;COLISÃO TRASEIRA;0.0;1.0;0.0;0.0;0.0;0.0;1.0;0.0;0.0;0.0;0.0;Cruzamento;Bom;Sem defeito;Perfeito estado;Seca;Perfeito estado;Faixa de pedestre;R-6a;60 km/h;Única;Faixa seccionada;;;Tarde
741;29/01/2020;12:50:00;COM VÍTIMA;FINALIZADA;TEJIPIÓ;RUA ITANHENGA;65;;E/F A DELEGACIA DE CAPTURAS;TEJIPIÓ;;CIDADE;CHOQUE OBJETO FIXO;1.0;0.0;0.0;0.0;0.0;0.0;0.0;0.0;0.0;1.0;0.0;Longo da via;Bom;Não existe;Perfeito estado;Seca;Perfeito estado;Não existe;R-6a;;Dupla;Faixa contínua;;;Tarde
742;29/01/2020;13:24:00;SEM VÍTIMA;FINALIZADA;BOA VIAGEM;AV CONSELHEIRO AGUIAR;4200;RUA RIBEIRO DE BRITO;EDIFICIO HOLIDAY;BOA VIAGEM;147.0;CIDADE;COLISÃO FRONTAL;2.0;0.0;0.0;0.0;0.0;0.0;0.0;0.0;0.0;0.0;0.0;Cruzamento;Bom;Sem defeito;Perfeito estado;Seca;Perfeito estado;Faixa de pedestre;Não há placas;60 km/h;Única;Faixa seccionada;;;Tarde
743;29/01/2020;14:10:00;SEM VÍTIMA;FINALIZADA;IPUTINGA;RUA DR VIRGINIO MARQUES;135;;RESIDENCIAL MORADA DOS RIOS;IPUTINGA;;CIDADE;CHOQUE VEÍCULO PARADO;1.0;0.0;0.0;0.0;0.0;0.0;1.0;0.0;0.0;0.0;0.0;Longo da via;Bom;Não existe;Perfeito estado;Seca;Perfeito estado;Não existe;Não há placas;;Dupla;Não existe;;;Tarde
744;29/01/2020;14:21:00;SEM VÍTIMA;FINALIZADA;PINA;AV ANTONIO DE GOES;64;;EM FRENTE AO TROCÃO;PINA;;CIDADE;COLISÃO TRASEIRA;2.0;0.0;0.0;0.0;0.0;0.0;0.0;0.0;0.0;0.0;0.0;Longo da via;Bom;Não existe;Perfeito estado;Seca;Perfeito estado;Não existe;;60 km/h;Dupla;Faixa contínua;Faixa seccionada;;Tarde
745;29/01/2020;15:47:00;SEM VÍTIMA;FINALIZADA;TORRÕES;EST DO FORTE DO ARRAIAL N. DO B. JESUS;707;RUA GOMES TABORDA;MAGÁ SUSHI BAR E TEMAKERIA;TORRÕES;249.0;;COLISÃO FRONTAL;2.0;0.0;0.0;0.0;0.0;0.0;0.0;0.0;0.0;0.0;0.0;Cruzamento;Bom;Sem defeito;Perfeito estado;Seca;Perfeito estado;Faixa de pedestre;Não há placas;;Dupla;Faixa contínua;;;Tarde
746;29/01/2020;16:08:00;SEM VÍTIMA;FINALIZADA;PARNAMIRIM;RUA TITO ROSAS;152;;E/F AO EDF QUARTZ VILAGE;PARNAMIRIM;;SUBURBIO;COLISÃO TRASEIRA;2.0;0.0;0.0;0.0;0.0;0.0;0.0;0.0;0.0;0.0;0.0;Longo da via;Bom;Não existe;Perfeito estado;Seca;Perfeito estado;Não existe;R-6a;;Única;Faixa seccionada;;;Tarde
747;29/01/2020;17:22:00;SEM VÍTIMA;FINALIZADA;IBURA;LAD DA COHAB;70;;PRÓXIMO AO MOTEL;IBURA;;CIDADE;COLISÃO TRASEIRA;1.0;0.0;0.0;0.0;0.0;1.0;0.0;0.0;0.0;0.0;0.0;Longo da via;Bom;Não existe;Não existente;Seca;Perfeito estado;Não existe;Não há placas;;Dupla;Faixa contínua;;;Tarde
748;29/01/2020;17:41:00;SEM VÍTIMA;FINALIZADA;MADALENA;RUA LOPES DE CARVALHO;400;AV VISCONDE DE ALBUQUERQUE;LADO OP. AO MADALENA CENTER;MADALENA;;SUBURBIO;ABALROAMENTO TRANSVERSAL;1.0;1.0;0.0;0.0;0.0;0.0;0.0;0.0;0.0;0.0;0.0;Longo da via;Bom;Não existe;Perfeito estado;Seca;Perfeito estado;;Outras;;Única;Faixa seccionada;;;Tarde
749;29/01/2020;17:55:00;SEM VÍTIMA;FINALIZADA;ILHA DO LEITE;RUA ESTADO DE ISRAEL;228;;HOTEL OTHON;ILHA DO LEITE;;SUBURBIO;ABALROAMENTO LONGITUDINAL;2.0;0.0;0.0;0.0;0.0;0.0;0.0;0.0;0.0;0.0;0.0;Longo da via;Bom;Não existe;Perfeito estado;Seca;Perfeito estado;;;;Única;Faixa seccionada;;;Tarde
750;29/01/2020;18:02:00;SEM VÍTIMA;FINALIZADA;AFOGADOS;RUA SANTO CRISTO;342;;PROX A PETRO ISA;AFOGADOS;;;COLISÃO;2.0;0.0;0.0;0.0;0.0;0.0;0.0;0.0;0.0;0.0;0.0;;;;;;;;;;;;;;Noite
751;29/01/2020;18:26:00;COM VÍTIMA;FINALIZADA;CASA AMARELA;EST DO ARRAIAL;430;RUA DA HARMONIA;;CASA AMARELA;74.0;;ABALROAMENTO TRANSVERSAL;0.0;1.0;0.0;0.0;0.0;0.0;1.0;0.0;0.0;1.0;0.0;Cruzamento;Bom;Sem defeito;Perfeito estado;Seca;Perfeito estado;Faixa de pedestre;Outras;40 km/h;Dupla;Faixa contínua;Faixa seccionada;;Noite
752;29/01/2020;18:40:00;SEM VÍTIMA;FINALIZADA;BOA VIAGEM;AV ENGENHEIRO DOMINGOS FERREIRA;;;EM FRENTE A FARMÁCIA DROGASIL;BOA VIAGEM;338.0;SUBURBIO;COLISÃO TRASEIRA;2.0;0.0;0.0;0.0;0.0;0.0;0.0;0.0;0.0;0.0;0.0;Longo da via;Bom;Sem defeito;Perfeito estado;Seca;Perfeito estado;Faixa de pedestre;Não há placas;60 km/h;Dupla;Faixa contínua;;;Noite
753;29/01/2020;18:44:00;SEM VÍTIMA;FINALIZADA;SANTO AMARO;RUA ENGENHO TAQUARA;88;;EM FRENTE AO Nº 88;SANTO AMARO;;SUBURBIO;CHOQUE VEÍCULO PARADO;2.0;0.0;0.0;0.0;0.0;0.0;0.0;0.0;0.0;0.0;0.0;Longo da via;Bom;Não existe;Não existente;Seca;Perfeito estado;Não existe;Não há placas;;Dupla;Não existe;;;Noite
754;29/01/2020;19:07:00;SEM VÍTIMA;FINALIZADA;AREIAS;RUA BARROS SOBRINHO;;RUA MANOEL RODRIGUES PORTO;;AREIAS;;;ABALROAMENTO TRANSVERSAL;2.0;0.0;0.0;0.0;0.0;0.0;0.0;0.0;0.0;0.0;0.0;Cruzamento;Bom;Não existe;Não existente;Seca;Mal conservada;Não existe;Não há placas;;Única;Não existe;;;Noite
755;30/01/2020;00:49:00;SEM VÍTIMA;FINALIZADA;IMBIRIBEIRA;RUA PINTOR LULA CARDOSO AYRES;4689;RUA ARCELINA DE OLIVEIRA;;IMBIRIBEIRA;;CIDADE;CHOQUE VEÍCULO PARADO;2.0;0.0;0.0;0.0;0.0;0.0;0.0;0.0;0.0;0.0;0.0;;Bom;Não existe;Não existente;Seca;Perfeito estado;Não existe;Não há placas;;Dupla;Não existe;;;Madrugada
756;30/01/2020;02:52:00;SEM VÍTIMA;FINALIZADA;AFOGADOS;AV SUL;;;EM FRENTE AO TRT 6º REGIÃO DO CANTEIRO CENTRAL;AFOGADOS;;CIDADE;CHOQUE OBJETO FIXO;1.0;0.0;0.0;0.0;0.0;0.0;0.0;0.0;0.0;0.0;0.0;Longo da via;Bom;Não existe;Não existente;Seca;Perfeito estado;Não existe;Não há placas;;Única;Faixa seccionada;;;Madrugada
757;30/01/2020;07:38:00;SEM VÍTIMA;FINALIZADA;IMBIRIBEIRA;AV MARECHAL MASCARENHAS DE MORAES;3214;RUA MURITIBA;CASAS BAHIA;IMBIRIBEIRA;385.0;SUBURBIO;COLISÃO TRASEIRA;2.0;0.0;0.0;0.0;0.0;0.0;0.0;0.0;0.0;0.0;0.0;Cruzamento;Bom;Sem defeito;Perfeito estado;Seca;Perfeito estado;Faixa de retenção;Não há placas;60 km/h;;Faixa contínua;;;Manhã
758;30/01/2020;07:39:00;COM VÍTIMA;FINALIZADA;AFOGADOS;AV SUL;1950;RUA DOUTOR LEONIDAS CRAVO GAMA;EM FRENTE AO ATACAREJO MILANO- SENT. CIDADE;AFOGADOS;320.0;CIDADE;ABALROAMENTO LONGITUDINAL;1.0;1.0;0.0;0.0;0.0;0.0;0.0;0.0;0.0;2.0;0.0;Longo da via;Bom;Sem defeito;Perfeito estado;Seca;Perfeito estado;Faixa de retenção;R-6a;60 km/h;Única;Faixa;;;Manhã
759;30/01/2020;07:55:00;SEM VÍTIMA;FINALIZADA;IMBIRIBEIRA;AV MARECHAL MASCARENHAS DE MORAES;;;EM FRENTE A GRAN VIA FORD;IMBIRIBEIRA;;CIDADE;COLISÃO TRASEIRA;2.0;0.0;0.0;0.0;0.0;0.0;0.0;0.0;0.0;0.0;0.0;Longo da via;Bom;Não existe;Perfeito estado;Seca;Perfeito estado;Não existe;;60 km/h;Dupla;Faixa contínua;Faixa seccionada;Canteiro central;Manhã
760;30/01/2020;08:16:00;SEM VÍTIMA;FINALIZADA;CORDEIRO;AV CAXANGA;;;TERMINAL INTEGRADO CAXANGÁ III GETULIO VARGAS ( EM FRENTE);CORDEIRO;;CIDADE;COLISÃO TRASEIRA;2.0;0.0;0.0;0.0;0.0;0.0;0.0;0.0;0.0;0.0;0.0;Longo da via;Bom;Sem defeito;Perfeito estado;Seca;Perfeito estado;;;;Dupla;Canteiro central;;;Manhã
761;30/01/2020;08:31:00;SEM VÍTIMA;FINALIZADA;CASA FORTE;AV DEZESSETE DE AGOSTO;1780;;;CASA FORTE;;SUBURBIO;ABALROAMENTO LONGITUDINAL;2.0;0.0;0.0;0.0;0.0;0.0;0.0;0.0;0.0;0.0;0.0;Longo da via;Bom;Não existe;Perfeito estado;Seca;Perfeito estado;Não existe;R-6a;;Dupla;Faixa seccionada;;;Manhã
762;30/01/2020;08:35:00;SEM VÍTIMA;FINALIZADA;IMBIRIBEIRA;AV GENERAL MAC ARTHUR;;;AO LADO DA GRAFICA LAFITTE;IMBIRIBEIRA;;;ABALROAMENTO LONGITUDINAL;2.0;0.0;0.0;0.0;0.0;0.0;0.0;0.0;0.0;0.0;0.0;Longo da via;Bom;Não existe;Perfeito estado;Seca;Perfeito estado;Não existe;Placas Dê a preferência;40 km/h;Única;Faixa seccionada;;;Manhã
763;30/01/2020;08:42:00;COM VÍTIMA;FINALIZADA;GUABIRABA;EST DOS MACACOS;10 B;;APOS O POSTO DE SAUDE DE VILA ARITANA;GUABIRABA;;SUBURBIO;ABALROAMENTO LONGITUDINAL;1.0;1.0;0.0;0.0;0.0;0.0;0.0;0.0;0.0;1.0;0.0;Longo da via;Bom;Não existe;Não existente;Seca;Mal conservada;Não existe;Não há placas;30 km/h;Dupla;Não existe;;;Manhã
764;30/01/2020;09:08:00;SEM VÍTIMA;FINALIZADA;GRAÇAS;RUA AMELIA;;AV CONS ROSA E SILVA;LADO OPOSTO ED. COSTA AZEVEDO;GRAÇAS;46.0;CIDADE;COLISÃO TRASEIRA;2.0;0.0;0.0;0.0;0.0;0.0;0.0;0.0;0.0;0.0;0.0;Cruzamento;Chuvoso;Sem defeito;Perfeito estado;Seca;Perfeito estado;Faixa de pedestre;R-6a;40 km/h;Única;Faixa contínua;;;Manhã
765;30/01/2020;09:36:00;SEM VÍTIMA;FINALIZADA;SANTO ANTÔNIO;RUA DA PRAIA;;TRV DO ARSENAL DE GUERRA;;SANTO ANTÔNIO;;;ABALROAMENTO LONGITUDINAL;1.0;0.0;0.0;0.0;0.0;1.0;0.0;0.0;0.0;0.0;0.0;Cruzamento;Bom;Não existe;Perfeito estado;Seca;Perfeito estado;Faixa de pedestre;Outras;;Única;Não existe;;;Manhã
766;30/01/2020;10:46:00;SEM VÍTIMA;FINALIZADA;AFOGADOS;AV SUL;;;E/F A POLICLINA DE AFOGADOS;AFOGADOS;;CIDADE;ABALROAMENTO LONGITUDINAL;1.0;0.0;0.0;0.0;0.0;0.0;1.0;0.0;0.0;0.0;0.0;Longo da via;Bom;Não existe;;Seca;;Não existe;;;Única;Faixa seccionada;;;Manhã
767;30/01/2020;11:48:00;SEM VÍTIMA;FINALIZADA;BOA VIAGEM;RUA ERNESTO DE PAULA SANTOS;;AV FERNANDO SIMOES BARBOSA;POSTO SHELL;BOA VIAGEM;329.0;;ABALROAMENTO LONGITUDINAL;2.0;0.0;0.0;0.0;0.0;0.0;0.0;0.0;0.0;0.0;0.0;Longo da via;Bom;Sem defeito;Perfeito estado;Seca;Perfeito estado;Faixa de pedestre;Não há placas;60 km/h;Única;Faixa contínua;;;Manhã
768;30/01/2020;14:08:00;SEM VÍTIMA;FINALIZADA;;RUA SAO SALVADOR;24;AV GOVERNADOR AGAMENON MAGALHAES;EM FRENTE A UNIMED RECIFE;;;;ABALROAMENTO LONGITUDINAL;1.0;0.0;0.0;0.0;0.0;1.0;0.0;0.0;0.0;0.0;0.0;Cruzamento;Bom;Não existe;Perfeito estado;Seca;Perfeito estado;Não existe;;40 km/h;Única;Não existe;;;Tarde
769;30/01/2020;14:10:00;SEM VÍTIMA;FINALIZADA;SANTO AMARO;AV GOVERNADOR AGAMENON MAGALHAES;;;AO LADO DO POSTO PETROBRAS / PRÓXIMO AO SHOPPING TACARUNA;SANTO AMARO;;;ABALROAMENTO LONGITUDINAL;1.0;0.0;0.0;0.0;0.0;1.0;0.0;0.0;0.0;0.0;0.0;Longo da via;Bom;Não existe;Perfeito estado;Seca;Perfeito estado;Não existe;Outras;60 km/h;Dupla;Faixa seccionada;Canteiro central;;Tarde
770;30/01/2020;14:13:00;SEM VÍTIMA;FINALIZADA;ENCRUZILHADA;AV NORTE;2087;;AO LADO CAXANGÁ ACESSÓRIOS;ENCRUZILHADA;;CIDADE;ABALROAMENTO LONGITUDINAL;1.0;1.0;0.0;0.0;0.0;0.0;0.0;0.0;0.0;0.0;0.0;Longo da via;Bom;Não existe;Perfeito estado;Seca;Perfeito estado;Outros;R-6a;;Dupla;Faixa seccionada;Canteiro central;;Tarde
771;30/01/2020;14:14:00;SEM VÍTIMA;FINALIZADA;MADALENA;AV BEIRA RIO;;RUA JOSE OSORIO;PONTE DA CAPUNGA;MADALENA;387.0;SUBURBIO;COLISÃO TRASEIRA;2.0;0.0;0.0;0.0;0.0;0.0;0.0;0.0;0.0;0.0;0.0;Cruzamento;Bom;Sem defeito;Perfeito estado;Seca;Perfeito estado;Agente;R-6c;;Única;Faixa seccionada;;;Tarde
772;30/01/2020;15:45:00;SEM VÍTIMA;FINALIZADA;BOA VISTA;RUA DR JOSE MARIANO;;;MADEPORT;BOA VISTA;209.0;CIDADE;ABALROAMENTO LONGITUDINAL;2.0;0.0;0.0;0.0;0.0;0.0;0.0;0.0;0.0;0.0;0.0;Longo da via;Bom;Sem defeito;Não existente;Seca;Perfeito estado;Não existe;Não há placas;;Única;Não existe;;;Tarde
773;30/01/2020;15:52:00;SEM VÍTIMA;FINALIZADA;SANTO ANTÔNIO;RUA FLORIANO PEIXOTO;155;;CASA DA CULTURA;SANTO ANTÔNIO;;SUBURBIO;ABALROAMENTO LONGITUDINAL;1.0;0.0;0.0;0.0;0.0;1.0;0.0;0.0;0.0;0.0;0.0;Longo da via;Bom;Sem defeito;Perfeito estado;Seca;Perfeito estado;Faixa de pedestre;Outras;;Única;Faixa seccionada;;;Tarde
774;30/01/2020;18:13:00;SEM VÍTIMA;FINALIZADA;PAISSANDU;AV GOVERNADOR AGAMENON MAGALHAES;;RUA PAISSANDU;EM FRENTE AO BANCO ITAÚ;PAISSANDU;69.0;SUBURBIO;ABALROAMENTO LONGITUDINAL;1.0;0.0;0.0;0.0;0.0;0.0;1.0;0.0;0.0;0.0;0.0;Longo da via;Bom;Sem defeito;Perfeito estado;Seca;Perfeito estado;Faixa de pedestre;Não há placas;60 km/h;Dupla;Faixa seccionada;;;Noite
775;30/01/2020;18:20:00;SEM VÍTIMA;FINALIZADA;BOA VISTA;RUA HENRIQUE DIAS;;RUA DOM BOSCO;;BOA VISTA;294.0;CIDADE;ABALROAMENTO LONGITUDINAL;1.0;0.0;0.0;0.0;0.0;1.0;0.0;0.0;0.0;0.0;0.0;Longo da via;Bom;Sem defeito;Perfeito estado;Seca;Perfeito estado;Agente;;;Única;Faixa contínua;;;Noite
776;30/01/2020;19:10:00;SEM VÍTIMA;FINALIZADA;ILHA DO LEITE;AV FREI MATIAS TEVES;;RUA FRANCISCO ALVES;HOPE;ILHA DO LEITE;;;ABALROAMENTO LONGITUDINAL;2.0;0.0;0.0;0.0;0.0;0.0;0.0;0.0;0.0;0.0;0.0;Longo da via;Bom;Não existe;Perfeito estado;Seca;Perfeito estado;Faixa de pedestre;Não há placas;;Dupla;Faixa seccionada;;;Noite