indice;data;hora;natureza_acidente;situacao;bairro;endereco;numero;detalhe_endereco_acidente;complemento;bairro_cruzamento;num_semaforo;sentido_via;tipo;auto;moto;ciclom;ciclista;pedestre;onibus;caminhao;viatura;outros;vitimas;vitimasfatais;acidente_verificado;tempo_clima;situacao_semaforo;sinalizacao;condicao_via;conservacao_via;ponto_controle;situacao_placa;velocidade_max_via;mao_direcao;divisao_via1;divisao_via2;divisao_via3;turno
777;30/01/2020;19:23:00;SEM VÍTIMA;FINALIZADA;GRAÇAS;RUA JOAQUIM NABUCO;;;HOSPITAL DA RESTAURAÇAO;GRAÇAS;;SUBURBIO;ABALROAMENTO LONGITUDINAL;2.0;0.0;0.0;0.0;0.0;0.0;0.0;0.0;1.0;0.0;0.0;Longo da via;Bom;Não existe;Perfeito estado;Seca;Perfeito estado;Não existe;R-6a;;Única;Faixa seccionada;;;Noite
778;30/01/2020;20:21:00;SEM VÍTIMA;FINALIZADA;APIPUCOS;RUA DOIS IRMAOS;470;;;APIPUCOS;;;CHOQUE OBJETO FIXO;1.0;0.0;0.0;0.0;0.0;0.0;0.0;0.0;0.0;0.0;0.0;Longo da via;Bom;Não existe;Perfeito estado;Seca;Perfeito estado;Não existe;Outras;40 km/h;Dupla;Faixa contínua;;;Noite
779;30/01/2020;23:17:00;VÍTIMA FATAL;FINALIZADA;CIDADE UNIVERSITÁRIA;RUA EMILIANO BRAGA;96;RUA MANOEL JOAQUIM DE ALMEIDA;PROX AO PARAIBANO BAR;CIDADE UNIVERSITÁRIA;;;ABALROAMENTO TRANSVERSAL;0.0;1.0;0.0;0.0;0.0;1.0;0.0;0.0;0.0;0.0;1.0;Cruzamento;Bom;Não existe;Ilegível;Seca;Mal iluminada;Não existe;Não há placas;;Única;Não existe;;;Noite
780;31/01/2020;00:43:00;SEM VÍTIMA;FINALIZADA;PINA;AV BOA VIAGEM;;RUA ALCIDES CARNEIRO LEAL;;PINA;;CIDADE;ABALROAMENTO LONGITUDINAL;2.0;0.0;0.0;0.0;0.0;0.0;0.0;0.0;0.0;0.0;0.0;Longo da via;Bom;Sem defeito;Perfeito estado;Seca;Perfeito estado;Não existe;;;Única;Faixa seccionada;;;Madrugada
781;31/01/2020;07:13:00;SEM VÍTIMA;FINALIZADA;IMBIRIBEIRA;AV MARECHAL MASCARENHAS DE MORAES;;RUA DEZ DE JULHO;AO LADO DA CAIXA ECONOMICA;IMBIRIBEIRA;;SUBURBIO;ABALROAMENTO LONGITUDINAL;1.0;0.0;0.0;0.0;0.0;1.0;0.0;0.0;0.0;0.0;0.0;Cruzamento;Bom;Não existe;Perfeito estado;Seca;Perfeito estado;Não existe;Não há placas;60 km/h;Dupla;;;;Manhã
782;31/01/2020;08:14:00;SEM VÍTIMA;FINALIZADA;BOA VISTA;AV GOVERNADOR AGAMENON MAGALHAES;;;EM FRENTE AO AMERICANO BATISTA;BOA VISTA;174.0;;COLISÃO TRASEIRA;2.0;0.0;0.0;0.0;0.0;0.0;0.0;0.0;0.0;0.0;0.0;Longo da via;Chuvoso;Sem defeito;Perfeito estado;Molhada;Perfeito estado;Agente;Outras;60 km/h;Dupla;Faixa seccionada;;;Manhã
783;31/01/2020;09:04:00;COM VÍTIMA;FINALIZADA;DERBY;PRC DO DERBY;;RUA JENER DE SOUZA;AO LADO DO QUARTEL DO DERBY;DERBY;40.0;CIDADE;COLISÃO TRASEIRA;1.0;1.0;0.0;0.0;0.0;0.0;0.0;0.0;0.0;1.0;0.0;Longo da via;Bom;Sem defeito;Perfeito estado;Seca;Perfeito estado;Faixa de retenção;Outras;;Dupla;Faixa contínua;;;Manhã
784;31/01/2020;09:26:00;SEM VÍTIMA;FINALIZADA;SANTO AMARO;AV CRUZ CABUGA;;;AO LADO DO SHOPPING TACARUNA;SANTO AMARO;470.0;CIDADE;CHOQUE OBJETO FIXO;0.0;1.0;0.0;0.0;0.0;0.0;0.0;0.0;0.0;0.0;0.0;Longo da via;Bom;Sem defeito;Perfeito estado;Seca;Perfeito estado;Agente;;;Dupla;Faixa seccionada;;;Manhã
785;31/01/2020;10:45:00;SEM VÍTIMA;FINALIZADA;VASCO DA GAMA;RUA ALTO DO EUCALIPTO;828;;GRÁFICA VASCO DA GAMA;VASCO DA GAMA;;SUBURBIO;COLISÃO FRONTAL;2.0;0.0;0.0;0.0;0.0;0.0;0.0;0.0;0.0;0.0;0.0;Longo da via;Bom;Não existe;Perfeito estado;Seca;Perfeito estado;Outros;Outras;;Dupla;Não existe;;;Manhã
786;31/01/2020;10:56:00;SEM VÍTIMA;FINALIZADA;BOA VIAGEM;RUA COSMORAMA;380;RUA GENERAL SALGADO;SHARK ARENA;BOA VIAGEM;;CIDADE;ABALROAMENTO LONGITUDINAL;2.0;0.0;0.0;0.0;0.0;0.0;0.0;0.0;0.0;0.0;0.0;Cruzamento;Bom;Não existe;Perfeito estado;Seca;Perfeito estado;Não existe;Placas Pare;40 km/h;Única;Faixa seccionada;;;Manhã
787;31/01/2020;11:30:00;SEM VÍTIMA;FINALIZADA;BOA VISTA;RUA JOAO FERNANDES VIEIRA;1308;AV GOVERNADOR AGAMENON MAGALHAES;COLEGIO AMERICANO BATISTA;BOA VISTA;37.0;CIDADE;ABALROAMENTO LONGITUDINAL;1.0;1.0;0.0;0.0;0.0;0.0;0.0;0.0;0.0;0.0;0.0;Longo da via;Bom;Sem defeito;Perfeito estado;Seca;Perfeito estado;Agente;;60 km/h;Dupla;Canteiro central;;;Manhã
788;31/01/2020;11:47:00;SEM VÍTIMA;FINALIZADA;BOA VISTA;RUA DOM BOSCO;908;;EM FRENTE AO MERCADO EXTRA Nº 913;BOA VISTA;294.0;;ABALROAMENTO LONGITUDINAL;2.0;0.0;0.0;0.0;0.0;0.0;0.0;0.0;0.0;0.0;0.0;Longo da via;Bom;Sem defeito;Perfeito estado;Seca;Perfeito estado;Agente;Outras;;Dupla;Canteiro central;;;Manhã
789;31/01/2020;12:21:00;SEM VÍTIMA;FINALIZADA;BOA VIAGEM;AV DES JOSE NEVES;211;;E/F AO POSTO SHELL;BOA VIAGEM;;SUBURBIO;COLISÃO TRASEIRA;2.0;0.0;0.0;0.0;0.0;0.0;0.0;0.0;0.0;0.0;0.0;Longo da via;Bom;Não existe;Perfeito estado;Seca;Perfeito estado;Não existe;R-6a;;Dupla;Faixa seccionada;Canal;;Tarde
790;31/01/2020;13:39:00;SEM VÍTIMA;FINALIZADA;BREJO DA GUABIRABA;AV VEREADOR OTACILIO AZEVEDO;;RUA DOURADINHA;;BREJO DA GUABIRABA;;CIDADE;ABALROAMENTO LONGITUDINAL;1.0;1.0;0.0;0.0;0.0;0.0;0.0;0.0;0.0;0.0;0.0;;Bom;Não existe;Incompleta;Seca;Perfeito estado;Não existe;Placas Pare;;Dupla;Faixa seccionada;;;Tarde
791;31/01/2020;14:12:00;SEM VÍTIMA;FINALIZADA;SANTO AMARO;AV NORTE;966;;EM FRENTE AO Nº 966;SANTO AMARO;;SUBURBIO;COLISÃO TRASEIRA;1.0;0.0;0.0;0.0;0.0;1.0;0.0;0.0;0.0;0.0;0.0;Longo da via;Bom;Não existe;Perfeito estado;Seca;Perfeito estado;Não existe;R-6a;40 km/h;Dupla;Canteiro central;;;Tarde
792;31/01/2020;15:24:00;SEM VÍTIMA;FINALIZADA;ILHA DO LEITE;VIADUTO CAPITAO TEMUDO;;;EM CIMA DO VIATUDO/ SENTIDO CIDADE;ILHA DO LEITE;;;COLISÃO;1.0;1.0;0.0;0.0;0.0;0.0;0.0;0.0;0.0;0.0;0.0;;;;;;;;;;;;;;Tarde
793;31/01/2020;15:50:00;SEM VÍTIMA;FINALIZADA;TORRÕES;AV ENGENHEIRO ABDIAS DE CARVALHO;;;EM FRENTE A CHESF;TORRÕES;;CIDADE;COLISÃO TRASEIRA;2.0;0.0;0.0;0.0;0.0;0.0;0.0;0.0;0.0;0.0;0.0;Longo da via;Bom;Sem defeito;Perfeito estado;Seca;Perfeito estado;Agente;;;Dupla;Canteiro central;;;Tarde
794;31/01/2020;16:37:00;SEM VÍTIMA;FINALIZADA;MUSTARDINHA;AV MUSTARDINHA;376;RUA APUCARANA;GRANJA GUERALDO DA GALINHA ( COMÉRCIO);MUSTARDINHA;;SUBURBIO;ABALROAMENTO TRANSVERSAL;1.0;1.0;0.0;0.0;0.0;0.0;0.0;0.0;0.0;0.0;0.0;Cruzamento;Bom;Não existe;Incompleta;Seca;Mal conservada;Não existe;Não há placas;;Dupla;Não existe;;;Tarde
795;31/01/2020;16:46:00;SEM VÍTIMA;FINALIZADA;TAMARINEIRA;RUA SEBASTIAO ALVES;273;;BOTECO E PARRILLA FAACA;TAMARINEIRA;;CIDADE;ABALROAMENTO LONGITUDINAL;2.0;0.0;0.0;0.0;0.0;0.0;0.0;0.0;0.0;0.0;0.0;Longo da via;Bom;Não existe;Incompleta;Seca;Perfeito estado;Não existe;Não há placas;20 km/h;Única;Não existe;;;Tarde
796;31/01/2020;16:53:00;SEM VÍTIMA;FINALIZADA;BOA VIAGEM;RUA SETUBAL;124;;EM FRENTE A DROGASIL E IGREJINHA DE BOA VIAGEM;BOA VIAGEM;419.0;;COLISÃO;1.0;0.0;0.0;0.0;0.0;1.0;0.0;0.0;0.0;0.0;0.0;;;;;;;;;;;;;;Tarde
797;31/01/2020;17:32:00;SEM VÍTIMA;FINALIZADA;IMBIRIBEIRA;AV MARECHAL MASCARENHAS DE MORAES;4741;;VALK IMPORT SERVICE;IMBIRIBEIRA;;CIDADE;COLISÃO TRASEIRA;2.0;0.0;0.0;0.0;0.0;0.0;0.0;0.0;0.0;0.0;0.0;Longo da via;Bom;Não existe;Perfeito estado;Seca;Perfeito estado;Agente;Não há placas;60 km/h;Única;Faixa seccionada;;;Tarde
798;31/01/2020;18:00:00;SEM VÍTIMA;FINALIZADA;VASCO DA GAMA;AV VEREADOR OTACILIO AZEVEDO;955;;EM FRENTE AO Nº 955;VASCO DA GAMA;;SUBURBIO;ABALROAMENTO LONGITUDINAL;1.0;0.0;0.0;0.0;0.0;0.0;1.0;0.0;0.0;0.0;0.0;Longo da via;Bom;Não existe;Incompleta;Seca;Mal conservada;Não existe;R-6c;;Dupla;Faixa seccionada;;;Noite
799;31/01/2020;18:14:00;COM VÍTIMA;FINALIZADA;MADALENA;AV VISCONDE DE ALBUQUERQUE;;RUA LOPES DE CARVALHO;ASTRAL VEÍCULOS MULTIMARCAS;MADALENA;;CIDADE;ABALROAMENTO TRANSVERSAL;1.0;0.0;0.0;0.0;0.0;1.0;0.0;0.0;0.0;1.0;0.0;Cruzamento;Bom;Não existe;Perfeito estado;Seca;Perfeito estado;Não existe;Placas Pare;;Única;Faixa seccionada;;;Noite
800;31/01/2020;18:22:00;COM VÍTIMA;FINALIZADA;BOA VIAGEM;RUA PADRE LEANDRO CAMELO;279;RUA VISCONDE DE JEQUITINHONHA;E/F AO EDF CASABLANCA / AO LADO DO RESTAURANTE PARANOIA DO MAR;BOA VIAGEM;;SUBURBIO;CAPOTAMENTO;1.0;0.0;0.0;0.0;0.0;0.0;0.0;0.0;0.0;1.0;0.0;Longo da via;Bom;Não existe;Não existente;Seca;Perfeito estado;Não existe;Não há placas;;Única;Faixa seccionada;;;Noite
801;31/01/2020;19:02:00;SEM VÍTIMA;FINALIZADA;PINA;PTE AGAMENON MAGALHAES;;;PRÓXIMO AO CABANGA IATE CLUBE;PINA;;CIDADE;COLISÃO TRASEIRA;2.0;0.0;0.0;0.0;0.0;0.0;0.0;0.0;0.0;0.0;0.0;;;;;;;;;;;;;;Noite
802;31/01/2020;19:54:00;SEM VÍTIMA;FINALIZADA;GRAÇAS;AV GOVERNADOR AGAMENON MAGALHAES;;RUA JOAQUIM NABUCO;AO LADO DO HOSPITAL DA RESTAURAÇAÕ;GRAÇAS;174.0;;COLISÃO TRASEIRA;1.0;0.0;0.0;0.0;0.0;0.0;1.0;0.0;0.0;0.0;0.0;Cruzamento;Bom;Sem defeito;Perfeito estado;Seca;Perfeito estado;Faixa de pedestre;Não há placas;60 km/h;Dupla;Faixa contínua;;;Noite
803;31/01/2020;22:33:00;SEM VÍTIMA;FINALIZADA;MADALENA;RUA ENGENHEIRO LEONARDO ARCOVERDE;;;AO LADO DO Nº 464;MADALENA;;SUBURBIO;CHOQUE VEÍCULO PARADO;3.0;0.0;0.0;0.0;0.0;0.0;0.0;0.0;0.0;0.0;0.0;Longo da via;Bom;Não existe;Incompleta;Seca;Perfeito estado;Não existe;Não há placas;;Dupla;Não existe;;;Noite
804;31/01/2020;23:53:00;SEM VÍTIMA;FINALIZADA;BOA VIAGEM;RUA RIBEIRO DE BRITO;972;RUA DOS NAVEGANTES;POR TRÁS DO HOLIDAY;BOA VIAGEM;;SUBURBIO;ABALROAMENTO TRANSVERSAL;2.0;0.0;0.0;0.0;0.0;0.0;0.0;0.0;0.0;0.0;0.0;Longo da via;Bom;Não existe;Perfeito estado;Seca;Perfeito estado;Faixa de retenção;Placas Pare;;Única;Faixa seccionada;;;Noite
805;01/02/2020;02:30:00;SEM VÍTIMA;FINALIZADA;BAIRRO DO RECIFE;AV MARQUES DE OLINDA;;CAIS DA ALFANDEGA;;BAIRRO DO RECIFE;165.0;SUBURBIO;ABALROAMENTO LONGITUDINAL;1.0;0.0;0.0;0.0;0.0;0.0;1.0;0.0;0.0;0.0;0.0;Cruzamento;Bom;Intermitente;Perfeito estado;Seca;Perfeito estado;Faixa de pedestre;Não há placas;;;Faixa contínua;;;Madrugada
806;01/02/2020;08:10:00;SEM VÍTIMA;FINALIZADA;SANTO AMARO;AV NORTE;;RUA DA AURORA;;SANTO AMARO;243.0;SUBURBIO;ABALROAMENTO TRANSVERSAL;2.0;0.0;0.0;0.0;0.0;0.0;0.0;0.0;0.0;0.0;0.0;Cruzamento;Chuvoso;Sem defeito;Perfeito estado;Molhada;Perfeito estado;Faixa de pedestre;R-25d;;Dupla;Faixa contínua;;;Manhã
807;01/02/2020;08:45:00;SEM VÍTIMA;FINALIZADA;IMBIRIBEIRA;RUA ITACARI;;RUA ITAJAI;ESQUINA COM A YNOVE;IMBIRIBEIRA;;CIDADE;ABALROAMENTO TRANSVERSAL;2.0;0.0;0.0;0.0;0.0;0.0;0.0;0.0;0.0;0.0;0.0;Cruzamento;Chuvoso;Não existe;Perfeito estado;Molhada;Perfeito estado;Faixa de pedestre;Placas Pare;;Única;Faixa contínua;;;Manhã
808;01/02/2020;09:20:00;SEM VÍTIMA;FINALIZADA;SÃO JOSÉ;C SANTA RITA;;;AO LADO DO GRANDE RECIFE;SÃO JOSÉ;;SUBURBIO;CHOQUE OBJETO FIXO;1.0;0.0;0.0;0.0;0.0;0.0;0.0;0.0;0.0;0.0;0.0;Longo da via;Chuvoso;Não existe;Perfeito estado;Molhada;Perfeito estado;Não existe;Não há placas;;Dupla;Canteiro central;;;Manhã
809;01/02/2020;09:21:00;SEM VÍTIMA;FINALIZADA;DERBY;PRC DO DERBY;;;EM FRENTE AO MEMORIAL DA MEDICINA DE PERNAMBUCO;DERBY;418.0;CIDADE;ABALROAMENTO LONGITUDINAL;2.0;0.0;0.0;0.0;0.0;0.0;0.0;0.0;0.0;0.0;0.0;Longo da via;Chuvoso;Sem defeito;Perfeito estado;Molhada;Perfeito estado;Faixa de pedestre;Outras;40 km/h;Única;Não existe;;;Manhã
810;01/02/2020;09:38:00;SEM VÍTIMA;FINALIZADA;SAN MARTIN;RUA VINTE E UM DE ABRIL;31;;EM FRENTE AO DEPÓSITO DE BEBIDAS JÔ;SAN MARTIN;;SUBURBIO;CHOQUE VEÍCULO PARADO;2.0;0.0;0.0;0.0;0.0;0.0;0.0;0.0;0.0;0.0;0.0;Longo da via;Bom;Não existe;Incompleta;Seca;Mal conservada;Não existe;Não há placas;;Dupla;Não existe;;;Manhã
811;01/02/2020;10:15:00;SEM VÍTIMA;FINALIZADA;ENGENHO DO MEIO;RUA SALVADOR VITAL;231;;;ENGENHO DO MEIO;;;CHOQUE VEÍCULO PARADO;2.0;0.0;0.0;0.0;0.0;0.0;0.0;0.0;0.0;0.0;0.0;Longo da via;Bom;Não existe;;Seca;Perfeito estado;Não existe;Não há placas;;Dupla;;;;Manhã
812;01/02/2020;10:30:00;COM VÍTIMA;FINALIZADA;ÁGUA FRIA;EST VELHA DE AGUA FRIA;1755;;E/F A KI DELICIA E BR BOMBONIERE;ÁGUA FRIA;;CIDADE;COLISÃO TRASEIRA;1.0;1.0;0.0;0.0;0.0;0.0;0.0;0.0;0.0;1.0;0.0;Longo da via;Bom;Não existe;Perfeito estado;Seca;Perfeito estado;Não existe;Não há placas;40 km/h;Única;Faixa seccionada;;;Manhã
813;01/02/2020;12:35:00;COM VÍTIMA;FINALIZADA;SÃO JOSÉ;RUA IMPERIAL;1194;;E/F PANIFICADORA PÃO PÃO;SÃO JOSÉ;;SUBURBIO;COLISÃO TRASEIRA;1.0;1.0;0.0;0.0;0.0;0.0;0.0;0.0;0.0;2.0;0.0;Longo da via;Bom;Não existe;Perfeito estado;Seca;Perfeito estado;Não existe;Outras;60 km/h;Única;Faixa seccionada;;;Tarde
814;01/02/2020;12:56:00;SEM VÍTIMA;FINALIZADA;CASA AMARELA;RUA PADRE LEMOS;319;;EM FRENTE A CAIXA ECONÔMICA FEDERAL;CASA AMARELA;;SUBURBIO;ABALROAMENTO LONGITUDINAL;2.0;0.0;0.0;0.0;0.0;0.0;0.0;0.0;0.0;0.0;0.0;Longo da via;Bom;Não existe;Perfeito estado;Seca;Mal conservada;Não existe;R-6a;;Dupla;Não existe;;;Tarde
815;01/02/2020;13:49:00;SEM VÍTIMA;FINALIZADA;IMBIRIBEIRA;AV MARECHAL MASCARENHAS DE MORAES;;;SOB O SEMÁFORO 218;IMBIRIBEIRA;218.0;SUBURBIO;COLISÃO TRASEIRA;1.0;1.0;0.0;0.0;0.0;0.0;0.0;0.0;0.0;0.0;0.0;Longo da via;Bom;Com defeito;Perfeito estado;Seca;Perfeito estado;Faixa de pedestre;Outras;60 km/h;Dupla;Canteiro central;;;Tarde
816;01/02/2020;16:50:00;SEM VÍTIMA;FINALIZADA;CURADO;AV PREFEITO ANTONIO PEREIRA;;RUA MINISTRO MARIO ANDREAZZA;;CURADO;;;ABALROAMENTO TRANSVERSAL;1.0;1.0;0.0;0.0;0.0;0.0;0.0;0.0;0.0;0.0;0.0;;Bom;Não existe;Não existente;Seca;Perfeito estado;Não existe;Não há placas;;Única;Não existe;;;Tarde
817;01/02/2020;17:51:00;COM VÍTIMA;FINALIZADA;BOA VIAGEM;RUA COSMORAMA;;AV ARMINDO MOURA;AO LADO DA VILA MILITAR DA AERONAUTICA/ PROX AO COMAR;BOA VIAGEM;441.0;SUBURBIO;COLISÃO COM CICLISTA;1.0;0.0;0.0;1.0;0.0;0.0;0.0;0.0;0.0;1.0;0.0;Cruzamento;Bom;Sem defeito;Perfeito estado;Seca;Perfeito estado;Faixa de pedestre;;;;;;;Tarde
818;01/02/2020;18:53:00;SEM VÍTIMA;FINALIZADA;BAIRRO DO RECIFE;AV ALFREDO LISBOA;;;POSTO BR;BAIRRO DO RECIFE;;SUBURBIO;ABALROAMENTO LONGITUDINAL;1.0;0.0;0.0;0.0;0.0;0.0;1.0;0.0;0.0;0.0;0.0;Longo da via;Bom;Não existe;Perfeito estado;Seca;Perfeito estado;Não existe;Não há placas;30 km/h;Única;Faixa contínua;;;Noite
819;01/02/2020;22:15:00;COM VÍTIMA;FINALIZADA;BOA VIAGEM;AV ENGENHEIRO DOMINGOS FERREIRA;844;;EMPRESARIAL DOMIGOS FERREIRAS;BOA VIAGEM;;SUBURBIO;ATROPELAMENTO;0.0;1.0;0.0;0.0;1.0;0.0;0.0;0.0;0.0;2.0;0.0;Longo da via;Bom;Não existe;Perfeito estado;Seca;Perfeito estado;Não existe;Não há placas;;Única;Canteiro central;;;Noite
820;01/02/2020;22:27:00;SEM VÍTIMA;FINALIZADA;BREJO DA GUABIRABA;RUA Z;8;;ECO POSTOS;BREJO DA GUABIRABA;;SUBURBIO;ABALROAMENTO LONGITUDINAL;1.0;0.0;0.0;0.0;0.0;0.0;1.0;0.0;0.0;0.0;0.0;Longo da via;Bom;Não existe;Não existente;Seca;Mal conservada;Não existe;Não há placas;;Dupla;Não existe;;;Noite
821;01/02/2020;22:48:00;COM VÍTIMA;FINALIZADA;CAJUEIRO;AV BEBERIBE;3331;;ENF ACADEMIA DA CIDADE;CAJUEIRO;388.0;SUBURBIO;ABALROAMENTO TRANSVERSAL;0.0;2.0;0.0;0.0;0.0;0.0;0.0;0.0;0.0;1.0;0.0;Cruzamento;Bom;Sem defeito;Perfeito estado;Seca;Perfeito estado;Faixa de pedestre;Não há placas;;Dupla;Canteiro central;;;Noite
822;01/02/2020;23:47:00;COM VÍTIMA;FINALIZADA;MADALENA;RUA REAL DA TORRE;361;RUA MANUEL BEZERRA;PROX AO TUNEL DA ABOLIÇAO;MADALENA;237.0;;COLISÃO;1.0;1.0;0.0;0.0;0.0;0.0;0.0;0.0;0.0;1.0;0.0;;;;;;;;;;;;;;Noite
823;02/02/2020;00:20:00;SEM VÍTIMA;FINALIZADA;BOA VIAGEM;RUA DOS NAVEGANTES;;RUA ERNESTO DE PAULA SANTOS;;BOA VIAGEM;;SUBURBIO;ABALROAMENTO TRANSVERSAL;2.0;0.0;0.0;0.0;0.0;0.0;0.0;0.0;0.0;0.0;0.0;Cruzamento;Bom;Não existe;Perfeito estado;Seca;Perfeito estado;Não existe;Placas Pare;;Única;Faixa seccionada;;;Madrugada
824;02/02/2020;07:53:00;COM VÍTIMA;FINALIZADA;CAXANGÁ;AV JOAQUIM RIBEIRO;740;;AGUA MINERAL CAXANGA;CAXANGÁ;;SUBURBIO;COLISÃO COM CICLISTA;1.0;0.0;0.0;1.0;0.0;0.0;0.0;0.0;0.0;1.0;0.0;Longo da via;Chuvoso;Não existe;Perfeito estado;Seca;Perfeito estado;Não existe;Não há placas;;Dupla;Canteiro central;;;Manhã
825;02/02/2020;08:32:00;SEM VÍTIMA;FINALIZADA;MACAXEIRA;AV NORTE;7051;;POSTO SOLAR;MACAXEIRA;;CIDADE;COLISÃO TRASEIRA;2.0;0.0;0.0;0.0;0.0;0.0;0.0;0.0;0.0;0.0;0.0;Longo da via;Bom;Sem defeito;Perfeito estado;Seca;Perfeito estado;Outros;Outras;60 km/h;Única;Faixa seccionada;;;Manhã
826;02/02/2020;09:07:00;COM VÍTIMA;FINALIZADA;PINA;VIADUTO CAPITAO TEMUDO;;;EM CIMA DO VIATUDO/ SENTIDO BOA VIAGEM;PINA;;SUBURBIO;ABALROAMENTO LONGITUDINAL;1.0;1.0;0.0;0.0;0.0;0.0;0.0;0.0;0.0;2.0;0.0;Longo da via;Bom;Não existe;Não existente;Seca;Perfeito estado;Não existe;Não há placas;60 km/h;Dupla;Canteiro central;;;Manhã
827;02/02/2020;10:06:00;COM VÍTIMA;FINALIZADA;ESTÂNCIA;AV DR JOSE RUFINO;;;APOS O COLEGIO VISAO EM FRENTE A PADARIA SITIENCE;ESTÂNCIA;;SUBURBIO;ATROPELAMENTO;0.0;0.0;0.0;0.0;1.0;1.0;0.0;0.0;0.0;1.0;0.0;Longo da via;Bom;Não existe;Perfeito estado;Seca;Perfeito estado;Não existe;R-6a;60 km/h;Dupla;Faixa contínua;;;Manhã
828;02/02/2020;13:04:00;SEM VÍTIMA;FINALIZADA;ALTO SANTA TERESINHA;AV ANIBAL BENEVOLO;700;;;ALTO SANTA TERESINHA;;SUBURBIO;ABALROAMENTO LONGITUDINAL;1.0;0.0;0.0;0.0;0.0;1.0;0.0;0.0;0.0;0.0;0.0;Longo da via;Bom;Não existe;Incompleta;Seca;Mal conservada;Não existe;R-6c;;Dupla;Faixa contínua;;;Tarde
829;02/02/2020;13:06:00;SEM VÍTIMA;FINALIZADA;AFOGADOS;RUA SAO MIGUEL;116;RUA PEDRO CABRAL DE OLIVEIRA;OPOSTO AO CARTORIO DE AFOGADOS;AFOGADOS;;CIDADE;ABALROAMENTO TRANSVERSAL;1.0;0.0;0.0;0.0;0.0;1.0;0.0;0.0;0.0;0.0;0.0;Longo da via;Bom;Não existe;Perfeito estado;Seca;Perfeito estado;Agente;R-3;40 km/h;Dupla;Faixa seccionada;;;Tarde
830;02/02/2020;13:38:00;COM VÍTIMA;FINALIZADA;TAMARINEIRA;RUA CONEGO BARATA;858;;PROX. DO DENOX E O FITEIRO SÃO JOSÉ. DNOCS.;TAMARINEIRA;;AV NORTE;COLISÃO COM CICLISTA;1.0;0.0;0.0;1.0;0.0;0.0;0.0;0.0;0.0;1.0;0.0;Longo da via;Bom;Não existe;Perfeito estado;Seca;Perfeito estado;Não existe;Não há placas;40 km/h;Dupla;Faixa contínua;;;Tarde
831;02/02/2020;14:03:00;SEM VÍTIMA;FINALIZADA;IBURA;AV SANTA FE;541;AV ANGRA DOS REIS;ESCOLA PADRE LEBRET;IBURA;;SUBURBIO;CHOQUE OBJETO FIXO;1.0;0.0;0.0;0.0;0.0;0.0;0.0;0.0;0.0;0.0;0.0;Longo da via;Bom;Não existe;Perfeito estado;Seca;Perfeito estado;Não existe;Não há placas;;Dupla;Faixa seccionada;;;Tarde
832;02/02/2020;14:43:00;SEM VÍTIMA;FINALIZADA;SAN MARTIN;RUA COMENDADOR FRANCO FERREIRA;105;RUA DUARTE FILHO;;SAN MARTIN;;CIDADE;CHOQUE OBJETO FIXO;2.0;0.0;0.0;0.0;0.0;0.0;0.0;0.0;0.0;0.0;0.0;Cruzamento;Bom;Não existe;Incompleta;Seca;Perfeito estado;Não existe;Placas Pare;30 km/h;Dupla;Não existe;;;Tarde
833;02/02/2020;15:03:00;SEM VÍTIMA;FINALIZADA;PRADO;RUA JOAO IVO DA SILVA;;RUA PADRE TEOFILO TWORZ;TUPAN - AFOGADOS;PRADO;503.0;SUBURBIO;ABALROAMENTO TRANSVERSAL;2.0;0.0;0.0;0.0;0.0;0.0;0.0;0.0;0.0;0.0;0.0;Longo da via;Bom;Sem defeito;Perfeito estado;Seca;Perfeito estado;Faixa de pedestre;Outras;;Única;Faixa seccionada;;;Tarde
834;02/02/2020;16:00:00;SEM VÍTIMA;FINALIZADA;BARRO;AV DR JOSE RUFINO;2116;;SOB O SEMÁFORO;BARRO;213.0;SUBURBIO;COLISÃO TRASEIRA;2.0;0.0;0.0;0.0;0.0;0.0;0.0;0.0;0.0;0.0;0.0;Longo da via;Bom;Sem defeito;Perfeito estado;Seca;Perfeito estado;Faixa de pedestre;Outras;40 km/h;Dupla;Faixa seccionada;;;Tarde
835;02/02/2020;19:46:00;SEM VÍTIMA;FINALIZADA;ESPINHEIRO;RUA DO ESPINHEIRO;533;;APÓS O POSTO DE GASOLINA IPIRANGA;ESPINHEIRO;;SUBURBIO;COLISÃO TRASEIRA;2.0;0.0;0.0;0.0;0.0;0.0;0.0;0.0;0.0;0.0;0.0;Longo da via;Bom;Não existe;Perfeito estado;Seca;Perfeito estado;Não existe;Não há placas;;Única;Faixa seccionada;;;Noite
836;03/02/2020;06:54:00;SEM VÍTIMA;FINALIZADA;;RUA JOAO FERNANDES VIEIRA;;;EM FRENTE A DROGARIA SÃO PAULO;;;CIDADE;COLISÃO TRASEIRA;2.0;0.0;0.0;0.0;0.0;0.0;0.0;0.0;0.0;0.0;0.0;Longo da via;Bom;Não existe;Não existente;Seca;Perfeito estado;Não existe;Não há placas;;Única;Não existe;;;Manhã
837;03/02/2020;08:41:00;SEM VÍTIMA;FINALIZADA;MADALENA;AV JOSE GONCALVES DE MEDEIROS;;;SAÍDA DO ESTACIONAMENTO DO MERCADO EXTRA;MADALENA;;CIDADE;ABALROAMENTO LONGITUDINAL;2.0;0.0;0.0;0.0;0.0;0.0;0.0;0.0;0.0;0.0;0.0;Longo da via;Bom;Não existe;Perfeito estado;Seca;Perfeito estado;Não existe;Não há placas;;Dupla;Faixa contínua;;;Manhã