indice;data;hora;natureza_acidente;situacao;bairro;endereco;numero;detalhe_endereco_acidente;complemento;bairro_cruzamento;num_semaforo;sentido_via;tipo;auto;moto;ciclom;ciclista;pedestre;onibus;caminhao;viatura;outros;vitimas;vitimasfatais;acidente_verificado;tempo_clima;situacao_semaforo;sinalizacao;condicao_via;conservacao_via;ponto_controle;situacao_placa;velocidade_max_via;mao_direcao;divisao_via1;divisao_via2;divisao_via3;turno
838;03/02/2020;10:43:00;SEM VÍTIMA;FINALIZADA;ENCRUZILHADA;RUA QUARENTA E OITO;1000;;EM FRENTE AO EDF MUNIQUE;ENCRUZILHADA;;CIDADE;ABALROAMENTO LONGITUDINAL;2.0;0.0;0.0;0.0;0.0;0.0;0.0;0.0;0.0;0.0;0.0;Longo da via;Bom;Não existe;Perfeito estado;Seca;Perfeito estado;Não existe;R-6a;;Única;Faixa seccionada;;;Manhã
839;03/02/2020;12:57:00;SEM VÍTIMA;FINALIZADA;ILHA DO RETIRO;AV ENGENHEIRO ABDIAS DE CARVALHO;;EST DOS REMEDIOS;EM FRENTE AO BOB'S;ILHA DO RETIRO;52.0;;COLISÃO TRASEIRA;2.0;0.0;0.0;0.0;0.0;0.0;0.0;0.0;0.0;0.0;0.0;Longo da via;Bom;Sem defeito;Perfeito estado;Seca;Perfeito estado;Agente;;60 km/h;Dupla;Canteiro central;;;Tarde
840;03/02/2020;13:21:00;SEM VÍTIMA;FINALIZADA;CORDEIRO;AV CAXANGA;1417;;;CORDEIRO;;SUB/CID;COLISÃO TRASEIRA;4.0;0.0;0.0;0.0;0.0;0.0;0.0;0.0;0.0;0.0;0.0;Longo da via;Bom;;Perfeito estado;Seca;Perfeito estado;Não existe;Não há placas;;Dupla;Canteiro central;;;Tarde
841;03/02/2020;15:12:00;SEM VÍTIMA;FINALIZADA;ILHA DO RETIRO;RUA SPORT CLUBE DO RECIFE;;RUA PROFESSOR BENEDITO MONTEIRO;EM FRENTE AO SPORT CLUB DO RECIFE;ILHA DO RETIRO;481.0;;ABALROAMENTO LONGITUDINAL;2.0;0.0;0.0;0.0;0.0;0.0;0.0;0.0;0.0;0.0;0.0;Cruzamento;Bom;Sem defeito;Perfeito estado;Seca;Perfeito estado;Não existe;R-6a;;Dupla;Canteiro central;;;Tarde
842;03/02/2020;16:52:00;COM VÍTIMA;FINALIZADA;SANTO ANTÔNIO;RUA FLORIANO PEIXOTO;155;;EM FRENTE A CASA DA CULTURA. HONDA MOTOPARTS;SANTO ANTÔNIO;668.0;SUBURBIO;COLISÃO TRASEIRA;1.0;0.0;0.0;0.0;0.0;1.0;0.0;0.0;0.0;1.0;0.0;Longo da via;Bom;Sem defeito;Perfeito estado;Seca;Perfeito estado;Faixa de pedestre;R-6a;;Única;Faixa contínua;Faixa seccionada;;Tarde
843;03/02/2020;17:24:00;COM VÍTIMA;FINALIZADA;JOANA BEZERRA;AV DES GUERRA BARRETO;;;FORUM DESEMBARGADOR RODOLFO AURELIANO.;JOANA BEZERRA;;CIDADE;ABALROAMENTO LONGITUDINAL;1.0;1.0;0.0;0.0;0.0;0.0;0.0;0.0;0.0;1.0;0.0;Longo da via;Bom;Não existe;Perfeito estado;Seca;Perfeito estado;Faixa de pedestre;Outras;;Dupla;Faixa contínua;;;Tarde
844;03/02/2020;17:28:00;SEM VÍTIMA;FINALIZADA;BOA VISTA;RUA DO HOSPICIO;;AV CONDE DA BOA VISTA;SOB O SEMÁFORO 023;BOA VISTA;23.0;CIDADE;ABALROAMENTO LONGITUDINAL;1.0;0.0;0.0;0.0;0.0;0.0;1.0;0.0;0.0;0.0;0.0;Longo da via;Bom;Sem defeito;Perfeito estado;Seca;Perfeito estado;;Outras;;Única;Não existe;;;Tarde
845;03/02/2020;17:49:00;SEM VÍTIMA;FINALIZADA;BOA VISTA;RUA PRINCESA IZABEL;;RUA DO HOSPICIO;;BOA VISTA;31.0;CIDADE;ABALROAMENTO LONGITUDINAL;0.0;0.0;0.0;0.0;0.0;2.0;0.0;0.0;0.0;0.0;0.0;Cruzamento;Bom;Sem defeito;Perfeito estado;Seca;Perfeito estado;Agente;Outras;;Única;Faixa seccionada;;;Tarde
846;03/02/2020;18:50:00;SEM VÍTIMA;FINALIZADA;BOA VISTA;AV MONTEVIDEU;644;;EM FRENTE AO ESTACIONAMENTO DO HOSPITAL DE FRATURAS;BOA VISTA;;;COLISÃO TRASEIRA;4.0;0.0;0.0;0.0;0.0;0.0;0.0;0.0;0.0;0.0;0.0;Longo da via;Bom;Não existe;Perfeito estado;Seca;Perfeito estado;Não existe;Não há placas;;Única;Faixa contínua;;;Noite
847;03/02/2020;19:36:00;SEM VÍTIMA;FINALIZADA;COHAB;AV SAO PAULO;;;NO TERMINAL DE ONIBUS TRES CARNEIRO;COHAB;;SUBURBIO;ABALROAMENTO LONGITUDINAL;1.0;0.0;0.0;0.0;0.0;1.0;0.0;0.0;0.0;0.0;0.0;Longo da via;Bom;Não existe;Perfeito estado;Seca;Perfeito estado;Não existe;Outras;20 km/h;Dupla;Não existe;;;Noite
848;03/02/2020;19:33:00;COM VÍTIMA;FINALIZADA;SANTO AMARO;RUA DOS PALMARES;;RUA TREZE DE MAIO;;SANTO AMARO;30.0;CIDADE;ABALROAMENTO TRANSVERSAL;1.0;1.0;0.0;0.0;0.0;0.0;0.0;0.0;0.0;1.0;0.0;Cruzamento;Bom;Sem defeito;Perfeito estado;Seca;Perfeito estado;Não existe;R-4a;;Dupla;Faixa seccionada;;;Noite
849;03/02/2020;20:09:00;COM VÍTIMA;FINALIZADA;MADALENA;RUA RICARDO SALAZAR;;RUA CARLOS GOMES;CRUZAMENTO COM A RUA CARLOS GOMES;MADALENA;623.0;SUBURBIO;ABALROAMENTO TRANSVERSAL;2.0;0.0;0.0;0.0;0.0;0.0;0.0;0.0;0.0;1.0;0.0;Cruzamento;Bom;Sem defeito;Ilegível;Seca;Mal iluminada;Faixa de pedestre;Não há placas;;Dupla;Canteiro central;;;Noite
850;03/02/2020;20:37:00;SEM VÍTIMA;FINALIZADA;PINA;AVENIDA CELSO FURTADO (VIA MANGUE);;;EM FRENTE AO 19° BPM;PINA;;CIDADE;ABALROAMENTO LONGITUDINAL;1.0;1.0;0.0;0.0;0.0;0.0;0.0;0.0;0.0;0.0;0.0;Longo da via;Bom;Não existe;Perfeito estado;Seca;Perfeito estado;Não existe;Não há placas;60 km/h;Dupla;Blocos;;;Noite
851;04/02/2020;07:11:00;COM VÍTIMA;FINALIZADA;SANTO AMARO;AV CRUZ CABUGA;449;RUA ARARIPINA;ARMAZÉM CORAL;SANTO AMARO;;CIDADE;COLISÃO TRASEIRA;1.0;1.0;0.0;0.0;0.0;0.0;0.0;0.0;0.0;2.0;0.0;Longo da via;Bom;Sem defeito;Perfeito estado;Seca;Perfeito estado;;Outras;;Dupla;Faixa contínua;;;Manhã
852;04/02/2020;07:23:00;SEM VÍTIMA;FINALIZADA;ILHA JOANA BEZERRA;VIADUTO CAPITAO TEMUDO;928;;LADO OPOSTO A ACADEMIA DA CIDADE;ILHA JOANA BEZERRA;;CIDADE;COLISÃO FRONTAL;1.0;0.0;0.0;0.0;0.0;0.0;0.0;0.0;0.0;0.0;0.0;Viaduto;Chuvoso;Não existe;Perfeito estado;Molhada;Perfeito estado;Não existe;Não há placas;60 km/h;Única;Faixa seccionada;;;Manhã
853;04/02/2020;08:07:00;COM VÍTIMA;FINALIZADA;BOA VIAGEM;RUA ERNESTO DE PAULA SANTOS;315;AV ENGENHEIRO DOMINGOS FERREIRA;EDF ÁVILA;BOA VIAGEM;217.0;SUBURBIO;ABALROAMENTO LONGITUDINAL;0.0;2.0;0.0;0.0;0.0;0.0;0.0;0.0;0.0;1.0;0.0;Longo da via;Bom;Sem defeito;Perfeito estado;Seca;Perfeito estado;Faixa de pedestre;R-6a;60 km/h;Única;Faixa contínua;Faixa seccionada;Canteiro central;Manhã
854;04/02/2020;08:25:00;SEM VÍTIMA;FINALIZADA;ZUMBI;AV CAXANGA;833;RUA CARATINGA;AO LADO DA ESTAÇÃO DO BRT ZUMBI;ZUMBI;274.0;CIDADE;COLISÃO TRASEIRA;2.0;0.0;0.0;0.0;0.0;0.0;0.0;0.0;0.0;0.0;0.0;Longo da via;Bom;Sem defeito;Perfeito estado;Seca;Perfeito estado;Faixa de pedestre;Não há placas;;Dupla;Faixa seccionada;Canteiro central;;Manhã
855;04/02/2020;08:42:00;SEM VÍTIMA;FINALIZADA;AFOGADOS;RUA SAO MIGUEL;1428;RUA DRA ITAMAR DE MORAIS E SILVA;JR MOTOS;AFOGADOS;;SUBURBIO;ABALROAMENTO TRANSVERSAL;1.0;1.0;0.0;0.0;0.0;0.0;0.0;0.0;0.0;0.0;0.0;Cruzamento;Bom;Não existe;Incompleta;Seca;Perfeito estado;Não existe;Não há placas;;;Faixa contínua;Faixa seccionada;;Manhã
856;04/02/2020;08:43:00;SEM VÍTIMA;FINALIZADA;VÁRZEA;RUA EMILIANO BRAGA;470;RUA PROFESSOR ANTONIO COELHO;MARIA BONITA REFEIÇÕES;VÁRZEA;;SUBURBIO;ABALROAMENTO TRANSVERSAL;2.0;0.0;0.0;0.0;0.0;0.0;0.0;0.0;0.0;0.0;0.0;Cruzamento;Bom;Não existe;Perfeito estado;Seca;Perfeito estado;Faixa de pedestre;Placas Pare;30 km/h;Única;Faixa seccionada;;;Manhã
857;04/02/2020;08:50:00;COM VÍTIMA;FINALIZADA;ALTO JOSÉ BONIFÁCIO;RUA ALTO JOSE BONIFACIO;783;;IGREJA BATISTA DO ALTO JOSE BONIFACIO;ALTO JOSÉ BONIFÁCIO;;CIDADE;COLISÃO FRONTAL;1.0;1.0;0.0;0.0;0.0;0.0;0.0;0.0;0.0;1.0;0.0;Longo da via;Bom;Não existe;Perfeito estado;Seca;Perfeito estado;Não existe;Não há placas;;Dupla;Faixa seccionada;;;Manhã
858;04/02/2020;09:30:00;SEM VÍTIMA;FINALIZADA;MADALENA;RUA REAL DA TORRE;;RUA LOPES DE CARVALHO;;MADALENA;;;ABALROAMENTO LONGITUDINAL;1.0;1.0;0.0;0.0;0.0;0.0;0.0;0.0;0.0;0.0;0.0;Cruzamento;Bom;Não existe;Perfeito estado;Seca;Perfeito estado;Não existe;R-6a;;Única;Faixa seccionada;;;Manhã
859;04/02/2020;09:35:00;SEM VÍTIMA;FINALIZADA;SANTO AMARO;RUA FREI CASSIMIRO;3032;RUA ISRAEL FONSECA;EM FRENTE AO SUPERMERCADO SUPREMO;SANTO AMARO;;SUBURBIO;ABALROAMENTO TRANSVERSAL;1.0;0.0;0.0;0.0;0.0;0.0;1.0;0.0;0.0;0.0;0.0;Longo da via;Bom;Não existe;Perfeito estado;Seca;Perfeito estado;Faixa de pedestre;Placas Pare;;Única;Canteiro central;;;Manhã
860;04/02/2020;09:35:00;SEM VÍTIMA;FINALIZADA;SAN MARTIN;AV GENERAL SAN MARTIN;;AV ENGENHEIRO ABDIAS DE CARVALHO;COMPAZ;SAN MARTIN;58.0;SUBURBIO;ABALROAMENTO LONGITUDINAL;1.0;0.0;0.0;0.0;0.0;0.0;0.0;0.0;1.0;0.0;0.0;Cruzamento;Bom;Sem defeito;Perfeito estado;Seca;Perfeito estado;Agente;Outras;40 km/h;Dupla;Faixa contínua;;;Manhã
861;04/02/2020;09:40:00;SEM VÍTIMA;FINALIZADA;GRAÇAS;RUA JOAQUIM NABUCO;;;EM FRENTE AO SEMÁFORO 071;GRAÇAS;;SUBURBIO;ABALROAMENTO LONGITUDINAL;2.0;0.0;0.0;0.0;0.0;0.0;0.0;0.0;0.0;0.0;0.0;Cruzamento;Bom;Sem defeito;Perfeito estado;Seca;Perfeito estado;Faixa de pedestre;Não há placas;;Única;Não existe;;;Manhã
862;04/02/2020;09:51:00;SEM VÍTIMA;FINALIZADA;ESPINHEIRO;RUA BARAO DE ITAMARACA;;RUA RUI CALACA;;ESPINHEIRO;;SUBURBIO;ABALROAMENTO LONGITUDINAL;2.0;0.0;0.0;0.0;0.0;0.0;0.0;0.0;0.0;0.0;0.0;Cruzamento;Bom;Não existe;Perfeito estado;Seca;Perfeito estado;Não existe;R-6a;;Dupla;Faixa seccionada;;;Manhã
863;04/02/2020;10:02:00;SEM VÍTIMA;FINALIZADA;AFOGADOS;AV SUL;;;CLIMAR PEÇAS E SERVIÇOS PARA AR CONDICIONADO AUTOMOTIVO;AFOGADOS;;;ABALROAMENTO LONGITUDINAL;1.0;0.0;0.0;0.0;0.0;0.0;1.0;0.0;0.0;0.0;0.0;Longo da via;Bom;Sem defeito;Perfeito estado;Seca;Perfeito estado;Não existe;Não há placas;;Única;Não existe;;;Manhã
864;04/02/2020;10:17:00;SEM VÍTIMA;FINALIZADA;SÃO JOSÉ;RUA IMPERIAL;;TRV DO GUSMAO;EM FRENTE A LOJA 05;SÃO JOSÉ;;SUBURBIO;ABALROAMENTO LONGITUDINAL;1.0;0.0;0.0;0.0;0.0;1.0;0.0;0.0;0.0;0.0;0.0;;Bom;Não existe;Perfeito estado;Seca;Perfeito estado;Não existe;Não há placas;;Única;Faixa seccionada;;;Manhã
865;04/02/2020;11:33:00;SEM VÍTIMA;FINALIZADA;GRAÇAS;AV RUI BARBOSA;1599;;MEMORIAL DA UPE;GRAÇAS;37.0;CIDADE;COLISÃO TRASEIRA;3.0;0.0;0.0;0.0;0.0;0.0;0.0;0.0;0.0;0.0;0.0;Longo da via;Bom;Sem defeito;Perfeito estado;Seca;Perfeito estado;Faixa de pedestre;R-6a;;Única;Faixa seccionada;;;Manhã
866;04/02/2020;12:12:00;SEM VÍTIMA;FINALIZADA;BOA VIAGEM;AV BOA VIAGEM;4988;RUA BARAO DE SOUZA LEAO;;BOA VIAGEM;;CIDADE;ABALROAMENTO LONGITUDINAL;2.0;0.0;0.0;0.0;0.0;0.0;0.0;0.0;0.0;0.0;0.0;;Bom;Sem defeito;Perfeito estado;Seca;Perfeito estado;Faixa de pedestre;Outras;40 km/h;Única;Faixa seccionada;;;Tarde
867;04/02/2020;12:53:00;SEM VÍTIMA;FINALIZADA;IPUTINGA;RUA PADRE DEHON;166;;CRUZAMENTO;IPUTINGA;;SUBURBIO;ABALROAMENTO TRANSVERSAL;2.0;0.0;0.0;0.0;0.0;0.0;0.0;0.0;0.0;0.0;0.0;Cruzamento;Bom;Não existe;Perfeito estado;Seca;Perfeito estado;Outros;Outras;;Dupla;Não existe;;;Tarde
868;04/02/2020;12:59:00;SEM VÍTIMA;FINALIZADA;BOA VIAGEM;AV CONSELHEIRO AGUIAR;3105;RUA ANTONIO FALCAO;;BOA VIAGEM;;CIDADE;COLISÃO TRASEIRA;2.0;0.0;0.0;0.0;0.0;0.0;0.0;0.0;0.0;0.0;0.0;Longo da via;Bom;Sem defeito;Perfeito estado;Seca;Perfeito estado;Não existe;Não há placas;;Única;Faixa seccionada;;;Tarde
869;04/02/2020;13:52:00;SEM VÍTIMA;FINALIZADA;PINA;AV REPUBLICA DO LIBANO;;;EM FRENTE AO Nº 40;PINA;;SUBURBIO;ABALROAMENTO LONGITUDINAL;1.0;0.0;0.0;0.0;0.0;1.0;0.0;0.0;0.0;0.0;0.0;Longo da via;Bom;Não existe;Perfeito estado;Seca;Perfeito estado;Não existe;Não há placas;;Única;Não existe;;;Tarde
870;04/02/2020;13:58:00;SEM VÍTIMA;FINALIZADA;TAMARINEIRA;AV NORTE;3698;;LADO OPOSTO AO EDIFÍCIO MANOEL FERREIRA;TAMARINEIRA;;CIDADE;COLISÃO TRASEIRA;4.0;0.0;0.0;0.0;0.0;0.0;0.0;0.0;0.0;0.0;0.0;Longo da via;Bom;Não existe;Perfeito estado;Seca;Perfeito estado;Faixa de pedestre;Não há placas;60 km/h;Dupla;Canteiro central;;;Tarde
871;04/02/2020;14:21:00;SEM VÍTIMA;FINALIZADA;BOA VISTA;RUA DO HOSPICIO;;RUA PRINCESA IZABEL;EM FRENTE A CÂMARA DOS VEREADORES;BOA VISTA;31.0;SUBURBIO;ABALROAMENTO TRANSVERSAL;2.0;0.0;0.0;0.0;0.0;0.0;0.0;0.0;0.0;0.0;0.0;Cruzamento;Bom;Sem defeito;Perfeito estado;Seca;Perfeito estado;Agente;Não há placas;;Única;Faixa seccionada;;;Tarde
872;04/02/2020;14:25:00;SEM VÍTIMA;FINALIZADA;BOA VIAGEM;AV CONSELHEIRO AGUIAR;;;EM FRENTE AO BANCO BRADESCO;BOA VIAGEM;546.0;CIDADE;COLISÃO TRASEIRA;2.0;0.0;0.0;0.0;0.0;0.0;0.0;0.0;0.0;0.0;0.0;Cruzamento;Bom;Sem defeito;Perfeito estado;Seca;Perfeito estado;Faixa de pedestre;Não há placas;60 km/h;Única;Faixa seccionada;;;Tarde
873;04/02/2020;14:30:00;SEM VÍTIMA;FINALIZADA;BOA VIAGEM;AV DES JOSE NEVES;;;ANTES DO POSTE Nº B 007529;BOA VIAGEM;;CIDADE;COLISÃO TRASEIRA;2.0;0.0;0.0;0.0;0.0;0.0;0.0;0.0;0.0;0.0;0.0;Longo da via;Bom;Não existe;Perfeito estado;Seca;Perfeito estado;Não existe;Não há placas;;Dupla;Faixa seccionada;;;Tarde
874;04/02/2020;15:03:00;SEM VÍTIMA;FINALIZADA;BOA VISTA;AV MANOEL BORBA;;RUA DA CONCEICAO;EM FRENTE A PRAÇA MACIEL PINHEIRO;BOA VISTA;;CIDADE;ABALROAMENTO LONGITUDINAL;2.0;0.0;0.0;0.0;0.0;0.0;0.0;0.0;0.0;0.0;0.0;;Bom;Não existe;Incompleta;Seca;Mal conservada;;Placas Pare;;;Não existe;;;Tarde
875;04/02/2020;15:34:00;SEM VÍTIMA;FINALIZADA;CASA AMARELA;AV NORTE;4681;RUA RODRIGUES SETE;;CASA AMARELA;;CIDADE;COLISÃO TRASEIRA;3.0;0.0;0.0;0.0;0.0;0.0;0.0;0.0;0.0;0.0;0.0;Cruzamento;Bom;Não existe;Perfeito estado;Seca;Perfeito estado;Não existe;Não há placas;60 km/h;Única;Faixa seccionada;;;Tarde
876;04/02/2020;15:36:00;SEM VÍTIMA;FINALIZADA;BOA VIAGEM;RUA BARAO DE SOUZA LEAO;;;EM FRENTE AO BR;BOA VIAGEM;;SUBURBIO;COLISÃO TRASEIRA;1.0;0.0;0.0;0.0;0.0;1.0;0.0;0.0;0.0;0.0;0.0;Longo da via;Bom;Não existe;Perfeito estado;Seca;Perfeito estado;Agente;Não há placas;40 km/h;Única;Faixa seccionada;;;Tarde
877;04/02/2020;16:13:00;SEM VÍTIMA;FINALIZADA;IPSEP;RUA JEAN EMILE FAVRE;;RUA ALEMANHA;OFICINA DO ERON;IPSEP;;;ABALROAMENTO LONGITUDINAL;1.0;0.0;0.0;0.0;0.0;0.0;0.0;0.0;1.0;0.0;0.0;Cruzamento;Bom;Não existe;Perfeito estado;Seca;Perfeito estado;Não existe;Outras;;;Faixa seccionada;;;Tarde
878;04/02/2020;16:19:00;SEM VÍTIMA;FINALIZADA;CASA FORTE;AV DEZESSETE DE AGOSTO;675;RUA LAURINDO COELHO;CAOA CHERY;CASA FORTE;;SUBURBIO;ABALROAMENTO LONGITUDINAL;1.0;0.0;0.0;0.0;0.0;1.0;0.0;0.0;0.0;0.0;0.0;Longo da via;Bom;Não existe;Perfeito estado;Seca;Perfeito estado;Não existe;Outras;;Dupla;Faixa contínua;;;Tarde
879;04/02/2020;17:03:00;SEM VÍTIMA;FINALIZADA;AFOGADOS;RUA SAO MIGUEL;1648;;LADO OPOSTO AO Nº 1648;AFOGADOS;;CIDADE;COLISÃO TRASEIRA;1.0;0.0;0.0;0.0;0.0;0.0;1.0;0.0;0.0;0.0;0.0;Longo da via;Bom;Não existe;Perfeito estado;Seca;Perfeito estado;Não existe;Não há placas;;Dupla;Faixa seccionada;;;Tarde
880;04/02/2020;17:04:00;SEM VÍTIMA;FINALIZADA;BOA VIAGEM;AV ENGENHEIRO DOMINGOS FERREIRA;1818;;EXTRA HIPERMERCADO BOA VIAGEM;BOA VIAGEM;380.0;SUBURBIO;COLISÃO TRASEIRA;3.0;0.0;0.0;0.0;0.0;0.0;0.0;0.0;0.0;0.0;0.0;Longo da via;Bom;Sem defeito;Perfeito estado;Seca;Perfeito estado;Não existe;R-32;60 km/h;Única;Faixa seccionada;Canteiro central;;Tarde
881;04/02/2020;17:13:00;SEM VÍTIMA;FINALIZADA;JARDIM SÃO PAULO;RUA LEANDRO BARRETO;;;SOBRE O VIADUTO;JARDIM SÃO PAULO;;SUBURBIO;COLISÃO FRONTAL;1.0;0.0;0.0;0.0;0.0;0.0;1.0;0.0;0.0;0.0;0.0;Viaduto;Bom;Não existe;Perfeito estado;Seca;Perfeito estado;Outros;Outras;;Dupla;Faixa contínua;;;Tarde
882;04/02/2020;17:46:00;SEM VÍTIMA;FINALIZADA;TEJIPIÓ;AV DR JOSE RUFINO;3030;;ESCOLA ESTADUAL ALBERTO TORRES;TEJIPIÓ;;SUBURBIO;COLISÃO TRASEIRA;2.0;0.0;0.0;0.0;0.0;0.0;0.0;0.0;0.0;0.0;0.0;Longo da via;Bom;Sem defeito;Perfeito estado;Seca;Perfeito estado;Não existe;Não há placas;60 km/h;Dupla;Faixa contínua;;;Tarde
883;04/02/2020;18:24:00;COM VÍTIMA;FINALIZADA;AFOGADOS;AV SUL;;RUA NICOLAU PEREIRA;PRÓX A EMERGÊNCIA DA AGAMENON MAG E TERMINAL INTEGRAL DO LARGO DA PAZ;AFOGADOS;;CIDADE;ABALROAMENTO TRANSVERSAL;1.0;1.0;0.0;0.0;0.0;0.0;0.0;0.0;0.0;1.0;0.0;Não informado;Bom;Não existe;Perfeito estado;Seca;Perfeito estado;Não existe;Não há placas;;Única;Faixa seccionada;;;Noite
884;04/02/2020;18:58:00;SEM VÍTIMA;FINALIZADA;TAMARINEIRA;EST VELHA DE AGUA FRIA;571;;;TAMARINEIRA;;CIDADE;ABALROAMENTO LONGITUDINAL;1.0;1.0;0.0;0.0;0.0;0.0;0.0;0.0;0.0;0.0;0.0;Longo da via;Bom;Não existe;Perfeito estado;Seca;Perfeito estado;Não existe;R-6a;;Dupla;Blocos;;;Noite
885;04/02/2020;19:20:00;SEM VÍTIMA;FINALIZADA;BOA VIAGEM;AV CONSELHEIRO AGUIAR;980;;AO LADO DO GREEN MIX;BOA VIAGEM;2.0;CIDADE;COLISÃO TRASEIRA;2.0;0.0;0.0;0.0;0.0;0.0;0.0;0.0;0.0;0.0;0.0;Longo da via;Bom;Sem defeito;Perfeito estado;Seca;Perfeito estado;Agente;Não há placas;40 km/h;Única;Faixa contínua;;;Noite
886;04/02/2020;19:36:00;SEM VÍTIMA;FINALIZADA;BOA VISTA;AV CONDE DA BOA VISTA;767;;LOJA LEADER;BOA VISTA;;SUBURBIO;ABALROAMENTO TRANSVERSAL;0.0;1.0;0.0;0.0;0.0;1.0;0.0;0.0;0.0;0.0;0.0;Longo da via;Bom;Não existe;Perfeito estado;Seca;Perfeito estado;Não existe;Outras;;Dupla;Faixa contínua;;;Noite
887;04/02/2020;19:52:00;COM VÍTIMA;FINALIZADA;BOA VIAGEM;RUA GENERAL SALGADO;99;RUA COSMORAMA;E/F A AO RESTAURANTE ARENA SHARK E PRÓX AO COLÉGIO MADRE DE DEUS;BOA VIAGEM;;SUBURBIO;ABALROAMENTO TRANSVERSAL;1.0;1.0;0.0;0.0;0.0;0.0;0.0;0.0;0.0;1.0;0.0;Cruzamento;Bom;Não existe;Perfeito estado;Seca;Perfeito estado;Não existe;Placas Pare;;Dupla;Faixa seccionada;Outros;;Noite
888;04/02/2020;20:13:00;SEM VÍTIMA;FINALIZADA;IPSEP;RUA CACHOEIRA;;RUA ITACARI;;IPSEP;;SUBURBIO;COLISÃO TRASEIRA;2.0;0.0;0.0;0.0;0.0;0.0;0.0;0.0;0.0;0.0;0.0;Cruzamento;Bom;Não existe;Incompleta;Seca;Mal iluminada;Não existe;Não há placas;;Única;Faixa seccionada;;;Noite
889;04/02/2020;20:15:00;SEM VÍTIMA;FINALIZADA;SÃO JOSÉ;RUA IMPERIAL;217;RUA BOM SUCESSO;;SÃO JOSÉ;;CIDADE;ABALROAMENTO TRANSVERSAL;2.0;0.0;0.0;0.0;0.0;0.0;0.0;0.0;0.0;0.0;0.0;Cruzamento;Bom;Não existe;;Seca;Perfeito estado;Não existe;Não há placas;;Única;Faixa seccionada;;;Noite
890;04/02/2020;21:08:00;SEM VÍTIMA;FINALIZADA;CORDEIRO;RUA EURICO DE SOUZA LEAO;906;;;CORDEIRO;;SUBURBIO;CHOQUE OBJETO FIXO;1.0;0.0;0.0;0.0;0.0;0.0;0.0;0.0;0.0;0.0;0.0;Longo da via;Bom;Não existe;Incompleta;Seca;Mal conservada;Não existe;Não há placas;;Dupla;Não existe;;;Noite
891;04/02/2020;22:07:00;COM VÍTIMA;FINALIZADA;PARNAMIRIM;AV PARNAMIRIM;375;RUA ANDRE CAVALCANTE;E/F AO BANCO SANTANDER;PARNAMIRIM;;CIDADE;ABALROAMENTO LONGITUDINAL;1.0;1.0;0.0;0.0;0.0;0.0;0.0;0.0;0.0;1.0;0.0;Cruzamento;Bom;Não existe;Incompleta;Seca;Perfeito estado;Não existe;R-6a;;Única;Faixa seccionada;;;Noite
892;04/02/2020;22:39:00;SEM VÍTIMA;FINALIZADA;ILHA DO RETIRO;RUA SPORT CLUBE DO RECIFE;;;FRENTE AO SPORT CLUBE DO RECIFE;ILHA DO RETIRO;355.0;SUBURBIO;COLISÃO TRASEIRA;2.0;0.0;0.0;0.0;0.0;0.0;0.0;0.0;0.0;0.0;0.0;Longo da via;Bom;Sem defeito;Perfeito estado;Seca;Perfeito estado;Não existe;Não há placas;;Dupla;Faixa contínua;Faixa seccionada;Canteiro central;Noite
893;05/02/2020;06:05:00;SEM VÍTIMA;FINALIZADA;PAISSANDU;AV GOVERNADOR AGAMENON MAGALHAES;;;LADO OPOSTO AO HOSP. PORTUGUÊS;PAISSANDU;672.0;SUBURBIO;ABALROAMENTO LONGITUDINAL;1.0;0.0;0.0;0.0;0.0;1.0;0.0;0.0;0.0;0.0;0.0;Longo da via;Bom;Sem defeito;Perfeito estado;Seca;Perfeito estado;Faixa de pedestre;;;Dupla;Canteiro central;;;Manhã
894;05/02/2020;06:55:00;SEM VÍTIMA;FINALIZADA;MACAXEIRA;AV NORTE;;;AO LADO DO PONTO DE ÔNIBUS Nº 110052;MACAXEIRA;;SUBURBIO;COLISÃO TRASEIRA;2.0;0.0;0.0;0.0;0.0;0.0;0.0;0.0;0.0;0.0;0.0;Longo da via;Bom;Não existe;Incompleta;Seca;Perfeito estado;Não existe;;;Dupla;Canteiro central;;;Manhã
895;05/02/2020;07:49:00;SEM VÍTIMA;FINALIZADA;BOA VISTA;RUA DO HOSPICIO;;;EM FRENTE A CÂMARA MUNICIPAL DO RECIFE;BOA VISTA;31.0;CIDADE;ABALROAMENTO LONGITUDINAL;1.0;0.0;0.0;0.0;0.0;0.0;0.0;0.0;1.0;0.0;0.0;Cruzamento;Bom;Sem defeito;Perfeito estado;Seca;Perfeito estado;Agente;Outras;;Única;Não existe;;;Manhã
896;05/02/2020;08:03:00;SEM VÍTIMA;FINALIZADA;PINA;PTE AGAMENON MAGALHAES;;;LADO OPOSTO AO RESTAURANTE BARGAÇO;PINA;;CIDADE;COLISÃO TRASEIRA;2.0;0.0;0.0;0.0;0.0;0.0;0.0;0.0;0.0;0.0;0.0;Ponte;Bom;Sem defeito;Perfeito estado;Seca;Perfeito estado;Não existe;Placas Pare;60 km/h;;Faixa seccionada;;;Manhã