indice;data;hora;natureza_acidente;situacao;bairro;endereco;numero;detalhe_endereco_acidente;complemento;bairro_cruzamento;num_semaforo;sentido_via;tipo;auto;moto;ciclom;ciclista;pedestre;onibus;caminhao;viatura;outros;vitimas;vitimasfatais;acidente_verificado;tempo_clima;situacao_semaforo;sinalizacao;condicao_via;conservacao_via;ponto_controle;situacao_placa;velocidade_max_via;mao_direcao;divisao_via1;divisao_via2;divisao_via3;turno
897;05/02/2020;08:27:00;SEM VÍTIMA;FINALIZADA;DERBY;PRC DO DERBY;;RUA JENER DE SOUZA;SOB O SEMÁFORO Nº 418;DERBY;418.0;CIDADE;ABALROAMENTO TRANSVERSAL;2.0;0.0;0.0;0.0;0.0;0.0;0.0;0.0;0.0;0.0;0.0;Cruzamento;Bom;Sem defeito;Perfeito estado;Seca;Perfeito estado;Faixa de pedestre;Outras;;Dupla;Blocos;;;Manhã
898;05/02/2020;08:54:00;SEM VÍTIMA;FINALIZADA;ESPINHEIRO;RUA CONS PORTELA;;RUA SANTO ELIAS;ESQUINA COM POSTO URBAN;ESPINHEIRO;;CIDADE;ABALROAMENTO TRANSVERSAL;2.0;0.0;0.0;0.0;0.0;0.0;0.0;0.0;0.0;0.0;0.0;Cruzamento;Bom;Não existe;Perfeito estado;Seca;Perfeito estado;Não existe;Não há placas;;Única;Faixa seccionada;;;Manhã
899;05/02/2020;10:05:00;COM VÍTIMA;FINALIZADA;CASA AMARELA;RUA PAULA BATISTA;173;RUA XAVANTES;AO LADO DO CENTRO ESPIRITA MOACIR;CASA AMARELA;;SUBURBIO;ABALROAMENTO TRANSVERSAL;1.0;1.0;0.0;0.0;0.0;0.0;0.0;0.0;0.0;2.0;0.0;Cruzamento;Bom;Não existe;Ilegível;Seca;Perfeito estado;Não existe;Não há placas;30 km/h;Dupla;Não existe;;;Manhã
900;05/02/2020;10:07:00;COM VÍTIMA;FINALIZADA;MUSTARDINHA;RUA VINTE E UM DE ABRIL;1343;RUA CORACAO DE JESUS;AO LADO DA ROCK PIZZA;MUSTARDINHA;;SUBURBIO;COLISÃO;1.0;1.0;0.0;0.0;0.0;0.0;0.0;0.0;0.0;1.0;0.0;Esquina;Bom;Não existe;Perfeito estado;Seca;Perfeito estado;Não existe;Outras;;Dupla;Não existe;;;Manhã
901;05/02/2020;11:28:00;SEM VÍTIMA;FINALIZADA;MADALENA;RUA REAL DA TORRE;682;;;MADALENA;;;COLISÃO TRASEIRA;2.0;0.0;0.0;0.0;0.0;0.0;0.0;0.0;0.0;0.0;0.0;Longo da via;Bom;Não existe;Perfeito estado;Seca;Perfeito estado;Não existe;Não há placas;;Única;Faixa seccionada;;;Manhã
902;05/02/2020;12:15:00;SEM VÍTIMA;FINALIZADA;NOVA DESCOBERTA;AV NORTE;6720;;ESCOLA MUNDO MÁGICO;NOVA DESCOBERTA;;SUBURBIO;COLISÃO TRASEIRA;2.0;0.0;0.0;0.0;0.0;0.0;0.0;0.0;0.0;0.0;0.0;Longo da via;Bom;Não existe;Perfeito estado;Seca;Perfeito estado;Não existe;Não há placas;60 km/h;Dupla;Canteiro central;;;Tarde
903;05/02/2020;12:35:00;SEM VÍTIMA;FINALIZADA;PRADO;AV ENGENHEIRO ABDIAS DE CARVALHO;;RUA JOAO IVO DA SILVA;CONCESSIONÁRIA GRANVIA;PRADO;132.0;CIDADE;ABALROAMENTO LONGITUDINAL;2.0;0.0;0.0;0.0;0.0;0.0;0.0;0.0;0.0;0.0;0.0;Cruzamento;Bom;Sem defeito;Perfeito estado;Seca;Perfeito estado;Agente;;;Única;Canteiro central;;;Tarde
904;05/02/2020;13:08:00;COM VÍTIMA;FINALIZADA;SÃO JOSÉ;RUA IMPERIAL;1171;;E/F AO COLEGIO JOAQUIM NABUCO;SÃO JOSÉ;;SUBURBIO;ABALROAMENTO LONGITUDINAL;1.0;1.0;0.0;0.0;0.0;0.0;0.0;0.0;0.0;2.0;0.0;Longo da via;Bom;Não existe;Perfeito estado;Seca;Perfeito estado;Não existe;Não há placas;;Única;Faixa seccionada;;;Tarde
905;05/02/2020;13:26:00;COM VÍTIMA;FINALIZADA;POÇO DA PANELA;AV DEZESSETE DE AGOSTO;2108;AV DR SEIXAS;E/F A PAGUE MENOS/ PROX AO CRUZAMENTO COM A RUA DOUTOR SEIXAS;POÇO DA PANELA;646.0;CIDADE;ABALROAMENTO LONGITUDINAL;1.0;1.0;0.0;0.0;0.0;0.0;0.0;0.0;0.0;1.0;0.0;Cruzamento;Bom;Sem defeito;Perfeito estado;Seca;Perfeito estado;Faixa de retenção;;;Dupla;;;;Tarde
906;05/02/2020;13:31:00;SEM VÍTIMA;FINALIZADA;GRAÇAS;RUA ANTONIO NOVAIS;241;RUA SOUZA DE ANDRADE;;GRAÇAS;;;ABALROAMENTO TRANSVERSAL;1.0;1.0;0.0;0.0;0.0;0.0;0.0;0.0;0.0;0.0;0.0;Cruzamento;Bom;Não existe;Não existente;Seca;Perfeito estado;Não existe;Não há placas;30 km/h;Única;Não existe;;;Tarde
907;05/02/2020;13:38:00;COM VÍTIMA;FINALIZADA;SÃO JOSÉ;RUA IMPERIAL;1898;;APOS A JUCEPE;SÃO JOSÉ;;SUBURBIO;TOMBAMENTO;0.0;1.0;0.0;0.0;0.0;0.0;0.0;0.0;0.0;2.0;0.0;Longo da via;Bom;Não existe;Incompleta;;Mal conservada;Não existe;Outras;;Única;Não existe;;;Tarde
908;05/02/2020;13:42:00;SEM VÍTIMA;FINALIZADA;BOA VIAGEM;RUA AVIADOR SEVERIANO LINS;;RUA DONA BENVINDA DE FARIAS;;BOA VIAGEM;;SUBURBIO;ABALROAMENTO TRANSVERSAL;2.0;0.0;0.0;0.0;0.0;0.0;0.0;0.0;0.0;0.0;0.0;Cruzamento;Bom;Não existe;Perfeito estado;Seca;Perfeito estado;Não existe;Placas Pare;20 km/h;Dupla;Não existe;;;Tarde
909;05/02/2020;14:18:00;COM VÍTIMA;FINALIZADA;CORDEIRO;RUA PAES CABRAL;414;RUA SANTOS MOREIRA;PROX A SORVETERIA MUG;CORDEIRO;;SUBURBIO;ABALROAMENTO TRANSVERSAL;1.0;1.0;0.0;0.0;0.0;0.0;0.0;0.0;0.0;1.0;0.0;Longo da via;Bom;Não existe;Não existente;Seca;Perfeito estado;Não existe;Outras;;Dupla;Não existe;;;Tarde
910;05/02/2020;15:24:00;COM VÍTIMA;FINALIZADA;MUSTARDINHA;AV MANOEL GONCALVES DA LUZ;548;;E/F A ULTRAGÁS E CASA LOTÉRICA DA CAIXA ECONOMICA.;MUSTARDINHA;;CIDADE;COLISÃO FRONTAL;1.0;1.0;0.0;0.0;1.0;0.0;0.0;0.0;0.0;3.0;0.0;Longo da via;Bom;Não existe;Perfeito estado;Seca;Perfeito estado;Não existe;Não há placas;;;Não existe;;;Tarde
911;05/02/2020;15:51:00;SEM VÍTIMA;FINALIZADA;IMBIRIBEIRA;AV MARECHAL MASCARENHAS DE MORAES;5653;;CAIXA ECONOMICA FEDERAL;IMBIRIBEIRA;;CIDADE;ABALROAMENTO LONGITUDINAL;1.0;1.0;0.0;0.0;0.0;0.0;0.0;0.0;0.0;0.0;0.0;Longo da via;Bom;Não existe;Perfeito estado;Seca;Perfeito estado;Não existe;Não há placas;;Dupla;Canteiro central;;;Tarde
912;05/02/2020;16:14:00;SEM VÍTIMA;FINALIZADA;PINA;RUA CONSUL JOSEPH NOUJAIM;;AV REPUBLICA DO LIBANO;;PINA;;;ABALROAMENTO LONGITUDINAL;2.0;0.0;0.0;0.0;0.0;0.0;0.0;0.0;0.0;0.0;0.0;Longo da via;Bom;Não existe;Perfeito estado;Seca;Perfeito estado;Não existe;Outras;;Única;Faixa seccionada;;;Tarde
913;05/02/2020;16:34:00;SEM VÍTIMA;FINALIZADA;IMBIRIBEIRA;RUA ITACARI;162;RUA ITAJAI;;IMBIRIBEIRA;;;ABALROAMENTO TRANSVERSAL;2.0;0.0;0.0;0.0;0.0;0.0;0.0;0.0;0.0;0.0;0.0;Cruzamento;Bom;Não existe;Incompleta;Seca;Perfeito estado;Faixa de retenção;Placas Pare;;Única;Não existe;;;Tarde
914;05/02/2020;16:38:00;SEM VÍTIMA;FINALIZADA;SANTO AMARO;AV GOVERNADOR AGAMENON MAGALHAES;;RUA ALUISIO DE AZEVEDO;;SANTO AMARO;;;ABALROAMENTO LONGITUDINAL;2.0;0.0;0.0;0.0;0.0;0.0;0.0;0.0;0.0;0.0;0.0;;Bom;Não existe;Perfeito estado;Seca;Perfeito estado;Não existe;Placas Pare;;Dupla;Não existe;;;Tarde
915;05/02/2020;18:51:00;SEM VÍTIMA;FINALIZADA;BOA VIAGEM;AV FERNANDO SIMOES BARBOSA;1222;;CANAL DA CONSTRUÇÃO E CONDOMÍNIOS;BOA VIAGEM;;SUBURBIO;ABALROAMENTO LONGITUDINAL;2.0;0.0;0.0;0.0;0.0;0.0;1.0;0.0;0.0;0.0;0.0;Longo da via;Bom;Não existe;Perfeito estado;Seca;Perfeito estado;Não existe;R-6a;;Única;Faixa seccionada;;;Noite
916;05/02/2020;19:10:00;SEM VÍTIMA;FINALIZADA;NOVA DESCOBERTA;RUA CORREGO DO JOAQUIM;207;;CORREGO DE INACIO;NOVA DESCOBERTA;;SUBURBIO;ABALROAMENTO LONGITUDINAL;0.0;1.0;0.0;0.0;0.0;1.0;0.0;0.0;0.0;0.0;0.0;Longo da via;Bom;Não existe;Não existente;Seca;Mal iluminada;Não existe;Não há placas;;Dupla;Não existe;;;Noite
917;05/02/2020;19:12:00;SEM VÍTIMA;FINALIZADA;IMBIRIBEIRA;AV MARECHAL MASCARENHAS DE MORAES;;;LADO OPOSTO DA LOJA FERROT;IMBIRIBEIRA;;SUBURBIO;COLISÃO TRASEIRA;4.0;0.0;0.0;0.0;0.0;0.0;0.0;0.0;0.0;0.0;0.0;Longo da via;Bom;Não existe;Perfeito estado;Seca;Perfeito estado;Não existe;Não há placas;60 km/h;Dupla;Faixa seccionada;Canteiro central;;Noite
918;05/02/2020;21:37:00;SEM VÍTIMA;FINALIZADA;ESPINHEIRO;AV GOVERNADOR AGAMENON MAGALHAES;;;;ESPINHEIRO;108.0;CIDADE;ABALROAMENTO LONGITUDINAL;2.0;0.0;0.0;0.0;0.0;0.0;0.0;0.0;0.0;0.0;0.0;Longo da via;Bom;Sem defeito;Perfeito estado;Seca;Perfeito estado;;;;Dupla;Faixa seccionada;;;Noite
919;05/02/2020;21:46:00;SEM VÍTIMA;FINALIZADA;IMBIRIBEIRA;AV MARECHAL MASCARENHAS DE MORAES;945A;RUA DR VALDIR PESSOA;FORD GRANVIA;IMBIRIBEIRA;532.0;;ABALROAMENTO LONGITUDINAL;1.0;1.0;0.0;0.0;0.0;0.0;0.0;0.0;0.0;0.0;0.0;Longo da via;Bom;Sem defeito;Perfeito estado;Seca;Perfeito estado;Faixa de pedestre;Outras;;Única;Faixa contínua;;;Noite
920;06/02/2020;00:53:00;SEM VÍTIMA;FINALIZADA;BOA VIAGEM;AV CONSELHEIRO AGUIAR;1726;;ESPAÇO COSTA;BOA VIAGEM;;CIDADE;CHOQUE OBJETO FIXO;1.0;0.0;0.0;0.0;0.0;0.0;0.0;0.0;0.0;0.0;0.0;Longo da via;Bom;;;Seca;;Não existe;Não há placas;;Única;Faixa seccionada;;;Madrugada
921;06/02/2020;03:51:00;SEM VÍTIMA;FINALIZADA;GUABIRABA;AV DA RECUPERACAO;;;UPINHA DA GUABIRABA / EM FRENTE DAL MOTOS;GUABIRABA;;;COLISÃO FRONTAL;2.0;0.0;0.0;0.0;0.0;0.0;0.0;0.0;0.0;0.0;0.0;Longo da via;Bom;Não existe;Incompleta;Seca;Mal iluminada;Não existe;Não há placas;;Dupla;Faixa seccionada;;;Madrugada
922;06/02/2020;07:08:00;SEM VÍTIMA;FINALIZADA;MUSTARDINHA;AV MANOEL GONCALVES DA LUZ;469;RUA JOSE MOREIRA REIS;REDE TEM SUPERMERCADOS;MUSTARDINHA;;;ABALROAMENTO TRANSVERSAL;1.0;0.0;0.0;0.0;0.0;1.0;0.0;0.0;0.0;0.0;0.0;Cruzamento;Bom;Não existe;;Seca;;Faixa de pedestre;Outras;;Dupla;Faixa seccionada;;;Manhã
923;06/02/2020;07:29:00;SEM VÍTIMA;FINALIZADA;VÁRZEA;AV PREFEITO ANTONIO PEREIRA;;;TERMINAL RODOVIÁRIO DO RECIFE;VÁRZEA;;;ABALROAMENTO LONGITUDINAL;2.0;0.0;0.0;0.0;0.0;0.0;0.0;0.0;0.0;0.0;0.0;Longo da via;Bom;Não existe;Perfeito estado;Seca;Perfeito estado;Agente;R-6a;;Única;Não existe;;;Manhã
924;06/02/2020;07:59:00;SEM VÍTIMA;FINALIZADA;ILHA DO LEITE;RUA ANTONIO GOMES DE FREITAS;147;1 TRV JUSTICA E PAZ;APÓS O SEOPE;ILHA DO LEITE;;CIDADE;CHOQUE OBJETO FIXO;0.0;0.0;0.0;0.0;0.0;0.0;1.0;0.0;0.0;0.0;0.0;Longo da via;Bom;Não existe;Perfeito estado;Seca;Perfeito estado;Não existe;Outras;40 km/h;Única;Faixa seccionada;;;Manhã
925;06/02/2020;08:19:00;SEM VÍTIMA;FINALIZADA;AFOGADOS;RUA DA PAZ;304;;EM FRENTE AO BANCO BRADESCO;AFOGADOS;528.0;;ABALROAMENTO LONGITUDINAL;2.0;0.0;0.0;0.0;0.0;0.0;0.0;0.0;0.0;0.0;0.0;Longo da via;Bom;Sem defeito;Perfeito estado;Seca;Perfeito estado;Faixa de retenção;;;Única;Não existe;;;Manhã
926;06/02/2020;08:31:00;SEM VÍTIMA;FINALIZADA;IMBIRIBEIRA;RUA ARQUITETO LUIZ NUNES;245;AV ENGENHEIRO ALVES DE SOUZA;FARMÁCIA DROGASIL;IMBIRIBEIRA;634.0;SUBURBIO;COLISÃO FRONTAL;1.0;1.0;0.0;0.0;0.0;0.0;0.0;0.0;0.0;0.0;0.0;Longo da via;Bom;Sem defeito;Perfeito estado;Seca;Perfeito estado;Agente;Não há placas;40 km/h;Dupla;Faixa contínua;;;Manhã
927;06/02/2020;08:32:00;SEM VÍTIMA;FINALIZADA;IBURA;RUA RIO BRIGIDA;861;RUA RIBEIRAO DAS NEVES;ASSEMBLEIA DE DEUS;IBURA;;SUBURBIO;ABALROAMENTO TRANSVERSAL;1.0;0.0;0.0;0.0;0.0;1.0;0.0;0.0;0.0;0.0;0.0;Longo da via;Bom;Não existe;Incompleta;Seca;Perfeito estado;Não existe;Não há placas;;Dupla;Faixa seccionada;;;Manhã
928;06/02/2020;08:47:00;SEM VÍTIMA;FINALIZADA;BOA VIAGEM;RUA DR VICENTE GOMES;;RUA SETUBAL;SOB O SEMÁFORO DE Nº 060;BOA VIAGEM;60.0;CIDADE;COLISÃO TRASEIRA;1.0;1.0;0.0;0.0;0.0;0.0;0.0;0.0;0.0;0.0;0.0;Cruzamento;Bom;Sem defeito;;Seca;Perfeito estado;Agente;Não há placas;;Única;Não existe;;;Manhã
929;06/02/2020;08:52:00;SEM VÍTIMA;FINALIZADA;DERBY;RUA JOAQUIM NABUCO;;AV GOVERNADOR AGAMENON MAGALHAES;AO LADO DO HOSPITAL DA RESTAURAÇÃO;DERBY;174.0;;COLISÃO TRASEIRA;2.0;0.0;0.0;0.0;0.0;0.0;0.0;0.0;0.0;0.0;0.0;Cruzamento;Bom;Sem defeito;Perfeito estado;Seca;Perfeito estado;Agente;Outras;60 km/h;Única;Faixa seccionada;;;Manhã
930;06/02/2020;09:01:00;SEM VÍTIMA;FINALIZADA;BAIRRO DO RECIFE;CAIS DO APOLO;;RUA MADRE DEUS;EM FRENTE AO BANCO DO BRASIL;BAIRRO DO RECIFE;19.0;CIDADE;ABALROAMENTO LONGITUDINAL;2.0;0.0;0.0;0.0;0.0;0.0;0.0;0.0;0.0;0.0;0.0;Cruzamento;Bom;Sem defeito;Perfeito estado;Seca;Perfeito estado;Faixa de pedestre;Não há placas;30 km/h;Única;Não existe;;;Manhã
931;06/02/2020;09:09:00;COM VÍTIMA;FINALIZADA;SANCHO;RUA APRIGIO GUIMARAES;184;RUA DO SANCHO;NA RUA DO HOSPITAL OTAVIO DE FREITAS;SANCHO;;;ABALROAMENTO LONGITUDINAL;1.0;1.0;0.0;0.0;0.0;0.0;0.0;0.0;0.0;1.0;0.0;Cruzamento;Bom;Não existe;Incompleta;Seca;Perfeito estado;Não existe;Não há placas;;Dupla;Faixa seccionada;;;Manhã
932;06/02/2020;09:21:00;COM VÍTIMA;FINALIZADA;JIQUIÁ;AV DR JOSE RUFINO;548;RUA MORAIS E SILVA;EM FRENTE A GALERIA MARGARIDA;JIQUIÁ;;SUBURBIO;COLISÃO TRASEIRA;1.0;1.0;0.0;0.0;0.0;0.0;0.0;0.0;0.0;1.0;0.0;Cruzamento;Bom;Não existe;Perfeito estado;Seca;Perfeito estado;Não existe;Não há placas;;Dupla;Faixa seccionada;;;Manhã
933;06/02/2020;09:22:00;SEM VÍTIMA;FINALIZADA;TORRE;RUA CONDE DE IRAJA;629;;1º IGREJA EVANGÉLICA BATISTA DA TORRE;TORRE;106.0;;COLISÃO TRASEIRA;4.0;0.0;0.0;0.0;0.0;0.0;0.0;0.0;0.0;0.0;0.0;Longo da via;Bom;Sem defeito;Perfeito estado;Seca;Perfeito estado;Faixa de pedestre;Outras;40 km/h;Única;Faixa seccionada;;;Manhã
934;06/02/2020;10:08:00;SEM VÍTIMA;FINALIZADA;IPSEP;AV PRESIDENTE DUTRA;;;EMPRESARIAL MV - VIADUTO TANCREDO NEVES;IPSEP;;;COLISÃO TRASEIRA;2.0;0.0;0.0;0.0;0.0;0.0;0.0;0.0;0.0;0.0;0.0;Longo da via;Bom;Não existe;Perfeito estado;Seca;Perfeito estado;Faixa de pedestre;Não há placas;60 km/h;Dupla;Canteiro central;;;Manhã
935;06/02/2020;10:14:00;COM VÍTIMA;FINALIZADA;ROSARINHO;RUA CAPITAO SAMPAIO XAVIER;349;RUA RICARDO HARDMAN;EM FRENTE A TMED TECNOLOGIA MEDICA;ROSARINHO;;CIDADE;ABALROAMENTO LONGITUDINAL;1.0;1.0;0.0;0.0;0.0;0.0;0.0;0.0;0.0;2.0;0.0;Cruzamento;Bom;Não existe;Perfeito estado;Seca;Perfeito estado;Faixa de pedestre;Placas Pare;;;Faixa contínua;;;Manhã
936;06/02/2020;10:25:00;COM VÍTIMA;FINALIZADA;IMBIRIBEIRA;AV GENERAL MAC ARTHUR;1846;AV SUL;EMBAIXO DA ESTAÇÃO ANTONIO FALCÃO;IMBIRIBEIRA;;CIDADE;ABALROAMENTO TRANSVERSAL;0.0;1.0;0.0;0.0;0.0;0.0;1.0;0.0;0.0;1.0;0.0;Cruzamento;Bom;Não existe;Perfeito estado;Seca;Perfeito estado;Faixa de pedestre;Placas Pare;60 km/h;Única;Faixa;;;Manhã
937;06/02/2020;10:33:00;SEM VÍTIMA;FINALIZADA;TORRE;RUA REAL DA TORRE;200;;EM FRENTE AO POSTO SHELL;TORRE;;CIDADE;ABALROAMENTO LONGITUDINAL;1.0;0.0;0.0;0.0;0.0;0.0;1.0;0.0;0.0;0.0;0.0;Longo da via;Bom;Não existe;Perfeito estado;Seca;Perfeito estado;;Outras;;Única;Faixa seccionada;;;Manhã
938;06/02/2020;11:17:00;SEM VÍTIMA;FINALIZADA;BOA VIAGEM;RUA JOAO CARDOSO AIRES;705;RUA ALMIRANTE BATISTA LEAO;;BOA VIAGEM;;;ABALROAMENTO TRANSVERSAL;2.0;0.0;0.0;0.0;0.0;0.0;0.0;0.0;0.0;0.0;0.0;Cruzamento;Bom;Não existe;Perfeito estado;Seca;Perfeito estado;Faixa de pedestre;Outras;40 km/h;Única;Faixa seccionada;;;Manhã
939;06/02/2020;11:24:00;SEM VÍTIMA;FINALIZADA;ROSARINHO;RUA REGUEIRA COSTA;352;;EM FRENTE AO SEU REGUEIRA;ROSARINHO;;CIDADE;CHOQUE VEÍCULO PARADO;1.0;0.0;0.0;0.0;0.0;0.0;0.0;0.0;1.0;0.0;0.0;Longo da via;Bom;Não existe;Não existente;Seca;Perfeito estado;Não existe;Não há placas;;Única;Canteiro central;;;Manhã
940;06/02/2020;12:16:00;SEM VÍTIMA;FINALIZADA;IMBIRIBEIRA;AV MARECHAL MASCARENHAS DE MORAES;;;EM FRENTE A UPA IMBIRIBEIRA;IMBIRIBEIRA;310.0;CIDADE;COLISÃO TRASEIRA;3.0;0.0;0.0;0.0;0.0;0.0;0.0;0.0;0.0;0.0;0.0;Longo da via;Bom;Sem defeito;Perfeito estado;Seca;Perfeito estado;Faixa de pedestre;Outras;;Dupla;Faixa contínua;Canteiro central;;Tarde
941;06/02/2020;12:18:00;COM VÍTIMA;FINALIZADA;BOA VIAGEM;RUA MARIO SOUTO MAIOR;2554;;EDF SENZADA DO SUASSUNA;BOA VIAGEM;;SUBURBIO;ABALROAMENTO TRANSVERSAL;1.0;1.0;0.0;0.0;0.0;0.0;0.0;0.0;0.0;1.0;0.0;Longo da via;Bom;Não existe;Perfeito estado;Seca;Perfeito estado;Não existe;Placas Pare;;Dupla;Faixa seccionada;;;Tarde
942;06/02/2020;12:31:00;SEM VÍTIMA;FINALIZADA;SANTO AMARO;AV CRUZ CABUGA;;BEC DOS CASADOS;AO LADO DA PRAÇA GENERAL CARLOS PINTO;SANTO AMARO;202.0;CIDADE;COLISÃO TRASEIRA;1.0;0.0;0.0;0.0;0.0;1.0;0.0;0.0;0.0;0.0;0.0;Longo da via;Bom;Sem defeito;Perfeito estado;Seca;Perfeito estado;Agente;;;Dupla;Blocos;;;Tarde
943;06/02/2020;13:27:00;SEM VÍTIMA;FINALIZADA;IMBIRIBEIRA;VIADUTO TANCREDO NEVES;;;;IMBIRIBEIRA;;SUBURBIO;COLISÃO TRASEIRA;2.0;0.0;0.0;0.0;0.0;0.0;0.0;0.0;0.0;0.0;0.0;Viaduto;Bom;Não existe;Perfeito estado;Seca;Perfeito estado;Não existe;Não há placas;60 km/h;Dupla;Faixa seccionada;Canteiro central;;Tarde
944;06/02/2020;14:21:00;SEM VÍTIMA;FINALIZADA;BOA VIAGEM;AV ENGENHEIRO DOMINGOS FERREIRA;;RUA ARTUR MUNIZ;SPETTUS STEAK HOUSE;BOA VIAGEM;380.0;SUBURBIO;COLISÃO TRASEIRA;2.0;0.0;0.0;0.0;0.0;0.0;0.0;0.0;0.0;0.0;0.0;Longo da via;Bom;Sem defeito;Perfeito estado;Seca;Perfeito estado;Faixa de pedestre;Não há placas;60 km/h;Única;Faixa seccionada;;;Tarde
945;06/02/2020;14:21:00;SEM VÍTIMA;FINALIZADA;ESPINHEIRO;AV GOVERNADOR AGAMENON MAGALHAES;;;EM FRENTE AO CIRCULO MILITAR;ESPINHEIRO;;;COLISÃO TRASEIRA;4.0;0.0;0.0;0.0;0.0;0.0;0.0;0.0;0.0;0.0;0.0;Longo da via;Bom;Não existe;Perfeito estado;Seca;Perfeito estado;Outros;Outras;60 km/h;Dupla;Faixa contínua;Faixa seccionada;Canteiro central;Tarde
946;06/02/2020;14:22:00;COM VÍTIMA;FINALIZADA;IPSEP;AV RECIFE;2802;;AO LADO DA MARAVILHA MOTOS/ SENTIDO CEASA;IPSEP;16.0;CIDADE;ABALROAMENTO LONGITUDINAL;1.0;1.0;0.0;0.0;0.0;0.0;0.0;0.0;0.0;2.0;0.0;Longo da via;Bom;Sem defeito;Perfeito estado;Seca;Perfeito estado;Agente;R-6a;60 km/h;Dupla;Canteiro central;;;Tarde
947;06/02/2020;15:03:00;COM VÍTIMA;FINALIZADA;BAIRRO DO RECIFE;CAIS DO APOLO;;;E/F AO TRIBUNAL REGIONAL FEDERAL;BAIRRO DO RECIFE;;SUBURBIO;ABALROAMENTO LONGITUDINAL;1.0;1.0;0.0;0.0;0.0;0.0;0.0;0.0;0.0;1.0;0.0;Longo da via;Bom;Não existe;Incompleta;Seca;Perfeito estado;Não existe;Não há placas;;Dupla;Canteiro central;;;Tarde
948;06/02/2020;15:10:00;SEM VÍTIMA;FINALIZADA;BARRO;AV DR JOSE RUFINO;2241;;AO LADO DO COLÉGIO;BARRO;;SUBURBIO;ABALROAMENTO TRANSVERSAL;1.0;0.0;0.0;0.0;0.0;1.0;0.0;0.0;0.0;0.0;0.0;Longo da via;Bom;Sem defeito;Perfeito estado;Seca;Perfeito estado;Faixa de pedestre;Outras;60 km/h;Dupla;Faixa contínua;;;Tarde
949;06/02/2020;15:37:00;SEM VÍTIMA;FINALIZADA;TAMARINEIRA;EST DO ARRAIAL;;;EM FRENTE AO EXTRA BOM;TAMARINEIRA;;SUBURBIO;ABALROAMENTO LONGITUDINAL;2.0;0.0;0.0;0.0;0.0;0.0;0.0;0.0;0.0;0.0;0.0;Longo da via;Bom;Não existe;Perfeito estado;Seca;Perfeito estado;Não existe;Não há placas;;Única;Faixa seccionada;;;Tarde
950;06/02/2020;15:58:00;SEM VÍTIMA;FINALIZADA;SÃO JOSÉ;AV SUL;25;RUA PADRE JOSE DE SA LEITAO;;SÃO JOSÉ;509.0;CIDADE;COLISÃO TRASEIRA;1.0;1.0;0.0;0.0;0.0;0.0;0.0;0.0;0.0;0.0;0.0;Longo da via;Bom;Sem defeito;Perfeito estado;Seca;Perfeito estado;Faixa de pedestre;Não há placas;60 km/h;Dupla;Faixa seccionada;Canteiro central;;Tarde
951;06/02/2020;16:00:00;SEM VÍTIMA;FINALIZADA;BOA VISTA;RUA DOM BOSCO;;;AO LADO DO COLÉGIO SALESIANO;BOA VISTA;;SUBURBIO;COLISÃO TRASEIRA;1.0;0.0;0.0;0.0;0.0;1.0;0.0;0.0;0.0;0.0;0.0;Longo da via;Bom;Sem defeito;Perfeito estado;Seca;Perfeito estado;Faixa de pedestre;;;Única;Faixa seccionada;;;Tarde
952;06/02/2020;16:05:00;COM VÍTIMA;FINALIZADA;PRADO;RUA GOMES TABORDA;620;;EM FRENTE A DILUB LUBRIFICANTES;PRADO;;CIDADE;CHOQUE VEÍCULO PARADO;2.0;0.0;0.0;0.0;0.0;0.0;0.0;0.0;0.0;2.0;0.0;Longo da via;Bom;Não existe;Perfeito estado;Seca;Perfeito estado;Não existe;Outras;40 km/h;Dupla;Faixa seccionada;;;Tarde
953;06/02/2020;16:16:00;SEM VÍTIMA;FINALIZADA;IBURA;AV DOIS RIOS;1201;RUA RIO XINGU;POSTO DE COMBUSTÍVEL BR;IBURA;351.0;SUBURBIO;COLISÃO FRONTAL;0.0;2.0;0.0;0.0;0.0;0.0;0.0;0.0;0.0;0.0;0.0;Longo da via;Bom;Sem defeito;Perfeito estado;Seca;Perfeito estado;Faixa de pedestre;Outras;;Dupla;Faixa contínua;;;Tarde
954;06/02/2020;16:20:00;COM VÍTIMA;FINALIZADA;IMBIRIBEIRA;AV MARECHAL MASCARENHAS DE MORAES;;;NO TRECHO ENTRE O AEROPORTO ATÉ A HOTEL IBIS E O EDF. GARAGEM DO AEROPORTO- EMBAIXO DA ALÇA DE RETORNO DO AEROPORTO;IMBIRIBEIRA;;SUBURBIO;ABALROAMENTO TRANSVERSAL;1.0;1.0;0.0;0.0;0.0;0.0;1.0;0.0;0.0;1.0;0.0;Longo da via;Bom;Não existe;Perfeito estado;Seca;Perfeito estado;;Não há placas;60 km/h;Única;;;;Tarde
955;06/02/2020;16:24:00;SEM VÍTIMA;FINALIZADA;JORDÃO;AV MARIA IRENE;255;;FRENTE AO ATACAREJO JORDÃO;JORDÃO;;CIDADE;COLISÃO TRASEIRA;2.0;0.0;0.0;0.0;0.0;0.0;0.0;0.0;0.0;0.0;0.0;Longo da via;Bom;Não existe;Perfeito estado;Seca;Perfeito estado;Faixa de pedestre;R-6a;;Dupla;Faixa contínua;;;Tarde