indice;data;hora;natureza_acidente;situacao;bairro;endereco;numero;detalhe_endereco_acidente;complemento;bairro_cruzamento;num_semaforo;sentido_via;tipo;auto;moto;ciclom;ciclista;pedestre;onibus;caminhao;viatura;outros;vitimas;vitimasfatais;acidente_verificado;tempo_clima;situacao_semaforo;sinalizacao;condicao_via;conservacao_via;ponto_controle;situacao_placa;velocidade_max_via;mao_direcao;divisao_via1;divisao_via2;divisao_via3;turno
956;06/02/2020;16:26:00;COM VÍTIMA;FINALIZADA;ÁGUA FRIA;RUA MANOEL SILVA;22;;;ÁGUA FRIA;;CIDADE;ATROPELAMENTO;0.0;1.0;0.0;0.0;1.0;0.0;0.0;0.0;0.0;2.0;0.0;Longo da via;Bom;Não existe;Não existente;Seca;Mal conservada;Não existe;Não há placas;;Dupla;Não existe;;;Tarde
957;06/02/2020;17:25:00;SEM VÍTIMA;FINALIZADA;;RUA DO HOSPICIO;;RUA PRINCESA IZABEL;EM FRENTE A CAMARA DE VEREADORES;;;CIDADE;COLISÃO TRASEIRA;1.0;1.0;0.0;0.0;0.0;0.0;0.0;0.0;0.0;0.0;0.0;Longo da via;Bom;Sem defeito;Perfeito estado;Seca;;Não existe;;;Dupla;Não existe;;;Tarde
958;06/02/2020;18:06:00;COM VÍTIMA;FINALIZADA;DOIS IRMÃOS;RUA DOIS IRMAOS;;;AO LADO DO CAMPO DA UNIVERSIDADE DA RURAL;DOIS IRMÃOS;;SUBURBIO;COLISÃO COM CICLISTA;0.0;0.0;0.0;1.0;0.0;0.0;1.0;0.0;0.0;1.0;0.0;Longo da via;Bom;Não existe;Incompleta;Seca;Mal conservada;Não existe;Não há placas;;Dupla;Não existe;;;Noite
959;06/02/2020;18:21:00;SEM VÍTIMA;FINALIZADA;JAQUEIRA;AV CONS ROSA E SILVA;;RUA NETO DE MENDONCA;PADARIA JAQUEIRA;JAQUEIRA;;SUBURBIO;ABALROAMENTO LONGITUDINAL;1.0;0.0;0.0;0.0;0.0;1.0;0.0;0.0;0.0;0.0;0.0;Longo da via;Bom;Não existe;;Seca;Perfeito estado;Não existe;Outras;;Única;Faixa contínua;;;Noite
960;06/02/2020;18:31:00;SEM VÍTIMA;FINALIZADA;PINA;AV REPUBLICA ARABE UNIDA;;;16º BATALHÃO DA POLÍCIA MILITAR;PINA;;CIDADE;ABALROAMENTO LONGITUDINAL;2.0;0.0;0.0;0.0;0.0;0.0;0.0;0.0;0.0;0.0;0.0;Longo da via;Bom;Não existe;Perfeito estado;Seca;Perfeito estado;Faixa de pedestre;;;Única;Não existe;;;Noite
961;06/02/2020;18:33:00;SEM VÍTIMA;FINALIZADA;MACAXEIRA;AV NORTE;;;EM FRENTE AO SEMÁFORO 596;MACAXEIRA;596.0;CIDADE;COLISÃO TRASEIRA;2.0;0.0;0.0;0.0;0.0;0.0;0.0;0.0;0.0;0.0;0.0;Longo da via;Bom;Sem defeito;Perfeito estado;Seca;Perfeito estado;Não existe;Não há placas;;Dupla;Faixa seccionada;;;Noite
962;06/02/2020;19:30:00;COM VÍTIMA;FINALIZADA;SANTO AMARO;AV MARIO MELO;;RUA SAO GERALDO;E/F AO COLEGIO SYLVIO RABELLO;SANTO AMARO;;SUBURBIO;ABALROAMENTO LONGITUDINAL;0.0;2.0;0.0;0.0;0.0;0.0;0.0;0.0;0.0;2.0;0.0;Esquina;Bom;Não existe;Perfeito estado;Seca;Perfeito estado;Faixa de pedestre;Placas Pare;;Dupla;Faixa seccionada;Canteiro central;Outros;Noite
963;06/02/2020;20:04:00;SEM VÍTIMA;FINALIZADA;SANTO AMARO;AV JOAO DE BARROS;;RUA DR CARLOS CHAGAS;;SANTO AMARO;;;ABALROAMENTO TRANSVERSAL;1.0;1.0;0.0;0.0;0.0;0.0;0.0;0.0;0.0;0.0;0.0;Longo da via;Bom;Não existe;Perfeito estado;Seca;Perfeito estado;Outros;Outras;;Única;Faixa seccionada;Blocos;;Noite
964;07/02/2020;08:01:00;COM VÍTIMA;FINALIZADA;SANTO AMARO;AV PREFEITO ARTUR LIMA CAVALCANTI;;RUA AURORA;APOS A PONTE;SANTO AMARO;243.0;OLINDA;COLISÃO;1.0;1.0;0.0;0.0;0.0;0.0;0.0;0.0;0.0;1.0;0.0;Longo da via;Bom;Não existe;Perfeito estado;Seca;Perfeito estado;Não existe;Outras;;Dupla;Canteiro central;;;Manhã
965;07/02/2020;08:03:00;SEM VÍTIMA;FINALIZADA;PINA;RUA MANOEL CORIOLANO;378;;EM FRENTE AO ESTACIONAMENTO SANPARK;PINA;;;COLISÃO FRONTAL;1.0;1.0;0.0;0.0;0.0;0.0;0.0;0.0;0.0;0.0;0.0;Longo da via;Bom;Não existe;Perfeito estado;Seca;Perfeito estado;Não existe;;30 km/h;Dupla;Faixa contínua;;;Manhã
966;07/02/2020;07:55:00;SEM VÍTIMA;FINALIZADA;JARDIM SÃO PAULO;RUA ITALACY;188;;IGREJA ASSEMBLEIA DE DEUS;JARDIM SÃO PAULO;;;CHOQUE VEÍCULO PARADO;1.0;0.0;0.0;0.0;0.0;0.0;1.0;0.0;0.0;0.0;0.0;Longo da via;Bom;Não existe;;Seca;Perfeito estado;;;;Dupla;Não existe;;;Manhã
967;07/02/2020;08:04:00;COM VÍTIMA;FINALIZADA;MANGUEIRA;RUA MANOEL DE ALBUQUERQUE FERNANDES;1364;RUA VICENTE RIBEIRO DE BARROS;E/F DROGARIA BONGI;MANGUEIRA;;CIDADE;ATROPELAMENTO;1.0;0.0;0.0;0.0;1.0;0.0;0.0;0.0;0.0;1.0;0.0;Longo da via;Bom;Não existe;Não existente;Seca;Perfeito estado;Não existe;Não há placas;;Dupla;Não existe;;;Manhã
968;07/02/2020;08:55:00;SEM VÍTIMA;FINALIZADA;SANTO AMARO;AV NORTE;627;;;SANTO AMARO;;CIDADE;COLISÃO TRASEIRA;1.0;0.0;0.0;0.0;0.0;1.0;0.0;0.0;0.0;0.0;0.0;Longo da via;Bom;Não existe;Perfeito estado;Seca;Perfeito estado;Não existe;Não há placas;60 km/h;Dupla;Canteiro central;;;Manhã
969;07/02/2020;09:08:00;SEM VÍTIMA;FINALIZADA;MADALENA;RUA REAL DA TORRE;955;RUA COSTA GOMES;EDF MARIA CAROLINA MONTENEGRO;MADALENA;;CIDADE;ABALROAMENTO LONGITUDINAL;2.0;0.0;0.0;0.0;0.0;0.0;0.0;0.0;0.0;0.0;0.0;Longo da via;Bom;Não existe;Perfeito estado;Seca;Perfeito estado;Não existe;Placas Pare;;Única;Faixa seccionada;;;Manhã
970;07/02/2020;09:11:00;SEM VÍTIMA;FINALIZADA;SÃO JOSÉ;AV SUL;;;PRÓX. A SECRETARIA DA FAZENDA;SÃO JOSÉ;;CIDADE;COLISÃO TRASEIRA;2.0;0.0;0.0;0.0;0.0;0.0;0.0;0.0;0.0;0.0;0.0;Longo da via;Bom;Não existe;Perfeito estado;Seca;Perfeito estado;Não existe;Não há placas;;Dupla;Faixa seccionada;Canteiro central;;Manhã
971;07/02/2020;09:39:00;SEM VÍTIMA;FINALIZADA;AFOGADOS;RUA SAO MIGUEL;432;;;AFOGADOS;;CIDADE;ABALROAMENTO LONGITUDINAL;1.0;0.0;0.0;0.0;0.0;1.0;0.0;0.0;0.0;0.0;0.0;Longo da via;Bom;Não existe;Perfeito estado;Seca;Perfeito estado;Não existe;Não há placas;;Dupla;Faixa contínua;;;Manhã
972;07/02/2020;11:18:00;SEM VÍTIMA;FINALIZADA;BOA VIAGEM;AV DOM JOAO VI;968;;BIG BOMPREÇO;BOA VIAGEM;670.0;CIDADE;ABALROAMENTO LONGITUDINAL;1.0;0.0;0.0;0.0;0.0;0.0;1.0;0.0;0.0;0.0;0.0;Longo da via;Bom;Sem defeito;Perfeito estado;Seca;Perfeito estado;Não existe;Não há placas;;Dupla;Canal;;;Manhã
973;07/02/2020;11:53:00;SEM VÍTIMA;FINALIZADA;IMBIRIBEIRA;AV MARECHAL MASCARENHAS DE MORAES;5001;;MOTO HOUSE;IMBIRIBEIRA;;CIDADE;ABALROAMENTO LONGITUDINAL;1.0;0.0;0.0;0.0;0.0;1.0;0.0;0.0;0.0;0.0;0.0;Longo da via;Bom;Não existe;Perfeito estado;Seca;Perfeito estado;Não existe;Outras;60 km/h;Dupla;Faixa contínua;Faixa seccionada;Canteiro central;Manhã
974;07/02/2020;11:57:00;COM VÍTIMA;FINALIZADA;MADALENA;AV BEIRA RIO;1041;;EM FRENTE AO EDF ENGENHO MADALENA;MADALENA;;TORRE;ABALROAMENTO LONGITUDINAL;1.0;1.0;0.0;0.0;0.0;0.0;0.0;0.0;0.0;1.0;0.0;Longo da via;Bom;Não existe;Perfeito estado;Seca;;Não existe;Não há placas;30 km/h;Dupla;Faixa seccionada;;;Manhã
975;07/02/2020;11:57:00;SEM VÍTIMA;FINALIZADA;ARRUDA;RUA DO MACHADO;;RUA MANOEL SILVA;;ARRUDA;;;ABALROAMENTO TRANSVERSAL;2.0;0.0;0.0;0.0;0.0;0.0;0.0;0.0;0.0;0.0;0.0;Cruzamento;Bom;Não existe;Perfeito estado;Seca;Perfeito estado;Faixa de retenção;Placas Pare;;Dupla;Faixa seccionada;;;Manhã
976;07/02/2020;12:19:00;SEM VÍTIMA;FINALIZADA;IMBIRIBEIRA;AV MARECHAL MASCARENHAS DE MORAES;2156;RUA NAPOLIS;;IMBIRIBEIRA;;SUBURBIO;ABALROAMENTO LONGITUDINAL;1.0;0.0;0.0;0.0;0.0;0.0;1.0;0.0;0.0;0.0;0.0;Cruzamento;Bom;Não existe;Perfeito estado;Seca;Perfeito estado;Não existe;Não há placas;60 km/h;Dupla;Canteiro central;;;Tarde
977;07/02/2020;12:29:00;SEM VÍTIMA;FINALIZADA;DERBY;AV GOVERNADOR AGAMENON MAGALHAES;;RUA HENRIQUE DIAS;SOB O SEMÁFORO 068;DERBY;68.0;SUBURBIO;COLISÃO TRASEIRA;4.0;0.0;0.0;0.0;0.0;0.0;0.0;0.0;0.0;0.0;0.0;Cruzamento;Bom;Sem defeito;Perfeito estado;Seca;Perfeito estado;;Outras;60 km/h;Única;Faixa seccionada;;;Tarde
978;07/02/2020;12:35:00;SEM VÍTIMA;FINALIZADA;DERBY;AV GOVERNADOR AGAMENON MAGALHAES;;;E/F A PRAÇA DO DERBY;DERBY;75.0;CIDADE;ABALROAMENTO LONGITUDINAL;1.0;0.0;0.0;0.0;0.0;1.0;0.0;0.0;0.0;0.0;0.0;Longo da via;Bom;Sem defeito;Perfeito estado;Seca;Perfeito estado;Não existe;Não há placas;60 km/h;Dupla;Canteiro central;;;Tarde
979;07/02/2020;13:05:00;SEM VÍTIMA;FINALIZADA;PARNAMIRIM;RUA JOAO TUDE DE MELO;;;E/F AO SHOPPING PARNAMIRIM;PARNAMIRIM;;SUBURBIO;COLISÃO TRASEIRA;3.0;0.0;0.0;0.0;0.0;0.0;0.0;0.0;0.0;0.0;0.0;Longo da via;Bom;Não existe;Perfeito estado;Seca;Perfeito estado;Não existe;Não há placas;40 km/h;Dupla;Canteiro central;;;Tarde
980;07/02/2020;13:14:00;SEM VÍTIMA;FINALIZADA;IMBIRIBEIRA;RUA SARGENTO SILVINO DE MACEDO;481;;EM FRENTE AO CAMPO;IMBIRIBEIRA;;SUBURBIO;COLISÃO TRASEIRA;2.0;0.0;0.0;0.0;0.0;0.0;0.0;0.0;0.0;0.0;0.0;Longo da via;Bom;Não existe;Não existente;Seca;Perfeito estado;Não existe;Não há placas;;Dupla;Não existe;;;Tarde
981;07/02/2020;13:17:00;COM VÍTIMA;FINALIZADA;ILHA DO LEITE;AV GOVERNADOR AGAMENON MAGALHAES;4581;RUA GENERAL JOAQUIM INACIO;;ILHA DO LEITE;69.0;CIDADE;COLISÃO TRASEIRA;1.0;1.0;0.0;0.0;0.0;0.0;0.0;0.0;0.0;1.0;0.0;Longo da via;Bom;Sem defeito;Perfeito estado;Seca;Perfeito estado;Agente;Outras;60 km/h;Dupla;Canal;;;Tarde
982;07/02/2020;14:23:00;SEM VÍTIMA;FINALIZADA;AREIAS;AV RECIFE;;AV CAPITAO GREGORIO DE CALDAS;BIG BROMPREÇO;AREIAS;494.0;SUBURBIO;ABALROAMENTO TRANSVERSAL;1.0;0.0;0.0;0.0;0.0;1.0;0.0;0.0;0.0;0.0;0.0;Longo da via;Bom;Sem defeito;Perfeito estado;Seca;Perfeito estado;Faixa de pedestre;Outras;;Única;Faixa seccionada;;;Tarde
983;07/02/2020;14:51:00;SEM VÍTIMA;FINALIZADA;BOA VISTA;RUA DA SOLEDADE;;;SOB O SEMÁFORO Nº 220;BOA VISTA;220.0;SUBURBIO;ABALROAMENTO LONGITUDINAL;2.0;0.0;0.0;0.0;0.0;0.0;0.0;0.0;0.0;0.0;0.0;Longo da via;Bom;Sem defeito;Perfeito estado;Seca;Perfeito estado;Faixa de pedestre;R-6a;;Única;Não existe;;;Tarde
984;07/02/2020;14:57:00;COM VÍTIMA;FINALIZADA;IMBIRIBEIRA;RUA ITAJAI;;RUA ITACARI;PPR TRÁS DA MOVIDA/ AO LADO DO ITAU;IMBIRIBEIRA;;SUBURBIO;ABALROAMENTO LONGITUDINAL;1.0;1.0;0.0;0.0;0.0;0.0;0.0;0.0;0.0;1.0;0.0;Cruzamento;Bom;Não existe;Perfeito estado;Seca;Perfeito estado;Não existe;Não há placas;;Única;Faixa contínua;;;Tarde
985;07/02/2020;15:11:00;SEM VÍTIMA;FINALIZADA;AFOGADOS;RUA SANTOS ARAUJO;;;POSTO BRAZ PETRO;AFOGADOS;333.0;;COLISÃO TRASEIRA;1.0;1.0;0.0;0.0;0.0;0.0;0.0;0.0;0.0;0.0;0.0;Longo da via;Bom;Sem defeito;Perfeito estado;Seca;Perfeito estado;Faixa de pedestre;Outras;;Única;Faixa seccionada;;;Tarde
986;07/02/2020;15:14:00;COM VÍTIMA;FINALIZADA;BOA VISTA;RUA DO PROGRESSO;465;RUA GONCALVES MAIA;E/F AO CONSULADO AMERICANO. VILLA EMPRESARIAL BOA VISTA.;BOA VISTA;;AV. MANOEL BORBA;ABALROAMENTO LONGITUDINAL;1.0;1.0;0.0;0.0;0.0;0.0;0.0;0.0;0.0;1.0;0.0;Cruzamento;Bom;Não existe;Incompleta;Seca;Perfeito estado;Não existe;Outras;40 km/h;Única;Não existe;;;Tarde
987;07/02/2020;15:44:00;SEM VÍTIMA;FINALIZADA;BOA VIAGEM;AV CONSELHEIRO AGUIAR;;RUA CORONEL BENEDITO CHAVES;;BOA VIAGEM;114.0;;ABALROAMENTO TRANSVERSAL;2.0;0.0;0.0;0.0;0.0;0.0;0.0;0.0;0.0;0.0;0.0;Cruzamento;Bom;Sem defeito;Perfeito estado;Seca;Perfeito estado;Faixa de pedestre;Outras;60 km/h;Única;Faixa contínua;;;Tarde
988;07/02/2020;16:45:00;COM VÍTIMA;FINALIZADA;CAMPO GRANDE;RUA OLIVEIRA FONSECA;;RUA MARQUES DE ABRANTES;PROX A IGREJA NOSSA SENHORA DO BOM PARTO;CAMPO GRANDE;;SUBURBIO;ABALROAMENTO TRANSVERSAL;0.0;1.0;0.0;0.0;0.0;1.0;0.0;0.0;0.0;2.0;0.0;Cruzamento;Bom;Não existe;Incompleta;Seca;Perfeito estado;Não existe;Não há placas;;Dupla;Não existe;;;Tarde
989;07/02/2020;17:39:00;COM VÍTIMA;FINALIZADA;ILHA JOANA BEZERRA;VIADUTO CAPITAO TEMUDO;;;PROXIMO A PASSARELA E AO FÓRUM JOANA BEZERRA;ILHA JOANA BEZERRA;;SUBURBIO;ATROPELAMENTO;0.0;1.0;0.0;0.0;1.0;0.0;0.0;0.0;0.0;2.0;0.0;Longo da via;Bom;Não existe;Perfeito estado;Seca;Perfeito estado;Não existe;Não há placas;;Dupla;Faixa seccionada;Canteiro central;;Tarde
990;07/02/2020;17:46:00;COM VÍTIMA;FINALIZADA;CORDEIRO;EST DO FORTE DO ARRAIAL N. DO B. JESUS;;RUA PROFESSORA LAURA FERREIRA DA COSTA;E/F A PRC DO QUINZE. andreza ótica;CORDEIRO;;SUBURBIO;ABALROAMENTO TRANSVERSAL;1.0;1.0;0.0;0.0;0.0;0.0;0.0;0.0;0.0;1.0;0.0;Cruzamento;Bom;Não existe;Incompleta;Seca;Perfeito estado;Não existe;Não há placas;;Dupla;Faixa contínua;;;Tarde
991;07/02/2020;18:20:00;SEM VÍTIMA;FINALIZADA;IMBIRIBEIRA;AV MARECHAL MASCARENHAS DE MORAES;;;SEMINOVOS MOVIDA;IMBIRIBEIRA;255.0;SUBURBIO;ABALROAMENTO LONGITUDINAL;2.0;0.0;0.0;0.0;0.0;0.0;0.0;0.0;0.0;0.0;0.0;Longo da via;Bom;Sem defeito;Perfeito estado;Seca;Perfeito estado;Faixa de pedestre;Outras;60 km/h;Dupla;Faixa seccionada;Canteiro central;;Noite
992;07/02/2020;18:25:00;SEM VÍTIMA;FINALIZADA;AFOGADOS;AV SUL;;RUA NICOLAU PEREIRA;AO LADO DA CLÍNICA AGAMENON MAGALHÃES;AFOGADOS;;;ABALROAMENTO LONGITUDINAL;1.0;0.0;0.0;0.0;0.0;0.0;1.0;0.0;0.0;0.0;0.0;Longo da via;Bom;Não existe;Perfeito estado;Seca;Mal conservada;Não existe;Não há placas;;Única;Faixa seccionada;;;Noite
993;07/02/2020;19:02:00;SEM VÍTIMA;FINALIZADA;VÁRZEA;AV AFONSO OLINDENSE;;AV CAXANGA;;VÁRZEA;;SUBURBIO;ABALROAMENTO LONGITUDINAL;1.0;0.0;0.0;0.0;0.0;1.0;0.0;0.0;0.0;0.0;0.0;Cruzamento;Bom;Sem defeito;Perfeito estado;Seca;Perfeito estado;Faixa de pedestre;Outras;30 km/h;Dupla;Faixa contínua;;;Noite
994;07/02/2020;20:39:00;SEM VÍTIMA;FINALIZADA;TORRE;RUA MARQUES DE MARICA;187;;;TORRE;;SUBURBIO;ABALROAMENTO LONGITUDINAL;2.0;0.0;0.0;0.0;0.0;0.0;0.0;0.0;0.0;0.0;0.0;Longo da via;Bom;Sem defeito;Perfeito estado;Seca;Perfeito estado;;;;Dupla;Faixa seccionada;;;Noite
995;07/02/2020;20:44:00;SEM VÍTIMA;FINALIZADA;TEJIPIÓ;AV DR JOSE RUFINO;;RUA DO SANCHO;ESTAÇÃO DE METRO TEJIPIO;TEJIPIÓ;434.0;SUBURBIO;ABALROAMENTO LONGITUDINAL;1.0;0.0;0.0;0.0;0.0;1.0;0.0;0.0;0.0;0.0;0.0;Longo da via;Bom;Sem defeito;Perfeito estado;Seca;Perfeito estado;Faixa de pedestre;Outras;;Dupla;Faixa contínua;;;Noite
996;07/02/2020;21:28:00;SEM VÍTIMA;FINALIZADA;DERBY;AV GOVERNADOR AGAMENON MAGALHAES;;RUA AMAURI DE MEDEIROS;;DERBY;;;COLISÃO TRASEIRA;1.0;0.0;0.0;0.0;0.0;1.0;0.0;0.0;0.0;0.0;0.0;Longo da via;Bom;Não existe;Perfeito estado;Seca;Perfeito estado;Não existe;Não há placas;60 km/h;Dupla;Canal;;;Noite
997;07/02/2020;22:22:00;SEM VÍTIMA;FINALIZADA;CASA FORTE;AV FLOR DE SANTANA;357;AV DEZESSETE DE AGOSTO;BURGUER KING;CASA FORTE;614.0;;ABALROAMENTO LONGITUDINAL;2.0;0.0;0.0;0.0;0.0;0.0;0.0;0.0;0.0;0.0;0.0;Longo da via;Bom;Sem defeito;Perfeito estado;Seca;Perfeito estado;Faixa de pedestre;Outras;;Dupla;Faixa seccionada;;;Noite
998;07/02/2020;23:42:00;SEM VÍTIMA;FINALIZADA;ÁGUA FRIA;RUA GUARUJA;;;E/F AO ESPETINHO DO BEU;ÁGUA FRIA;;CIDADE;CHOQUE VEÍCULO PARADO;2.0;0.0;0.0;0.0;0.0;0.0;0.0;0.0;0.0;0.0;0.0;Longo da via;Bom;Não existe;Não existente;Seca;Perfeito estado;Não existe;Não há placas;;Dupla;Não existe;;;Noite
999;08/02/2020;06:34:00;COM VÍTIMA;FINALIZADA;BOA VIAGEM;RUA CAPITAO ZUZINHA;400;RUA RIO AZUL;GALERIA RIO AZUL// RESTAURANTE MARINHOS BAR;BOA VIAGEM;;CIDADE;ABALROAMENTO LONGITUDINAL;1.0;1.0;0.0;0.0;0.0;0.0;0.0;0.0;0.0;1.0;0.0;Cruzamento;Bom;Sem defeito;Perfeito estado;Seca;Perfeito estado;Não existe;;;Única;Não existe;;;Manhã
1000;08/02/2020;08:22:00;COM VÍTIMA;FINALIZADA;IPSEP;AV RECIFE;1470;;EM FRENTE AO POSTO BR;IPSEP;;AEROPORTO;COLISÃO TRASEIRA;1.0;1.0;0.0;0.0;0.0;0.0;0.0;0.0;0.0;1.0;0.0;Longo da via;Bom;Não existe;Perfeito estado;Seca;Perfeito estado;Não existe;Outras;60 km/h;Dupla;Canteiro central;;;Manhã
1001;08/02/2020;09:08:00;SEM VÍTIMA;FINALIZADA;BOA VIAGEM;RUA DOS NAVEGANTES;3672;;;BOA VIAGEM;;SUBURBIO;ABALROAMENTO LONGITUDINAL;1.0;0.0;0.0;0.0;0.0;0.0;1.0;0.0;0.0;0.0;0.0;Longo da via;Bom;Não existe;Perfeito estado;Seca;Perfeito estado;Não existe;Não há placas;;Única;Não existe;;;Manhã
1002;08/02/2020;09:09:00;SEM VÍTIMA;FINALIZADA;BOA VIAGEM;AV FERNANDO SIMOES BARBOSA;22;;GALERIA SANTO ANTONIO;BOA VIAGEM;321.0;SUBURBIO;ABALROAMENTO LONGITUDINAL;1.0;0.0;0.0;0.0;0.0;0.0;1.0;0.0;0.0;0.0;0.0;Longo da via;Bom;Sem defeito;Perfeito estado;Seca;Perfeito estado;Outros;R-6a;;Dupla;Faixa seccionada;Canal;;Manhã
1003;08/02/2020;09:49:00;SEM VÍTIMA;FINALIZADA;AFOGADOS;EST DOS REMEDIOS;1988;RUA PADRE GABRIEL MOUSINHO;AO LADO HC PNEUS;AFOGADOS;;CIDADE;ABALROAMENTO TRANSVERSAL;2.0;0.0;0.0;0.0;0.0;0.0;0.0;0.0;0.0;0.0;0.0;Cruzamento;Bom;Não existe;Perfeito estado;Seca;Perfeito estado;Outros;Placas Pare;60 km/h;Única;Faixa contínua;;;Manhã
1004;08/02/2020;10:36:00;SEM VÍTIMA;FINALIZADA;SANTO AMARO;AV PREFEITO ARTUR LIMA CAVALCANTI;;RUA DONA LEONOR PORTO;EM FRENTE A PRAÇA OMZE DE JUNHO;SANTO AMARO;;SUBURBIO;ABALROAMENTO LONGITUDINAL;2.0;0.0;0.0;0.0;0.0;0.0;0.0;0.0;0.0;0.0;0.0;Longo da via;Bom;Sem defeito;Perfeito estado;Seca;Perfeito estado;Não existe;Não há placas;;Única;Faixa seccionada;;;Manhã
1005;08/02/2020;10:57:00;COM VÍTIMA;FINALIZADA;ALTO JOSÉ BONIFÁCIO;RUA ALTO JOSE BONIFACIO;152;;PRÓX. A RODINHA;ALTO JOSÉ BONIFÁCIO;;SUBURBIO;ABALROAMENTO LONGITUDINAL;0.0;1.0;0.0;0.0;0.0;0.0;1.0;0.0;0.0;1.0;0.0;Longo da via;Bom;Não existe;Incompleta;Seca;;Não existe;Não há placas;;Dupla;Não existe;;;Manhã
1006;08/02/2020;11:25:00;COM VÍTIMA;FINALIZADA;PARNAMIRIM;RUA TITO ROSAS;;AV PARNAMIRIM;;PARNAMIRIM;10.0;;ATROPELAMENTO;0.0;0.0;0.0;0.0;2.0;1.0;0.0;0.0;0.0;2.0;0.0;Cruzamento;Bom;Sem defeito;Perfeito estado;Seca;Perfeito estado;Faixa de pedestre;Não há placas;40 km/h;Única;Faixa seccionada;;;Manhã
1007;08/02/2020;11:27:00;SEM VÍTIMA;FINALIZADA;CASA FORTE;PRC RADIO JORNAL DO COMERCIO;;;AO LADO DO SHOPPING PLAZA;CASA FORTE;345.0;SUBURBIO;COLISÃO TRASEIRA;1.0;0.0;0.0;0.0;0.0;1.0;0.0;0.0;0.0;0.0;0.0;Longo da via;Bom;Sem defeito;Perfeito estado;Seca;Perfeito estado;Faixa de pedestre;Outras;;Única;Faixa contínua;Faixa seccionada;;Manhã
1008;08/02/2020;11:33:00;SEM VÍTIMA;FINALIZADA;AREIAS;AV RECIFE;;AV RECIFE;EM FRENTE AO SEMÁFORO 620;AREIAS;620.0;SUBURBIO;COLISÃO TRASEIRA;3.0;0.0;0.0;0.0;0.0;0.0;0.0;0.0;0.0;0.0;0.0;Longo da via;Bom;Sem defeito;Perfeito estado;Seca;Perfeito estado;Faixa de pedestre;Não há placas;;Dupla;Canteiro central;;;Manhã
1009;08/02/2020;11:37:00;SEM VÍTIMA;FINALIZADA;CIDADE UNIVERSITÁRIA;AV CAXANGA;4435;;CHURRASCARIA BOI E BRASA;CIDADE UNIVERSITÁRIA;230.0;CIDADE;ABALROAMENTO TRANSVERSAL;2.0;0.0;0.0;0.0;0.0;0.0;0.0;0.0;0.0;0.0;0.0;Longo da via;Bom;Sem defeito;Perfeito estado;Seca;Perfeito estado;Faixa de pedestre;R-26;;Dupla;Canteiro central;;;Manhã
1010;08/02/2020;12:30:00;SEM VÍTIMA;FINALIZADA;BOA VIAGEM;AV BOA VIAGEM;2234;RUA HENRIQUE CAPITULINO;EDF. VILA AZUL;BOA VIAGEM;663.0;CIDADE;COLISÃO TRASEIRA;3.0;0.0;0.0;0.0;0.0;0.0;0.0;0.0;0.0;0.0;0.0;;Bom;Sem defeito;Perfeito estado;Seca;Perfeito estado;Faixa de pedestre;Não há placas;;Única;Faixa contínua;;;Tarde
1011;08/02/2020;13:38:00;SEM VÍTIMA;FINALIZADA;ESPINHEIRO;RUA QUARENTA E OITO;;RUA CONS PORTELA;;ESPINHEIRO;11.0;CIDADE;ABALROAMENTO LONGITUDINAL;1.0;0.0;0.0;0.0;0.0;1.0;0.0;0.0;0.0;0.0;0.0;Cruzamento;Bom;Sem defeito;Perfeito estado;Seca;Perfeito estado;Faixa de pedestre;Não há placas;;Única;Faixa seccionada;;;Tarde
1012;08/02/2020;13:43:00;SEM VÍTIMA;FINALIZADA;CASA AMARELA;AV NORTE;;;EM FRENTE A ESCOLA DE REFERÊNCIA DE ENSINO MÉDIO CLOTILDE;CASA AMARELA;;;ABALROAMENTO LONGITUDINAL;2.0;0.0;0.0;0.0;0.0;0.0;0.0;0.0;0.0;0.0;0.0;Longo da via;Bom;Não existe;Perfeito estado;Seca;Perfeito estado;Não existe;Não há placas;60 km/h;Dupla;;;;Tarde
1013;08/02/2020;14:54:00;SEM VÍTIMA;FINALIZADA;ESTÂNCIA;AV RECIFE;;;EM FRENTE AO SEMÁFORO Nº 261;ESTÂNCIA;261.0;SUBURBIO;COLISÃO TRASEIRA;2.0;0.0;0.0;0.0;0.0;0.0;0.0;0.0;0.0;0.0;0.0;Longo da via;Bom;Sem defeito;Perfeito estado;Seca;Perfeito estado;Faixa de pedestre;Não há placas;;Dupla;Canteiro central;;;Tarde
1014;08/02/2020;14:56:00;SEM VÍTIMA;FINALIZADA;IBURA;AV DOIS RIOS;;RUA RIO XINGU;POSTO DE COMBUSTÍVEL BR;IBURA;351.0;CIDADE;COLISÃO TRASEIRA;2.0;0.0;0.0;0.0;0.0;0.0;0.0;0.0;0.0;0.0;0.0;Cruzamento;Bom;Sem defeito;Perfeito estado;Seca;Perfeito estado;Faixa de pedestre;Não há placas;;Dupla;Faixa contínua;;;Tarde
1015;08/02/2020;16:12:00;SEM VÍTIMA;FINALIZADA;DOIS IRMÃOS;RUA DOIS IRMAOS;1082;;EM FRENTE A COMPESA- PROX. A PRAÇA FARIA NEVES;DOIS IRMÃOS;;SUBURBIO;COLISÃO;2.0;0.0;0.0;0.0;0.0;0.0;0.0;0.0;0.0;0.0;0.0;Longo da via;Bom;Não existe;Perfeito estado;Seca;Perfeito estado;Outros;Outras;;Dupla;Faixa contínua;;;Tarde