indice;data;hora;natureza_acidente;situacao;bairro;endereco;numero;detalhe_endereco_acidente;complemento;bairro_cruzamento;num_semaforo;sentido_via;tipo;auto;moto;ciclom;ciclista;pedestre;onibus;caminhao;viatura;outros;vitimas;vitimasfatais;acidente_verificado;tempo_clima;situacao_semaforo;sinalizacao;condicao_via;conservacao_via;ponto_controle;situacao_placa;velocidade_max_via;mao_direcao;divisao_via1;divisao_via2;divisao_via3;turno
1135;12/02/2020;23:29:00;COM VÍTIMA;FINALIZADA;BOA VIAGEM;RUA JACK AYRES;;AV FERNANDO SIMOES BARBOSA;NA SAIDA DO SHOPPING RECIFE;BOA VIAGEM;183.0;SUBURBIO;COLISÃO FRONTAL;1.0;1.0;0.0;0.0;0.0;0.0;0.0;0.0;0.0;1.0;0.0;Cruzamento;Bom;Com defeito;Perfeito estado;Seca;Perfeito estado;Não existe;Não há placas;;Dupla;Faixa seccionada;;;Noite
1136;13/02/2020;00:07:00;SEM VÍTIMA;FINALIZADA;COHAB;AV MATO GROSSO;44;;PROX DA ASSEMBLEIA DE DEUS;COHAB;;SUBURBIO;COLISÃO;1.0;0.0;0.0;0.0;0.0;0.0;0.0;1.0;0.0;0.0;0.0;Longo da via;Bom;Não existe;Perfeito estado;Seca;Perfeito estado;Não existe;Não há placas;;Dupla;Faixa seccionada;;;Madrugada
1137;13/02/2020;03:23:00;SEM VÍTIMA;FINALIZADA;AFOGADOS;RUA IMPERIAL;;;NA DESCIDA DO VIADUTO- SENTIDO AFOGADOS;AFOGADOS;;SUBURBIO;CHOQUE;1.0;0.0;0.0;0.0;0.0;0.0;0.0;0.0;0.0;0.0;0.0;Viaduto;Chuvoso;Não existe;Não existente;Molhada;Mal iluminada;Não existe;Não há placas;;Única;Não existe;;;Madrugada
1138;13/02/2020;05:46:00;SEM VÍTIMA;FINALIZADA;DERBY;RUA JENER DE SOUZA;635;RUA DA BAIXA VERDE;AO LADO DO QUARTEL DO DERBY- PROX DO RESTAURANTE SEU FERREIRA;DERBY;;SUBURBIO;COLISÃO;2.0;0.0;0.0;0.0;0.0;0.0;0.0;0.0;0.0;0.0;0.0;Cruzamento;Chuvoso;Não existe;Perfeito estado;Molhada;Perfeito estado;Faixa de pedestre;Outras;;Dupla;Faixa seccionada;Canteiro central;;Madrugada
1139;13/02/2020;07:40:00;COM VÍTIMA;FINALIZADA;ESPINHEIRO;RUA DR VICENTE MEIRA;108;RUA VIGARIO BARRETO;OTICA DINIZ;ESPINHEIRO;;CIDADE;ABALROAMENTO TRANSVERSAL;1.0;1.0;0.0;0.0;0.0;0.0;0.0;0.0;0.0;1.0;0.0;Esquina;Chuvoso;Não existe;Incompleta;Seca;Perfeito estado;Não existe;Não há placas;20 km/h;Dupla;Faixa seccionada;;;Manhã
1140;13/02/2020;08:01:00;SEM VÍTIMA;FINALIZADA;SAN MARTIN;RUA JOSE VELOSO;16;RUA COMENDADOR FRANCO FERREIRA;PROX A CAVALARIA / AO LADO DA PRAÇA;SAN MARTIN;;;COLISÃO;2.0;0.0;0.0;0.0;0.0;0.0;0.0;0.0;0.0;0.0;0.0;Cruzamento;Bom;Não existe;Incompleta;Seca;Mal conservada;Não existe;Placas Pare;;Dupla;Não existe;;;Manhã
1141;13/02/2020;08:31:00;SEM VÍTIMA;FINALIZADA;JARDIM SÃO PAULO;RUA LORENA;;RUA LEANDRO BARRETO;AO LADO DA ACADEMIA WM;JARDIM SÃO PAULO;;SUBURBIO;COLISÃO;1.0;0.0;0.0;0.0;0.0;0.0;1.0;0.0;0.0;0.0;0.0;Cruzamento;Bom;Não existe;Incompleta;Seca;Perfeito estado;Não existe;Não há placas;30 km/h;Dupla;Faixa seccionada;;;Manhã
1142;13/02/2020;10:06:00;SEM VÍTIMA;FINALIZADA;TORRÕES;AV ENGENHEIRO ABDIAS DE CARVALHO;1331;;E FRENTE A O POSTO IPIRANGA;TORRÕES;375.0;CIDADE;COLISÃO;1.0;0.0;0.0;0.0;0.0;1.0;0.0;0.0;0.0;0.0;0.0;Longo da via;Bom;Sem defeito;Perfeito estado;Seca;Perfeito estado;Agente;Outras;;Dupla;Canteiro central;;;Manhã
1143;13/02/2020;10:07:00;SEM VÍTIMA;FINALIZADA;ESPINHEIRO;RUA DA HORA;378;;AO LADO DO LABORATÓRIO A+;ESPINHEIRO;;SUBURBIO;COLISÃO;2.0;0.0;0.0;0.0;0.0;0.0;0.0;0.0;0.0;0.0;0.0;Longo da via;Bom;Não existe;Perfeito estado;Seca;Perfeito estado;Não existe;Outras;;Única;Não existe;;;Manhã
1144;13/02/2020;10:51:00;SEM VÍTIMA;FINALIZADA;BOA VIAGEM;RUA DOS NAVEGANTES;4558;RUA CORONEL BENEDITO CHAVES;POR TRÁS DO EDF. MARIA LEUPODINA;BOA VIAGEM;;;COLISÃO;2.0;0.0;0.0;0.0;0.0;0.0;0.0;0.0;0.0;0.0;0.0;Cruzamento;Bom;Não existe;Incompleta;Seca;Perfeito estado;Não existe;Não há placas;30 km/h;Única;Não existe;;;Manhã
1145;13/02/2020;11:11:00;SEM VÍTIMA;FINALIZADA;AFOGADOS;RUA NICOLAU PEREIRA;;;AO LADO DOMURO DO SABAO BEM TE VI / POR TRAS DO MERCADO;AFOGADOS;;;COLISÃO;0.0;0.0;0.0;0.0;0.0;0.0;2.0;0.0;0.0;0.0;0.0;Longo da via;Bom;Não existe;Perfeito estado;Seca;Perfeito estado;;;;Única;Não existe;;;Manhã
1146;13/02/2020;11:21:00;SEM VÍTIMA;FINALIZADA;APIPUCOS;AV NORTE;8065;;;APIPUCOS;;SUBURBIO;ENGAVETAMENTO;4.0;0.0;0.0;0.0;0.0;0.0;0.0;0.0;0.0;0.0;0.0;Longo da via;Bom;Não existe;Perfeito estado;Seca;Perfeito estado;Outros;Placas Pare;;Única;Não existe;;;Manhã
1147;13/02/2020;11:46:00;COM VÍTIMA;FINALIZADA;PAISSANDU;RUA EPAMINONDAS DE MELO;119;RUA PAISSANDU;POR TRÁS DO HOSPITAL DE QUEIMADOS;PAISSANDU;;SUBURBIO;ABALROAMENTO LONGITUDINAL;1.0;1.0;0.0;0.0;0.0;0.0;0.0;0.0;0.0;1.0;0.0;Longo da via;Bom;Não existe;Perfeito estado;Seca;Perfeito estado;Não existe;R-24a;30 km/h;Única;Não existe;;;Manhã
1148;13/02/2020;11:48:00;SEM VÍTIMA;FINALIZADA;AFOGADOS;RUA MOTOCOLOMBO;2372;;E/F AO TROCÃO;AFOGADOS;;CIDADE;COLISÃO;2.0;0.0;0.0;0.0;0.0;0.0;1.0;0.0;0.0;0.0;0.0;Ponte;Bom;Não existe;Perfeito estado;Seca;Perfeito estado;Não existe;Não há placas;60 km/h;Dupla;Faixa seccionada;Canteiro central;;Manhã
1149;13/02/2020;12:04:00;SEM VÍTIMA;FINALIZADA;ILHA DO LEITE;AV GOVERNADOR AGAMENON MAGALHAES;;RUA GENERAL VARGAS;EM FRENTE AO EMPRESARIAL ISAAC NEWTON/ SENTIDO OLINDA;ILHA DO LEITE;;;COLISÃO;2.0;0.0;0.0;0.0;0.0;0.0;0.0;0.0;0.0;0.0;0.0;Longo da via;Bom;Sem defeito;Perfeito estado;Seca;Perfeito estado;Faixa de pedestre;Não há placas;;Dupla;Canal;;;Tarde
1150;13/02/2020;12:26:00;SEM VÍTIMA;FINALIZADA;BARRO;AV DR JOSE RUFINO;;;SOBRE O VIADUTO DO BARRO QUE COBRE A BR 101;BARRO;;SUBURBIO;COLISÃO;2.0;0.0;0.0;0.0;0.0;0.0;0.0;0.0;0.0;0.0;0.0;Viaduto;Bom;Não existe;Perfeito estado;Seca;Perfeito estado;Não existe;Outras;;Dupla;Faixa contínua;Faixa seccionada;;Tarde
1151;13/02/2020;12:30:00;SEM VÍTIMA;FINALIZADA;BARRO;AV DR JOSE RUFINO;1637;RUA DR VILAS BOAS;EM FRENTE A O TRE DO BARRO;BARRO;557.0;SUBURBIO;ENGAVETAMENTO;3.0;0.0;0.0;0.0;0.0;0.0;0.0;0.0;0.0;0.0;0.0;Longo da via;Bom;Sem defeito;Perfeito estado;Seca;Perfeito estado;Faixa de pedestre;Outras;;Dupla;Faixa contínua;Faixa seccionada;;Tarde
1152;13/02/2020;13:05:00;SEM VÍTIMA;FINALIZADA;BOA VISTA;RUA AURORA;573;TRV CORREIA NETO;AO LADO DA ASSEMBLEIA LEGISLATIVA;BOA VISTA;429.0;OLINDA;COLISÃO;2.0;0.0;0.0;0.0;0.0;0.0;0.0;0.0;0.0;0.0;0.0;Esquina;Chuvoso;Sem defeito;Perfeito estado;Seca;Perfeito estado;Faixa de pedestre;R-6a;40 km/h;Única;Faixa seccionada;;;Tarde
1153;13/02/2020;15:14:00;SEM VÍTIMA;FINALIZADA;BOA VIAGEM;RUA PROFESSOR AUGUSTO LINS E SILVA;65;RUA CONEGO ROMEU;NA LATERAL DO  EDF MONDINO;BOA VIAGEM;;;COLISÃO;2.0;0.0;0.0;0.0;0.0;0.0;0.0;0.0;0.0;0.0;0.0;Cruzamento;Bom;Não existe;Ilegível;Seca;Mal conservada;Não existe;Placas Pare;;Dupla;Não existe;;;Tarde
1154;13/02/2020;16:31:00;SEM VÍTIMA;FINALIZADA;AFOGADOS;RUA SAO MIGUEL;;EST DOS REMEDIOS;LARGO DA PAZ;AFOGADOS;53.0;CIDADE;COLISÃO;1.0;0.0;0.0;0.0;0.0;0.0;1.0;0.0;0.0;0.0;0.0;Esquina;Bom;Sem defeito;Perfeito estado;Seca;Perfeito estado;Faixa de pedestre;Outras;;Dupla;Faixa contínua;;;Tarde
1155;13/02/2020;17:22:00;SEM VÍTIMA;FINALIZADA;BARRO;AV DR JOSE RUFINO;2939;;EM FRENTE A ESCOLA ESTADUAL CASTELO BRANCO;BARRO;156.0;CIDADE;COLISÃO;1.0;0.0;0.0;0.0;0.0;1.0;0.0;0.0;0.0;0.0;0.0;Longo da via;Bom;Não existe;Perfeito estado;Seca;Perfeito estado;Não existe;Outras;;Dupla;Faixa contínua;Faixa seccionada;;Tarde
1156;13/02/2020;17:25:00;SEM VÍTIMA;FINALIZADA;ARRUDA;AV BEBERIBE;;;EM FRENTE AO ARMAZEM CORAL;ARRUDA;492.0;CIDADE;COLISÃO;2.0;0.0;0.0;0.0;0.0;0.0;0.0;0.0;0.0;0.0;0.0;Cruzamento;Bom;Sem defeito;Perfeito estado;Seca;Perfeito estado;Faixa de pedestre;Outras;40 km/h;Dupla;Faixa contínua;;;Tarde
1157;13/02/2020;18:34:00;COM VÍTIMA;FINALIZADA;JORDÃO;RUA DR ANDRADE LYRA;59;RUA ALBERTO LUNDGREN;PRÓX AO MERCADO PÚBLICO. WE FIT.;JORDÃO;;JORDÃO / IBURA;ATROPELAMENTO;1.0;0.0;0.0;0.0;1.0;0.0;0.0;0.0;0.0;1.0;0.0;Esquina;Bom;Não existe;Perfeito estado;Seca;Perfeito estado;Faixa de pedestre;Outras;30 km/h;Única;Faixa seccionada;;;Noite
1158;13/02/2020;18:57:00;COM VÍTIMA;FINALIZADA;SÃO JOSÉ;C SANTA RITA;;1 TRV JUSTICA E PAZ;E/F ÀS TORRES GÊMEAS - AO LADO DO SEM 076. AGEMAR.;SÃO JOSÉ;;CIDADE;TOMBAMENTO;0.0;1.0;0.0;0.0;0.0;0.0;0.0;0.0;0.0;1.0;0.0;Longo da via;Bom;Não existe;Perfeito estado;Seca;Perfeito estado;Não existe;Outras;60 km/h;Dupla;Canteiro central;;;Noite
1159;13/02/2020;19:31:00;SEM VÍTIMA;FINALIZADA;AFOGADOS;RUA DA PAZ;267;RUA JOAO CARLOS GUIMARAES;ENF. A UNIVERSAL DE AFOGADOS;AFOGADOS;528.0;;COLISÃO;1.0;0.0;0.0;0.0;0.0;0.0;1.0;0.0;0.0;0.0;0.0;Cruzamento;Bom;Não existe;Perfeito estado;Seca;Perfeito estado;Não existe;R-6a;;Única;Faixa seccionada;;;Noite
1160;13/02/2020;23:40:00;SEM VÍTIMA;FINALIZADA;BONGI;RUA SANTA EDWIRGES;295;RUA PADRE TEOFILO TWORZ;PROX A IGREJA PRESBITERIANA;BONGI;;CIDADE;COLISÃO;2.0;0.0;0.0;0.0;0.0;0.0;0.0;0.0;0.0;0.0;0.0;Cruzamento;Bom;Não existe;Perfeito estado;Seca;Perfeito estado;Faixa de retenção;Placas Pare;;Única;Canteiro central;;;Noite
1161;14/02/2020;06:53:00;SEM VÍTIMA;FINALIZADA;MADALENA;RUA REAL DA TORRE;1309;;E/F A DROGARIA SÃO PAULO;MADALENA;;SUBURBIO;COLISÃO;3.0;0.0;0.0;0.0;0.0;0.0;0.0;0.0;0.0;0.0;0.0;Longo da via;Chuvoso;Não existe;Perfeito estado;Molhada;Perfeito estado;Não existe;Não há placas;;Única;Faixa seccionada;;;Manhã
1162;14/02/2020;07:44:00;SEM VÍTIMA;FINALIZADA;CAXANGÁ;AV CAXANGA;5775;;APOS A UPA DA  CAXANGA NA DESCIDA DA PONTE DA CAXANGA  EM FRENTE A GALERIA  SUPER CENTER CAXANGA;CAXANGÁ;;SUBURBIO CIDADE;COLISÃO;3.0;0.0;0.0;0.0;0.0;0.0;0.0;0.0;0.0;0.0;0.0;Longo da via;Bom;Não existe;Incompleta;Seca;Perfeito estado;Não existe;R-6a;;Dupla;Canteiro central;;;Manhã
1163;14/02/2020;08:14:00;COM VÍTIMA;FINALIZADA;MACAXEIRA;AV NORTE;7931;;100 METROS ANTES DO PARQUE DA MACAXEIRA;MACAXEIRA;296.0;CIDADE;COLISÃO TRASEIRA;1.0;1.0;0.0;0.0;0.0;0.0;0.0;0.0;0.0;1.0;0.0;Longo da via;Bom;Sem defeito;Perfeito estado;Seca;Perfeito estado;Faixa de retenção;R-6a;;Única;Faixa contínua;;;Manhã
1164;14/02/2020;08:22:00;SEM VÍTIMA;FINALIZADA;DOIS IRMÃOS;RUA DOIS IRMAOS;;;AO  LADO DO MOTEL SENZALA;DOIS IRMÃOS;416.0;CIDADE;COLISÃO;1.0;1.0;0.0;0.0;0.0;0.0;0.0;0.0;0.0;0.0;0.0;Longo da via;Chuvoso;Sem defeito;Perfeito estado;Seca;Perfeito estado;Agente;Não há placas;;Dupla;Faixa seccionada;;;Manhã
1165;14/02/2020;08:29:00;COM VÍTIMA;FINALIZADA;CORDEIRO;AV ENGENHEIRO ABDIAS DE CARVALHO;2840;;50 METROS ANTES DO COMPAZ;CORDEIRO;;CIDADE;ABALROAMENTO LONGITUDINAL;0.0;1.0;0.0;0.0;0.0;1.0;0.0;0.0;0.0;1.0;0.0;Longo da via;;Não existe;Perfeito estado;Molhada;Perfeito estado;Agente;R-6a;;Única;Faixa seccionada;Canteiro central;;Manhã
1166;14/02/2020;08:32:00;SEM VÍTIMA;FINALIZADA;CAJUEIRO;RUA DR ALBERTO WANDERLEY;217;;PROX A BAR DA FAVA;CAJUEIRO;;CIDADE;COLISÃO;2.0;0.0;0.0;0.0;0.0;0.0;0.0;0.0;1.0;0.0;0.0;Longo da via;Bom;Não existe;Não existente;Seca;Perfeito estado;Não existe;Não há placas;;Dupla;Não existe;;;Manhã
1167;14/02/2020;09:20:00;COM VÍTIMA;FINALIZADA;IPUTINGA;AV CAXANGA;;;EM CIMA DO VIADUTO DA CAXANGA;IPUTINGA;;;COLISÃO;1.0;1.0;0.0;0.0;0.0;0.0;0.0;0.0;0.0;1.0;0.0;;;;;;;;;;;;;;Manhã
1168;14/02/2020;09:25:00;SEM VÍTIMA;FINALIZADA;TAMARINEIRA;EST VELHA DE AGUA FRIA;734;RUA JOSE DE VASCONCELOS;EM FRENTE AO RESTAURANTE  VIA GRILL;TAMARINEIRA;;SUBURBIO;COLISÃO;1.0;1.0;0.0;0.0;0.0;0.0;0.0;0.0;0.0;0.0;0.0;Cruzamento;Bom;Não existe;Perfeito estado;Seca;Perfeito estado;Faixa de pedestre;Outras;;Dupla;Faixa contínua;;;Manhã
1169;14/02/2020;09:47:00;SEM VÍTIMA;FINALIZADA;BOA VISTA;RUA SAO GERALDO;;AV MARIO MELO;EM FRENTE A ESCOLA  SILVIO RABELO;BOA VISTA;;;COLISÃO;2.0;0.0;0.0;0.0;0.0;0.0;0.0;0.0;0.0;0.0;0.0;Cruzamento;Bom;Não existe;Perfeito estado;Seca;Perfeito estado;Faixa de pedestre;Outras;;Dupla;Faixa seccionada;;;Manhã
1170;14/02/2020;10:27:00;SEM VÍTIMA;FINALIZADA;CAMPO GRANDE;RUA JERONIMO VILELA;118;;E/F EDF. FERNANDO DANTAS PEREIRA;CAMPO GRANDE;;;COLISÃO;1.0;1.0;0.0;0.0;0.0;0.0;0.0;0.0;0.0;0.0;0.0;;;;;;;;;;;;;;Manhã
1171;14/02/2020;10:40:00;SEM VÍTIMA;FINALIZADA;IBURA;AV RECIFE;;AV DOM HELDER CAMARA;AO LADO DO POSTO POLICIAL / SENT IPSEP;IBURA;16.0;SUBURBIO;COLISÃO;1.0;0.0;0.0;0.0;0.0;0.0;1.0;0.0;0.0;0.0;0.0;Longo da via;Bom;Sem defeito;Perfeito estado;Seca;Perfeito estado;Faixa de pedestre;Não há placas;;Dupla;Canteiro central;;;Manhã
1172;14/02/2020;11:10:00;SEM VÍTIMA;FINALIZADA;IMBIRIBEIRA;AV MARECHAL MASCARENHAS DE MORAES;;;E/F AO AEROPORTO DO RECIFE;IMBIRIBEIRA;;;COLISÃO;2.0;0.0;0.0;0.0;0.0;0.0;0.0;0.0;0.0;0.0;0.0;Longo da via;Bom;Não existe;Perfeito estado;Seca;Perfeito estado;Agente;R-6a;;Única;Faixa;;;Manhã
1173;14/02/2020;11:39:00;SEM VÍTIMA;FINALIZADA;GRAÇAS;AV RUI BARBOSA;199;;E/F A CLÍNICA EQUILIBRIUM;GRAÇAS;;;COLISÃO;2.0;0.0;0.0;0.0;0.0;0.0;0.0;0.0;0.0;0.0;0.0;Cruzamento;Bom;Sem defeito;Perfeito estado;Seca;Perfeito estado;Faixa de pedestre;Outras;60 km/h;Única;Faixa seccionada;;;Manhã
1174;14/02/2020;13:51:00;SEM VÍTIMA;FINALIZADA;AFOGADOS;AV SUL;2056;;BORRACHARIA SUL//ESTAÇÃO LARGO DA PAZ;AFOGADOS;;CIDADE;COLISÃO;1.0;0.0;0.0;0.0;0.0;0.0;1.0;0.0;0.0;0.0;0.0;Cruzamento;Bom;Não existe;Incompleta;Seca;Perfeito estado;Não existe;Não há placas;60 km/h;Única;Faixa contínua;Faixa seccionada;;Tarde
1175;14/02/2020;14:09:00;SEM VÍTIMA;FINALIZADA;SANTO AMARO;AV NORTE;;;POR TRAS DO CEMITERIO DOS INGLESES;SANTO AMARO;;;COLISÃO;1.0;1.0;0.0;0.0;0.0;0.0;0.0;0.0;0.0;0.0;0.0;;;;;;;;;;;;;;Tarde
1176;14/02/2020;14:16:00;SEM VÍTIMA;FINALIZADA;BOA VIAGEM;RUA SARGENTO SILVINO DE MACEDO;241;;PROX AO COLEGIO GGE E/F A TOP TERCEIRIZAÇOES;BOA VIAGEM;;CIDADE;COLISÃO;2.0;0.0;0.0;0.0;0.0;0.0;0.0;0.0;0.0;0.0;0.0;Cruzamento;Bom;Não existe;Não existente;Seca;Perfeito estado;Não existe;Não há placas;60 km/h;Dupla;Não existe;;;Tarde
1177;14/02/2020;14:30:00;SEM VÍTIMA;FINALIZADA;BOA VIAGEM;AV BOA VIAGEM;;;EDF CALIFORNIA;BOA VIAGEM;124.0;CIDADE;COLISÃO;2.0;0.0;0.0;0.0;0.0;0.0;0.0;0.0;0.0;0.0;0.0;Longo da via;Bom;Sem defeito;Perfeito estado;Seca;Perfeito estado;Faixa de pedestre;Não há placas;60 km/h;Única;Faixa seccionada;;;Tarde
1178;14/02/2020;14:53:00;SEM VÍTIMA;FINALIZADA;SANTO AMARO;AV GOVERNADOR AGAMENON MAGALHAES;;AV DR JAYME DA FONTE;PROX AO SHOPPING TACARUNA S/T OLINDA;SANTO AMARO;49.0;SUBURBIO;COLISÃO;2.0;0.0;0.0;0.0;0.0;0.0;0.0;0.0;0.0;0.0;0.0;Cruzamento;Bom;Sem defeito;Perfeito estado;Seca;Perfeito estado;Faixa de pedestre;Outras;60 km/h;Dupla;Canteiro central;;;Tarde
1179;14/02/2020;14:56:00;SEM VÍTIMA;FINALIZADA;GRAÇAS;RUA DAS PERNAMBUCANAS;226;RUA MONSENHOR AMBROZINO LEITE;PROXIMO AO SEMÁFORO 600;GRAÇAS;600.0;;COLISÃO;1.0;0.0;0.0;0.0;0.0;0.0;0.0;1.0;0.0;0.0;0.0;Longo da via;Bom;Sem defeito;Perfeito estado;Seca;Perfeito estado;Não existe;Não há placas;;Dupla;Não existe;;;Tarde
1180;14/02/2020;15:40:00;SEM VÍTIMA;FINALIZADA;IPSEP;AV RECIFE;2967;;E/F AO POSTO FEDERAL S/T BOA VIAGEM;IPSEP;;AEROPORTO;COLISÃO;2.0;0.0;0.0;0.0;0.0;0.0;0.0;0.0;0.0;0.0;0.0;Longo da via;Bom;Não existe;Perfeito estado;Seca;Perfeito estado;Não existe;Não há placas;;Dupla;Canteiro central;;;Tarde
1181;14/02/2020;15:43:00;SEM VÍTIMA;FINALIZADA;MADALENA;AV BEIRA RIO;660;RUA DEMOSTENES DE OLINDA;EM FRENTE AO EDIFICIO VITORIA REGIA;MADALENA;;CIDADE;COLISÃO;1.0;1.0;0.0;0.0;0.0;0.0;0.0;0.0;0.0;0.0;0.0;Esquina;Bom;Não existe;Perfeito estado;Seca;Perfeito estado;Faixa de pedestre;R-4a;;Dupla;Faixa seccionada;;;Tarde
1182;14/02/2020;16:21:00;SEM VÍTIMA;FINALIZADA;AFOGADOS;RUA SAO MIGUEL;268;;E/F AO DEPATRI;AFOGADOS;300.0;SUBURBIO;COLISÃO;2.0;0.0;0.0;0.0;0.0;0.0;0.0;0.0;0.0;0.0;0.0;Longo da via;Bom;Sem defeito;Perfeito estado;Seca;Perfeito estado;Faixa de pedestre;Outras;;Dupla;Faixa contínua;;;Tarde
1183;14/02/2020;16:36:00;SEM VÍTIMA;FINALIZADA;BOA VIAGEM;RUA SETUBAL;;RUA PROFESSOR MARIO CASTRO;AO LADO DO PLAZA HOTEL;BOA VIAGEM;;;COLISÃO;2.0;0.0;0.0;0.0;0.0;0.0;0.0;0.0;0.0;0.0;0.0;Cruzamento;Bom;Não existe;Ilegível;Seca;Perfeito estado;Não existe;Não há placas;40 km/h;Única;Não existe;;;Tarde
1184;14/02/2020;16:37:00;SEM VÍTIMA;FINALIZADA;IPSEP;AV RECIFE;;RUA FRANCISCO BARRETO;NUCLIO DA POLICIA MILITA// EXTRA FARMA;IPSEP;55.0;CIDADE;COLISÃO;1.0;0.0;0.0;0.0;0.0;1.0;0.0;0.0;0.0;0.0;0.0;Cruzamento;Bom;Sem defeito;Perfeito estado;Seca;Perfeito estado;Faixa de pedestre;Não há placas;;Dupla;Canteiro central;;;Tarde
1185;14/02/2020;18:08:00;SEM VÍTIMA;FINALIZADA;ILHA DO RETIRO;EST DOS REMEDIOS;1781;RUA DO FONSECA;ENF. A NISSAN;ILHA DO RETIRO;;CIDADE;COLISÃO;2.0;0.0;0.0;0.0;0.0;0.0;0.0;0.0;0.0;0.0;0.0;Esquina;Bom;Não existe;Incompleta;Seca;Perfeito estado;Não existe;R-6a;;Única;Faixa seccionada;;;Noite
1186;14/02/2020;18:40:00;SEM VÍTIMA;FINALIZADA;SÃO JOSÉ;RUA IMPERIAL;1509;;ANTES DO SEMAFORO 087 PROX AO VIADUTO DOM PAULO 2;SÃO JOSÉ;;SUBURBIO;COLISÃO;1.0;1.0;0.0;0.0;0.0;0.0;0.0;0.0;0.0;0.0;0.0;Longo da via;Bom;Não existe;Perfeito estado;Seca;Perfeito estado;Não existe;Não há placas;;Única;Faixa seccionada;;;Noite
1187;14/02/2020;19:24:00;SEM VÍTIMA;FINALIZADA;CORDEIRO;AV PROFESSOR ESTEVAO FRANCISCO DA COSTA;;;E/F A MERC FRUTES;CORDEIRO;280.0;SUBURBIO;COLISÃO;2.0;0.0;0.0;0.0;0.0;0.0;0.0;0.0;0.0;0.0;0.0;Cruzamento;Bom;Sem defeito;Perfeito estado;Seca;Perfeito estado;;;;Dupla;Não existe;;;Noite
1188;14/02/2020;19:43:00;SEM VÍTIMA;FINALIZADA;IBURA;AV DOIS RIOS;;;E/F A POLICLINICA;IBURA;;;COLISÃO;1.0;0.0;0.0;0.0;0.0;0.0;1.0;0.0;0.0;0.0;0.0;Longo da via;Bom;Não existe;Perfeito estado;Seca;Perfeito estado;Não existe;Outras;;Dupla;Outros;;;Noite
1189;14/02/2020;19:44:00;COM VÍTIMA;FINALIZADA;BOA VIAGEM;AV FERNANDO SIMOES BARBOSA;140;;EDF. SANTO ANDRE // PROX A SAIDA DO SHOPPING RECIFE;BOA VIAGEM;;SUBURBIO;COLISÃO COM CICLISTA;0.0;0.0;0.0;1.0;0.0;1.0;0.0;0.0;0.0;1.0;0.0;Longo da via;Bom;Não existe;Perfeito estado;Seca;Perfeito estado;Não existe;Outras;;Única;Faixa seccionada;Canal;;Noite
1190;14/02/2020;19:55:00;SEM VÍTIMA;FINALIZADA;SANTO AMARO;PTE DO LIMOEIRO;;;NA PONTE MESMO;SANTO AMARO;243.0;SUBURBIO;COLISÃO;3.0;0.0;0.0;0.0;0.0;0.0;0.0;0.0;0.0;0.0;0.0;Ponte;Bom;Sem defeito;Perfeito estado;Seca;Perfeito estado;Faixa de retenção;Placas Dê a preferência;;Dupla;Faixa seccionada;;;Noite
1191;14/02/2020;19:56:00;COM VÍTIMA;FINALIZADA;CASA AMARELA;RUA XAVANTES;328;RUA PAULA BATISTA;ENF  CENTRO ESPIRITA MOACIR;CASA AMARELA;;CIDADE;ABALROAMENTO TRANSVERSAL;0.0;2.0;0.0;0.0;0.0;0.0;0.0;0.0;0.0;1.0;0.0;Cruzamento;Bom;Não existe;Perfeito estado;Seca;Perfeito estado;;;;Dupla;;;;Noite
1192;14/02/2020;20:03:00;SEM VÍTIMA;FINALIZADA;DERBY;PRC DO DERBY;;RUA JENER DE SOUZA;PROX AO QUARTEL DO DERBY;DERBY;40.0;CIDADE;COLISÃO;2.0;0.0;0.0;0.0;0.0;0.0;0.0;0.0;0.0;0.0;0.0;Longo da via;Bom;Não existe;Incompleta;Seca;Perfeito estado;Não existe;Não há placas;;Única;Faixa seccionada;;;Noite
1193;14/02/2020;20:39:00;SEM VÍTIMA;FINALIZADA;BONGI;EST DO BONGI;388;;ENF A EMPRESA TBFORTE (VIGILANCIA);BONGI;;CIDADE;COLISÃO;1.0;3.0;0.0;0.0;0.0;0.0;0.0;0.0;0.0;0.0;0.0;Longo da via;Bom;Não existe;Perfeito estado;Seca;Perfeito estado;Não existe;Não há placas;;Dupla;Faixa contínua;;;Noite
1194;14/02/2020;23:43:00;COM VÍTIMA;FINALIZADA;ROSARINHO;AV NORTE;;RUA TREZE DE JUNHO;APOS A PRAÇA DO ROSARINHO. EM FRENTE AO POSTO BR.;ROSARINHO;456.0;SUBURBIO;CHOQUE VEÍCULO PARADO;0.0;2.0;0.0;0.0;0.0;0.0;0.0;0.0;0.0;2.0;0.0;Longo da via;Bom;Sem defeito;Perfeito estado;Seca;Perfeito estado;Faixa de pedestre;Outras;;Única;Faixa contínua;Faixa seccionada;Canteiro central;Noite
1195;15/02/2020;00:49:00;SEM VÍTIMA;FINALIZADA;CASA AMARELA;AV NORTE;;COR DO BARTOLOMEU;PROX DA IGREJA INTERNACIONAL DA GRAÇAS DE DEUS;CASA AMARELA;79.0;SUBURBIO;COLISÃO;1.0;0.0;0.0;0.0;0.0;1.0;0.0;0.0;0.0;0.0;0.0;Longo da via;Bom;Sem defeito;Perfeito estado;Seca;Perfeito estado;Faixa de pedestre;Outras;;Única;Não existe;;;Madrugada