indice;data;hora;natureza_acidente;situacao;bairro;endereco;numero;detalhe_endereco_acidente;complemento;bairro_cruzamento;num_semaforo;sentido_via;tipo;auto;moto;ciclom;ciclista;pedestre;onibus;caminhao;viatura;outros;vitimas;vitimasfatais;acidente_verificado;tempo_clima;situacao_semaforo;sinalizacao;condicao_via;conservacao_via;ponto_controle;situacao_placa;velocidade_max_via;mao_direcao;divisao_via1;divisao_via2;divisao_via3;turno
1255;17/02/2020;11:20:00;SEM VÍTIMA;FINALIZADA;IPSEP;RUA JEAN EMILE FAVRE;S/N;;E/F A DELTA VEICULOS;IPSEP;135.0;SUBURBIO;COLISÃO;2.0;0.0;0.0;0.0;0.0;0.0;0.0;0.0;0.0;0.0;0.0;Longo da via;Bom;Sem defeito;Perfeito estado;Seca;Perfeito estado;Faixa de pedestre;Outras;;Dupla;Faixa contínua;;;Manhã
1256;17/02/2020;13:11:00;SEM VÍTIMA;FINALIZADA;SÃO JOSÉ;AV SUL;;PRC SERGIO LORETO;EM FRENTE AO POSTE BO15328;SÃO JOSÉ;;;COLISÃO;1.0;0.0;0.0;0.0;0.0;1.0;0.0;0.0;0.0;0.0;0.0;Longo da via;Bom;Não existe;Não existente;Seca;Perfeito estado;Não existe;Não há placas;60 km/h;Única;Faixa seccionada;;;Tarde
1257;17/02/2020;15:11:00;SEM VÍTIMA;FINALIZADA;MADALENA;AV ENGENHEIRO ABDIAS DE CARVALHO;2056;EST DOS REMEDIOS;FARMACIA INDEPENDENTE // DROGASIL;MADALENA;52.0;CIDADE;ENGAVETAMENTO;3.0;0.0;0.0;0.0;0.0;0.0;0.0;0.0;0.0;0.0;0.0;Cruzamento;Bom;Sem defeito;Incompleta;Seca;Perfeito estado;Agente;R-6a;;Dupla;Faixa seccionada;;;Tarde
1258;17/02/2020;15:15:00;SEM VÍTIMA;FINALIZADA;AFOGADOS;RUA DA PAZ;82;RUA NICOLAU PEREIRA;E/F A FABRICA DA ASA NO SEMAFORO 073;AFOGADOS;;;COLISÃO;2.0;0.0;0.0;0.0;0.0;0.0;0.0;0.0;0.0;0.0;0.0;Longo da via;Bom;Não existe;Ilegível;Seca;Mal conservada;Não existe;R-6a;;Única;Não existe;;;Tarde
1259;17/02/2020;15:49:00;COM VÍTIMA;FINALIZADA;SÃO JOSÉ;VDO DAS CINCO PONTAS;18;;16º BATALHAO;SÃO JOSÉ;;SUBURBIO;ABALROAMENTO LONGITUDINAL;1.0;1.0;0.0;0.0;0.0;0.0;0.0;0.0;0.0;1.0;0.0;Viaduto;Bom;Não existe;Perfeito estado;Seca;Perfeito estado;Não existe;Outras;40 km/h;Única;Faixa seccionada;;;Tarde
1260;17/02/2020;16:14:00;SEM VÍTIMA;FINALIZADA;JOANA BEZERRA;AV DES GUERRA BARRETO;S/N;;E/F AO FORUM JOANA BEZERRA;JOANA BEZERRA;;CIDADE;COLISÃO;2.0;0.0;0.0;0.0;0.0;0.0;0.0;0.0;0.0;0.0;0.0;Longo da via;Bom;Não existe;Perfeito estado;Seca;Perfeito estado;Faixa de pedestre;R-6a;;Dupla;Faixa contínua;;;Tarde
1261;17/02/2020;16:45:00;SEM VÍTIMA;FINALIZADA;SÃO JOSÉ;AV ENGENHEIRO JOSE ESTELITA;;;PROX AO CABANGA E/F AO CAIS;SÃO JOSÉ;;SUBURBIO;COLISÃO;1.0;1.0;0.0;0.0;0.0;0.0;0.0;0.0;0.0;0.0;0.0;Longo da via;Bom;Não existe;Perfeito estado;Seca;Perfeito estado;Não existe;Não há placas;;Dupla;Canteiro central;;;Tarde
1262;17/02/2020;17:23:00;COM VÍTIMA;FINALIZADA;ENCRUZILHADA;AV BEBERIBE;575B;;E/F A FERREIRA PINTO E ESTRELINHA KIDS.;ENCRUZILHADA;480.0;CIDADE;COLISÃO;0.0;1.0;0.0;0.0;0.0;1.0;0.0;0.0;0.0;1.0;0.0;Longo da via;Bom;Sem defeito;Perfeito estado;Seca;Perfeito estado;;R-6a;;Dupla;Faixa contínua;Faixa seccionada;;Tarde
1263;17/02/2020;18:01:00;SEM VÍTIMA;FINALIZADA;AREIAS;RUA CAPITAO BRAZ DE BARROS;84;;POR TRÁS DO TERMINAL VILA CARDIAL SILVA;AREIAS;;;COLISÃO;2.0;0.0;0.0;0.0;0.0;0.0;0.0;0.0;0.0;0.0;0.0;Cruzamento;Bom;Não existe;Não existente;Seca;Perfeito estado;Não existe;Não há placas;;Dupla;Não existe;;;Noite
1264;17/02/2020;18:21:00;SEM VÍTIMA;FINALIZADA;BOA VIAGEM;AV CONSELHEIRO AGUIAR;2034;;E/F AO MINUTO PÃO DE AÇUCAR;BOA VIAGEM;;CIDADE;ENGAVETAMENTO;3.0;0.0;0.0;0.0;0.0;0.0;0.0;0.0;0.0;0.0;0.0;Longo da via;Bom;Não existe;Perfeito estado;Seca;Perfeito estado;Não existe;Outras;;Única;Faixa seccionada;;;Noite
1265;17/02/2020;19:29:00;SEM VÍTIMA;FINALIZADA;PAISSANDU;RUA PAISSANDU;S/N;RUA EPAMINONDAS DE MELO;PROX A PARADA DE ONIBUS;PAISSANDU;69.0;SUBURBIO;COLISÃO;2.0;0.0;0.0;0.0;0.0;0.0;0.0;0.0;0.0;0.0;0.0;Cruzamento;Bom;Sem defeito;Perfeito estado;Seca;Mal iluminada;Faixa de pedestre;Não há placas;60 km/h;Única;Faixa seccionada;;;Noite
1266;17/02/2020;19:49:00;COM VÍTIMA;FINALIZADA;VÁRZEA;AV CAXANGA;;;SOBRE A PONTE MAL. HUMBERTO CASTELO BRANCO SENTIDO CAMARAGIBE;VÁRZEA;;SUBURBIO;ABALROAMENTO LONGITUDINAL;1.0;1.0;0.0;0.0;0.0;0.0;0.0;0.0;0.0;1.0;0.0;Longo da via;Bom;Não existe;Perfeito estado;Seca;Perfeito estado;Não existe;Não há placas;;Dupla;Faixa seccionada;Canteiro central;;Noite
1267;17/02/2020;20:03:00;COM VÍTIMA;FINALIZADA;DOIS IRMÃOS;RUA DOIS IRMAOS;523;;PROX A ROSE BELTRAO RECEPÇOES;DOIS IRMÃOS;;CIDADE;CHOQUE OBJETO FIXO;1.0;0.0;0.0;0.0;0.0;0.0;0.0;0.0;0.0;1.0;0.0;Longo da via;Bom;Não existe;Ilegível;Seca;Mal iluminada;Não existe;Não há placas;;Dupla;Faixa contínua;;;Noite
1268;17/02/2020;21:09:00;SEM VÍTIMA;FINALIZADA;DERBY;AV GOVERNADOR AGAMENON MAGALHAES;;RUA JORNALISTA PAULO BITTENCOURT;E/F AO HOSPITAl DA RESTAURAÇÃO;DERBY;;;COLISÃO;1.0;0.0;0.0;0.0;0.0;1.0;0.0;0.0;0.0;0.0;0.0;Esquina;Bom;Não existe;Perfeito estado;Seca;Perfeito estado;Não existe;Não há placas;60 km/h;Dupla;Canal;;;Noite
1269;17/02/2020;21:43:00;SEM VÍTIMA;FINALIZADA;BOA VIAGEM;AV BEIRA MAR;114;;IGRAJA BEIRA MAR (FAMILIA 61);BOA VIAGEM;;SUBURBIO;COLISÃO;1.0;0.0;0.0;0.0;0.0;1.0;0.0;0.0;0.0;0.0;0.0;Longo da via;Bom;Sem defeito;Perfeito estado;Seca;Perfeito estado;Faixa de pedestre;Não há placas;60 km/h;Única;Faixa seccionada;;;Noite
1270;17/02/2020;22:20:00;COM VÍTIMA;FINALIZADA;IBURA;RUA RIO DA PRATA;244;;PRÓX AO CANAL. PRÓXIMO A LEO CAR.;IBURA;;;ABALROAMENTO LONGITUDINAL;0.0;1.0;0.0;0.0;0.0;0.0;0.0;1.0;0.0;1.0;0.0;Longo da via;Bom;Não existe;Ilegível;Seca;Perfeito estado;Não existe;Não há placas;;Dupla;Não existe;;;Noite
1271;18/02/2020;05:35:00;COM VÍTIMA;FINALIZADA;ARRUDA;AV BEBERIBE;;AV PROFESSOR JOSE DOS ANJOS;EM FRENTE AO POSTO BR;ARRUDA;131.0;CIDADE;ABALROAMENTO LONGITUDINAL;1.0;0.0;0.0;0.0;1.0;1.0;0.0;0.0;0.0;1.0;0.0;Longo da via;Bom;Sem defeito;Perfeito estado;Seca;Perfeito estado;Faixa de pedestre;Não há placas;;Dupla;Faixa contínua;;;Madrugada
1272;18/02/2020;08:17:00;SEM VÍTIMA;FINALIZADA;PINA;AV ANTONIO DE GOES;;AV CONSELHEIRO AGUIAR;EM FRENTE A HONDA;PINA;226.0;CIDADE;COLISÃO;2.0;0.0;0.0;0.0;0.0;0.0;0.0;0.0;0.0;0.0;0.0;Longo da via;Bom;Sem defeito;Perfeito estado;Seca;Perfeito estado;Agente;R-8a;60 km/h;Única;Faixa contínua;Faixa seccionada;;Manhã
1273;18/02/2020;08:23:00;SEM VÍTIMA;FINALIZADA;AREIAS;AV RECIFE;;AV CAPITAO GREGORIO DE CALDAS;NA ENTRADA DA VILA CARDEAL  AO LADO DO BIG BOM PREÇO;AREIAS;494.0;CIDADE;COLISÃO;1.0;0.0;0.0;0.0;0.0;1.0;0.0;0.0;0.0;0.0;0.0;Esquina;Bom;Sem defeito;Incompleta;Seca;Perfeito estado;Faixa de pedestre;Não há placas;;Dupla;Faixa seccionada;;;Manhã
1274;18/02/2020;08:33:00;COM VÍTIMA;FINALIZADA;ENGENHO DO MEIO;RUA ANTONIO CURADO;80;RUA FRANCISCO BEZERRA MONTEIRO;EM FRENTE ACADEMIA  AG FITNESS;ENGENHO DO MEIO;;;COLISÃO COM CICLISTA;1.0;0.0;0.0;1.0;0.0;0.0;0.0;0.0;0.0;1.0;0.0;Esquina;Bom;Não existe;Perfeito estado;Seca;Perfeito estado;Não existe;Não há placas;;Dupla;Faixa seccionada;;;Manhã
1275;18/02/2020;09:36:00;COM VÍTIMA;FINALIZADA;JOANA BEZERRA;RUA CONCEICAO DE MACABU;;;ENTRADA DA TI JOANA BEZERRA;JOANA BEZERRA;;CIDADE;ATROPELAMENTO;0.0;0.0;0.0;0.0;1.0;1.0;0.0;0.0;0.0;1.0;0.0;Longo da via;Bom;Não existe;Perfeito estado;Seca;Perfeito estado;Não existe;Não há placas;20 km/h;Única;Faixa seccionada;;;Manhã
1276;18/02/2020;09:53:00;COM VÍTIMA;FINALIZADA;PINA;AV ANTONIO DE GOES;275;;EM FRENTE  AO ITC  INTERNACIONAL  TRADE CENTER;PINA;;CIDADE;COLISÃO COM CICLISTA;1.0;1.0;0.0;1.0;0.0;0.0;0.0;0.0;0.0;1.0;0.0;Longo da via;Bom;Não existe;Perfeito estado;Seca;Perfeito estado;Não existe;Não há placas;60 km/h;Única;Faixa seccionada;;;Manhã
1277;18/02/2020;10:04:00;SEM VÍTIMA;FINALIZADA;ESTÂNCIA;AV RECIFE;5516;;EM FRENTE Á IMPERIAL EQUIPAMENROS;ESTÂNCIA;;CIDADE;COLISÃO;2.0;0.0;0.0;0.0;0.0;0.0;0.0;0.0;0.0;0.0;0.0;Longo da via;Bom;Não existe;Perfeito estado;Seca;Perfeito estado;Não existe;Não há placas;;Dupla;Faixa seccionada;;;Manhã
1278;18/02/2020;10:13:00;SEM VÍTIMA;FINALIZADA;PINA;AV ANTONIO DE GOES;312;RUA JOSE MARIANO FILHO;AO LADO  DA ARENA DDV  E AO EMPRESARIAL NEWTON  DE MELO  FAIXA  DA  DIREITA;PINA;538.0;CIDADE;COLISÃO;2.0;0.0;0.0;0.0;0.0;0.0;0.0;0.0;0.0;0.0;0.0;Longo da via;Bom;Sem defeito;Perfeito estado;Seca;Perfeito estado;Agente;Outras;;Única;Faixa contínua;Faixa seccionada;;Manhã
1279;18/02/2020;11:23:00;SEM VÍTIMA;FINALIZADA;BOA VIAGEM;PRC INDUSTRIAL MIGUEL SANTOS;70;;EM FRENTE AO EDF. JAIME NEJAIM;BOA VIAGEM;;SUBURBIO;COLISÃO;2.0;0.0;0.0;0.0;0.0;0.0;0.0;0.0;0.0;0.0;0.0;Outros;Bom;Não existe;Perfeito estado;Seca;Perfeito estado;Não existe;Não há placas;30 km/h;Única;Não existe;;;Manhã
1280;18/02/2020;12:58:00;SEM VÍTIMA;FINALIZADA;JOANA BEZERRA;PTE JOSE DE BARROS LIMA;;;SENTIDO BOA VIAGEM;JOANA BEZERRA;;SUBURBIO;CHOQUE OBJETO FIXO;1.0;0.0;0.0;0.0;0.0;0.0;0.0;0.0;0.0;0.0;0.0;Longo da via;Bom;Não existe;Perfeito estado;Seca;Perfeito estado;Outros;Outras;60 km/h;Dupla;Faixa seccionada;Canteiro central;;Tarde
1281;18/02/2020;13:22:00;SEM VÍTIMA;FINALIZADA;JOANA BEZERRA;AV DES GUERRA BARRETO;;AV BEIRA RIO;NO SEMAFORO 038 E/F AO FORUM JONA BEZERRA;JOANA BEZERRA;38.0;;COLISÃO;2.0;0.0;0.0;0.0;0.0;0.0;0.0;0.0;0.0;0.0;0.0;Longo da via;Bom;Sem defeito;Perfeito estado;Seca;Perfeito estado;Faixa de pedestre;R-25a;;Única;Faixa contínua;;;Tarde
1282;18/02/2020;14:08:00;SEM VÍTIMA;FINALIZADA;MACAXEIRA;RUA FLAVIO GUERRA;53;;EM FRENTE A FABRICA UNIGELO;MACAXEIRA;;SUBURBIO;COLISÃO;1.0;0.0;0.0;0.0;0.0;0.0;1.0;0.0;0.0;0.0;0.0;Longo da via;Bom;Não existe;Não existente;Seca;Perfeito estado;Não existe;Não há placas;;Dupla;Não existe;;;Tarde
1283;18/02/2020;14:29:00;SEM VÍTIMA;FINALIZADA;MADALENA;RUA BENFICA;;;PROX A PRAÇA DO INTERNACIONAL E/F AO POSTO BR;MADALENA;515.0;SUBURBIO;COLISÃO;2.0;0.0;0.0;0.0;0.0;0.0;0.0;0.0;0.0;0.0;0.0;Longo da via;Bom;Sem defeito;Perfeito estado;Seca;Perfeito estado;Faixa de pedestre;Não há placas;60 km/h;Única;Faixa seccionada;;;Tarde
1284;18/02/2020;14:34:00;SEM VÍTIMA;FINALIZADA;IMBIRIBEIRA;AV ENGENHEIRO ALVES DE SOUZA;245;;EM FRENTE A DROGASIL;IMBIRIBEIRA;634.0;SUBURBIO;COLISÃO;2.0;0.0;0.0;0.0;0.0;0.0;0.0;0.0;0.0;0.0;0.0;Longo da via;Bom;Sem defeito;Perfeito estado;Seca;Perfeito estado;Faixa de pedestre;R-6a;;Dupla;Não existe;;;Tarde
1285;18/02/2020;14:53:00;COM VÍTIMA;FINALIZADA;PINA;AVENIDA CELSO FURTADO (VIA MANGUE);;;NA SUBIDA DO VIATUDO/ SENTIDO RIO MAR;PINA;;CIDADE;COLISÃO;2.0;1.0;0.0;0.0;0.0;0.0;0.0;0.0;0.0;1.0;0.0;Longo da via;Bom;Não existe;Perfeito estado;Seca;Perfeito estado;Não existe;Não há placas;60 km/h;Dupla;Canteiro central;;;Tarde
1286;18/02/2020;15:09:00;SEM VÍTIMA;FINALIZADA;BOA VISTA;RUA JOAQUIM FELIPE;60;;PREDIO DA CELPE;BOA VISTA;;SUBURBIO;ENGAVETAMENTO;3.0;0.0;0.0;0.0;0.0;0.0;0.0;0.0;0.0;0.0;0.0;Longo da via;Bom;Não existe;Perfeito estado;Seca;Perfeito estado;Não existe;R-6a;;Única;Faixa contínua;;;Tarde
1287;18/02/2020;15:16:00;SEM VÍTIMA;FINALIZADA;PINA;AV ENGENHEIRO DOMINGOS FERREIRA;306;;E/F AO SUPERMERCADO EXTRABOM;PINA;;SUBURBIO;COLISÃO;2.0;0.0;0.0;0.0;0.0;0.0;0.0;0.0;0.0;0.0;0.0;Longo da via;Bom;Não existe;Perfeito estado;Seca;Perfeito estado;Agente;Não há placas;60 km/h;Única;Canteiro central;;;Tarde
1288;18/02/2020;15:31:00;SEM VÍTIMA;FINALIZADA;CASA FORTE;AV DEZESSETE DE AGOSTO;1017;RUA SANT'ANNA;AO LADO DO CPOR RECIFE;CASA FORTE;389.0;SUBURBIO;COLISÃO;2.0;0.0;0.0;0.0;0.0;0.0;0.0;0.0;0.0;0.0;0.0;Longo da via;Bom;Não existe;Perfeito estado;Seca;Perfeito estado;Não existe;R-6a;;Dupla;Faixa contínua;Faixa seccionada;;Tarde
1289;18/02/2020;15:57:00;SEM VÍTIMA;FINALIZADA;BOA VIAGEM;RUA CAPITAO ZUZINHA;286;RUA SA E SOUZA;RESIDENCIAL JARDIM EUROPA;BOA VIAGEM;420.0;AEROPORTO/PRAIA;COLISÃO;2.0;0.0;0.0;0.0;0.0;0.0;0.0;0.0;0.0;0.0;0.0;Longo da via;Bom;Sem defeito;Perfeito estado;Seca;Perfeito estado;Faixa de pedestre;Outras;;Única;Faixa seccionada;;;Tarde
1290;18/02/2020;16:27:00;SEM VÍTIMA;FINALIZADA;BOA VIAGEM;RUA DR JOAO GUILHERME DE P SOBRINHO;249;;NA RUA DO HOSPITAL DA UNIMED;BOA VIAGEM;;;COLISÃO;2.0;0.0;0.0;0.0;0.0;0.0;0.0;0.0;0.0;0.0;0.0;Longo da via;Bom;Não existe;Não existente;Seca;Mal conservada;Não existe;Não há placas;;Única;Não existe;;;Tarde
1291;18/02/2020;17:02:00;SEM VÍTIMA;FINALIZADA;VASCO DA GAMA;RUA DOIS DE FEVEREIRO;;;E/F A GRANJA SELECTA;VASCO DA GAMA;;;COLISÃO;1.0;0.0;0.0;0.0;0.0;1.0;0.0;0.0;0.0;0.0;0.0;;;;;;;;;;;;;;Tarde
1292;18/02/2020;17:22:00;SEM VÍTIMA;FINALIZADA;ILHA DO LEITE;RUA GENERAL JOAQUIM INACIO;35;RUA ESTADO DE ISRAEL;E/F A FARMACIA PAGUE MENOS BATEDOR DA MOTO 22 E 34 NO LOCAL;ILHA DO LEITE;373.0;;COLISÃO;3.0;0.0;0.0;0.0;0.0;0.0;0.0;0.0;0.0;0.0;0.0;Longo da via;Bom;Sem defeito;Perfeito estado;Seca;Perfeito estado;Faixa de pedestre;R-4b;;Única;Faixa contínua;;;Tarde
1293;18/02/2020;17:44:00;COM VÍTIMA;FINALIZADA;PINA;AV ENGENHEIRO DOMINGOS FERREIRA;170;;E/F A ASISTENCIA TÉCNICA DA SAMSUNG;PINA;;SUBURBIO;COLISÃO TRASEIRA;1.0;1.0;0.0;0.0;0.0;0.0;0.0;0.0;0.0;1.0;0.0;Longo da via;Bom;Não existe;Perfeito estado;Seca;Perfeito estado;Não existe;R-6a;;Única;Faixa seccionada;;;Tarde
1294;18/02/2020;17:49:00;SEM VÍTIMA;FINALIZADA;JORDÃO;AV MARIA IRENE;;;EMBAIXO DO TÚNEL;JORDÃO;;SUBURBIO;COLISÃO;2.0;0.0;0.0;0.0;0.0;0.0;0.0;0.0;0.0;0.0;0.0;Outros;Bom;Não existe;Não existente;Seca;Mal conservada;Não existe;Não há placas;60 km/h;Dupla;Canteiro central;;;Tarde
1295;18/02/2020;18:54:00;COM VÍTIMA;FINALIZADA;SANTO AMARO;AV GOVERNADOR AGAMENON MAGALHAES;;AV DR JAYME DA FONTE;AO LADO DO INSTITUTO CRIMINALISTA- SNT OLINDA;SANTO AMARO;49.0;SUBURBIO;COLISÃO TRASEIRA;1.0;1.0;0.0;0.0;0.0;0.0;0.0;0.0;0.0;1.0;0.0;Longo da via;Bom;Sem defeito;Perfeito estado;Seca;Perfeito estado;Faixa de pedestre;Não há placas;;Dupla;Canal;;;Noite
1296;18/02/2020;19:23:00;SEM VÍTIMA;FINALIZADA;AFOGADOS;RUA IMPERIAL;;;PONTE DA IMPERIAL NA SUBIDA;AFOGADOS;;SUBURBIO;COLISÃO;3.0;0.0;0.0;0.0;0.0;0.0;0.0;0.0;0.0;0.0;0.0;Longo da via;Bom;Sem defeito;Perfeito estado;Seca;Perfeito estado;Outros;Outras;;Única;Faixa seccionada;;;Noite
1297;18/02/2020;19:33:00;SEM VÍTIMA;FINALIZADA;JOANA BEZERRA;AV MARTIN LUTHER KING;;;E/F A ACADEMIA DA CIDADE;JOANA BEZERRA;;;COLISÃO;1.0;0.0;0.0;0.0;0.0;1.0;0.0;0.0;0.0;0.0;0.0;Longo da via;Bom;Não existe;Perfeito estado;Seca;Perfeito estado;Não existe;Não há placas;;Única;Canteiro central;;;Noite
1298;18/02/2020;19:37:00;SEM VÍTIMA;FINALIZADA;ILHA DO LEITE;AV GOVERNADOR AGAMENON MAGALHAES;;RUA DR JOAO ASFORA;NA DESCIDA DO VIADUTO CAP TEMUDOM / E/F AO HOSPITAL PORTUGUES- SNT CONTRÁRIO;ILHA DO LEITE;;CIDADE;COLISÃO;1.0;0.0;0.0;0.0;0.0;0.0;1.0;0.0;0.0;0.0;0.0;Esquina;Bom;Sem defeito;Perfeito estado;Seca;Perfeito estado;Faixa de pedestre;;;Dupla;Faixa seccionada;;;Noite
1299;18/02/2020;19:58:00;SEM VÍTIMA;FINALIZADA;CASA AMARELA;RUA XAVANTES;177;RUA OSCAR DE BARROS;PROX AO MERCADO CANELA;CASA AMARELA;;SUBURBIO;COLISÃO;2.0;0.0;0.0;0.0;0.0;0.0;0.0;0.0;0.0;0.0;0.0;Cruzamento;Bom;Não existe;Perfeito estado;Seca;Perfeito estado;Não existe;Placas Pare;;Única;Não existe;;;Noite
1300;18/02/2020;22:00:00;SEM VÍTIMA;FINALIZADA;IMBIRIBEIRA;RUA OLIVIA MENELAU;93;AV MARECHAL MASCARENHAS DE MORAES;SEMÁFORO 396;IMBIRIBEIRA;396.0;SUBURBIO;COLISÃO;3.0;0.0;0.0;0.0;0.0;0.0;0.0;0.0;0.0;0.0;0.0;Longo da via;Chuvoso;Sem defeito;Perfeito estado;Molhada;Perfeito estado;Faixa de pedestre;Outras;;Única;Faixa seccionada;;;Noite
1301;18/02/2020;23:24:00;SEM VÍTIMA;FINALIZADA;AFOGADOS;RUA SANTA EDWIRGES;295;RUA PADRE TEOFILO TWORZ;NO CRUZAMENTO MESMO;AFOGADOS;;SUBURBIO;COLISÃO;2.0;0.0;0.0;0.0;0.0;0.0;0.0;0.0;0.0;0.0;0.0;Cruzamento;Chuvoso;Não existe;Perfeito estado;Molhada;Perfeito estado;Faixa de pedestre;Placas Pare;;Dupla;Faixa contínua;;;Noite
1302;19/02/2020;06:25:00;COM VÍTIMA;FINALIZADA;ESPINHEIRO;AV GOVERNADOR AGAMENON MAGALHAES;2764;RUA BUENOS AYRES;E/F AO BANCO DO NORDESTE (SNET. BOA VIAGEM) / VIA PRINCIPAL;ESPINHEIRO;78.0;BOA VIAGEM;COLISÃO TRASEIRA;0.0;2.0;0.0;0.0;0.0;0.0;0.0;0.0;0.0;2.0;0.0;Cruzamento;Bom;Sem defeito;Perfeito estado;Seca;Perfeito estado;Faixa de pedestre;Outras;60 km/h;Dupla;Canteiro central;;;Manhã
1303;19/02/2020;08:29:00;COM VÍTIMA;FINALIZADA;BOA VIAGEM;RUA MARQUES DE VALENCA;300;RUA JOAO DIAS MARTINS;ESQ DA IGREJA NS DE FATIMA;BOA VIAGEM;;SUBURBIO;ABALROAMENTO TRANSVERSAL;1.0;1.0;0.0;0.0;0.0;0.0;0.0;0.0;0.0;1.0;0.0;Cruzamento;Bom;Não existe;Incompleta;Seca;Perfeito estado;;R-4a;;Dupla;Não existe;;;Manhã
1304;19/02/2020;08:32:00;COM VÍTIMA;FINALIZADA;MADALENA;AV VISCONDE DE ALBUQUERQUE;401;RUA LOPES DE CARVALHO;EM FRENTE A GALERIA MADALENA CENTER;MADALENA;;SUBURBIO;ABALROAMENTO LONGITUDINAL;1.0;1.0;0.0;0.0;0.0;0.0;0.0;0.0;0.0;1.0;0.0;Longo da via;Bom;Não existe;Perfeito estado;Seca;Perfeito estado;Não existe;Outras;;Única;Faixa contínua;Faixa seccionada;;Manhã
1305;19/02/2020;08:49:00;SEM VÍTIMA;FINALIZADA;BOA VIAGEM;RUA JACK AYRES;;RUA PROFESSOR JULIO FERREIRA DE MELO;NA SAIDA DO SHOPPING CENTER RECIFE  EM FRENTE AO BAR  DO AMARELINHO;BOA VIAGEM;;;COLISÃO;2.0;0.0;0.0;0.0;0.0;0.0;0.0;0.0;0.0;0.0;0.0;Cruzamento;Bom;Não existe;Perfeito estado;Seca;Perfeito estado;Faixa de retenção;Placas Pare;20 km/h;Única;Não existe;;;Manhã
1306;19/02/2020;09:19:00;SEM VÍTIMA;FINALIZADA;BARRO;RUA PADRE DIOGO RODRIGUES;43;;AO LADO DA PRIMEIRA IGREJA BATISTA EM AREIAS;BARRO;;;COLISÃO;2.0;0.0;0.0;0.0;0.0;0.0;0.0;0.0;0.0;0.0;0.0;Longo da via;Bom;Não existe;Não existente;Seca;Perfeito estado;Não existe;Não há placas;;Dupla;Não existe;;;Manhã
1307;19/02/2020;09:20:00;SEM VÍTIMA;FINALIZADA;BOA VIAGEM;RUA TOME GIBSON;;RUA TOME GIBSON;NA SAÍDA DA VIA MANGUE (INÍCIO DA RUA TOMÉ GIBSON) / SENT. PINA;BOA VIAGEM;;CIDADE;COLISÃO;2.0;0.0;0.0;0.0;0.0;0.0;0.0;0.0;0.0;0.0;0.0;Longo da via;Bom;Não existe;Perfeito estado;Seca;Perfeito estado;Não existe;Outras;;Dupla;Canteiro central;;;Manhã
1308;17/02/2020;09:23:00;SEM VÍTIMA;FINALIZADA;MANGABEIRA;AV PROFESSOR JOSE DOS ANJOS;1192;;;MANGABEIRA;364.0;;COLISÃO TRASEIRA;1.0;1.0;0.0;0.0;0.0;0.0;0.0;0.0;0.0;0.0;0.0;Longo da via;Bom;Sem defeito;Perfeito estado;Seca;Perfeito estado;Faixa de pedestre;R-6a;;Única;Faixa seccionada;;;Manhã
1309;19/02/2020;09:48:00;SEM VÍTIMA;FINALIZADA;DERBY;RUA GUILHERME PINTO;636;;EM FRENTE A VERD -FRUT  E AO BLOCO D. DA MAURICIO  DE NASSAU;DERBY;;SUBURBIO;COLISÃO;1.0;0.0;0.0;0.0;0.0;1.0;0.0;0.0;0.0;0.0;0.0;Longo da via;Bom;Sem defeito;Perfeito estado;Seca;Perfeito estado;Não existe;R-6a;;Única;Faixa seccionada;;;Manhã
1310;19/02/2020;10:46:00;SEM VÍTIMA;FINALIZADA;CASA AMARELA;AV NORTE;5402;;EM FRENTE A UPINHA;CASA AMARELA;;SUBURBIO;COLISÃO;0.0;0.0;0.0;0.0;0.0;1.0;0.0;0.0;0.0;0.0;0.0;Longo da via;Bom;Não existe;Perfeito estado;Seca;Perfeito estado;Faixa de pedestre;;;Dupla;Canteiro central;;;Manhã
1311;19/02/2020;11:02:00;SEM VÍTIMA;FINALIZADA;BOA VISTA;RUA DO PROGRESSO;242;;E/F EMPRESARIAL PROGRESSO;BOA VISTA;;CIDADE;COLISÃO;0.0;0.0;0.0;0.0;0.0;0.0;1.0;0.0;1.0;0.0;0.0;Longo da via;Bom;Não existe;Perfeito estado;Seca;Perfeito estado;Não existe;Não há placas;40 km/h;Única;Não existe;;;Manhã
1312;19/02/2020;11:29:00;SEM VÍTIMA;FINALIZADA;SAN MARTIN;AV ENGENHEIRO ABDIAS DE CARVALHO;;AV GENERAL SAN MARTIN;EM FRENTE AO COMPAZ;SAN MARTIN;58.0;;COLISÃO;1.0;1.0;0.0;0.0;0.0;0.0;0.0;0.0;0.0;0.0;0.0;Longo da via;Bom;Sem defeito;Perfeito estado;Seca;Perfeito estado;Agente;Outras;;Dupla;Faixa contínua;Faixa seccionada;Canteiro central;Manhã
1313;19/02/2020;11:57:00;COM VÍTIMA;FINALIZADA;MORRO DA CONCEIÇÃO;COR DO BARTOLOMEU;179;;PROXIMO HAIKAI SUSHIBAR BURGUER;MORRO DA CONCEIÇÃO;;SUBURBIO;ABALROAMENTO TRANSVERSAL;0.0;2.0;0.0;0.0;0.0;0.0;0.0;0.0;0.0;2.0;0.0;Longo da via;Bom;Não existe;Perfeito estado;Seca;Perfeito estado;Não existe;Outras;;Dupla;Faixa seccionada;;;Manhã