indice;data;hora;natureza_acidente;situacao;bairro;endereco;numero;detalhe_endereco_acidente;complemento;bairro_cruzamento;num_semaforo;sentido_via;tipo;auto;moto;ciclom;ciclista;pedestre;onibus;caminhao;viatura;outros;vitimas;vitimasfatais;acidente_verificado;tempo_clima;situacao_semaforo;sinalizacao;condicao_via;conservacao_via;ponto_controle;situacao_placa;velocidade_max_via;mao_direcao;divisao_via1;divisao_via2;divisao_via3;turno
1314;19/02/2020;12:04:00;SEM VÍTIMA;FINALIZADA;BOA VIAGEM;AV ANTONIO DE GOES;549;;AO LADO DO POSTO DA SULA AMERICA;BOA VIAGEM;538.0;CIDADE;COLISÃO;2.0;0.0;0.0;0.0;0.0;0.0;0.0;0.0;0.0;0.0;0.0;Longo da via;Bom;Sem defeito;Perfeito estado;Seca;Perfeito estado;Agente;Outras;;Única;Faixa contínua;Faixa seccionada;;Tarde
1315;19/02/2020;13:48:00;SEM VÍTIMA;FINALIZADA;BOA VISTA;RUA DOM BOSCO;;;E/F AO COLEGIO SALESIANO;BOA VISTA;;CIDADE;COLISÃO;2.0;0.0;0.0;0.0;0.0;0.0;0.0;0.0;0.0;0.0;0.0;Longo da via;Bom;Não existe;Perfeito estado;Seca;Perfeito estado;Outros;Outras;;Única;Outros;;;Tarde
1316;19/02/2020;13:50:00;SEM VÍTIMA;FINALIZADA;VÁRZEA;RUA FRANCISCO LACERDA;;RUA FRANCISCO LACERDA;E/F A ESCOLA CRISTÃ;VÁRZEA;;SUBURBIO;COLISÃO;2.0;0.0;0.0;0.0;0.0;0.0;0.0;0.0;0.0;0.0;0.0;Cruzamento;Bom;Não existe;Perfeito estado;Seca;Perfeito estado;Não existe;R-6a;;Dupla;Não existe;;;Tarde
1317;19/02/2020;14:02:00;SEM VÍTIMA;FINALIZADA;BOA VISTA;AV CONDE DA BOA VISTA;;;EM FRENTE A FARMACIA INDEPENDENTE/ SENTIDO AGAMENON;BOA VISTA;23.0;;COLISÃO;1.0;0.0;0.0;0.0;0.0;1.0;0.0;0.0;0.0;0.0;0.0;;Bom;Sem defeito;Perfeito estado;Seca;Perfeito estado;;;40 km/h;Única;Não existe;;;Tarde
1318;19/02/2020;14:59:00;SEM VÍTIMA;FINALIZADA;PINA;AV ANTONIO DE GOES;60;;AO LADO DO JCPM;PINA;226.0;CIDADE;COLISÃO;2.0;0.0;0.0;0.0;0.0;0.0;0.0;0.0;0.0;0.0;0.0;Longo da via;Bom;Sem defeito;Perfeito estado;Seca;Perfeito estado;Faixa de pedestre;Outras;60 km/h;Única;Faixa seccionada;;;Tarde
1319;19/02/2020;15:41:00;SEM VÍTIMA;FINALIZADA;BOA VISTA;RUA DAS FRONTEIRAS;76;;EM FRENTE A URGENCIA DO MEMORIAL SÃO JOSÉ;BOA VISTA;;SUBURBIO;COLISÃO;2.0;0.0;0.0;0.0;0.0;0.0;0.0;0.0;0.0;0.0;0.0;Longo da via;Bom;Não existe;Incompleta;Seca;Perfeito estado;Não existe;Outras;;Única;Não existe;;;Tarde
1320;19/02/2020;17:04:00;SEM VÍTIMA;FINALIZADA;BONGI;AV CONSUL VILARES FRAGOSO;374;;PROX A CELPE;BONGI;;SUBURBIO;COLISÃO;1.0;1.0;0.0;0.0;0.0;0.0;0.0;0.0;0.0;0.0;0.0;Cruzamento;Bom;Não existe;Perfeito estado;Seca;Mal conservada;Não existe;R-6a;30 km/h;Dupla;Faixa seccionada;;;Tarde
1321;19/02/2020;17:06:00;SEM VÍTIMA;FINALIZADA;PINA;AV ANTONIO DE GOES;;;E/F PRF S/T CID;PINA;;CIDADE;COLISÃO;2.0;0.0;0.0;0.0;0.0;0.0;0.0;0.0;0.0;0.0;0.0;Longo da via;Bom;Não existe;Perfeito estado;Seca;Perfeito estado;Não existe;Placas Pare;40 km/h;Única;Não existe;;;Tarde
1322;19/02/2020;17:14:00;SEM VÍTIMA;FINALIZADA;VÁRZEA;RUA GENERAL POLIDORO;397;;PROX A PADARIA DELICATESSEN;VÁRZEA;577.0;SUBURBIO;COLISÃO;1.0;0.0;0.0;0.0;0.0;0.0;1.0;0.0;0.0;0.0;0.0;Longo da via;Bom;Sem defeito;Perfeito estado;Seca;Perfeito estado;Faixa de pedestre;Outras;;Dupla;Não existe;;;Tarde
1323;19/02/2020;17:28:00;SEM VÍTIMA;FINALIZADA;CASA AMARELA;RUA DA HARMONIA;;;PROX A IGREJA DA HARMONIA;CASA AMARELA;598.0;SUBURBIO;COLISÃO;1.0;0.0;0.0;0.0;0.0;1.0;0.0;0.0;0.0;0.0;0.0;Esquina;Bom;Sem defeito;Perfeito estado;Seca;Perfeito estado;Faixa de retenção;Outras;;Dupla;Não existe;;;Tarde
1324;19/02/2020;17:40:00;SEM VÍTIMA;FINALIZADA;BOA VISTA;AV GOVERNADOR AGAMENON MAGALHAES;;;E/F AO CLUBE PORTUGUES;BOA VISTA;;;COLISÃO;2.0;0.0;0.0;0.0;0.0;0.0;0.0;0.0;0.0;0.0;0.0;Cruzamento;Bom;Sem defeito;Perfeito estado;Seca;Perfeito estado;Faixa de pedestre;;60 km/h;Dupla;Canal;;;Tarde
1325;19/02/2020;18:15:00;SEM VÍTIMA;FINALIZADA;PINA;AV ANTONIO DE GOES;449;RUA MIRANDA FALCAO;ENF A LG // PROX A ICONNECT ASSISTENCIA TECNICA;PINA;277.0;CIDADE;COLISÃO;1.0;1.0;0.0;0.0;0.0;0.0;0.0;0.0;0.0;0.0;0.0;Longo da via;Bom;Sem defeito;Perfeito estado;Seca;Perfeito estado;Agente;Placas Pare;60 km/h;Única;Canteiro central;;;Noite
1326;19/02/2020;18:33:00;SEM VÍTIMA;FINALIZADA;TAMARINEIRA;RUA CONEGO BARATA;571;;ENF A MANA DELICATESSEN;TAMARINEIRA;;;COLISÃO;2.0;0.0;0.0;0.0;0.0;0.0;0.0;0.0;0.0;0.0;0.0;Longo da via;Bom;Sem defeito;Perfeito estado;Seca;Perfeito estado;Não existe;Outras;;Dupla;Faixa seccionada;;;Noite
1327;19/02/2020;18:42:00;COM VÍTIMA;FINALIZADA;PINA;AV ENGENHEIRO DOMINGOS FERREIRA;;RUA PEREIRA DA COSTA;ENF AO CLINICAL CENTER;PINA;142.0;SUBURBIO;COLISÃO TRASEIRA;1.0;1.0;0.0;0.0;0.0;0.0;0.0;0.0;0.0;1.0;0.0;Cruzamento;Bom;Sem defeito;Perfeito estado;Seca;Perfeito estado;Faixa de pedestre;Não há placas;;Única;Faixa seccionada;Canteiro central;;Noite
1328;19/02/2020;18:59:00;COM VÍTIMA;FINALIZADA;IPSEP;RUA HELIO BRANDAO;362;RUA SAO NICOLAU;PROX A V8 VEICULOS;IPSEP;565.0;;COLISÃO;0.0;1.0;0.0;0.0;0.0;0.0;1.0;0.0;0.0;1.0;0.0;Cruzamento;Bom;Sem defeito;Perfeito estado;Seca;Perfeito estado;Faixa de pedestre;Outras;;Única;Não existe;;;Noite
1329;19/02/2020;19:28:00;SEM VÍTIMA;FINALIZADA;TAMARINEIRA;RUA CONEGO BARATA;571;;PROX A FERREIRA COSTA;TAMARINEIRA;;SUBURBIO;COLISÃO;2.0;0.0;0.0;0.0;0.0;0.0;0.0;0.0;0.0;0.0;0.0;Longo da via;Bom;Não existe;Perfeito estado;Seca;Perfeito estado;Outros;Outras;;Dupla;Blocos;;;Noite
1330;19/02/2020;19:52:00;SEM VÍTIMA;FINALIZADA;BOA VISTA;RUA DO HOSPICIO;940;;AO LADO DA CAIXA ECONOMICA FEDERAL;BOA VISTA;;CIDADE;COLISÃO;2.0;0.0;0.0;0.0;0.0;0.0;0.0;0.0;0.0;0.0;0.0;Longo da via;Bom;Sem defeito;Perfeito estado;Seca;Perfeito estado;Faixa de pedestre;Não há placas;40 km/h;Dupla;Faixa contínua;;;Noite
1331;19/02/2020;20:13:00;SEM VÍTIMA;FINALIZADA;PAISSANDU;AV GOVERNADOR AGAMENON MAGALHAES;4760;RUA PAISSANDU;ENF. AO HOSPITAL PORTUGUES // SENTIDO BOA VIAGEM;PAISSANDU;69.0;SUBURBIO;COLISÃO;2.0;0.0;0.0;0.0;0.0;0.0;0.0;0.0;0.0;0.0;0.0;Longo da via;Chuvoso;Sem defeito;Perfeito estado;Molhada;Perfeito estado;Faixa de pedestre;Outras;60 km/h;Única;Faixa seccionada;;;Noite
1332;19/02/2020;20:13:00;SEM VÍTIMA;FINALIZADA;SANTO ANTÔNIO;AV MARTINS DE BARROS;;;ENF. AO MINISTERIO PUBLICO DE PE.;SANTO ANTÔNIO;;CIDADE;COLISÃO;1.0;0.0;0.0;0.0;0.0;1.0;0.0;0.0;0.0;0.0;0.0;Longo da via;Bom;Sem defeito;Perfeito estado;Seca;Perfeito estado;Não existe;Outras;;Única;Faixa seccionada;;;Noite
1333;19/02/2020;20:41:00;SEM VÍTIMA;FINALIZADA;ENCRUZILHADA;RUA DONA ELVIRA;194;RUA DONA ELVIRA;PROX A QUITANDARIA;ENCRUZILHADA;;SUBURBIO;COLISÃO;2.0;0.0;0.0;0.0;0.0;0.0;0.0;0.0;0.0;0.0;0.0;Cruzamento;Bom;Não existe;Ilegível;Seca;Mal iluminada;Não existe;Placas Pare;;Dupla;Não existe;;;Noite
1334;19/02/2020;21:41:00;SEM VÍTIMA;FINALIZADA;CASA FORTE;AV DEZESSETE DE AGOSTO;;;E/F A PRAÇA DE CASA FORTE;CASA FORTE;372.0;CIDADE;COLISÃO;2.0;1.0;0.0;0.0;0.0;0.0;0.0;0.0;0.0;0.0;0.0;Longo da via;Chuvoso;Sem defeito;Perfeito estado;Molhada;Perfeito estado;Faixa de pedestre;R-6a;;Dupla;Faixa seccionada;;;Noite
1335;20/02/2020;06:36:00;SEM VÍTIMA;FINALIZADA;TAMARINEIRA;EST VELHA DE AGUA FRIA;999;EST VELHA DE AGUA FRIA;E/F AO DNOCS;TAMARINEIRA;306.0;;COLISÃO;2.0;0.0;0.0;0.0;0.0;0.0;0.0;0.0;0.0;0.0;0.0;Cruzamento;Chuvoso;Desligado;Perfeito estado;Molhada;Perfeito estado;Faixa de pedestre;Não há placas;;Dupla;Blocos;;;Manhã
1336;20/02/2020;07:35:00;SEM VÍTIMA;FINALIZADA;ILHA DO LEITE;RUA ANTONIO GOMES DE FREITAS;;PRC MIGUEL DE CERVANTES;EM FRENTE  A PRAÇA MIGUEL DE CERVANTES;ILHA DO LEITE;;CIDADE;COLISÃO;2.0;0.0;0.0;0.0;0.0;0.0;0.0;0.0;0.0;0.0;0.0;Cruzamento;Chuvoso;Não existe;Perfeito estado;Molhada;Perfeito estado;Faixa de pedestre;Placas Pare;;Única;Faixa seccionada;;;Manhã
1337;20/02/2020;07:51:00;COM VÍTIMA;FINALIZADA;IMBIRIBEIRA;AV MARECHAL MASCARENHAS DE MORAES;3930;;E/F A O LOCALIZA;IMBIRIBEIRA;218.0;CIDADE;COLISÃO COM CICLISTA;0.0;1.0;0.0;1.0;0.0;0.0;0.0;0.0;0.0;2.0;0.0;Longo da via;Bom;Sem defeito;Perfeito estado;Seca;Perfeito estado;Faixa de pedestre;Outras;;;Canteiro central;;;Manhã
1338;20/02/2020;08:10:00;SEM VÍTIMA;FINALIZADA;IPUTINGA;RUA LEAL DE BARROS;610;;RESIDENCIA  PROX  AO BAR DONA NICE;IPUTINGA;;CIDADE;COLISÃO;2.0;0.0;0.0;0.0;0.0;0.0;0.0;0.0;0.0;0.0;0.0;Longo da via;Nublado;Não existe;Não existente;Seca;Outros;Não existe;Não há placas;;Dupla;Não existe;;;Manhã
1339;20/02/2020;08:15:00;SEM VÍTIMA;FINALIZADA;ILHA DO RETIRO;AV BEIRA RIO;400;;100 METROS APÓS O EDF. MARIA TERESA COELHO;ILHA DO RETIRO;;SUBURBIO;COLISÃO;2.0;0.0;0.0;0.0;0.0;0.0;0.0;0.0;0.0;0.0;0.0;Longo da via;Bom;Sem defeito;Perfeito estado;Seca;Perfeito estado;Não existe;Não há placas;;Dupla;Faixa seccionada;;;Manhã
1340;20/02/2020;08:16:00;SEM VÍTIMA;FINALIZADA;IBURA;RUA BABILONIA;100;;UR 03 PROX A PADARIA TRIGO DE OURO   EM FRENTE A ESCOLA MARCOS FREIRE;IBURA;;;COLISÃO;2.0;0.0;0.0;0.0;0.0;0.0;0.0;0.0;0.0;0.0;0.0;Longo da via;Bom;Não existe;Não existente;Seca;Perfeito estado;Não existe;Não há placas;;Dupla;Não existe;;;Manhã
1341;20/02/2020;08:17:00;SEM VÍTIMA;FINALIZADA;SANTO AMARO;AV PREFEITO ARTUR LIMA CAVALCANTI;;;POR TRAS DO HOSPITAL DA MARINHA;SANTO AMARO;;SUBURBIO;COLISÃO;1.0;0.0;0.0;0.0;0.0;0.0;1.0;0.0;0.0;0.0;0.0;Longo da via;Chuvoso;Não existe;Perfeito estado;Seca;Perfeito estado;Não existe;Não há placas;;Única;Não existe;;;Manhã
1342;20/02/2020;08:41:00;COM VÍTIMA;FINALIZADA;BONGI;RUA CARLOS GOMES;914;RUA PADRE TEOFILO TWORZ;EM FRENTE AO CANAL / PROX AO CENTRO DE SAUDE ROMERO MARQUES;BONGI;;SUBURBIO;COLISÃO;1.0;1.0;0.0;0.0;0.0;0.0;0.0;0.0;0.0;1.0;0.0;Cruzamento;Bom;Não existe;Incompleta;Seca;Perfeito estado;Não existe;Não há placas;;Única;Faixa seccionada;;;Manhã
1343;20/02/2020;08:42:00;SEM VÍTIMA;FINALIZADA;IMBIRIBEIRA;AV MARECHAL MASCARENHAS DE MORAES;1919;;E/F AO JUIZADO ESPECIAIS DO RECIFE (SENT. AFOGADOS);IMBIRIBEIRA;;CIDADE;COLISÃO;2.0;0.0;0.0;0.0;0.0;0.0;0.0;0.0;0.0;0.0;0.0;Longo da via;Nublado;Não existe;Perfeito estado;Seca;Perfeito estado;Não existe;Não há placas;30 km/h;Única;Não existe;;;Manhã
1344;20/02/2020;08:48:00;SEM VÍTIMA;FINALIZADA;ENCRUZILHADA;EST DE BELEM;115;RUA DOMINGOS BASTOS;AO LADO DA IGREJA CATÓLICA DA EST DE BELEM;ENCRUZILHADA;;SUBURBIO;COLISÃO;1.0;0.0;0.0;0.0;0.0;0.0;1.0;0.0;0.0;0.0;0.0;Longo da via;Bom;Não existe;Perfeito estado;Seca;Perfeito estado;Não existe;Não há placas;;Dupla;Faixa contínua;;;Manhã
1345;20/02/2020;08:49:00;COM VÍTIMA;FINALIZADA;SANTO AMARO;AV GOVERNADOR AGAMENON MAGALHAES;;;EM FRENTE A UPE SENT. OLINDA. LADO OPOSTO AO POSTO DE COMBUSTÍVEL BR;SANTO AMARO;378.0;OLINDA;COLISÃO TRASEIRA;2.0;1.0;0.0;0.0;0.0;0.0;0.0;0.0;0.0;1.0;0.0;Longo da via;Bom;Sem defeito;Perfeito estado;Seca;Perfeito estado;Faixa de pedestre;Não há placas;60 km/h;Única;Faixa seccionada;;;Manhã
1346;20/02/2020;08:54:00;SEM VÍTIMA;FINALIZADA;DERBY;AV GOVERNADOR AGAMENON MAGALHAES;;AV RUI BARBOSA;EM FRENTE AO TRE;DERBY;37.0;CIDADE;COLISÃO;2.0;0.0;0.0;0.0;0.0;0.0;0.0;0.0;0.0;0.0;0.0;Longo da via;Bom;Sem defeito;Perfeito estado;Seca;Perfeito estado;Faixa de retenção;Outras;60 km/h;Única;Faixa contínua;;;Manhã
1347;20/02/2020;10:22:00;SEM VÍTIMA;FINALIZADA;JARDIM SÃO PAULO;AV RECIFE;;AV JOAO CABRAL DE MELO NETO;EM FRENTE CERPE;JARDIM SÃO PAULO;259.0;SUBURBIO;COLISÃO;3.0;0.0;0.0;0.0;0.0;0.0;0.0;0.0;0.0;0.0;0.0;Cruzamento;Bom;Sem defeito;Perfeito estado;Seca;Perfeito estado;Faixa de pedestre;Outras;60 km/h;Dupla;Canteiro central;;;Manhã
1348;20/02/2020;10:44:00;SEM VÍTIMA;FINALIZADA;CABANGA;AV SATURNINO DE BRITO;472;;E/F A COMPESA;CABANGA;661.0;;COLISÃO;1.0;0.0;0.0;0.0;0.0;0.0;1.0;0.0;0.0;0.0;0.0;Longo da via;Bom;Não existe;Perfeito estado;Seca;Perfeito estado;Não existe;Não há placas;40 km/h;Única;Não existe;;;Manhã
1349;20/02/2020;10:54:00;SEM VÍTIMA;FINALIZADA;ESTÂNCIA;AV RECIFE;5516;;EM FRENTE LOJA MESTRE DAS BATERIAS;ESTÂNCIA;;;COLISÃO;1.0;0.0;0.0;0.0;0.0;0.0;1.0;0.0;0.0;0.0;0.0;Longo da via;Bom;Não existe;Incompleta;Seca;Perfeito estado;Não existe;Outras;60 km/h;Dupla;Canteiro central;;;Manhã
1350;20/02/2020;11:41:00;COM VÍTIMA;FINALIZADA;MADALENA;RUA BENFICA;411;;EM FRENTE A PRAÇA DO CLUBE INTERNACIONAL;MADALENA;590.0;CIDADE;COLISÃO TRASEIRA;1.0;1.0;0.0;0.0;0.0;0.0;0.0;0.0;0.0;1.0;0.0;Cruzamento;Bom;Sem defeito;Perfeito estado;Seca;Perfeito estado;Faixa de pedestre;;60 km/h;Única;;;;Manhã
1351;20/02/2020;11:58:00;COM VÍTIMA;FINALIZADA;TORRE;RUA REAL DA TORRE;308;;EM FRENTE A JÚNIOR EQUIPADORA;TORRE;179.0;ABDIAS;ABALROAMENTO LONGITUDINAL;0.0;0.0;0.0;0.0;0.0;1.0;1.0;0.0;0.0;1.0;0.0;Longo da via;Bom;Sem defeito;Perfeito estado;Seca;Perfeito estado;Agente;;;Única;Faixa seccionada;Canteiro central;;Manhã
1352;20/02/2020;12:17:00;SEM VÍTIMA;FINALIZADA;CAMPO GRANDE;RUA JERONIMO VILELA;272;;EM FRENTE A GALERIA SANTA TERESINHA;CAMPO GRANDE;565.0;SUBURBIO;COLISÃO;3.0;0.0;0.0;0.0;0.0;0.0;0.0;0.0;0.0;0.0;0.0;Longo da via;Bom;Não existe;Perfeito estado;Seca;Perfeito estado;Não existe;R-6a;;Dupla;Faixa seccionada;;;Tarde
1353;20/02/2020;12:21:00;SEM VÍTIMA;FINALIZADA;BOA VISTA;AV LINS PETIT;790;;AO LADO DO EMPRESARIAL SA LEITÃO E EM FRENTE AO STYLLUS;BOA VISTA;;SUBURBIO;COLISÃO;2.0;0.0;0.0;0.0;0.0;0.0;0.0;0.0;0.0;0.0;0.0;Longo da via;Chuvoso;Não existe;;Molhada;Perfeito estado;Não existe;Não há placas;;Única;Faixa seccionada;;;Tarde
1354;20/02/2020;12:37:00;COM VÍTIMA;FINALIZADA;PINA;PTE AGAMENON MAGALHAES;;;EM CIMA DA PONTE DO PINA S/T CID PROX AO RESTAURANTE BARGAÇO;PINA;;CIDADE;COLISÃO TRASEIRA;1.0;1.0;0.0;0.0;0.0;0.0;0.0;0.0;0.0;1.0;0.0;Ponte;Chuvoso;Não existe;Perfeito estado;Molhada;Perfeito estado;;;60 km/h;Única;Canteiro central;;;Tarde
1355;20/02/2020;13:00:00;COM VÍTIMA;FINALIZADA;JORDÃO;AV CENTENARIO ALBERTO SANTOS DUMONT;261;;EMPRESA MINUSA;JORDÃO;;SUBURBIO;ABALROAMENTO LONGITUDINAL;1.0;1.0;0.0;0.0;0.0;0.0;0.0;0.0;0.0;1.0;0.0;Longo da via;Bom;Não existe;Perfeito estado;Seca;Perfeito estado;Não existe;R-6a;;Dupla;Faixa contínua;;;Tarde
1356;20/02/2020;13:06:00;SEM VÍTIMA;FINALIZADA;BOA VIAGEM;RUA PROFESSOR MARIO CASTRO;192;;EM FRENTE AO EDIFICIO SAINT DENIS;BOA VIAGEM;;;COLISÃO;2.0;0.0;0.0;0.0;0.0;0.0;0.0;0.0;0.0;0.0;0.0;Longo da via;Chuvoso;Não existe;Incompleta;Molhada;Perfeito estado;Não existe;Outras;;Dupla;Não existe;;;Tarde
1357;20/02/2020;13:09:00;COM VÍTIMA;FINALIZADA;BOA VISTA;RUA AURORA;;RUA JOAO LIRA;AO LADO DA COMPESA;BOA VISTA;;;ABALROAMENTO TRANSVERSAL;1.0;1.0;0.0;0.0;0.0;0.0;0.0;0.0;0.0;1.0;0.0;Esquina;Chuvoso;Não existe;Incompleta;Molhada;Mal conservada;Não existe;Outras;;Única;Canteiro central;;;Tarde
1358;20/02/2020;13:34:00;SEM VÍTIMA;FINALIZADA;TORRE;PRC PROFESSOR BARRETO CAMPELLO;20;;EM FRENTE A PRAÇA CITADA NO ENDEREÇO;TORRE;;CIDADE;COLISÃO;2.0;0.0;0.0;0.0;0.0;0.0;0.0;0.0;0.0;0.0;0.0;Longo da via;Bom;Sem defeito;Perfeito estado;Seca;Perfeito estado;Não existe;Não há placas;;Dupla;Faixa contínua;;;Tarde
1359;20/02/2020;13:48:00;SEM VÍTIMA;FINALIZADA;IMBIRIBEIRA;RUA ARQUITETO LUIZ NUNES;172;RUA DEOLINDO TAVARES;PROX A ESCOLA DE ENFERMAGEM SAO CAETANO;IMBIRIBEIRA;;SUBURBIO;COLISÃO;1.0;0.0;0.0;0.0;0.0;0.0;0.0;0.0;1.0;0.0;0.0;Cruzamento;Chuvoso;Não existe;Perfeito estado;Molhada;Perfeito estado;Não existe;R-6a;40 km/h;Única;Faixa seccionada;;;Tarde
1360;20/02/2020;13:57:00;SEM VÍTIMA;FINALIZADA;TEJIPIÓ;AV DR JOSE RUFINO;367;;CLINICA AQUI DR;TEJIPIÓ;285.0;SUBURBIO;COLISÃO;2.0;0.0;0.0;0.0;0.0;0.0;0.0;0.0;0.0;0.0;0.0;Longo da via;Chuvoso;Não existe;Perfeito estado;Molhada;Perfeito estado;Não existe;Não há placas;;Dupla;Faixa contínua;;;Tarde
1361;20/02/2020;14:04:00;SEM VÍTIMA;FINALIZADA;PARNAMIRIM;RUA SEBASTIAO ALVES;74;;PROX AO HOSPITAL AGAMENON MAGALHAES;PARNAMIRIM;;SUBURBIO;COLISÃO;2.0;0.0;0.0;0.0;0.0;0.0;0.0;0.0;0.0;0.0;0.0;Longo da via;Bom;Não existe;Perfeito estado;Seca;Perfeito estado;Não existe;Não há placas;;Única;Não existe;;;Tarde
1362;20/02/2020;14:26:00;COM VÍTIMA;FINALIZADA;AFOGADOS;RUA SAO MIGUEL;1635;RUA ALEXANDRE RODRIGUES FERREIRA;PROXIMO AO LABORATORIO CERPE;AFOGADOS;;SUBURBIO;ABALROAMENTO TRANSVERSAL;1.0;1.0;0.0;0.0;0.0;0.0;0.0;0.0;0.0;1.0;0.0;Esquina;Chuvoso;Não existe;Perfeito estado;Molhada;Perfeito estado;Não existe;Não há placas;;Dupla;Faixa contínua;;;Tarde
1363;20/02/2020;14:27:00;SEM VÍTIMA;FINALIZADA;BOA VIAGEM;RUA VISCONDE DE JEQUITINHONHA;1140;;ANTES DO PARQUE DONA LINDU;BOA VIAGEM;;SUBURBIO;COLISÃO;2.0;0.0;0.0;0.0;0.0;0.0;0.0;0.0;0.0;0.0;0.0;Longo da via;Chuvoso;Não existe;Perfeito estado;Molhada;Perfeito estado;Não existe;Não há placas;60 km/h;Única;Faixa seccionada;Canteiro central;;Tarde
1364;20/02/2020;14:41:00;SEM VÍTIMA;FINALIZADA;IMBIRIBEIRA;RUA CORONEL FABRICIANO;4115;AV MARECHAL MASCARENHAS DE MORAES;AO LADO DO ATACADO DOS PRESENTES;IMBIRIBEIRA;210.0;CIDADE;COLISÃO;1.0;0.0;0.0;0.0;0.0;1.0;0.0;0.0;0.0;0.0;0.0;Esquina;Chuvoso;Sem defeito;Perfeito estado;Molhada;Perfeito estado;Faixa de pedestre;Outras;60 km/h;Dupla;Canteiro central;;;Tarde
1365;20/02/2020;14:47:00;COM VÍTIMA;FINALIZADA;DERBY;RUA JENER DE SOUZA;;;EM FRENTE A FUNDAÇÃO JOAQUIM NABUCO;DERBY;;;COLISÃO;1.0;1.0;0.0;0.0;0.0;0.0;0.0;0.0;0.0;1.0;0.0;;;;;;;;;;;;;;Tarde
1366;20/02/2020;15:13:00;SEM VÍTIMA;FINALIZADA;JOANA BEZERRA;RUA AGUA DOCE;;;E/F AO PORTAO DE ENTRADA DO TERMINAL INTEGRADO JOANA BEZERRA . AO LADO DA ACADEMIA DA CIDADE;JOANA BEZERRA;;CIDADE;ATROPELAMENTO ANIMAL;0.0;0.0;0.0;1.0;0.0;1.0;0.0;0.0;1.0;0.0;0.0;Longo da via;Bom;Não existe;Perfeito estado;Seca;Perfeito estado;Não existe;Não há placas;;Única;Canteiro central;;;Tarde
1367;20/02/2020;15:15:00;SEM VÍTIMA;FINALIZADA;BOA VIAGEM;AV BOA VIAGEM;;;EM FRENTE AO PARQUE DONA LINDU;BOA VIAGEM;1.0;CIDADE;COLISÃO;1.0;1.0;0.0;0.0;0.0;0.0;0.0;0.0;0.0;0.0;0.0;Longo da via;Chuvoso;Sem defeito;Perfeito estado;Molhada;Perfeito estado;Faixa de pedestre;Não há placas;60 km/h;Única;Faixa contínua;;;Tarde
1368;20/02/2020;15:39:00;SEM VÍTIMA;FINALIZADA;BOA VIAGEM;RUA RIBEIRO DE BRITO;1197;RUA JONATHAS DE VASCONCELOS;UNINASSAU// SUBIDA DO VIADUTO// HOTEL NACIONAL INN BOA VIAGEM;BOA VIAGEM;;AV RECIFE;COLISÃO;2.0;0.0;0.0;0.0;0.0;0.0;0.0;0.0;0.0;0.0;0.0;Cruzamento;Chuvoso;Não existe;Perfeito estado;Molhada;Perfeito estado;Outros;Outras;60 km/h;Única;Faixa seccionada;;;Tarde
1369;20/02/2020;15:47:00;COM VÍTIMA;FINALIZADA;SAN MARTIN;RUA PROFESSOR SILVIO DA CUNHA SANTOS;254;RUA ARSENIO CALACA;PROXIMO A IGREJA NOSSA SENHORA DE FATIMA;SAN MARTIN;;SUBURBIO;ABALROAMENTO TRANSVERSAL;1.0;1.0;0.0;0.0;0.0;0.0;0.0;0.0;0.0;1.0;0.0;Longo da via;Bom;Não existe;Perfeito estado;Seca;Perfeito estado;Não existe;Não há placas;;Dupla;Não existe;;;Tarde
1370;20/02/2020;16:11:00;SEM VÍTIMA;FINALIZADA;PRADO;RUA GREGORIO JUNIOR;430;RUA GOMES TABORDA;PROX AMENDOLANDIA;PRADO;;SUBURBIO;COLISÃO;2.0;0.0;0.0;0.0;0.0;0.0;0.0;0.0;0.0;0.0;0.0;Longo da via;Bom;Não existe;Perfeito estado;Seca;Perfeito estado;Não existe;Não há placas;;Única;Faixa seccionada;;;Tarde
1371;20/02/2020;16:22:00;SEM VÍTIMA;FINALIZADA;SAN MARTIN;RUA DUARTE FILHO;104;RUA COMENDADOR FRANCO FERREIRA;PROX A LOMBADA ELETRONICA;SAN MARTIN;;;COLISÃO;1.0;1.0;0.0;0.0;0.0;0.0;0.0;0.0;0.0;0.0;0.0;Cruzamento;Chuvoso;Não existe;Ilegível;Seca;Outros;Outros;Placas Pare;30 km/h;Dupla;Não existe;;;Tarde
1372;20/02/2020;16:40:00;SEM VÍTIMA;FINALIZADA;AFOGADOS;RUA SAO MIGUEL;1702;;PROXIMO AO ATACAREJO;AFOGADOS;;CIDADE;COLISÃO;1.0;0.0;0.0;0.0;0.0;0.0;0.0;0.0;1.0;0.0;0.0;Longo da via;Bom;Não existe;Não existente;Seca;Perfeito estado;Não existe;Não há placas;;Dupla;Faixa contínua;;;Tarde