indice;data;hora;natureza_acidente;situacao;bairro;endereco;numero;detalhe_endereco_acidente;complemento;bairro_cruzamento;num_semaforo;sentido_via;tipo;auto;moto;ciclom;ciclista;pedestre;onibus;caminhao;viatura;outros;vitimas;vitimasfatais;acidente_verificado;tempo_clima;situacao_semaforo;sinalizacao;condicao_via;conservacao_via;ponto_controle;situacao_placa;velocidade_max_via;mao_direcao;divisao_via1;divisao_via2;divisao_via3;turno
1373;20/02/2020;17:24:00;SEM VÍTIMA;FINALIZADA;PAISSANDU;AV GOVERNADOR AGAMENON MAGALHAES;;;E/F AO HOSPITAL PORTUGUES PISTA LOCAL;PAISSANDU;;SUBURBIO;COLISÃO;2.0;0.0;0.0;0.0;0.0;0.0;0.0;0.0;0.0;0.0;0.0;Longo da via;Chuvoso;Não existe;Perfeito estado;Molhada;Perfeito estado;Outros;Outras;50 km/h;Dupla;Faixa seccionada;;;Tarde
1374;20/02/2020;17:40:00;SEM VÍTIMA;FINALIZADA;VASCO DA GAMA;AV NORTE;6629;;E/F PALACIO ATACADO;VASCO DA GAMA;;CIDADE;COLISÃO;1.0;0.0;0.0;0.0;0.0;1.0;0.0;0.0;0.0;0.0;0.0;Longo da via;Bom;Não existe;;Seca;Perfeito estado;Não existe;R-6a;;Única;Faixa seccionada;Canteiro central;;Tarde
1375;20/02/2020;18:22:00;SEM VÍTIMA;FINALIZADA;BOA VIAGEM;AV CONSELHEIRO AGUIAR;4200;RUA RIBEIRO DE BRITO;AO LADO DO HOLIDAY;BOA VIAGEM;147.0;CIDADE;COLISÃO;1.0;1.0;0.0;0.0;0.0;0.0;0.0;0.0;0.0;0.0;0.0;Cruzamento;Chuvoso;Sem defeito;Perfeito estado;Molhada;Perfeito estado;Agente;Não há placas;60 km/h;Única;Faixa seccionada;;;Noite
1376;20/02/2020;18:28:00;SEM VÍTIMA;FINALIZADA;CORDEIRO;AV CAXANGA;1414;;EM FRENTE AO Nº 1414;CORDEIRO;;SUBURBIO;COLISÃO TRASEIRA;2.0;0.0;0.0;0.0;0.0;0.0;0.0;0.0;0.0;0.0;0.0;Longo da via;Bom;Não existe;Perfeito estado;Seca;Perfeito estado;Não existe;Não há placas;;Dupla;Canteiro central;;;Noite
1377;20/02/2020;18:36:00;SEM VÍTIMA;FINALIZADA;IPUTINGA;EST DO BARBALHO;110;AV CAXANGA;ENF. A LOJA TUDO É 10;IPUTINGA;533.0;SUBURBIO;COLISÃO;2.0;0.0;0.0;0.0;0.0;0.0;0.0;0.0;0.0;0.0;0.0;Longo da via;Bom;Sem defeito;Perfeito estado;Seca;Perfeito estado;Agente;Não há placas;;Única;Faixa contínua;Faixa seccionada;;Noite
1378;20/02/2020;19:48:00;SEM VÍTIMA;FINALIZADA;BOA VISTA;RUA JOSE DE ALENCAR;;AV MANOEL BORBA;NO CRUZAMENTO MESMO;BOA VISTA;29.0;SUBURBIO;COLISÃO;2.0;0.0;0.0;0.0;0.0;0.0;0.0;0.0;0.0;0.0;0.0;Cruzamento;Chuvoso;Sem defeito;Perfeito estado;Molhada;Perfeito estado;Faixa de pedestre;R-25b;30 km/h;Dupla;Não existe;;;Noite
1379;20/02/2020;19:55:00;SEM VÍTIMA;FINALIZADA;ARRUDA;AV PROFESSOR JOSE DOS ANJOS;;;AO LADO DENOCS // BEIRA CANAL DO ARRUDA;ARRUDA;;SUBURBIO;COLISÃO;2.0;0.0;0.0;0.0;0.0;0.0;0.0;0.0;0.0;0.0;0.0;Longo da via;Chuvoso;Não existe;Perfeito estado;Molhada;Mal iluminada;Outros;Não há placas;;Dupla;Canal;;;Noite
1380;20/02/2020;21:36:00;SEM VÍTIMA;FINALIZADA;MACAXEIRA;AV NORTE;7142;;ANTES DO PARQUE DA MACAXEIRA // SENTIDO MACAXEIRA;MACAXEIRA;424.0;SUBURBIO;COLISÃO;1.0;1.0;0.0;0.0;0.0;0.0;0.0;0.0;0.0;0.0;0.0;Longo da via;Chuvoso;Sem defeito;Perfeito estado;Molhada;Perfeito estado;Faixa de pedestre;Outras;;Única;Faixa contínua;Faixa seccionada;Canteiro central;Noite
1381;20/02/2020;21:55:00;SEM VÍTIMA;FINALIZADA;BOA VIAGEM;RUA ERNESTO DE PAULA SANTOS;;RUA JONATHAS DE VASCONCELOS;E/F AO POSTO BR;BOA VIAGEM;;SUBURBIO;COLISÃO;2.0;0.0;0.0;0.0;0.0;0.0;0.0;0.0;0.0;0.0;0.0;Cruzamento;Bom;Não existe;Perfeito estado;Seca;Perfeito estado;Não existe;Não há placas;;Única;Faixa seccionada;;;Noite
1382;21/02/2020;03:11:00;COM VÍTIMA;FINALIZADA;IBURA;AV RECIFE;;RUA SAO NICOLAU;PRÓX A CASA DAS BATERIAS // MARAVILHA MOTOS;IBURA;16.0;CIDADE;ABALROAMENTO TRANSVERSAL;2.0;0.0;0.0;0.0;0.0;0.0;0.0;0.0;0.0;1.0;0.0;Cruzamento;Bom;Sem defeito;Perfeito estado;Seca;Perfeito estado;Faixa de pedestre;R-6a;;Dupla;Canteiro central;;;Madrugada
1383;21/02/2020;06:55:00;SEM VÍTIMA;FINALIZADA;BEBERIBE;AV BEBERIBE;;;;BEBERIBE;153.0;SUBURBIO;ABALROAMENTO TRANSVERSAL;1.0;1.0;0.0;0.0;0.0;0.0;0.0;0.0;0.0;0.0;0.0;Longo da via;Bom;Sem defeito;Perfeito estado;Seca;Perfeito estado;Faixa de pedestre;Outras;;Dupla;Faixa seccionada;;;Manhã
1384;21/02/2020;07:52:00;SEM VÍTIMA;FINALIZADA;PRADO;AV ENGENHEIRO ABDIAS DE CARVALHO;;;E/F A GRANVIA;PRADO;132.0;CIDADE;COLISÃO TRASEIRA;0.0;2.0;0.0;0.0;0.0;0.0;0.0;0.0;0.0;0.0;0.0;Longo da via;Bom;Sem defeito;Perfeito estado;Seca;Perfeito estado;Faixa de pedestre;R-6a;;Dupla;Faixa seccionada;;;Manhã
1385;21/02/2020;08:13:00;SEM VÍTIMA;FINALIZADA;AFOGADOS;RUA VINTE E UM DE ABRIL;;;;AFOGADOS;;CIDADE;ABALROAMENTO LONGITUDINAL;1.0;0.0;0.0;0.0;0.0;0.0;1.0;0.0;0.0;0.0;0.0;Longo da via;Bom;Não existe;Incompleta;Seca;Mal conservada;Não existe;Não há placas;;Dupla;Não existe;;;Manhã
1386;21/02/2020;08:26:00;SEM VÍTIMA;FINALIZADA;BOA VIAGEM;AV CONSELHEIRO AGUIAR;2217;;LADO OPOSTO A PORTOBELLO SHOP;BOA VIAGEM;;CIDADE;ABALROAMENTO LONGITUDINAL;1.0;0.0;0.0;0.0;0.0;1.0;0.0;0.0;0.0;0.0;0.0;Longo da via;Bom;Não existe;Perfeito estado;Seca;Perfeito estado;Não existe;Outras;;Única;Faixa contínua;Faixa seccionada;;Manhã
1387;21/02/2020;08:48:00;SEM VÍTIMA;FINALIZADA;AFOGADOS;RUA NICOLAU PEREIRA;;RUA DO ACRE;MERCADO DE AFOGADOS;AFOGADOS;;SUBURBIO;COLISÃO TRASEIRA;1.0;1.0;0.0;0.0;0.0;0.0;0.0;0.0;0.0;0.0;0.0;Longo da via;Bom;Não existe;Perfeito estado;Seca;Perfeito estado;Não existe;Outras;;Única;Não existe;;;Manhã
1388;21/02/2020;09:25:00;SEM VÍTIMA;FINALIZADA;;RUA RIO AZUL;;;LADO OPOSTO AO POSTE B 007734;;;CIDADE;ABALROAMENTO LONGITUDINAL;2.0;0.0;0.0;0.0;0.0;0.0;0.0;0.0;0.0;0.0;0.0;Longo da via;Bom;Não existe;Perfeito estado;Seca;Perfeito estado;Não existe;Outras;;Única;Faixa seccionada;;;Manhã
1389;21/02/2020;09:53:00;SEM VÍTIMA;FINALIZADA;BOA VIAGEM;RUA MINISTRO NELSON HUNGRIA;;RUA MARIA CAROLINA;;BOA VIAGEM;;SUBURBIO;ABALROAMENTO TRANSVERSAL;1.0;1.0;0.0;0.0;0.0;0.0;0.0;0.0;0.0;0.0;0.0;Cruzamento;Bom;Não existe;Perfeito estado;Seca;Perfeito estado;Faixa de retenção;Não há placas;;Única;Não existe;;;Manhã
1390;21/02/2020;09:57:00;SEM VÍTIMA;FINALIZADA;PARNAMIRIM;RUA SEBASTIAO MALTA ARCOVERDE;173;;;PARNAMIRIM;;SUBURBIO;COLISÃO TRASEIRA;2.0;0.0;0.0;0.0;0.0;0.0;0.0;0.0;0.0;0.0;0.0;Longo da via;Bom;Não existe;Perfeito estado;Seca;Perfeito estado;Não existe;Não há placas;;Única;Não existe;;;Manhã
1391;21/02/2020;11:40:00;SEM VÍTIMA;FINALIZADA;AFOGADOS;EST DOS REMEDIOS;;;SUPERMERCADO TODO DIA;AFOGADOS;;SUBURBIO;ABALROAMENTO LONGITUDINAL;1.0;0.0;0.0;0.0;0.0;0.0;0.0;0.0;1.0;0.0;0.0;Longo da via;Chuvoso;Sem defeito;Perfeito estado;Molhada;Perfeito estado;Faixa de pedestre;Placas Dê a preferência;;Dupla;Faixa contínua;;;Manhã
1392;21/02/2020;11:51:00;SEM VÍTIMA;FINALIZADA;BOA VISTA;AV MONTEVIDEU;34;;BIG BOM PREÇO DO PARQUE AMORIM;BOA VISTA;;SUBURBIO;ABALROAMENTO LONGITUDINAL;1.0;0.0;0.0;0.0;0.0;0.0;1.0;0.0;0.0;0.0;0.0;Longo da via;Chuvoso;Não existe;Não existente;Molhada;Perfeito estado;Não existe;;;Única;Não existe;;;Manhã
1393;21/02/2020;11:59:00;COM VÍTIMA;FINALIZADA;CÓRREGO DO JENIPAPO;AV NORTE;;;PRÓX. AO TERMINAL DA MACAXEIRA. LADO OPOSTO AO PONTO DE ÔNIBUS Nº 110001.;CÓRREGO DO JENIPAPO;;CIDADE;COLISÃO TRASEIRA;3.0;1.0;0.0;0.0;0.0;0.0;0.0;0.0;0.0;1.0;0.0;Longo da via;Bom;Não existe;Perfeito estado;Seca;Perfeito estado;Não existe;Não há placas;60 km/h;Dupla;Canteiro central;;;Manhã
1394;21/02/2020;12:19:00;SEM VÍTIMA;FINALIZADA;BOA VIAGEM;AV CONSELHEIRO AGUIAR;;RUA RIBEIRO DE BRITO;;BOA VIAGEM;147.0;CIDADE;COLISÃO TRASEIRA;2.0;0.0;0.0;0.0;0.0;0.0;0.0;0.0;0.0;0.0;0.0;Cruzamento;Bom;Sem defeito;Perfeito estado;Seca;Perfeito estado;Faixa de pedestre;R-6a;;Única;Faixa seccionada;;;Tarde
1395;21/02/2020;13:11:00;SEM VÍTIMA;FINALIZADA;DOIS IRMÃOS;RUA DOIS IRMAOS;1117;;EM FRENTE A LAFEPE;DOIS IRMÃOS;;CIDADE;COLISÃO TRASEIRA;1.0;0.0;0.0;0.0;0.0;0.0;1.0;0.0;0.0;0.0;0.0;Longo da via;Bom;Sem defeito;Perfeito estado;Seca;Perfeito estado;Não existe;R-6a;;Dupla;;;;Tarde
1396;21/02/2020;13:43:00;SEM VÍTIMA;FINALIZADA;GRAÇAS;RUA CONFEDERACAO DO EQUADOR;143;;;GRAÇAS;;CIDADE;ABALROAMENTO LONGITUDINAL;2.0;0.0;0.0;0.0;0.0;0.0;0.0;0.0;0.0;0.0;0.0;Longo da via;Bom;Não existe;Perfeito estado;Seca;Perfeito estado;Agente;Outras;40 km/h;;Não existe;;;Tarde
1397;21/02/2020;14:41:00;SEM VÍTIMA;FINALIZADA;BOA VISTA;RUA AURORA;;AV CONDE DA BOA VISTA;;BOA VISTA;;CIDADE;CHOQUE OBJETO FIXO;0.0;0.0;0.0;0.0;0.0;1.0;0.0;0.0;0.0;0.0;0.0;Longo da via;Bom;Sem defeito;Perfeito estado;Seca;Perfeito estado;Não existe;Não há placas;;Única;Não existe;;;Tarde
1398;21/02/2020;15:32:00;COM VÍTIMA;FINALIZADA;SÍTIO DOS PINTOS;EST DOS PINTOS;;;GRANJA DE DONA LOLA. PANIFICADORA NOVA OPÇÃO.;SÍTIO DOS PINTOS;;SUBURBIO;COLISÃO COM CICLISTA;0.0;0.0;0.0;1.0;0.0;1.0;0.0;0.0;0.0;1.0;0.0;Longo da via;Bom;Não existe;Perfeito estado;Seca;Perfeito estado;Não existe;Outras;;Dupla;Não existe;;;Tarde
1399;21/02/2020;15:40:00;SEM VÍTIMA;FINALIZADA;BAIRRO DO RECIFE;AV MILITAR;;;SOB O SEMÁFORO 436;BAIRRO DO RECIFE;436.0;CIDADE;COLISÃO TRASEIRA;2.0;0.0;0.0;0.0;0.0;0.0;0.0;0.0;0.0;0.0;0.0;Longo da via;Bom;Sem defeito;Perfeito estado;Seca;Perfeito estado;Agente;Não há placas;;Única;;;;Tarde
1400;21/02/2020;15:59:00;COM VÍTIMA;FINALIZADA;ENCRUZILHADA;EST DE BELEM;;RUA DONA JULIETA;EM FRENTE A IGREJA DE BELEM;ENCRUZILHADA;;SUBURBIO;ABALROAMENTO TRANSVERSAL;1.0;1.0;0.0;0.0;0.0;0.0;0.0;0.0;0.0;1.0;0.0;Longo da via;Bom;Não existe;Perfeito estado;Seca;Perfeito estado;Não existe;Outras;40 km/h;Dupla;Faixa contínua;;;Tarde
1401;21/02/2020;18:30:00;SEM VÍTIMA;FINALIZADA;BOA VIAGEM;RUA DEZ DE JULHO;;;SEI;BOA VIAGEM;322.0;CIDADE;ABALROAMENTO LONGITUDINAL;1.0;0.0;0.0;0.0;0.0;1.0;0.0;0.0;0.0;0.0;0.0;Longo da via;Bom;Sem defeito;Perfeito estado;Seca;Perfeito estado;Não existe;Não há placas;;Única;Não existe;;;Noite
1402;21/02/2020;18:40:00;SEM VÍTIMA;FINALIZADA;BOA VISTA;RUA BISPO CARDOSO AYRES;229;;;BOA VISTA;;SUBURBIO;CHOQUE VEÍCULO PARADO;2.0;0.0;0.0;0.0;0.0;0.0;0.0;0.0;0.0;0.0;0.0;Longo da via;Bom;Não existe;Perfeito estado;Seca;Perfeito estado;Não existe;Outras;40 km/h;Única;Não existe;;;Noite
1403;21/02/2020;18:55:00;SEM VÍTIMA;FINALIZADA;PINA;AV CONSELHEIRO AGUIAR;226;;OPOSTO A MASSARIA;PINA;;CIDADE;ABALROAMENTO LONGITUDINAL;1.0;0.0;0.0;0.0;0.0;1.0;0.0;0.0;0.0;0.0;0.0;Longo da via;Bom;Não existe;Perfeito estado;Seca;;Não existe;R-6a;;Única;Faixa seccionada;;;Noite
1404;21/02/2020;18:58:00;SEM VÍTIMA;FINALIZADA;GRAÇAS;AV RUI BARBOSA;;RUA BRUNO MAIA;FARMACIA DROGASIL;GRAÇAS;;CIDADE;ABALROAMENTO LONGITUDINAL;2.0;0.0;0.0;0.0;0.0;0.0;0.0;0.0;0.0;0.0;0.0;Longo da via;Bom;Sem defeito;Perfeito estado;Seca;Perfeito estado;Não existe;Outras;;Única;Faixa seccionada;;;Noite
1405;21/02/2020;19:46:00;SEM VÍTIMA;FINALIZADA;IPUTINGA;RUA CERES;;AV PROFESSOR MORAES REGO;;IPUTINGA;;SUBURBIO;ABALROAMENTO LONGITUDINAL;1.0;1.0;0.0;0.0;0.0;0.0;0.0;0.0;0.0;0.0;0.0;;Bom;Não existe;Incompleta;Seca;Perfeito estado;Não existe;Não há placas;;Dupla;Não existe;;;Noite
1406;21/02/2020;20:33:00;SEM VÍTIMA;FINALIZADA;CORDEIRO;RUA GOMES TABORDA;624;;EM FRENTE A DROGASIL;CORDEIRO;67.0;;COLISÃO TRASEIRA;2.0;0.0;0.0;0.0;0.0;0.0;0.0;0.0;0.0;0.0;0.0;Longo da via;Bom;Sem defeito;Perfeito estado;Seca;Perfeito estado;Faixa de pedestre;Outras;;Dupla;Faixa contínua;;;Noite
1407;21/02/2020;21:15:00;COM VÍTIMA;FINALIZADA;ENCRUZILHADA;AV BEBERIBE;600;RUA DR EDUARDO WANDERLEY;ENF A FERREIRA PINTO;ENCRUZILHADA;;SUBURBIO;ABALROAMENTO LONGITUDINAL;0.0;2.0;0.0;0.0;0.0;0.0;0.0;0.0;0.0;2.0;0.0;Esquina;Bom;Sem defeito;Perfeito estado;Seca;Perfeito estado;;Não há placas;40 km/h;Dupla;Faixa contínua;;;Noite
1408;21/02/2020;22:45:00;SEM VÍTIMA;FINALIZADA;CAMPO GRANDE;EST DE BELEM;1838;;;CAMPO GRANDE;;SUBURBIO;COLISÃO FRONTAL;2.0;0.0;0.0;0.0;0.0;0.0;0.0;0.0;0.0;0.0;0.0;Cruzamento;Bom;Não existe;Ilegível;Seca;Mal iluminada;;Não há placas;;Dupla;;;;Noite
1409;22/02/2020;06:57:00;COM VÍTIMA;FINALIZADA;CASA AMARELA;RUA PAULA BATISTA;;RUA MAJOR NEREU GUERRA;PROX. A IGREJA DA HARMONIA;CASA AMARELA;136.0;SUBURBIO;COLISÃO COM CICLISTA;1.0;0.0;0.0;1.0;0.0;0.0;0.0;0.0;0.0;1.0;0.0;Cruzamento;Chuvoso;Sem defeito;Perfeito estado;Molhada;Perfeito estado;Faixa de pedestre;R-31;;Dupla;Não existe;;;Manhã
1410;22/02/2020;07:06:00;SEM VÍTIMA;FINALIZADA;DERBY;AV GOVERNADOR AGAMENON MAGALHAES;;RUA JAGUAPITA;;DERBY;;CIDADE;CHOQUE OBJETO FIXO;1.0;0.0;0.0;0.0;0.0;0.0;0.0;0.0;0.0;0.0;0.0;Longo da via;Bom;Sem defeito;Perfeito estado;Seca;Perfeito estado;;;;Única;Faixa seccionada;;;Manhã
1411;22/02/2020;07:45:00;COM VÍTIMA;FINALIZADA;PARNAMIRIM;RUA JOAO TUDE DE MELO;91;RUA VIRGINIA LORETO;EM BAIXO DO SEMAFORO  649 EM FRENTE AO GUAIAMUM GIGANTE;PARNAMIRIM;649.0;SUBURBIO;ABALROAMENTO TRANSVERSAL;1.0;1.0;0.0;0.0;0.0;0.0;0.0;0.0;0.0;1.0;0.0;Longo da via;Bom;Sem defeito;Perfeito estado;Seca;Perfeito estado;Faixa de pedestre;Não há placas;;Dupla;Canal;;;Manhã
1412;22/02/2020;10:30:00;SEM VÍTIMA;FINALIZADA;AFOGADOS;EST DOS REMEDIOS;957;RUA CORONEL ALFREDO DUARTE;;AFOGADOS;;CIDADE;ABALROAMENTO LONGITUDINAL;2.0;0.0;0.0;0.0;0.0;0.0;0.0;0.0;0.0;0.0;0.0;;Nublado;Não existe;Incompleta;Seca;Perfeito estado;Não existe;R-6a;;Única;Faixa seccionada;;;Manhã
1413;22/02/2020;10:36:00;SEM VÍTIMA;FINALIZADA;GRAÇAS;AV CONS ROSA E SILVA;502;;EM FRENTE AO EDF ISAAC GONDIM;GRAÇAS;;SUBURBIO;CHOQUE VEÍCULO PARADO;2.0;0.0;0.0;0.0;0.0;0.0;0.0;0.0;0.0;0.0;0.0;Longo da via;Bom;Não existe;Perfeito estado;Seca;Perfeito estado;Não existe;R-6a;;Única;Faixa seccionada;;;Manhã
1414;22/02/2020;10:51:00;SEM VÍTIMA;FINALIZADA;CAMPO GRANDE;EST DE BELEM;;;LADO OPOSTO A PRAÇA DE CAMPO GRANDE. PONTO DE ÔNIBUS Nº 130293;CAMPO GRANDE;458.0;CIDADE;ABALROAMENTO LONGITUDINAL;1.0;0.0;0.0;0.0;0.0;1.0;0.0;0.0;0.0;0.0;0.0;Longo da via;Bom;Sem defeito;Perfeito estado;Seca;Perfeito estado;Faixa de pedestre;Outras;40 km/h;Dupla;Faixa contínua;;;Manhã
1415;22/02/2020;11:16:00;COM VÍTIMA;FINALIZADA;PINA;AV ANTONIO DE GOES;534;;LADO OPOSTO A SUL AMERICA;PINA;;CIDADE;ATROPELAMENTO;1.0;1.0;0.0;0.0;1.0;0.0;0.0;0.0;0.0;1.0;0.0;Longo da via;Bom;Não existe;Perfeito estado;Seca;Perfeito estado;Não existe;R-4a;60 km/h;Única;Faixa seccionada;;;Manhã
1416;22/02/2020;12:37:00;SEM VÍTIMA;FINALIZADA;BRASÍLIA TEIMOSA;RUA CARAPEBA;90;;LADO OPOSTO AO Nº 090;BRASÍLIA TEIMOSA;;;CHOQUE VEÍCULO PARADO;1.0;0.0;0.0;0.0;0.0;0.0;1.0;0.0;0.0;0.0;0.0;Longo da via;Bom;Não existe;Não existente;Seca;Perfeito estado;Não existe;Não há placas;;Dupla;Não existe;;;Tarde
1417;22/02/2020;13:45:00;COM VÍTIMA;FINALIZADA;BOA VIAGEM;RUA PADRE CARAPUCEIRO;444;RUA FRANCISCO DA CUNHA;E/F AO EDF RICARDO PRIMEIRO E OFICINA DESIGN.;BOA VIAGEM;;SUBURBIO;ABALROAMENTO TRANSVERSAL;1.0;0.0;0.0;0.0;0.0;1.0;0.0;0.0;0.0;4.0;0.0;Cruzamento;Bom;Não existe;Perfeito estado;Seca;Perfeito estado;Não existe;R-6a;;Única;Faixa seccionada;;;Tarde
1418;22/02/2020;15:37:00;COM VÍTIMA;FINALIZADA;MADALENA;AV VISCONDE DE ALBUQUERQUE;401;RUA LOPES DE CARVALHO;E/F A GALERIA DA MADALENA CENTER;MADALENA;;SUBURBIO;ABALROAMENTO TRANSVERSAL;1.0;1.0;0.0;0.0;0.0;0.0;0.0;0.0;0.0;1.0;0.0;Cruzamento;Bom;Não existe;Incompleta;Seca;Perfeito estado;Não existe;Não há placas;;Única;Faixa seccionada;;;Tarde
1419;22/02/2020;17:00:00;SEM VÍTIMA;FINALIZADA;IMBIRIBEIRA;AV MARECHAL MASCARENHAS DE MORAES;2755;;ASSEMBLEIA DE DEUS NOVO TEMPO;IMBIRIBEIRA;631.0;CIDADE;COLISÃO TRASEIRA;3.0;0.0;0.0;0.0;0.0;0.0;0.0;0.0;0.0;0.0;0.0;Longo da via;Nublado;Sem defeito;Perfeito estado;Seca;;Faixa de pedestre;Outras;;Única;Faixa seccionada;Canteiro central;;Tarde
1420;22/02/2020;17:31:00;SEM VÍTIMA;FINALIZADA;TORRE;RUA VISCONDE DE ITAPARICA;84;RUA FLORIANO FRANCISCO DE OLIVEIRA;EM FRENTE EDF SOBRADO DA TORRE;TORRE;;;CHOQUE VEÍCULO PARADO;2.0;0.0;0.0;0.0;0.0;0.0;0.0;0.0;0.0;0.0;0.0;;Bom;Não existe;Não existente;Seca;Perfeito estado;Não existe;Não há placas;;Única;Não existe;;;Tarde
1421;22/02/2020;19:44:00;SEM VÍTIMA;FINALIZADA;VÁRZEA;AV AFONSO OLINDENSE;2106;;PANIFICADORA RAINHA DA VARZIA;VÁRZEA;;CIDADE;ABALROAMENTO LONGITUDINAL;2.0;0.0;0.0;0.0;0.0;0.0;0.0;0.0;0.0;0.0;0.0;Longo da via;Bom;Não existe;Ilegível;Seca;Perfeito estado;Não existe;Não há placas;;Única;Não existe;;;Noite
1422;22/02/2020;21:02:00;SEM VÍTIMA;FINALIZADA;PRADO;RUA JOAO IVO DA SILVA;154;RUA RICARDO SALAZAR;;PRADO;;SUBURBIO;CHOQUE OBJETO FIXO;1.0;0.0;0.0;0.0;0.0;0.0;0.0;0.0;0.0;0.0;0.0;Longo da via;Bom;;Perfeito estado;Seca;Perfeito estado;Não existe;Outras;;Única;Faixa seccionada;;;Noite
1423;22/02/2020;21:26:00;SEM VÍTIMA;FINALIZADA;PARNAMIRIM;RUA JOAO TUDE DE MELO;;RUA DR JOAO SANTOS FILHO;EM FRENTE AO RESTAURANTE GUAIAMUM GIGANTE;PARNAMIRIM;649.0;SUBURBIO;COLISÃO TRASEIRA;2.0;0.0;0.0;0.0;0.0;0.0;0.0;0.0;0.0;0.0;0.0;Longo da via;Bom;Sem defeito;Perfeito estado;Seca;Perfeito estado;Não existe;Não há placas;;Única;Faixa seccionada;;;Noite
1424;23/02/2020;00:11:00;SEM VÍTIMA;FINALIZADA;AFOGADOS;RUA PROFESSOR AUGUSTO WANDERLEY FILHO;;RUA MOTOCOLOMBO;AO LADO DO TROCÃO;AFOGADOS;39.0;SUBURBIO;ABALROAMENTO LONGITUDINAL;2.0;0.0;0.0;0.0;0.0;0.0;0.0;0.0;0.0;0.0;0.0;Cruzamento;Bom;Sem defeito;Perfeito estado;Seca;Perfeito estado;Faixa de pedestre;;;Única;Faixa seccionada;;;Madrugada
1425;23/02/2020;07:06:00;SEM VÍTIMA;FINALIZADA;IBURA;AV DOIS RIOS;72;;EM FRENTE AO SUPERMERCADO MR;IBURA;325.0;CIDADE;COLISÃO TRASEIRA;2.0;0.0;0.0;0.0;0.0;0.0;0.0;0.0;0.0;0.0;0.0;Longo da via;Bom;Sem defeito;Perfeito estado;Seca;Perfeito estado;Faixa de pedestre;Placas Pare;40 km/h;Dupla;;;;Manhã
1426;23/02/2020;08:04:00;COM VÍTIMA;FINALIZADA;CASA AMARELA;AV NORTE;;;EM FRENTE A PAGUE MENOS;CASA AMARELA;79.0;SUBURBIO;TOMBAMENTO;0.0;1.0;0.0;0.0;0.0;0.0;0.0;0.0;0.0;1.0;0.0;Longo da via;Chuvoso;Sem defeito;Perfeito estado;Molhada;Perfeito estado;Faixa de pedestre;Outras;;Dupla;Canteiro central;;;Manhã
1427;23/02/2020;08:17:00;SEM VÍTIMA;FINALIZADA;BOA VISTA;RUA DOM BOSCO;;;EMLURB;BOA VISTA;;SUBURBIO;ABALROAMENTO LONGITUDINAL;2.0;0.0;0.0;0.0;0.0;0.0;0.0;0.0;0.0;0.0;0.0;Longo da via;Bom;Não existe;Perfeito estado;Seca;Perfeito estado;Não existe;Outras;;Única;Faixa seccionada;;;Manhã
1428;23/02/2020;11:07:00;SEM VÍTIMA;FINALIZADA;GRAÇAS;RUA ALBERTO PAIVA;;RUA DO FUTURO;;GRAÇAS;521.0;CIDADE;ABALROAMENTO TRANSVERSAL;2.0;0.0;0.0;0.0;0.0;0.0;0.0;0.0;0.0;0.0;0.0;Cruzamento;Bom;Sem defeito;Perfeito estado;Seca;Perfeito estado;Faixa de pedestre;Outras;;;Não existe;;;Manhã
1429;23/02/2020;11:51:00;SEM VÍTIMA;FINALIZADA;BOA VIAGEM;RUA TENENTE JOAO CICERO;;RUA MINISTRO NELSON HUNGRIA;;BOA VIAGEM;;SUBURBIO;ABALROAMENTO TRANSVERSAL;2.0;0.0;0.0;0.0;0.0;0.0;0.0;0.0;0.0;0.0;0.0;Cruzamento;Bom;Não existe;Perfeito estado;Seca;Perfeito estado;Faixa de pedestre;Placas Pare;;Única;Não existe;;;Manhã
1430;23/02/2020;12:15:00;SEM VÍTIMA;FINALIZADA;PORTO DA MADEIRA;RUA DALVA DE OLIVEIRA;;;POSTO DE NÚMERO A 031838;PORTO DA MADEIRA;;SUBURBIO;ABALROAMENTO LONGITUDINAL;2.0;0.0;0.0;0.0;0.0;0.0;0.0;0.0;0.0;0.0;0.0;Ponte;Bom;Não existe;Não existente;Seca;Mal conservada;Não existe;Não há placas;;Dupla;Não existe;;;Tarde
1431;23/02/2020;12:21:00;SEM VÍTIMA;FINALIZADA;CAMPO GRANDE;RUA ODORICO MENDES;166;RUA VISCONDE DE CAIRU;;CAMPO GRANDE;;CIDADE;ABALROAMENTO LONGITUDINAL;2.0;1.0;0.0;0.0;0.0;0.0;0.0;0.0;0.0;0.0;0.0;Cruzamento;Bom;Não existe;Perfeito estado;Seca;Perfeito estado;Não existe;Placas Pare;;Dupla;;;;Tarde
1432;23/02/2020;13:52:00;SEM VÍTIMA;FINALIZADA;BOA VIAGEM;AV ENGENHEIRO DOMINGOS FERREIRA;100;RUA TOME GIBSON;US CLUB BEAUTY BAR;BOA VIAGEM;200.0;SUBURBIO;ABALROAMENTO TRANSVERSAL;2.0;0.0;0.0;0.0;0.0;0.0;0.0;0.0;0.0;0.0;0.0;Longo da via;Bom;Sem defeito;Perfeito estado;Seca;Perfeito estado;Faixa de pedestre;Outras;;Única;Faixa contínua;;;Tarde