indice;data;hora;natureza_acidente;situacao;bairro;endereco;numero;detalhe_endereco_acidente;complemento;bairro_cruzamento;num_semaforo;sentido_via;tipo;auto;moto;ciclom;ciclista;pedestre;onibus;caminhao;viatura;outros;vitimas;vitimasfatais;acidente_verificado;tempo_clima;situacao_semaforo;sinalizacao;condicao_via;conservacao_via;ponto_controle;situacao_placa;velocidade_max_via;mao_direcao;divisao_via1;divisao_via2;divisao_via3;turno
1433;23/02/2020;14:20:00;COM VÍTIMA;FINALIZADA;IMBIRIBEIRA;RUA JOAQUIM BANDEIRA;136;RUA JACY;GALPAO TARGET. LADO OPOSTO AO POSTE B029384;IMBIRIBEIRA;;BOA VIAGEM;ABALROAMENTO LONGITUDINAL;0.0;1.0;0.0;0.0;0.0;1.0;0.0;0.0;0.0;1.0;0.0;Longo da via;Bom;Não existe;Não existente;Seca;;Não existe;Não há placas;;Única;Faixa seccionada;;;Tarde
1434;23/02/2020;15:03:00;SEM VÍTIMA;FINALIZADA;CASA FORTE;EST DAS UBAIAS-;;;EM FRENTE AO Nº 572;CASA FORTE;;;ABALROAMENTO TRANSVERSAL;2.0;0.0;0.0;0.0;0.0;0.0;0.0;0.0;0.0;0.0;0.0;Longo da via;Bom;Não existe;Perfeito estado;Seca;Perfeito estado;Não existe;Não há placas;;Dupla;Não existe;;;Tarde
1435;23/02/2020;16:05:00;SEM VÍTIMA;FINALIZADA;AFLITOS;RUA QUARENTA E OITO;815;RUA CARNEIRO VILELA;RESTAURANTE SABOR RANCHO/ SQUINA 48;AFLITOS;;CIDADE;ABALROAMENTO TRANSVERSAL;2.0;0.0;0.0;0.0;0.0;0.0;0.0;0.0;0.0;0.0;0.0;Cruzamento;Bom;Não existe;Perfeito estado;Seca;Perfeito estado;Não existe;R-6a;;Única;Faixa contínua;;;Tarde
1436;23/02/2020;19:22:00;COM VÍTIMA;FINALIZADA;SANTO ANTÔNIO;RUA NOVA;;AV DANTAS BARRETO;ENF. MARIZA E FARMACIA DEPENDENTE;SANTO ANTÔNIO;;CIDADE;ATROPELAMENTO;0.0;0.0;0.0;0.0;1.0;1.0;0.0;0.0;0.0;1.0;0.0;Longo da via;Bom;Não existe;Ilegível;Seca;Mal iluminada;Não existe;Não há placas;;Única;Não existe;;;Noite
1437;23/02/2020;20:08:00;SEM VÍTIMA;FINALIZADA;JOANA BEZERRA;VIADUTO CAPITAO TEMUDO;;;FORUM DES. RODOLFO AURELIANO;JOANA BEZERRA;;SUBURBIO;ABALROAMENTO LONGITUDINAL;2.0;0.0;0.0;0.0;0.0;0.0;0.0;0.0;0.0;0.0;0.0;Viaduto;Bom;Não existe;Perfeito estado;Seca;Perfeito estado;Não existe;Não há placas;60 km/h;Dupla;Canteiro central;;;Noite
1438;24/02/2020;01:30:00;SEM VÍTIMA;FINALIZADA;PINA;AV HERCULANO BANDEIRA;;RUA ARQUITETO AUGUSTO REINALDO;;PINA;660.0;SUBURBIO;ABALROAMENTO LONGITUDINAL;2.0;0.0;0.0;0.0;0.0;0.0;0.0;0.0;0.0;0.0;0.0;Cruzamento;Bom;Sem defeito;Não existente;Seca;Mal iluminada;Faixa de pedestre;Não há placas;60 km/h;Única;Faixa seccionada;;;Madrugada
1439;24/02/2020;03:40:00;SEM VÍTIMA;FINALIZADA;BOA VIAGEM;RUA DEZ DE JULHO;;;DENTRO DO TERMINAL INTEGRADO DO AEROPORTO;BOA VIAGEM;;CIDADE;CHOQUE OBJETO FIXO;1.0;0.0;0.0;0.0;0.0;0.0;0.0;0.0;0.0;0.0;0.0;;Bom;Não existe;Perfeito estado;Seca;Perfeito estado;;;;Única;;;;Madrugada
1440;24/02/2020;04:06:00;COM VÍTIMA;FINALIZADA;BOA VIAGEM;AVENIDA CELSO FURTADO (VIA MANGUE);;;PRIMEIRO RETORNO APOS O SUPERMERCADO EXTRA- SENT. BOA VIAGEM;BOA VIAGEM;;SUBURBIO;CHOQUE OBJETO FIXO;1.0;0.0;0.0;0.0;0.0;0.0;0.0;0.0;0.0;1.0;0.0;Longo da via;Bom;Não existe;Perfeito estado;Seca;Perfeito estado;Não existe;Não há placas;;Dupla;Faixa;;;Madrugada
1441;24/02/2020;04:32:00;COM VÍTIMA;FINALIZADA;IBURA;AV ENGENHO SERRA VERDE;570;AV RIO LARGO;AO LADO DO ARMAZEM ESQUINA DA CONSTRUÇÃO;IBURA;;SUBURBIO;COLISÃO FRONTAL;0.0;1.0;0.0;0.0;0.0;1.0;0.0;0.0;0.0;1.0;0.0;Esquina;Bom;Não existe;Ilegível;Seca;Mal iluminada;Outros;R-24a;;Dupla;Não existe;;;Madrugada
1442;24/02/2020;06:53:00;SEM VÍTIMA;FINALIZADA;BOA VISTA;RUA DA AURORA;;RUA PRINCESA IZABEL;POLÍCIA CIVIL PERNAMBUCO SDS;BOA VISTA;22.0;SUBURBIO;ABALROAMENTO LONGITUDINAL;1.0;1.0;0.0;0.0;0.0;0.0;0.0;0.0;0.0;0.0;0.0;Cruzamento;Bom;Sem defeito;Perfeito estado;Seca;Perfeito estado;Faixa de pedestre;R-6a;40 km/h;Única;Faixa contínua;;;Manhã
1443;24/02/2020;08:13:00;SEM VÍTIMA;FINALIZADA;SAN MARTIN;RUA COMENDADOR JOSE VITA;54;;;SAN MARTIN;;;CHOQUE VEÍCULO PARADO;1.0;0.0;0.0;0.0;0.0;0.0;1.0;0.0;0.0;0.0;0.0;Longo da via;Nublado;Não existe;Não existente;Seca;;Não existe;Não há placas;;Dupla;Não existe;;;Manhã
1444;24/02/2020;08:55:00;SEM VÍTIMA;FINALIZADA;IMBIRIBEIRA;AV PINHEIROS;70;AV MARECHAL MASCARENHAS DE MORAES;LOTERIA A IMPERIAL;IMBIRIBEIRA;;SUBURBIO;CHOQUE VEÍCULO PARADO;1.0;0.0;0.0;0.0;0.0;0.0;1.0;0.0;0.0;0.0;0.0;Longo da via;Bom;;Incompleta;Seca;Perfeito estado;Não existe;Não há placas;;Dupla;Não existe;;;Manhã
1445;24/02/2020;09:19:00;SEM VÍTIMA;FINALIZADA;SANTO AMARO;AV CRUZ CABUGA;33;;AO LADO DO SEFAZ;SANTO AMARO;344.0;CIDADE;ABALROAMENTO LONGITUDINAL;0.0;0.0;0.0;0.0;0.0;1.0;1.0;0.0;0.0;0.0;0.0;Longo da via;Bom;Sem defeito;Perfeito estado;Seca;Perfeito estado;Não existe;R-6a;60 km/h;Dupla;Faixa contínua;;;Manhã
1446;24/02/2020;10:27:00;SEM VÍTIMA;FINALIZADA;BOA VISTA;RUA DO HOSPICIO;33;;EDF SÃO RAFAEL;BOA VISTA;33.0;;COLISÃO TRASEIRA;2.0;0.0;0.0;0.0;0.0;0.0;0.0;0.0;0.0;0.0;0.0;Longo da via;Bom;Sem defeito;Perfeito estado;Seca;Perfeito estado;Não existe;R-6b;30 km/h;Única;Não existe;;;Manhã
1447;24/02/2020;11:16:00;SEM VÍTIMA;FINALIZADA;PINA;RUA MANOEL DE BRITO;;;AO LADO DO POSTO POLICIAL;PINA;;CIDADE;ABALROAMENTO TRANSVERSAL;2.0;0.0;0.0;0.0;0.0;0.0;0.0;0.0;0.0;0.0;0.0;;Bom;Não existe;Perfeito estado;Seca;Perfeito estado;Outros;Outras;60 km/h;Única;Faixa contínua;;;Manhã
1448;24/02/2020;12:28:00;SEM VÍTIMA;FINALIZADA;SANTO AMARO;AV GOVERNADOR AGAMENON MAGALHAES;;;SEMÁFORO DE Nº 465;SANTO AMARO;465.0;;COLISÃO TRASEIRA;3.0;0.0;0.0;0.0;0.0;0.0;0.0;0.0;0.0;0.0;0.0;Longo da via;Bom;Sem defeito;Perfeito estado;Seca;Perfeito estado;Faixa de pedestre;;60 km/h;Dupla;Canal;;;Tarde
1449;24/02/2020;13:38:00;COM VÍTIMA;FINALIZADA;IPUTINGA;RUA BOM PASTOR;670;RUA MAURICEIA;E/F MERCADINHO MERCOFRUIT;IPUTINGA;652.0;SUBURBIO;ABALROAMENTO LONGITUDINAL;0.0;1.0;0.0;0.0;0.0;1.0;0.0;0.0;0.0;1.0;0.0;Cruzamento;Bom;Sem defeito;Perfeito estado;Seca;Perfeito estado;Faixa de pedestre;Outras;;Dupla;Faixa contínua;;;Tarde
1450;24/02/2020;15:49:00;SEM VÍTIMA;FINALIZADA;IMBIRIBEIRA;AV PRESIDENTE DUTRA;4983;;;IMBIRIBEIRA;;SUBURBIO;ABALROAMENTO LONGITUDINAL;2.0;0.0;0.0;0.0;0.0;0.0;0.0;0.0;0.0;0.0;0.0;Longo da via;Bom;Não existe;Perfeito estado;Seca;Perfeito estado;Agente;Não há placas;60 km/h;Única;Faixa seccionada;;;Tarde
1451;24/02/2020;19:14:00;SEM VÍTIMA;FINALIZADA;;AV CORREIA DE BRITO;741;;MERCADO DE SITIO NOVO;;;CIDADE;COLISÃO TRASEIRA;3.0;0.0;0.0;0.0;0.0;0.0;0.0;0.0;0.0;0.0;0.0;Longo da via;Bom;Não existe;Perfeito estado;Seca;Perfeito estado;Não existe;Não há placas;;Dupla;Faixa contínua;;;Noite
1452;24/02/2020;20:27:00;SEM VÍTIMA;FINALIZADA;SÃO JOSÉ;AV SUL;147;;ANTES DO FORTE DAS CINCO PONTAS;SÃO JOSÉ;;CIDADE;ABALROAMENTO LONGITUDINAL;1.0;0.0;0.0;0.0;0.0;1.0;0.0;0.0;0.0;0.0;0.0;Longo da via;Bom;;Perfeito estado;Seca;Perfeito estado;Não existe;Outras;;Única;Faixa seccionada;;;Noite
1453;24/02/2020;20:53:00;SEM VÍTIMA;FINALIZADA;SANTO AMARO;PTE DO LIMOEIRO;;;PRÓXIMO AO POSTO PETRÓBRAS;SANTO AMARO;;CIDADE;ABALROAMENTO LONGITUDINAL;2.0;0.0;0.0;0.0;0.0;0.0;0.0;0.0;0.0;0.0;0.0;Ponte;Bom;Não existe;Perfeito estado;Seca;Perfeito estado;Não existe;Não há placas;;Dupla;Faixa contínua;Faixa seccionada;;Noite
1454;24/02/2020;21:20:00;SEM VÍTIMA;FINALIZADA;BOA VISTA;RUA DO HOSPICIO;;;CÂMARA DOS VERIADORES;BOA VISTA;31.0;CIDADE;ABALROAMENTO LONGITUDINAL;1.0;0.0;0.0;0.0;0.0;1.0;0.0;0.0;0.0;0.0;0.0;Longo da via;Bom;Sem defeito;Perfeito estado;Seca;Perfeito estado;Faixa de pedestre;Outras;;Única;Faixa seccionada;Não existe;;Noite
1455;24/02/2020;21:59:00;SEM VÍTIMA;FINALIZADA;SÃO JOSÉ;RUA IMPERIAL;;RUA DO PEIXOTO;EM FRENTE A IGREJA DE SÃO JOSÉ;SÃO JOSÉ;207.0;SUBURBIO;ABALROAMENTO LONGITUDINAL;1.0;0.0;0.0;0.0;0.0;1.0;0.0;0.0;0.0;0.0;0.0;Cruzamento;Bom;Sem defeito;Ilegível;Seca;Perfeito estado;Não existe;Não há placas;;Única;Não existe;;;Noite
1456;24/02/2020;23:23:00;SEM VÍTIMA;FINALIZADA;SANTO AMARO;AV NORTE;;;E/F A RÁDIO UNIVERSITÁRIA;SANTO AMARO;;;ABALROAMENTO LONGITUDINAL;2.0;0.0;0.0;0.0;0.0;0.0;0.0;0.0;0.0;0.0;0.0;Longo da via;Bom;Sem defeito;Perfeito estado;Seca;Perfeito estado;Não existe;Não há placas;60 km/h;Dupla;Canteiro central;;;Noite
1457;25/02/2020;05:21:00;COM VÍTIMA;FINALIZADA;SANTO AMARO;AV GOVERNADOR AGAMENON MAGALHAES;;RUA ODORICO MENDES;E/F A DELEGACIA 13° BATALHÃO / SEMÁFORO 049 ---- VT 13 NO LOCAL;SANTO AMARO;49.0;CIDADE;ABALROAMENTO TRANSVERSAL;2.0;0.0;0.0;0.0;0.0;0.0;0.0;0.0;0.0;1.0;0.0;Cruzamento;Bom;Sem defeito;Perfeito estado;Seca;Perfeito estado;Faixa de pedestre;;60 km/h;Dupla;Canal;;;Madrugada
1458;25/02/2020;07:32:00;SEM VÍTIMA;FINALIZADA;ILHA DO LEITE;RUA ANTONIO GOMES DE FREITAS;174;;LADO OPOSTO AO SEOPE ( HOSPITAL DOS OLHOS );ILHA DO LEITE;;CIDADE;ABALROAMENTO LONGITUDINAL;1.0;0.0;0.0;0.0;0.0;0.0;1.0;0.0;0.0;0.0;0.0;Longo da via;Bom;Não existe;Perfeito estado;Seca;Perfeito estado;Faixa de pedestre;;;Única;Faixa seccionada;;;Manhã
1459;25/02/2020;07:33:00;SEM VÍTIMA;FINALIZADA;SÃO JOSÉ;AV SUL;;;LADO OPOSTO A AGEMAR;SÃO JOSÉ;;CIDADE;ABALROAMENTO LONGITUDINAL;1.0;0.0;0.0;0.0;0.0;0.0;1.0;0.0;0.0;0.0;0.0;Longo da via;Bom;Sem defeito;Perfeito estado;Seca;Perfeito estado;Não existe;Outras;;Dupla;Canteiro central;;;Manhã
1460;25/02/2020;10:46:00;SEM VÍTIMA;FINALIZADA;TORRE;RUA JOAO TUDE DE MELO;;RUA VIRGINIA LORETO;;TORRE;649.0;;ABALROAMENTO TRANSVERSAL;3.0;0.0;0.0;0.0;0.0;0.0;0.0;0.0;0.0;0.0;0.0;;Bom;Sem defeito;Perfeito estado;Seca;Perfeito estado;Faixa de pedestre;R-6a;;Única;Faixa contínua;;;Manhã
1461;25/02/2020;14:10:00;SEM VÍTIMA;FINALIZADA;MADALENA;RUA BENFICA;;;EM FRENTE AO SPORT CLUBE DO RECIFE;MADALENA;;CIDADE;ABALROAMENTO LONGITUDINAL;2.0;0.0;0.0;0.0;0.0;0.0;0.0;0.0;0.0;0.0;0.0;Longo da via;Bom;Não existe;Perfeito estado;Seca;Perfeito estado;Não existe;;40 km/h;Única;Não existe;;;Tarde
1462;25/02/2020;15:14:00;SEM VÍTIMA;FINALIZADA;NOVA DESCOBERTA;AV VEREADOR OTACILIO AZEVEDO;;;;NOVA DESCOBERTA;;CIDADE;ABALROAMENTO LONGITUDINAL;1.0;0.0;0.0;0.0;0.0;1.0;0.0;0.0;0.0;0.0;0.0;Longo da via;Bom;Não existe;Perfeito estado;Seca;Perfeito estado;Outros;Outras;;Dupla;Faixa seccionada;;;Tarde
1463;25/02/2020;15:23:00;SEM VÍTIMA;FINALIZADA;BOA VIAGEM;AV CONSELHEIRO AGUIAR;;;SEMÁFORO 147;BOA VIAGEM;147.0;CIDADE;ABALROAMENTO LONGITUDINAL;1.0;0.0;0.0;0.0;0.0;1.0;0.0;0.0;0.0;0.0;0.0;Cruzamento;Bom;Sem defeito;Perfeito estado;Seca;Perfeito estado;Faixa de pedestre;R-6a;;Única;Faixa contínua;Faixa seccionada;;Tarde
1464;25/02/2020;17:18:00;SEM VÍTIMA;FINALIZADA;TORRE;AV BEIRA RIO;73;RUA JANUARIO BARBOSA;COLEGIO EQUIPE;TORRE;;CIDADE;COLISÃO TRASEIRA;2.0;0.0;0.0;0.0;0.0;0.0;0.0;0.0;0.0;0.0;0.0;;Chuvoso;Não existe;Perfeito estado;Molhada;Perfeito estado;Faixa de pedestre;Placas Pare;;Única;Faixa contínua;Faixa seccionada;;Tarde
1465;25/02/2020;19:50:00;COM VÍTIMA;FINALIZADA;IMBIRIBEIRA;AV MARECHAL MASCARENHAS DE MORAES;5905;;UNIDAS;IMBIRIBEIRA;;;CHOQUE OBJETO FIXO;1.0;0.0;0.0;0.0;0.0;0.0;0.0;0.0;0.0;1.0;0.0;Viaduto;Bom;Não existe;Perfeito estado;Seca;Perfeito estado;Não existe;Não há placas;;;Não existe;;;Noite
1466;25/02/2020;20:58:00;SEM VÍTIMA;FINALIZADA;IPUTINGA;RUA SAO MATEUS;;;DEPÓSITO DOS CORREIOS;IPUTINGA;;SUBURBIO;CHOQUE VEÍCULO PARADO;0.0;0.0;0.0;0.0;0.0;0.0;1.0;0.0;1.0;0.0;0.0;Longo da via;Bom;Não existe;Ilegível;Seca;Perfeito estado;Não existe;Não há placas;;Dupla;Não existe;;;Noite
1467;25/02/2020;23:29:00;SEM VÍTIMA;FINALIZADA;SÃO JOSÉ;C SANTA RITA;595;;;SÃO JOSÉ;;CIDADE;COLISÃO TRASEIRA;2.0;0.0;0.0;0.0;0.0;0.0;0.0;0.0;0.0;0.0;0.0;Longo da via;Bom;Não existe;Perfeito estado;Seca;Perfeito estado;Não existe;Não há placas;40 km/h;Dupla;Faixa contínua;Faixa seccionada;;Noite
1468;26/02/2020;03:39:00;SEM VÍTIMA;FINALIZADA;BOA VISTA;PTE PRINCESA IZABEL;;;;BOA VISTA;;SUBURBIO;COLISÃO TRASEIRA;3.0;0.0;0.0;0.0;0.0;0.0;0.0;0.0;0.0;0.0;0.0;;Bom;Sem defeito;Perfeito estado;Seca;Perfeito estado;;;;Dupla;Faixa contínua;;;Madrugada
1469;26/02/2020;04:03:00;COM VÍTIMA;FINALIZADA;BEBERIBE;AV BEBERIBE;111;RUA DA CORAGEM;PROX AO POSTO SHELL;BEBERIBE;186.0;CIDADE;ABALROAMENTO LONGITUDINAL;1.0;1.0;0.0;0.0;0.0;0.0;0.0;0.0;0.0;1.0;0.0;Longo da via;Bom;Sem defeito;Incompleta;Molhada;Mal conservada;Faixa de pedestre;Não há placas;;Dupla;Faixa contínua;;;Madrugada
1470;26/02/2020;04:39:00;SEM VÍTIMA;FINALIZADA;BOA VIAGEM;AV ENGENHEIRO DOMINGOS FERREIRA;;;EM FRENTE AO LAÇA BURGUER;BOA VIAGEM;;SUBURBIO;ABALROAMENTO LONGITUDINAL;2.0;0.0;0.0;0.0;0.0;0.0;0.0;0.0;0.0;0.0;0.0;Longo da via;Bom;Sem defeito;Perfeito estado;Seca;Perfeito estado;Faixa de pedestre;Outras;;Única;Canteiro central;;;Madrugada
1471;26/02/2020;05:20:00;SEM VÍTIMA;FINALIZADA;SANTO AMARO;AV CRUZ CABUGA;;RUA DOS PALMARES;;SANTO AMARO;171.0;CIDADE;ABALROAMENTO TRANSVERSAL;2.0;0.0;0.0;0.0;0.0;0.0;0.0;0.0;0.0;0.0;0.0;Cruzamento;Bom;Sem defeito;Perfeito estado;Seca;Perfeito estado;Faixa de pedestre;Outras;;Dupla;Faixa contínua;Faixa seccionada;;Madrugada
1472;26/02/2020;06:31:00;COM VÍTIMA;FINALIZADA;MADALENA;RUA REAL DA TORRE;361;RUA LOPES DE CARVALHO;EM FRENTE A LOJA DE CENTRO DE TRATAMENTO PARA OS PES;MADALENA;;CIDADE;CHOQUE OBJETO FIXO;1.0;0.0;0.0;0.0;0.0;0.0;0.0;0.0;0.0;1.0;0.0;Longo da via;Bom;Não existe;Perfeito estado;Seca;Perfeito estado;Não existe;;;Dupla;Faixa seccionada;;;Manhã
1473;26/02/2020;07:04:00;SEM VÍTIMA;FINALIZADA;BOA VIAGEM;AV BOA VIAGEM;;RUA BALTAZAR PASSOS;;BOA VIAGEM;149.0;CIDADE;ABALROAMENTO LONGITUDINAL;1.0;0.0;0.0;0.0;0.0;1.0;0.0;0.0;0.0;0.0;0.0;Cruzamento;Bom;Sem defeito;Perfeito estado;Seca;Perfeito estado;Faixa de pedestre;R-6a;;Única;Faixa contínua;;;Manhã
1474;26/02/2020;13:51:00;SEM VÍTIMA;FINALIZADA;TAMARINEIRA;AV NORTE;3714;;AO LADO DO SEMÁFORO 062;TAMARINEIRA;62.0;SUBURBIO;COLISÃO TRASEIRA;2.0;0.0;0.0;0.0;0.0;0.0;0.0;0.0;0.0;0.0;0.0;Longo da via;Bom;Não existe;Perfeito estado;Seca;Perfeito estado;Não existe;R-6a;;Única;Faixa seccionada;Canteiro central;;Tarde
1475;26/02/2020;15:12:00;SEM VÍTIMA;FINALIZADA;BOA VISTA;RUA DOS PALMARES;;AV CRUZ CABUGA;;BOA VISTA;171.0;CIDADE;ABALROAMENTO LONGITUDINAL;1.0;0.0;0.0;0.0;0.0;0.0;1.0;0.0;0.0;0.0;0.0;Cruzamento;Bom;Sem defeito;Perfeito estado;Seca;Perfeito estado;Faixa de pedestre;R-6a;40 km/h;Dupla;Canteiro central;;;Tarde
1476;26/02/2020;15:39:00;SEM VÍTIMA;FINALIZADA;TAMARINEIRA;EST VELHA DE AGUA FRIA;;;EM FRENTE AO DNOCS;TAMARINEIRA;;;COLISÃO TRASEIRA;2.0;0.0;0.0;0.0;0.0;0.0;0.0;0.0;0.0;0.0;0.0;Longo da via;Bom;Não existe;Perfeito estado;Seca;Perfeito estado;Não existe;Não há placas;;Dupla;Faixa contínua;;;Tarde
1477;26/02/2020;17:24:00;SEM VÍTIMA;FINALIZADA;IPSEP;AV RAIMUNDO DINIZ;;RUA DAVID PERNETA;;IPSEP;;SUBURBIO;ABALROAMENTO LONGITUDINAL;2.0;0.0;0.0;0.0;0.0;0.0;0.0;0.0;0.0;0.0;0.0;Cruzamento;Bom;Não existe;Não existente;Seca;Mal iluminada;Não existe;Não há placas;;Dupla;Não existe;;;Tarde
1478;26/02/2020;18:21:00;SEM VÍTIMA;FINALIZADA;TORRE;AV BEIRA RIO;825;;RIVER TOWER RESIDENCE Nº 825;TORRE;;SUBURBIO;COLISÃO TRASEIRA;1.0;1.0;0.0;0.0;0.0;0.0;0.0;0.0;0.0;0.0;0.0;Longo da via;Bom;Não existe;Perfeito estado;Seca;Perfeito estado;Não existe;Outras;;Dupla;Faixa seccionada;;;Noite
1479;26/02/2020;18:31:00;COM VÍTIMA;FINALIZADA;CURADO;RUA DR GEORGE WILLIAM BUTLER;;AV PREFEITO ANTONIO PEREIRA;NA RUA ACESSO AO TIP RUA DA KIMBOM POR TRAS DA NAGEM;CURADO;;TIP;ABALROAMENTO TRANSVERSAL;1.0;0.0;1.0;0.0;0.0;0.0;0.0;0.0;0.0;1.0;0.0;Longo da via;Bom;Não existe;Não existente;Seca;Mal conservada;Não existe;Não há placas;;Dupla;Faixa contínua;;;Noite
1480;27/02/2020;00:05:00;SEM VÍTIMA;FINALIZADA;BOA VIAGEM;RUA RIBEIRO DE BRITO;1326;RUA AMALIA BERNARDINO DE SOUZA;UNINASSAU;BOA VIAGEM;;SUBURBIO;ABALROAMENTO TRANSVERSAL;2.0;0.0;0.0;0.0;0.0;0.0;0.0;0.0;0.0;0.0;0.0;Cruzamento;Bom;Não existe;Perfeito estado;Seca;Perfeito estado;Não existe;Não há placas;;Única;Faixa seccionada;;;Madrugada
1481;27/02/2020;05:32:00;SEM VÍTIMA;FINALIZADA;GRAÇAS;AV RUI BARBOSA;735;RUA TENENTE ANTONIO JOAO;FRENTE AO COLÉGIO AGNES;GRAÇAS;;SUBURBIO;CHOQUE OBJETO FIXO;1.0;0.0;0.0;0.0;0.0;0.0;0.0;0.0;0.0;0.0;0.0;Longo da via;Chuvoso;Não existe;Perfeito estado;Molhada;Perfeito estado;;R-6a;;Única;Faixa seccionada;;;Madrugada
1482;27/02/2020;07:04:00;SEM VÍTIMA;FINALIZADA;PAISSANDU;AV GOVERNADOR AGAMENON MAGALHAES;4407;;EM FRENTE AO ESTACIONAMENTO SANPARK;PAISSANDU;;CIDADE;ABALROAMENTO LONGITUDINAL;1.0;0.0;0.0;0.0;0.0;1.0;0.0;0.0;0.0;0.0;0.0;Longo da via;Bom;Sem defeito;Perfeito estado;Seca;Perfeito estado;Agente;Não há placas;60 km/h;Dupla;Faixa seccionada;Canteiro central;;Manhã
1483;27/02/2020;07:39:00;SEM VÍTIMA;FINALIZADA;BOA VIAGEM;RUA VISCONDE DE JEQUITINHONHA;;RUA DOM JOSE LOPES;;BOA VIAGEM;;;ABALROAMENTO TRANSVERSAL;2.0;0.0;0.0;0.0;0.0;0.0;0.0;0.0;0.0;0.0;0.0;Cruzamento;Bom;Não existe;Perfeito estado;Seca;Perfeito estado;Faixa de pedestre;Placas Pare;;Única;Não existe;;;Manhã
1484;27/02/2020;08:22:00;COM VÍTIMA;FINALIZADA;MADALENA;RUA BENFICA;;;AO LADO DO MUSEU DA ABOLIÇÃO;MADALENA;257.0;SUBURBIO;ABALROAMENTO LONGITUDINAL;1.0;0.0;0.0;0.0;0.0;1.0;0.0;0.0;0.0;1.0;0.0;Longo da via;Bom;Sem defeito;Perfeito estado;Seca;Perfeito estado;Faixa de pedestre;R-6a;60 km/h;Dupla;Faixa contínua;;;Manhã
1485;27/02/2020;08:50:00;SEM VÍTIMA;FINALIZADA;CASA AMARELA;AV NORTE;;;LADO OPOSTO A UPINHA;CASA AMARELA;;CIDADE;ABALROAMENTO LONGITUDINAL;1.0;0.0;0.0;0.0;0.0;0.0;1.0;0.0;0.0;0.0;0.0;Longo da via;Bom;Não existe;Perfeito estado;Seca;Perfeito estado;Não existe;Não há placas;40 km/h;Dupla;Canteiro central;;;Manhã
1486;27/02/2020;08:48:00;SEM VÍTIMA;FINALIZADA;GRAÇAS;AV RUI BARBOSA;218;;EM FRENTE AO Nº 218;GRAÇAS;102.0;CIDADE;COLISÃO TRASEIRA;2.0;0.0;0.0;0.0;0.0;0.0;0.0;0.0;0.0;0.0;0.0;Longo da via;Bom;Sem defeito;Perfeito estado;Seca;Perfeito estado;Faixa de pedestre;Outras;60 km/h;Única;Faixa contínua;;;Manhã
1487;27/02/2020;09:21:00;SEM VÍTIMA;FINALIZADA;IPSEP;AV RECIFE;2688;;;IPSEP;16.0;;ABALROAMENTO LONGITUDINAL;1.0;0.0;0.0;0.0;0.0;0.0;0.0;0.0;1.0;0.0;0.0;Longo da via;Bom;Sem defeito;Perfeito estado;Seca;Perfeito estado;Faixa de retenção;R-6a;;Dupla;Faixa seccionada;Canteiro central;;Manhã
1488;27/02/2020;09:26:00;SEM VÍTIMA;FINALIZADA;CURADO;RUA MINISTRO MARIO ANDREAZZA;;;INSTITUTO DE INQUAÇÃO TECNOLOGICA - UPE;CURADO;;;COLISÃO FRONTAL;1.0;0.0;0.0;0.0;0.0;0.0;1.0;0.0;0.0;0.0;0.0;Longo da via;Bom;Não existe;Não existente;Seca;Perfeito estado;Não existe;Não há placas;;Dupla;Não existe;;;Manhã
1489;27/02/2020;11:23:00;SEM VÍTIMA;FINALIZADA;SANTO AMARO;AV CRUZ CABUGA;431;;ARMAZEM ACHAQUI;SANTO AMARO;;CIDADE;ABALROAMENTO LONGITUDINAL;0.0;0.0;0.0;0.0;0.0;0.0;2.0;0.0;0.0;0.0;0.0;Longo da via;Bom;Sem defeito;Perfeito estado;Seca;Perfeito estado;Agente;Outras;;Dupla;Faixa contínua;;;Manhã
1490;27/02/2020;11:24:00;SEM VÍTIMA;FINALIZADA;DERBY;RUA AMAURI DE MEDEIROS;110;RUA BARAO DE GOIANA;EDIFÍCIO DERBY PARK;DERBY;;SUBURBIO;ABALROAMENTO TRANSVERSAL;2.0;0.0;0.0;0.0;0.0;0.0;0.0;0.0;0.0;0.0;0.0;Cruzamento;Bom;Não existe;Perfeito estado;Seca;Perfeito estado;Não existe;Placas Pare;;Única;Não existe;;;Manhã
1491;27/02/2020;11:30:00;COM VÍTIMA;FINALIZADA;ENCRUZILHADA;AV NORTE;2160;;EM FRENTE A RENAULT- SENT. SUB;ENCRUZILHADA;;SUBURBIO;COLISÃO TRASEIRA;3.0;0.0;0.0;0.0;0.0;1.0;0.0;0.0;0.0;2.0;0.0;Longo da via;Bom;Sem defeito;Perfeito estado;Seca;Perfeito estado;Faixa de pedestre;R-6a;;Única;Faixa seccionada;Canteiro central;;Manhã
1492;27/02/2020;11:48:00;SEM VÍTIMA;FINALIZADA;PARNAMIRIM;RUA TITO ROSAS;375;;EDIFÍCIO VILA MARIANNA;PARNAMIRIM;;CIDADE;ABALROAMENTO LONGITUDINAL;1.0;1.0;0.0;0.0;0.0;0.0;0.0;0.0;0.0;0.0;0.0;Longo da via;Bom;Não existe;Perfeito estado;Seca;Perfeito estado;Não existe;Outras;;Única;;Faixa seccionada;;Manhã