indice;data;hora;natureza_acidente;situacao;bairro;endereco;numero;detalhe_endereco_acidente;complemento;bairro_cruzamento;num_semaforo;sentido_via;tipo;auto;moto;ciclom;ciclista;pedestre;onibus;caminhao;viatura;outros;vitimas;vitimasfatais;acidente_verificado;tempo_clima;situacao_semaforo;sinalizacao;condicao_via;conservacao_via;ponto_controle;situacao_placa;velocidade_max_via;mao_direcao;divisao_via1;divisao_via2;divisao_via3;turno
1493;27/02/2020;12:01:00;SEM VÍTIMA;FINALIZADA;DERBY;AV GOVERNADOR AGAMENON MAGALHAES;2291;;EM FRENTE AO HOSPITAL MEMORIAL SÃO JOSÉ;DERBY;;;COLISÃO TRASEIRA;3.0;0.0;0.0;0.0;0.0;0.0;0.0;0.0;0.0;0.0;0.0;Longo da via;Bom;Sem defeito;Perfeito estado;Seca;Perfeito estado;Agente;Outras;60 km/h;Dupla;Faixa seccionada;;;Tarde
1494;27/02/2020;12:30:00;SEM VÍTIMA;FINALIZADA;BOA VISTA;RUA CORREDOR DO BISPO;;;EM FRENTE A SAÍDA DO SOPPHING BOA VISTA;BOA VISTA;;;CHOQUE VEÍCULO PARADO;2.0;0.0;0.0;0.0;0.0;0.0;0.0;0.0;0.0;0.0;0.0;Longo da via;Bom;Não existe;Perfeito estado;Seca;Perfeito estado;Não existe;;;Única;Não existe;;;Tarde
1495;27/02/2020;12:49:00;COM VÍTIMA;FINALIZADA;ILHA JOANA BEZERRA;AV BEIRA RIO;S/N;;NA DESCIDA DO VIADUTO PROX AO FORUM DESEMBARGADOR RODOLFO AURELIANO S/T CID. AO LADO DA ACADEMIA DA CIDADE;ILHA JOANA BEZERRA;;CIDADE;ABALROAMENTO TRANSVERSAL;1.0;1.0;0.0;0.0;0.0;0.0;0.0;0.0;0.0;1.0;0.0;Cruzamento;Bom;Não existe;Perfeito estado;Seca;Perfeito estado;Não existe;Placas Pare;40 km/h;Dupla;Faixa contínua;;;Tarde
1496;27/02/2020;12:56:00;SEM VÍTIMA;FINALIZADA;ARRUDA;RUA RAMIZ GALVAO;133;RUA RAUL POMPEIA;EM FRENTE AO HOTELZINHO PEDACINHO DO CÉU;ARRUDA;;CIDADE;COLISÃO FRONTAL;1.0;0.0;0.0;0.0;0.0;0.0;1.0;0.0;0.0;0.0;0.0;Cruzamento;Bom;Não existe;Perfeito estado;Seca;Perfeito estado;Não existe;Placas Pare;;Dupla;Não existe;;;Tarde
1497;27/02/2020;13:12:00;COM VÍTIMA;FINALIZADA;TORRE;RUA REAL DA TORRE;1309;;DROGARIA SAO PAULO// MARTELINHO DE OURO;TORRE;;CIDADE;ABALROAMENTO TRANSVERSAL;1.0;1.0;0.0;0.0;0.0;0.0;0.0;0.0;0.0;1.0;0.0;Longo da via;Bom;Não existe;Perfeito estado;Seca;Perfeito estado;Outros;Outras;;;;;;Tarde
1498;27/02/2020;13:14:00;SEM VÍTIMA;FINALIZADA;IPSEP;RUA JEAN EMILE FAVRE;1712;;EM FRENTE A MONTE CARLO'S;IPSEP;;SUBURBIO;ABALROAMENTO LONGITUDINAL;2.0;0.0;0.0;0.0;0.0;0.0;0.0;0.0;0.0;0.0;0.0;Longo da via;Bom;Não existe;Perfeito estado;Seca;Perfeito estado;Não existe;Placas Pare;;Dupla;Faixa contínua;Faixa seccionada;;Tarde
1499;27/02/2020;13:26:00;SEM VÍTIMA;FINALIZADA;;PRC DO DERBY;;RUA JENER DE SOUZA;EM FRENTE A PRAÇA DO DERBY;;40.0;CIDADE;ABALROAMENTO TRANSVERSAL;0.0;0.0;0.0;0.0;0.0;1.0;1.0;0.0;0.0;0.0;0.0;Longo da via;Bom;Sem defeito;Perfeito estado;Seca;Perfeito estado;Faixa de pedestre;;50 km/h;Dupla;Faixa contínua;;;Tarde
1500;27/02/2020;14:19:00;SEM VÍTIMA;FINALIZADA;IMBIRIBEIRA;AV MARECHAL MASCARENHAS DE MORAES;;;SOB O SEMÁFORO Nº 631;IMBIRIBEIRA;631.0;CIDADE;COLISÃO TRASEIRA;2.0;0.0;0.0;0.0;0.0;0.0;0.0;0.0;0.0;0.0;0.0;Longo da via;Bom;Sem defeito;Perfeito estado;Seca;Perfeito estado;Faixa de pedestre;R-6a;;Dupla;Canteiro central;;;Tarde
1501;27/02/2020;14:24:00;SEM VÍTIMA;FINALIZADA;AFOGADOS;RUA JACIRA;;RUA CINCO DE NOVEMBRO;;AFOGADOS;;SUBURBIO;ABALROAMENTO TRANSVERSAL;1.0;1.0;0.0;0.0;0.0;0.0;0.0;0.0;0.0;0.0;0.0;Cruzamento;Bom;Não existe;Incompleta;Seca;Mal conservada;Não existe;Não há placas;;Única;Não existe;;;Tarde
1502;27/02/2020;14:24:00;SEM VÍTIMA;FINALIZADA;CABANGA;PTE GOVERNADOR PAULO GUERRA;;;SOBRE A PONTE;CABANGA;;CIDADE;COLISÃO TRASEIRA;2.0;0.0;0.0;0.0;0.0;0.0;0.0;0.0;0.0;0.0;0.0;Ponte;Bom;Não existe;Perfeito estado;Seca;Perfeito estado;Não existe;Não há placas;60 km/h;Dupla;;;;Tarde
1503;27/02/2020;14:50:00;SEM VÍTIMA;FINALIZADA;AFOGADOS;RUA SAO MIGUEL;404;;BANCO DO BRASIL;AFOGADOS;;CIDADE;COLISÃO TRASEIRA;2.0;0.0;0.0;0.0;0.0;0.0;0.0;0.0;0.0;0.0;0.0;Longo da via;Bom;Não existe;Perfeito estado;Seca;Perfeito estado;Não existe;Outras;;Dupla;Faixa contínua;Faixa seccionada;;Tarde
1504;27/02/2020;15:11:00;SEM VÍTIMA;FINALIZADA;SANTO AMARO;AV CRUZ CABUGA;;RUA DOS PALMARES;IGREJA ASSEMBLEIA DE DEUS;SANTO AMARO;171.0;CIDADE;COLISÃO TRASEIRA;2.0;0.0;0.0;0.0;0.0;0.0;0.0;0.0;0.0;0.0;0.0;Longo da via;Bom;Sem defeito;Perfeito estado;Seca;Perfeito estado;Agente;R-6a;;Dupla;Faixa contínua;;;Tarde
1505;27/02/2020;15:11:00;SEM VÍTIMA;FINALIZADA;PRADO;AV ENGENHEIRO ABDIAS DE CARVALHO;;RUA SANTA EDWIRGES;;PRADO;354.0;SUBURBIO;COLISÃO TRASEIRA;1.0;0.0;0.0;0.0;0.0;0.0;1.0;0.0;0.0;0.0;0.0;Cruzamento;Bom;Sem defeito;Perfeito estado;Seca;Perfeito estado;Faixa de pedestre;R-6a;;Dupla;Canteiro central;;;Tarde
1506;27/02/2020;15:20:00;SEM VÍTIMA;FINALIZADA;SANTANA;RUA JORGE GOMES DE SA;;;EM FRENTE AO PARQUE SANTANA;SANTANA;;SUBURBIO;ABALROAMENTO TRANSVERSAL;2.0;0.0;0.0;0.0;0.0;0.0;0.0;0.0;0.0;0.0;0.0;Longo da via;Bom;Não existe;Incompleta;Seca;Perfeito estado;Não existe;Não há placas;;Dupla;Não existe;;;Tarde
1507;27/02/2020;16:01:00;SEM VÍTIMA;FINALIZADA;PRADO;AV ENGENHEIRO ABDIAS DE CARVALHO;;RUA SANTA EDWIRGES;POSTO BR;PRADO;354.0;CIDADE;COLISÃO TRASEIRA;0.0;2.0;0.0;0.0;0.0;0.0;0.0;0.0;0.0;0.0;0.0;Cruzamento;Bom;Sem defeito;Perfeito estado;Seca;Perfeito estado;Faixa de pedestre;Outras;;Dupla;Faixa contínua;Faixa seccionada;Canteiro central;Tarde
1508;27/02/2020;16:05:00;SEM VÍTIMA;FINALIZADA;CORDEIRO;AV ENGENHEIRO ABDIAS DE CARVALHO;;;POSTO IPIRANGA;CORDEIRO;375.0;SUBURBIO;COLISÃO TRASEIRA;2.0;0.0;0.0;0.0;0.0;0.0;0.0;0.0;0.0;0.0;0.0;Longo da via;Bom;Sem defeito;Perfeito estado;Seca;Perfeito estado;Faixa de pedestre;;;Dupla;Canteiro central;;;Tarde
1509;27/02/2020;18:21:00;SEM VÍTIMA;FINALIZADA;BAIRRO DO RECIFE;AV ALFREDO LISBOA;;;EM FRENTE A PRAÇA DO MARCO ZERO;BAIRRO DO RECIFE;;;ABALROAMENTO LONGITUDINAL;1.0;0.0;0.0;0.0;0.0;0.0;1.0;0.0;0.0;0.0;0.0;Longo da via;Bom;Não existe;Perfeito estado;Seca;Perfeito estado;Não existe;;;Única;Não existe;;;Noite
1510;27/02/2020;20:11:00;SEM VÍTIMA;FINALIZADA;ALTO JOSÉ BONIFÁCIO;RUA ALTO DA SERRINHA;786;RUA ALTO DA SAUDADE;;ALTO JOSÉ BONIFÁCIO;;SUBURBIO;ABALROAMENTO LONGITUDINAL;1.0;0.0;0.0;0.0;0.0;0.0;1.0;0.0;0.0;0.0;0.0;Longo da via;Bom;Não existe;Não existente;Seca;Perfeito estado;Não existe;Não há placas;;Dupla;Não existe;;;Noite
1511;27/02/2020;20:22:00;SEM VÍTIMA;FINALIZADA;SAN MARTIN;AV GENERAL SAN MARTIN;2087;;;SAN MARTIN;;CIDADE;ABALROAMENTO LONGITUDINAL;2.0;0.0;0.0;0.0;0.0;0.0;0.0;0.0;0.0;0.0;0.0;Longo da via;Bom;Não existe;Ilegível;Seca;Mal iluminada;Não existe;Não há placas;;Dupla;Faixa contínua;;;Noite
1512;27/02/2020;21:50:00;SEM VÍTIMA;FINALIZADA;BOA VIAGEM;RUA PROFESSOR MARIO CASTRO;;RUA ANTONIO PASSOS;;BOA VIAGEM;;SUBURBIO;ABALROAMENTO LONGITUDINAL;2.0;0.0;0.0;0.0;0.0;0.0;0.0;0.0;0.0;0.0;0.0;Cruzamento;Bom;Não existe;Ilegível;Seca;Perfeito estado;Não existe;Não há placas;;Dupla;Faixa contínua;;;Noite
1513;27/02/2020;23:22:00;SEM VÍTIMA;FINALIZADA;BOA VIAGEM;AV CONSELHEIRO AGUIAR;;RUA ARTUR MUNIZ;POSTO BR;BOA VIAGEM;5.0;;ABALROAMENTO TRANSVERSAL;2.0;0.0;0.0;0.0;0.0;0.0;0.0;0.0;0.0;0.0;0.0;Cruzamento;Bom;Sem defeito;Perfeito estado;Seca;Perfeito estado;Faixa de pedestre;Outras;;Única;Faixa seccionada;;;Noite
1514;27/02/2020;23:34:00;SEM VÍTIMA;FINALIZADA;SANTO AMARO;RUA MARQUÊS DO POMBAL;831;RUA TUPINAMBAS;ESCOLA ANIBAL FERNANDES;SANTO AMARO;;SUBURBIO;ABALROAMENTO TRANSVERSAL;2.0;0.0;0.0;0.0;0.0;0.0;0.0;0.0;0.0;0.0;0.0;Cruzamento;Bom;Não existe;Perfeito estado;Seca;Perfeito estado;Faixa de retenção;Placas Pare;30 km/h;Dupla;Faixa seccionada;;;Noite
1515;28/02/2020;06:20:00;SEM VÍTIMA;FINALIZADA;IMBIRIBEIRA;AV MARECHAL MASCARENHAS DE MORAES;;;SUBIDA DA RAMPA POSTÃO B1 AEROPORTO DO RECIFE;IMBIRIBEIRA;;;CHOQUE OBJETO FIXO;1.0;0.0;0.0;0.0;0.0;0.0;0.0;0.0;0.0;0.0;0.0;Longo da via;Bom;Não existe;Perfeito estado;Seca;Perfeito estado;Não existe;Não há placas;;Única;Faixa contínua;;;Manhã
1516;28/02/2020;07:16:00;SEM VÍTIMA;FINALIZADA;JORDÃO;TUNEL FELIPE CAMARAO;;;ALÇA DE ACESSO À AVENIDA MARECHAL MASCARENHAS DE MORAIS;JORDÃO;;CIDADE;ABALROAMENTO LONGITUDINAL;2.0;0.0;0.0;0.0;0.0;0.0;0.0;0.0;0.0;0.0;0.0;;Bom;Não existe;Perfeito estado;Seca;Perfeito estado;Não existe;Não há placas;;Única;Não existe;;;Manhã
1517;28/02/2020;08:29:00;SEM VÍTIMA;FINALIZADA;IMBIRIBEIRA;RUA DEZ DE JULHO;;;ESTAÇÃO AEROPORTO;IMBIRIBEIRA;322.0;;ABALROAMENTO LONGITUDINAL;2.0;0.0;0.0;0.0;0.0;0.0;0.0;0.0;0.0;0.0;0.0;Longo da via;Bom;Sem defeito;Perfeito estado;Seca;Perfeito estado;Não existe;Não há placas;40 km/h;Única;Faixa seccionada;;;Manhã
1518;28/02/2020;08:50:00;SEM VÍTIMA;FINALIZADA;;AV DA RECUPERACAO;;AV NORTE;ROTATÓRIA DA MACAXEIRA;;;SUBURBIO;COLISÃO TRASEIRA;1.0;0.0;0.0;0.0;0.0;0.0;1.0;0.0;0.0;0.0;0.0;;Bom;Não existe;Perfeito estado;Seca;Perfeito estado;Não existe;Não há placas;;Única;Não existe;;;Manhã
1519;28/02/2020;09:14:00;SEM VÍTIMA;FINALIZADA;ILHA DO LEITE;PRC MIGUEL DE CERVANTES;;RUA ANTONIO GOMES DE FREITAS;;ILHA DO LEITE;;CIDADE;ABALROAMENTO LONGITUDINAL;2.0;0.0;0.0;0.0;0.0;0.0;0.0;0.0;0.0;0.0;0.0;Cruzamento;Bom;Não existe;Perfeito estado;Seca;Perfeito estado;Faixa de pedestre;Placas Pare;30 km/h;Única;;;;Manhã
1520;28/02/2020;09:15:00;SEM VÍTIMA;FINALIZADA;ESTÂNCIA;AV RECIFE;493;;ERIC EQUIPADORA;ESTÂNCIA;;;COLISÃO TRASEIRA;1.0;0.0;0.0;0.0;0.0;0.0;0.0;0.0;1.0;0.0;0.0;Longo da via;Bom;Sem defeito;Perfeito estado;Seca;;Faixa de pedestre;Outras;;Única;Canteiro central;;;Manhã
1521;28/02/2020;09:40:00;SEM VÍTIMA;FINALIZADA;AFOGADOS;RUA DA PAZ;82;;EMPRESA ASA Nº 82;AFOGADOS;73.0;SUBURBIO;ABALROAMENTO LONGITUDINAL;1.0;0.0;0.0;0.0;0.0;0.0;1.0;0.0;0.0;0.0;0.0;Longo da via;Bom;Sem defeito;Perfeito estado;Seca;Perfeito estado;Agente;R-6a;60 km/h;Única;Faixa seccionada;;;Manhã
1522;28/02/2020;09:59:00;SEM VÍTIMA;FINALIZADA;BOA VIAGEM;AV BOA VIAGEM;;;PARQUE DONA LINDU;BOA VIAGEM;1.0;CIDADE;COLISÃO TRASEIRA;2.0;0.0;0.0;0.0;0.0;0.0;0.0;0.0;0.0;0.0;0.0;Longo da via;Bom;Sem defeito;Perfeito estado;Seca;Perfeito estado;Faixa de pedestre;R-6b;60 km/h;Única;Faixa contínua;;;Manhã
1523;28/02/2020;10:02:00;SEM VÍTIMA;FINALIZADA;DERBY;RUA JORNALISTA PAULO BITTENCOURT;133;;EM FRENTE AO ESTACIONAMENTO LE PARK;DERBY;;CIDADE;COLISÃO TRASEIRA;2.0;0.0;0.0;0.0;0.0;0.0;0.0;0.0;0.0;0.0;0.0;Longo da via;Bom;Não existe;Perfeito estado;Seca;Perfeito estado;Outros;Outras;;Dupla;Faixa seccionada;;;Manhã
1524;28/02/2020;10:08:00;SEM VÍTIMA;FINALIZADA;CABANGA;AV ANTONIO DE GOES;;;AO LADO DO CABANGA;CABANGA;;CIDADE;ABALROAMENTO LONGITUDINAL;2.0;0.0;0.0;0.0;0.0;0.0;0.0;0.0;0.0;0.0;0.0;Longo da via;Bom;Não existe;Perfeito estado;Seca;Perfeito estado;Agente;Não há placas;60 km/h;Única;Faixa contínua;;;Manhã
1525;28/02/2020;10:43:00;SEM VÍTIMA;FINALIZADA;AFOGADOS;AV SUL;;;AO LADO DA ESTAÇÃO DO LARGO DA PAZ;AFOGADOS;;CIDADE;ABALROAMENTO TRANSVERSAL;1.0;0.0;0.0;0.0;0.0;0.0;1.0;0.0;0.0;0.0;0.0;Longo da via;Bom;Não existe;Perfeito estado;Seca;Perfeito estado;Outros;Outras;60 km/h;Única;Faixa seccionada;;;Manhã
1526;28/02/2020;10:47:00;SEM VÍTIMA;FINALIZADA;IMBIRIBEIRA;AV MARECHAL MASCARENHAS DE MORAES;1818;;EM FRENTE AUTO LINS HONDA;IMBIRIBEIRA;;SUBURBIO;COLISÃO TRASEIRA;2.0;0.0;0.0;0.0;0.0;0.0;0.0;0.0;0.0;0.0;0.0;Longo da via;Bom;Não existe;Não existente;Seca;Perfeito estado;Não existe;;60 km/h;Dupla;Faixa contínua;Faixa seccionada;Canteiro central;Manhã
1527;28/02/2020;12:16:00;SEM VÍTIMA;FINALIZADA;DERBY;;;;LADO OPOSTO AO QUARTEL DO DERBY;DERBY;;CIDADE;ABALROAMENTO LONGITUDINAL;2.0;0.0;0.0;0.0;0.0;0.0;0.0;0.0;0.0;0.0;0.0;Longo da via;Bom;Não existe;Perfeito estado;Seca;Perfeito estado;Não existe;Não há placas;40 km/h;Única;Faixa seccionada;;;Tarde
1528;28/02/2020;12:21:00;SEM VÍTIMA;FINALIZADA;ENCRUZILHADA;AV NORTE;;;LADO OPOSTO AO BANCO SANTANDER;ENCRUZILHADA;;SUBURBIO;COLISÃO TRASEIRA;2.0;0.0;0.0;0.0;0.0;0.0;0.0;0.0;0.0;0.0;0.0;Longo da via;Bom;Não existe;Perfeito estado;Seca;Perfeito estado;Faixa de pedestre;R-6a;;Única;Faixa seccionada;;;Tarde
1529;28/02/2020;13:06:00;COM VÍTIMA;FINALIZADA;CASA AMARELA;AV NORTE;6149;;;CASA AMARELA;;CIDADE;COLISÃO TRASEIRA;1.0;1.0;0.0;0.0;0.0;0.0;0.0;0.0;0.0;1.0;0.0;Longo da via;Bom;Não existe;Perfeito estado;Seca;Perfeito estado;Faixa de pedestre;Não há placas;60 km/h;Única;Faixa seccionada;;;Tarde
1530;28/02/2020;15:04:00;COM VÍTIMA;FINALIZADA;MADALENA;AV BEIRA RIO;;RUA DEMOSTENES DE OLINDA;;MADALENA;;CIDADE;ABALROAMENTO TRANSVERSAL;1.0;1.0;0.0;0.0;0.0;0.0;0.0;0.0;0.0;1.0;0.0;Esquina;Bom;Não existe;Perfeito estado;Seca;Perfeito estado;Faixa de pedestre;Placas Pare;;Dupla;Faixa;;;Tarde
1531;28/02/2020;15:59:00;SEM VÍTIMA;FINALIZADA;PARNAMIRIM;AV PARNAMIRIM;98;;EM FRENTE AO HOSPITAL MARIA LUCINDA;PARNAMIRIM;;CIDADE;COLISÃO TRASEIRA;3.0;0.0;0.0;0.0;0.0;0.0;0.0;0.0;0.0;0.0;0.0;Longo da via;Bom;Sem defeito;Perfeito estado;Seca;Perfeito estado;Não existe;R-6a;;Única;Faixa seccionada;;;Tarde
1532;28/02/2020;16:29:00;SEM VÍTIMA;FINALIZADA;BOA VISTA;AV GOVERNADOR AGAMENON MAGALHAES;1387;RUA DOM BOSCO;FRENTE A DROGASIL;BOA VISTA;174.0;;ABALROAMENTO LONGITUDINAL;2.0;0.0;0.0;0.0;0.0;0.0;0.0;0.0;0.0;0.0;0.0;Longo da via;Bom;Sem defeito;Perfeito estado;Seca;Perfeito estado;Agente;Outras;60 km/h;Dupla;Faixa contínua;Canteiro central;;Tarde
1533;28/02/2020;17:17:00;SEM VÍTIMA;FINALIZADA;BOA VIAGEM;AVENIDA CELSO FURTADO (VIA MANGUE);;RUA PADRE BERNADINO PESSOA;;BOA VIAGEM;;CIDADE;ABALROAMENTO LONGITUDINAL;2.0;0.0;0.0;0.0;0.0;0.0;0.0;0.0;0.0;0.0;0.0;Longo da via;Bom;Não existe;Perfeito estado;Seca;Perfeito estado;Não existe;Outras;60 km/h;Dupla;Faixa contínua;Faixa seccionada;;Tarde
1534;28/02/2020;17:17:00;SEM VÍTIMA;FINALIZADA;ENCRUZILHADA;AV JOAO DE BARROS;1904;;BANCO BRADESCO;ENCRUZILHADA;;CIDADE;ABALROAMENTO LONGITUDINAL;1.0;0.0;0.0;0.0;0.0;1.0;0.0;0.0;0.0;0.0;0.0;Longo da via;Bom;Não existe;Perfeito estado;Seca;Perfeito estado;Não existe;R-6a;;Única;Faixa seccionada;;;Tarde
1535;28/02/2020;17:31:00;SEM VÍTIMA;FINALIZADA;TAMARINEIRA;RUA JOSE CARVALHEIRA;;RUA DES EDMUNDO JORDAO;EM FRENTE AO POSTE DE SINALIZAÇÃO Nº B 003984;TAMARINEIRA;;;ABALROAMENTO TRANSVERSAL;2.0;0.0;0.0;0.0;0.0;0.0;0.0;0.0;0.0;0.0;0.0;Cruzamento;Bom;Não existe;Perfeito estado;Seca;Perfeito estado;Não existe;R-6a;;Única;Não existe;;;Tarde
1536;28/02/2020;18:01:00;SEM VÍTIMA;FINALIZADA;ENCRUZILHADA;AV JOAO DE BARROS;2026;;BANCA DO POETA;ENCRUZILHADA;;CIDADE;ABALROAMENTO LONGITUDINAL;1.0;1.0;0.0;0.0;0.0;0.0;0.0;0.0;0.0;0.0;0.0;Longo da via;Bom;Sem defeito;Perfeito estado;Seca;Perfeito estado;Não existe;;40 km/h;Única;Faixa seccionada;;;Noite
1537;28/02/2020;18:13:00;COM VÍTIMA;FINALIZADA;CAXANGÁ;AV CAXANGA;5335;;EM FRENTE AO GOLF CLUBE;CAXANGÁ;;CIDADE;COLISÃO COM CICLISTA;1.0;0.0;0.0;1.0;0.0;0.0;0.0;0.0;0.0;1.0;0.0;Longo da via;Bom;Não existe;Perfeito estado;Seca;Perfeito estado;Não existe;R-6a;;Dupla;Canteiro central;;;Noite
1538;28/02/2020;19:28:00;COM VÍTIMA;FINALIZADA;BOA VIAGEM;RUA MARIA CAROLINA;;RUA MINISTRO NELSON HUNGRIA;;BOA VIAGEM;;SUBURBIO;ABALROAMENTO TRANSVERSAL;2.0;0.0;0.0;0.0;0.0;0.0;0.0;0.0;0.0;2.0;0.0;Longo da via;Bom;Não existe;Não existente;Seca;Perfeito estado;Faixa de retenção;Não há placas;;Única;Faixa seccionada;;;Noite
1539;28/02/2020;19:04:00;SEM VÍTIMA;FINALIZADA;BOA VIAGEM;RUA CAPITAO ZUZINHA;192;;;BOA VIAGEM;;CIDADE;ABALROAMENTO LONGITUDINAL;2.0;0.0;0.0;0.0;0.0;0.0;0.0;0.0;0.0;0.0;0.0;Longo da via;Bom;Não existe;Perfeito estado;Seca;Perfeito estado;Faixa de pedestre;R-6a;;Única;Faixa seccionada;;;Noite
1540;28/02/2020;19:07:00;SEM VÍTIMA;FINALIZADA;SAN MARTIN;AV ENGENHEIRO ABDIAS DE CARVALHO;1897;;LADO OPOSTO AO Nº 1897;SAN MARTIN;;;ABALROAMENTO LONGITUDINAL;1.0;0.0;0.0;0.0;0.0;0.0;0.0;0.0;0.0;0.0;0.0;Longo da via;Bom;Não existe;Perfeito estado;Seca;Perfeito estado;Não existe;Não há placas;;Única;Faixa seccionada;Canteiro central;;Noite
1541;28/02/2020;20:04:00;SEM VÍTIMA;FINALIZADA;BOA VIAGEM;RUA BALTAZAR PASSOS;275;;;BOA VIAGEM;154.0;CIDADE;COLISÃO TRASEIRA;2.0;0.0;0.0;0.0;0.0;0.0;0.0;0.0;0.0;0.0;0.0;Longo da via;Bom;Sem defeito;Incompleta;Seca;Perfeito estado;Faixa de pedestre;R-6a;;Única;Faixa seccionada;;;Noite
1542;28/02/2020;21:38:00;SEM VÍTIMA;FINALIZADA;BOA VIAGEM;AVENIDA CELSO FURTADO (VIA MANGUE);;;CIA DO FUTEBOL;BOA VIAGEM;;CIDADE;COLISÃO TRASEIRA;1.0;1.0;0.0;0.0;0.0;0.0;0.0;0.0;0.0;0.0;0.0;Longo da via;Bom;Não existe;Perfeito estado;Seca;Perfeito estado;Não existe;Não há placas;60 km/h;Dupla;Faixa seccionada;;;Noite
1543;28/02/2020;21:42:00;SEM VÍTIMA;FINALIZADA;VASCO DA GAMA;RUA VASCO DA GAMA;;AV NORTE;SEMÁFORO Nº 066;VASCO DA GAMA;66.0;SUBURBIO;ABALROAMENTO LONGITUDINAL;0.0;1.0;0.0;0.0;0.0;1.0;0.0;0.0;0.0;0.0;0.0;;Bom;Sem defeito;Perfeito estado;Seca;Perfeito estado;Faixa de pedestre;Não há placas;;Dupla;Faixa seccionada;;;Noite
1544;28/02/2020;22:16:00;SEM VÍTIMA;FINALIZADA;IBURA;AV DOM HELDER CAMARA;351;;LINHA FÉRREA;IBURA;;CIDADE;COLISÃO TRASEIRA;2.0;0.0;0.0;0.0;0.0;0.0;0.0;0.0;0.0;0.0;0.0;Longo da via;Bom;Não existe;Perfeito estado;Seca;Perfeito estado;Não existe;Não há placas;;Dupla;Faixa contínua;;;Noite
1545;28/02/2020;22:24:00;SEM VÍTIMA;FINALIZADA;DERBY;AV GOVERNADOR AGAMENON MAGALHAES;;;PRAÇA DO DERBY ( POSTE DE Nº B 009037);DERBY;;SUBURBIO;ABALROAMENTO LONGITUDINAL;1.0;0.0;0.0;0.0;0.0;1.0;0.0;0.0;0.0;0.0;0.0;Longo da via;Bom;;;;;;Outras;;Dupla;Faixa seccionada;Canteiro central;;Noite
1546;28/02/2020;22:55:00;SEM VÍTIMA;FINALIZADA;;RUA BALTAZAR PASSOS;310;RUA PROFESSOR AUGUSTO LINS E SILVA;EM FRENTE A PAN JOVEM DELICATESSEN;;;CIDADE;ABALROAMENTO TRANSVERSAL;2.0;0.0;0.0;0.0;0.0;0.0;0.0;0.0;0.0;0.0;0.0;Cruzamento;Bom;Não existe;Perfeito estado;Seca;Perfeito estado;Não existe;Placas Pare;;Única;Faixa seccionada;;;Noite
1547;28/02/2020;23:31:00;SEM VÍTIMA;FINALIZADA;PRADO;RUA CARLOS GOMES;;RUA HERCULES FLORENCE;APÓS BIG CAR;PRADO;;SUBURBIO;ABALROAMENTO TRANSVERSAL;2.0;0.0;0.0;0.0;0.0;0.0;0.0;0.0;0.0;0.0;0.0;Longo da via;Bom;Não existe;Perfeito estado;Seca;Perfeito estado;Não existe;Outras;;Única;Faixa seccionada;;;Noite
1548;29/02/2020;00:07:00;SEM VÍTIMA;FINALIZADA;ESPINHEIRO;RUA DO ESPINHEIRO;200;RUA SANTO ELIAS;EM FRENTE AO POSTO IPIRANGA;ESPINHEIRO;;CIDADE;ABALROAMENTO TRANSVERSAL;2.0;0.0;0.0;0.0;0.0;0.0;0.0;0.0;0.0;0.0;0.0;Longo da via;Bom;Não existe;Perfeito estado;Seca;Perfeito estado;Faixa de retenção;Placas Pare;;Única;Faixa seccionada;;;Madrugada
1549;29/02/2020;07:47:00;COM VÍTIMA;FINALIZADA;IMBIRIBEIRA;AV SUL;;;TERMINAL INTEGRADO TANCREDO NEVES;IMBIRIBEIRA;;;ABALROAMENTO LONGITUDINAL;0.0;1.0;0.0;0.0;0.0;1.0;0.0;0.0;0.0;1.0;0.0;;Bom;Não existe;Perfeito estado;Seca;Perfeito estado;Não existe;Não há placas;20 km/h;Única;Não existe;;;Manhã
1550;29/02/2020;08:40:00;SEM VÍTIMA;FINALIZADA;NOVA DESCOBERTA;RUA NOVA DESCOBERTA;2480;;;NOVA DESCOBERTA;;SUBURBIO;ABALROAMENTO LONGITUDINAL;1.0;0.0;0.0;0.0;0.0;1.0;0.0;0.0;0.0;0.0;0.0;Longo da via;Bom;Não existe;Perfeito estado;Seca;Perfeito estado;Agente;Placas Pare;;Dupla;Não existe;;;Manhã
1551;29/02/2020;09:14:00;SEM VÍTIMA;FINALIZADA;BOA VISTA;RUA DR JOSE MARIANO;386;;LADO OPOSTO A CASA DOS FOLHEADOS;BOA VISTA;209.0;CIDADE;ABALROAMENTO LONGITUDINAL;2.0;0.0;0.0;0.0;0.0;0.0;0.0;0.0;0.0;0.0;0.0;Longo da via;Bom;Sem defeito;Perfeito estado;Seca;Perfeito estado;Outros;Outras;;Única;Não existe;;;Manhã
1552;29/02/2020;12:43:00;COM VÍTIMA;FINALIZADA;PASSARINHO;EST DE PASSARINHO;3260;;E/F AO BAR DO LABAREDAS;PASSARINHO;;;ABALROAMENTO LONGITUDINAL;1.0;1.0;0.0;0.0;0.0;0.0;0.0;0.0;0.0;1.0;0.0;Longo da via;Bom;Não existe;Perfeito estado;Seca;Perfeito estado;Não existe;;30 km/h;Dupla;Faixa seccionada;;;Tarde