indice;data;hora;natureza_acidente;situacao;bairro;endereco;numero;detalhe_endereco_acidente;complemento;bairro_cruzamento;num_semaforo;sentido_via;tipo;auto;moto;ciclom;ciclista;pedestre;onibus;caminhao;viatura;outros;vitimas;vitimasfatais;acidente_verificado;tempo_clima;situacao_semaforo;sinalizacao;condicao_via;conservacao_via;ponto_controle;situacao_placa;velocidade_max_via;mao_direcao;divisao_via1;divisao_via2;divisao_via3;turno
1553;29/02/2020;15:02:00;SEM VÍTIMA;FINALIZADA;SAN MARTIN;AV GENERAL SAN MARTIN;2102;;COPIADORA E PAPELARIA SANTO ANTONIO;SAN MARTIN;;;CHOQUE VEÍCULO PARADO;2.0;2.0;0.0;0.0;0.0;0.0;0.0;0.0;0.0;0.0;0.0;Longo da via;Bom;;;Seca;Perfeito estado;;;;Dupla;Faixa contínua;;;Tarde
1554;29/02/2020;16:23:00;SEM VÍTIMA;FINALIZADA;MADALENA;EST DOS REMEDIOS;;AV ENGENHEIRO ABDIAS DE CARVALHO;APÓS A BOB'S;MADALENA;52.0;SUBURBIO;ABALROAMENTO LONGITUDINAL;2.0;0.0;0.0;0.0;0.0;0.0;0.0;0.0;0.0;0.0;0.0;Cruzamento;Bom;Sem defeito;Perfeito estado;Seca;Perfeito estado;Faixa de pedestre;R-6a;;Dupla;Faixa contínua;Faixa seccionada;;Tarde
1555;29/02/2020;17:45:00;SEM VÍTIMA;FINALIZADA;BOA VISTA;RUA DOM BOSCO;;;EM FRENTE A DROGASIL;BOA VISTA;174.0;SUBURBIO;COLISÃO TRASEIRA;2.0;0.0;0.0;0.0;0.0;0.0;0.0;0.0;0.0;0.0;0.0;Longo da via;Bom;Sem defeito;Perfeito estado;Seca;Perfeito estado;Faixa de pedestre;;;Única;Faixa seccionada;;;Tarde
1556;29/02/2020;17:54:00;SEM VÍTIMA;FINALIZADA;IPUTINGA;AV MAURICIO DE NASSAU;80;RUA FILADELFIA;;IPUTINGA;;SUBURBIO;COLISÃO TRASEIRA;1.0;1.0;0.0;0.0;0.0;0.0;0.0;0.0;0.0;0.0;0.0;;Bom;Não existe;Incompleta;Seca;Mal conservada;Não existe;Não há placas;;Dupla;Não existe;;;Tarde
1557;29/02/2020;18:13:00;SEM VÍTIMA;FINALIZADA;BOA VIAGEM;AV ENGENHEIRO DOMINGOS FERREIRA;1930;RUA JORNALISTA FRANCISCO ALMEIDA;;BOA VIAGEM;;;ABALROAMENTO TRANSVERSAL;2.0;0.0;0.0;0.0;0.0;0.0;0.0;0.0;0.0;0.0;0.0;;Bom;Não existe;Perfeito estado;Seca;Perfeito estado;Não existe;Não há placas;60 km/h;Dupla;Faixa seccionada;;;Noite
1558;29/02/2020;19:46:00;COM VÍTIMA;FINALIZADA;AFOGADOS;RUA SAO MIGUEL;558;RUA OLIMPIO CHACON;NA ENTRADA DA VILA SÃO MIGUEL / E/F A AUTO PEÇAS PREMIER;AFOGADOS;;SUBURBIO;ABALROAMENTO TRANSVERSAL;1.0;1.0;0.0;0.0;0.0;0.0;0.0;0.0;0.0;1.0;0.0;Esquina;Bom;Sem defeito;Perfeito estado;Seca;Perfeito estado;;R-6a;40 km/h;Dupla;Faixa contínua;;;Noite
1559;01/03/2020;03:40:00;SEM VÍTIMA;FINALIZADA;SANTO AMARO;AV CRUZ CABUGA;;RUA DR JOAO VIEIRA DE MENEZES;POSTE DO SEMÁFORO DE PEDESTRE 674;SANTO AMARO;674.0;;CHOQUE OBJETO FIXO;0.0;0.0;0.0;0.0;0.0;1.0;0.0;0.0;0.0;0.0;0.0;Cruzamento;Chuvoso;Intermitente;Perfeito estado;Molhada;Mal iluminada;Faixa de pedestre;Não há placas;;Dupla;Faixa contínua;;;Madrugada
1560;01/03/2020;05:06:00;SEM VÍTIMA;FINALIZADA;BOA VIAGEM;AV BOA VIAGEM;4988;RUA DR VICENTE GOMES;PRÓXIMO A PRAÇA DE BOA VIAGEM;BOA VIAGEM;483.0;CIDADE;ABALROAMENTO TRANSVERSAL;2.0;0.0;0.0;0.0;0.0;1.0;0.0;0.0;0.0;0.0;0.0;Longo da via;Bom;Intermitente;Perfeito estado;Seca;Perfeito estado;Faixa de pedestre;Outras;;Única;;;;Madrugada
1561;01/03/2020;09:16:00;SEM VÍTIMA;FINALIZADA;COQUEIRAL;RUA ANANIAS CATANHO;797;;MAIS QUE AÇOUGUE;COQUEIRAL;;SUBURBIO;ABALROAMENTO TRANSVERSAL;2.0;0.0;0.0;0.0;0.0;0.0;0.0;0.0;0.0;0.0;0.0;Cruzamento;Bom;Não existe;Perfeito estado;Seca;Perfeito estado;Faixa de retenção;Não há placas;;Dupla;Faixa seccionada;;;Manhã
1562;01/03/2020;09:49:00;SEM VÍTIMA;FINALIZADA;IMBIRIBEIRA;AV MARECHAL MASCARENHAS DE MORAES;;;EM FRENTE A RENAULT SELECTION EUROVIA;IMBIRIBEIRA;534.0;SUBURBIO;COLISÃO TRASEIRA;2.0;0.0;0.0;0.0;0.0;0.0;0.0;0.0;0.0;0.0;0.0;;;Sem defeito;Perfeito estado;Seca;Perfeito estado;Faixa de retenção;Não há placas;;Dupla;Canteiro central;;;Manhã
1563;01/03/2020;10:06:00;SEM VÍTIMA;FINALIZADA;ESPINHEIRO;RUA CONS PORTELA;504;RUA QUARENTA E OITO;ESQUINA COMA PAGUE MENOS;ESPINHEIRO;11.0;SUBURBIO;ABALROAMENTO LONGITUDINAL;1.0;0.0;0.0;0.0;0.0;1.0;0.0;0.0;0.0;0.0;0.0;Cruzamento;Bom;Sem defeito;Perfeito estado;Seca;Perfeito estado;Faixa de pedestre;Não há placas;;Única;Faixa contínua;;;Manhã
1564;01/03/2020;10:13:00;SEM VÍTIMA;FINALIZADA;IMBIRIBEIRA;RUA ITAJAI;249;RUA ITACARI;;IMBIRIBEIRA;;SUBURBIO;ABALROAMENTO TRANSVERSAL;2.0;0.0;0.0;0.0;0.0;0.0;0.0;0.0;0.0;0.0;0.0;Cruzamento;Bom;Não existe;Perfeito estado;Seca;Perfeito estado;Faixa de pedestre;Placas Pare;;Dupla;Faixa seccionada;;;Manhã
1565;01/03/2020;10:16:00;SEM VÍTIMA;FINALIZADA;;RUA CORREGO ANTONIO RODRIGUES;519;;TERMINAL DE CHÃ DE ALEGRIA;;;;ABALROAMENTO LONGITUDINAL;1.0;0.0;0.0;0.0;0.0;1.0;0.0;0.0;0.0;0.0;0.0;Longo da via;Bom;Não existe;Incompleta;Seca;Perfeito estado;Não existe;Não há placas;;Dupla;Não existe;;;Manhã
1566;01/03/2020;10:28:00;SEM VÍTIMA;FINALIZADA;MADALENA;AV VISCONDE DE ALBUQUERQUE;937;;EM FRENTE AO NÚMERO 937;MADALENA;576.0;;COLISÃO TRASEIRA;2.0;0.0;0.0;0.0;0.0;0.0;0.0;0.0;0.0;0.0;0.0;Longo da via;Bom;Sem defeito;Perfeito estado;Seca;Perfeito estado;Faixa de pedestre;R-4a;;Única;Faixa seccionada;;;Manhã
1567;01/03/2020;11:12:00;SEM VÍTIMA;FINALIZADA;SANTO AMARO;AV CRUZ CABUGA;269;;EREM GINÁSIO PERNAMBUCANO;SANTO AMARO;523.0;CIDADE;ABALROAMENTO LONGITUDINAL;1.0;0.0;0.0;0.0;0.0;1.0;0.0;0.0;0.0;0.0;0.0;Longo da via;Bom;Sem defeito;Perfeito estado;Seca;Perfeito estado;Faixa de pedestre;Não há placas;;Dupla;Faixa contínua;;;Manhã
1568;01/03/2020;13:10:00;SEM VÍTIMA;FINALIZADA;APIPUCOS;RUA DOIS IRMAOS;414;;;APIPUCOS;535.0;CIDADE;ABALROAMENTO TRANSVERSAL;2.0;0.0;0.0;0.0;0.0;0.0;0.0;0.0;0.0;0.0;0.0;Cruzamento;Bom;Sem defeito;Perfeito estado;Seca;Perfeito estado;Faixa de pedestre;R-6a;60 km/h;Dupla;Faixa contínua;;;Tarde
1569;01/03/2020;17:02:00;SEM VÍTIMA;FINALIZADA;GRAÇAS;RUA DAS CREOULAS;78;;;GRAÇAS;;CIDADE;CHOQUE VEÍCULO PARADO;2.0;0.0;0.0;0.0;0.0;0.0;0.0;0.0;0.0;0.0;0.0;Longo da via;Bom;Sem defeito;Perfeito estado;Seca;Perfeito estado;Faixa de pedestre;Outras;;Única;Faixa seccionada;;;Tarde
1570;01/03/2020;18:37:00;SEM VÍTIMA;FINALIZADA;BAIRRO DO RECIFE;AV MARQUES DE OLINDA;;CAIS DA ALFANDEGA;;BAIRRO DO RECIFE;165.0;;ABALROAMENTO LONGITUDINAL;2.0;0.0;0.0;0.0;0.0;0.0;0.0;0.0;0.0;0.0;0.0;Cruzamento;Bom;Sem defeito;Perfeito estado;Seca;Perfeito estado;Faixa de pedestre;Não há placas;;Única;Faixa contínua;;;Noite
1571;01/03/2020;19:11:00;SEM VÍTIMA;FINALIZADA;IBURA;AV DOIS RIOS;;;EM FRENTE AO SESI;IBURA;;;COLISÃO;1.0;1.0;0.0;0.0;0.0;0.0;0.0;0.0;0.0;0.0;0.0;;;;;;;;;;;;;;Noite
1572;01/03/2020;22:21:00;SEM VÍTIMA;FINALIZADA;VASCO DA GAMA;RUA VASCO DA GAMA;1020;;EM FRENTE AO Nº 1020;VASCO DA GAMA;;SUBURBIO;COLISÃO TRASEIRA;1.0;1.0;0.0;0.0;0.0;0.0;0.0;0.0;0.0;0.0;0.0;Longo da via;Bom;Não existe;Perfeito estado;Seca;Perfeito estado;;;30 km/h;Dupla;Não existe;;;Noite
1573;02/03/2020;05:39:00;SEM VÍTIMA;FINALIZADA;ILHA DO RETIRO;RUA SPORT CLUBE DO RECIFE;;RUA JOSE MUCIO MONTEIRO;OPOSTO A ILHA DO RETIRO;ILHA DO RETIRO;367.0;SUBURBIO;COLISÃO COM CICLISTA;0.0;1.0;0.0;1.0;0.0;0.0;0.0;0.0;0.0;0.0;0.0;Longo da via;Bom;Sem defeito;Perfeito estado;Seca;Perfeito estado;Faixa de pedestre;Não há placas;;Dupla;Canteiro central;;;Madrugada
1574;02/03/2020;06:17:00;SEM VÍTIMA;FINALIZADA;CORDEIRO;RUA N S DA SAUDE;;RUA CORONEL FERNANDO FURTADO;PRÓXIMO A CRECHE MUNICIPAL MENINO JESUS DA BIMBA GRANDE;CORDEIRO;;SUBURBIO;ABALROAMENTO TRANSVERSAL;2.0;0.0;0.0;0.0;0.0;0.0;0.0;0.0;0.0;0.0;0.0;Cruzamento;Bom;Não existe;Perfeito estado;Seca;Perfeito estado;Não existe;Placas Pare;;Dupla;Faixa contínua;;;Manhã
1575;02/03/2020;06:39:00;SEM VÍTIMA;FINALIZADA;BOA VIAGEM;AV VINTE DE JANEIRO;295;RUA TENENTE AURELIO SAMPAIO;;BOA VIAGEM;;CIDADE;ABALROAMENTO TRANSVERSAL;1.0;0.0;0.0;0.0;0.0;1.0;0.0;0.0;0.0;0.0;0.0;;Bom;Não existe;Perfeito estado;Seca;Perfeito estado;Não existe;Placas Pare;;Dupla;Faixa seccionada;;;Manhã
1576;02/03/2020;07:11:00;SEM VÍTIMA;FINALIZADA;BOA VIAGEM;RUA DEZ DE JULHO;;RUA CAMBOIM;PRÓXIMO AO MAISON CRISTAL;BOA VIAGEM;;CIDADE;ABALROAMENTO TRANSVERSAL;2.0;0.0;0.0;0.0;0.0;0.0;0.0;0.0;0.0;0.0;0.0;Cruzamento;Bom;Não existe;Perfeito estado;Seca;Perfeito estado;Outros;Placas Pare;;Única;Faixa seccionada;;;Manhã
1577;02/03/2020;07:35:00;SEM VÍTIMA;FINALIZADA;CORDEIRO;AV CAXANGA;1126;;DELÍCIA DOS PRAZERES;CORDEIRO;;SUBURBIO;COLISÃO TRASEIRA;2.0;0.0;0.0;0.0;0.0;0.0;0.0;0.0;0.0;0.0;0.0;Longo da via;Bom;;Perfeito estado;Seca;Perfeito estado;;;;Dupla;Faixa seccionada;Canteiro central;;Manhã
1578;02/03/2020;07:41:00;SEM VÍTIMA;FINALIZADA;IMBIRIBEIRA;AV MARECHAL MASCARENHAS DE MORAES;;;EM FRENTE A LOCALIZA LOCADORA DE VEÍCULOS;IMBIRIBEIRA;;CIDADE;ABALROAMENTO LONGITUDINAL;1.0;1.0;0.0;0.0;0.0;0.0;0.0;0.0;0.0;0.0;0.0;Longo da via;Bom;Não existe;Perfeito estado;Seca;Perfeito estado;Não existe;Não há placas;60 km/h;Dupla;Faixa seccionada;Canteiro central;;Manhã
1579;02/03/2020;08:18:00;COM VÍTIMA;FINALIZADA;BOA VIAGEM;RUA PROFESSOR JOSE BRANDAO;;RUA FRANCISCO DA CUNHA;EM FRENTE AO BAR MANHATTAN;BOA VIAGEM;;SUBURBIO;ABALROAMENTO TRANSVERSAL;1.0;1.0;0.0;0.0;0.0;0.0;0.0;0.0;0.0;1.0;0.0;Cruzamento;Bom;Não existe;Perfeito estado;Seca;Perfeito estado;Outros;Placas Pare;;Única;Faixa seccionada;;;Manhã
1580;02/03/2020;08:31:00;SEM VÍTIMA;FINALIZADA;GRAÇAS;AV RUI BARBOSA;1599;;EM FRENTE AO Nº 1599;GRAÇAS;37.0;CIDADE;ABALROAMENTO LONGITUDINAL;1.0;0.0;0.0;0.0;0.0;0.0;1.0;0.0;0.0;0.0;0.0;Longo da via;Bom;Sem defeito;Perfeito estado;Seca;Perfeito estado;Agente;Outras;60 km/h;Única;Faixa seccionada;;;Manhã
1581;02/03/2020;08:36:00;COM VÍTIMA;FINALIZADA;CAMPO GRANDE;RUA JERONIMO VILELA;;RUA MANUEL DE BARROS LIMA;AO  LADO DA FARMACIA DROGASIL;CAMPO GRANDE;;SUBURBIO;ABALROAMENTO LONGITUDINAL;1.0;1.0;0.0;0.0;0.0;0.0;0.0;0.0;0.0;2.0;0.0;Longo da via;Bom;Não existe;Perfeito estado;Seca;Perfeito estado;Não existe;Outras;;Dupla;Faixa seccionada;;;Manhã
1582;02/03/2020;08:39:00;SEM VÍTIMA;FINALIZADA;ENCRUZILHADA;AV JOAO DE BARROS;;AV NORTE;SEMÁFORO Nº 043;ENCRUZILHADA;43.0;SUBURBIO;COLISÃO TRASEIRA;2.0;0.0;0.0;0.0;0.0;0.0;0.0;0.0;0.0;0.0;0.0;Cruzamento;Bom;Sem defeito;Perfeito estado;Seca;Perfeito estado;;;;Única;;;;Manhã
1583;02/03/2020;09:36:00;SEM VÍTIMA;FINALIZADA;BOA VISTA;AV CONDE DA BOA VISTA;;;EM FRENTE A MICROLINS;BOA VISTA;;CIDADE;ABALROAMENTO LONGITUDINAL;1.0;0.0;0.0;0.0;0.0;1.0;0.0;0.0;0.0;0.0;0.0;Longo da via;Bom;Sem defeito;Incompleta;Seca;;Não existe;Não há placas;;Dupla;;;;Manhã
1584;02/03/2020;09:54:00;SEM VÍTIMA;FINALIZADA;GRAÇAS;AV RUI BARBOSA;;RUA AMELIA;SOB O SEMÁFORO Nº 048;GRAÇAS;48.0;CIDADE;ABALROAMENTO LONGITUDINAL;0.0;0.0;0.0;0.0;0.0;1.0;0.0;0.0;0.0;0.0;0.0;Cruzamento;Bom;Sem defeito;Perfeito estado;Seca;Perfeito estado;Agente;;;Única;Faixa contínua;;;Manhã
1585;02/03/2020;10:23:00;SEM VÍTIMA;FINALIZADA;JOANA BEZERRA;RUA IMPERIAL;2056;;;JOANA BEZERRA;;SUBURBIO;ABALROAMENTO TRANSVERSAL;1.0;0.0;0.0;0.0;0.0;0.0;1.0;0.0;0.0;0.0;0.0;Longo da via;Bom;Não existe;Perfeito estado;Seca;Perfeito estado;Não existe;Outras;;Única;Faixa seccionada;;;Manhã
1586;02/03/2020;10:39:00;SEM VÍTIMA;FINALIZADA;IPUTINGA;RUA CELESTINO NEVES;209;AV PROFESSOR MORAES REGO;EM FRENTE A AUTOTRAC;IPUTINGA;;SUBURBIO;ABALROAMENTO LONGITUDINAL;2.0;0.0;0.0;0.0;0.0;0.0;0.0;0.0;0.0;0.0;0.0;Cruzamento;Bom;Não existe;Incompleta;Seca;Mal conservada;Não existe;Não há placas;;Dupla;Não existe;;;Manhã
1587;02/03/2020;10:44:00;SEM VÍTIMA;FINALIZADA;MADALENA;RUA COSTA GOMES;28;RUA REAL DA TORRE;RESTAURANTE PONTO DO AÇAÍ;MADALENA;;SUBURBIO;ABALROAMENTO LONGITUDINAL;2.0;0.0;0.0;0.0;0.0;0.0;0.0;0.0;0.0;0.0;0.0;Cruzamento;Bom;Não existe;Perfeito estado;Seca;Perfeito estado;Faixa de pedestre;Placas Pare;;Única;Não existe;;;Manhã
1588;02/03/2020;11:13:00;COM VÍTIMA;FINALIZADA;DOIS IRMÃOS;RUA DOIS IRMAOS;;;EM FRENTE A UNIVERSIDADE RURAL DE PERNAMBUCO;DOIS IRMÃOS;;SUBURBIO;ABALROAMENTO TRANSVERSAL;1.0;1.0;0.0;0.0;0.0;0.0;0.0;0.0;0.0;1.0;0.0;Longo da via;Bom;;Incompleta;Seca;Perfeito estado;Não existe;Não há placas;;Dupla;Não existe;;;Manhã
1589;02/03/2020;11:42:00;COM VÍTIMA;FINALIZADA;CORDEIRO;AV CAXANGA;;RUA ANTERO MOTA;E/F EXPOSIÇÃO DE ANIMAIS;CORDEIRO;;SUBURBIO;ABALROAMENTO TRANSVERSAL;2.0;0.0;0.0;0.0;0.0;0.0;0.0;0.0;0.0;2.0;0.0;Cruzamento;Bom;Sem defeito;Perfeito estado;Seca;Perfeito estado;Faixa de pedestre;Outras;;;Faixa contínua;;;Manhã
1590;02/03/2020;11:43:00;SEM VÍTIMA;FINALIZADA;BOA VIAGEM;RUA BALTAZAR PASSOS;;RUA SA E SOUZA;EM FRENTE A MAISON SETUBAL RECEPÇÕES;BOA VIAGEM;;;ABALROAMENTO LONGITUDINAL;2.0;0.0;0.0;0.0;0.0;0.0;0.0;0.0;0.0;0.0;0.0;Cruzamento;Bom;Não existe;;Seca;;Não existe;Placas Pare;40 km/h;Única;Não existe;;;Manhã
1591;02/03/2020;12:30:00;SEM VÍTIMA;FINALIZADA;TAMARINEIRA;AV ENGENHEIRO AGAMENON DE MAGALHAES MELO;54-A;;PRÓXIMO AO COLÉGIO ANGLO LÍDER;TAMARINEIRA;;SUBURBIO;CHOQUE VEÍCULO PARADO;2.0;0.0;0.0;0.0;0.0;0.0;0.0;0.0;0.0;0.0;0.0;Longo da via;Bom;Não existe;Perfeito estado;Seca;Perfeito estado;;Outras;;Dupla;Não existe;;;Tarde
1592;02/03/2020;12:40:00;SEM VÍTIMA;FINALIZADA;DERBY;AV GOVERNADOR AGAMENON MAGALHAES;;;EM FRENTE AO HOSPITAL DA RESTAURAÇÃO;DERBY;;;COLISÃO TRASEIRA;2.0;0.0;0.0;0.0;0.0;0.0;0.0;0.0;0.0;0.0;0.0;Longo da via;Bom;Sem defeito;Perfeito estado;Seca;Perfeito estado;Agente;Outras;60 km/h;Dupla;Faixa seccionada;;;Tarde
1593;02/03/2020;13:29:00;COM VÍTIMA;FINALIZADA;SANTO AMARO;RUA MAJOR CODECEIRA;;RUA DOS PALMARES;E/F AO LABOARATORIO JULIAO AO LADO DO PROCAPE;SANTO AMARO;;;ABALROAMENTO TRANSVERSAL;1.0;1.0;0.0;0.0;0.0;0.0;0.0;0.0;0.0;1.0;0.0;Cruzamento;Bom;Não existe;Perfeito estado;Seca;Perfeito estado;Não existe;R-6a;;Única;Faixa seccionada;;;Tarde
1594;02/03/2020;13:50:00;SEM VÍTIMA;FINALIZADA;BOA VIAGEM;AV DES JOSE NEVES;166;;;BOA VIAGEM;;CIDADE;COLISÃO TRASEIRA;2.0;0.0;0.0;0.0;0.0;0.0;0.0;0.0;0.0;0.0;0.0;Longo da via;Bom;Não existe;Perfeito estado;Seca;Perfeito estado;Não existe;R-6a;;Dupla;Canal;;;Tarde
1595;02/03/2020;13:58:00;SEM VÍTIMA;FINALIZADA;BOA VIAGEM;RUA VISCONDE DE JEQUITINHONHA;;RUA CAPITAO ZUZINHA;;BOA VIAGEM;433.0;SUBURBIO;COLISÃO TRASEIRA;1.0;0.0;0.0;0.0;0.0;1.0;0.0;0.0;0.0;0.0;0.0;Longo da via;Bom;Sem defeito;Perfeito estado;Seca;Perfeito estado;Agente;Outras;60 km/h;Única;Faixa seccionada;Canteiro central;;Tarde
1596;02/03/2020;14:08:00;SEM VÍTIMA;FINALIZADA;TORRE;RUA CONDE DE IRAJA;;RUA JOSE BONIFACIO;AO LADO DA PADARIA NOVA ARMADA;TORRE;191.0;SUBURBIO;ABALROAMENTO LONGITUDINAL;1.0;0.0;0.0;0.0;0.0;0.0;0.0;0.0;1.0;0.0;0.0;Cruzamento;Bom;Sem defeito;Perfeito estado;Seca;Perfeito estado;Faixa de pedestre;R-6a;;Única;Faixa seccionada;;;Tarde
1597;02/03/2020;14:09:00;SEM VÍTIMA;FINALIZADA;ESPINHEIRO;AV GOVERNADOR AGAMENON MAGALHAES;24;RUA SAO SALVADOR;;ESPINHEIRO;;CIDADE;ABALROAMENTO LONGITUDINAL;2.0;0.0;0.0;0.0;0.0;0.0;0.0;0.0;0.0;0.0;0.0;Longo da via;Bom;Não existe;Perfeito estado;Seca;Perfeito estado;Não existe;Outras;40 km/h;Dupla;Canteiro central;;;Tarde
1598;02/03/2020;14:26:00;SEM VÍTIMA;FINALIZADA;SAN MARTIN;RUA COMENDADOR FRANCO FERREIRA;476;RUA MOSSORO;;SAN MARTIN;;SUBURBIO;ABALROAMENTO TRANSVERSAL;2.0;0.0;0.0;0.0;0.0;0.0;0.0;0.0;0.0;0.0;0.0;Cruzamento;Bom;Não existe;;Seca;;Não existe;Placas Pare;;Dupla;Não existe;;;Tarde
1599;02/03/2020;14:54:00;SEM VÍTIMA;FINALIZADA;ARRUDA;AV PROFESSOR JOSE DOS ANJOS;;;POSTE DE Nº H 038468;ARRUDA;306.0;;COLISÃO TRASEIRA;1.0;0.0;0.0;0.0;0.0;0.0;1.0;0.0;0.0;0.0;0.0;Longo da via;Bom;Sem defeito;Perfeito estado;Seca;Perfeito estado;Faixa de pedestre;Outras;;Dupla;Canal;;;Tarde
1600;02/03/2020;14:57:00;SEM VÍTIMA;FINALIZADA;MADALENA;RUA JOAO IVO DA SILVA;;AV ENGENHEIRO ABDIAS DE CARVALHO;PRÓXIMO AO HABIB'S;MADALENA;132.0;;COLISÃO FRONTAL;1.0;1.0;0.0;0.0;0.0;0.0;0.0;0.0;0.0;0.0;0.0;Cruzamento;Bom;Sem defeito;Perfeito estado;Seca;Perfeito estado;Agente;;;Dupla;Faixa seccionada;;;Tarde
1601;02/03/2020;15:08:00;SEM VÍTIMA;FINALIZADA;IMBIRIBEIRA;AV MARECHAL MASCARENHAS DE MORAES;4861;;EM FRENTE A FPS;IMBIRIBEIRA;;CIDADE;COLISÃO TRASEIRA;3.0;0.0;0.0;0.0;0.0;0.0;0.0;0.0;0.0;0.0;0.0;Longo da via;Bom;Sem defeito;Perfeito estado;Seca;Perfeito estado;Não existe;Não há placas;;Dupla;Faixa seccionada;Canteiro central;;Tarde
1602;02/03/2020;15:20:00;SEM VÍTIMA;FINALIZADA;MADALENA;AV BEIRA RIO;165;;EDF. QUINTA BEIRA RIO;MADALENA;;SUBURBIO;ABALROAMENTO LONGITUDINAL;2.0;0.0;0.0;0.0;0.0;0.0;0.0;0.0;0.0;0.0;0.0;Longo da via;Bom;Não existe;Perfeito estado;Seca;Perfeito estado;Não existe;Não há placas;50 km/h;Única;Faixa seccionada;;;Tarde
1603;02/03/2020;15:54:00;SEM VÍTIMA;FINALIZADA;BOA VIAGEM;RUA DO SA LEITAO;254;;ACADEMIA TOP FIT;BOA VIAGEM;;;CHOQUE VEÍCULO PARADO;1.0;1.0;0.0;0.0;0.0;0.0;0.0;0.0;0.0;0.0;0.0;Longo da via;Bom;Não existe;Perfeito estado;Seca;Perfeito estado;Não existe;Outras;;Dupla;Faixa seccionada;;;Tarde
1604;02/03/2020;17:51:00;SEM VÍTIMA;FINALIZADA;BOA VIAGEM;AV FERNANDO SIMOES BARBOSA;;;NA ENTRADA DO SHOPPING RECIFE;BOA VIAGEM;183.0;SUBURBIO;ABALROAMENTO LONGITUDINAL;1.0;0.0;0.0;0.0;0.0;1.0;0.0;0.0;0.0;0.0;0.0;;Bom;Sem defeito;Perfeito estado;Seca;Perfeito estado;Não existe;Outras;;Única;Faixa seccionada;;;Tarde
1605;02/03/2020;18:10:00;SEM VÍTIMA;FINALIZADA;IPSEP;RUA ITACAMBIRA;21B;;SUPER MERCADO STYLLO AO LADO;IPSEP;;SUBURBIO;COLISÃO TRASEIRA;2.0;0.0;0.0;0.0;0.0;0.0;0.0;0.0;0.0;0.0;0.0;Longo da via;Bom;Não existe;Perfeito estado;Seca;Perfeito estado;Não existe;Outras;20 km/h;Dupla;Não existe;;;Noite
1606;02/03/2020;18:46:00;SEM VÍTIMA;FINALIZADA;ESTÂNCIA;AV RECIFE;438;;EM FRENTE AO Nº 532;ESTÂNCIA;;;COLISÃO TRASEIRA;3.0;0.0;0.0;0.0;0.0;0.0;0.0;0.0;0.0;0.0;0.0;Longo da via;Bom;Não existe;Perfeito estado;Seca;Perfeito estado;Não existe;Não há placas;60 km/h;Dupla;Faixa seccionada;Canteiro central;;Noite
1607;02/03/2020;20:04:00;SEM VÍTIMA;FINALIZADA;VÁRZEA;RUA GENERAL POLIDORO;638;RUA ABATIA;FARMÁCIA ESPERANÇA;VÁRZEA;577.0;;ABALROAMENTO TRANSVERSAL;2.0;0.0;0.0;0.0;0.0;0.0;0.0;0.0;0.0;0.0;0.0;Cruzamento;Bom;Sem defeito;Perfeito estado;Seca;Perfeito estado;Faixa de pedestre;Outras;;Dupla;Faixa contínua;;;Noite
1608;02/03/2020;20:05:00;SEM VÍTIMA;FINALIZADA;COQUEIRAL;RUA APRIGIO GUIMARAES;;;FARMÁCIA SAN DIEGO;COQUEIRAL;157.0;SUBURBIO;ABALROAMENTO TRANSVERSAL;1.0;1.0;0.0;0.0;0.0;0.0;0.0;0.0;0.0;0.0;0.0;Cruzamento;Bom;Sem defeito;Incompleta;Seca;Perfeito estado;Faixa de pedestre;Não há placas;;Dupla;Não existe;;;Noite
1609;02/03/2020;20:20:00;COM VÍTIMA;FINALIZADA;SANTO AMARO;AV NORTE;141;RUA VINTE E QUATRO DE AGOSTO;RUA VINTE E QUATRO DE AGOSTO - PROXIMO À CONTAX;SANTO AMARO;463.0;SUBURBIO;ABALROAMENTO TRANSVERSAL;0.0;1.0;0.0;0.0;0.0;1.0;0.0;0.0;0.0;1.0;0.0;Cruzamento;Bom;Sem defeito;Perfeito estado;Seca;Perfeito estado;Não existe;Outras;;Dupla;Faixa seccionada;;;Noite
1610;02/03/2020;21:34:00;SEM VÍTIMA;FINALIZADA;SANTO AMARO;AV CRUZ CABUGA;;RUA MORAES DE INHAMA;HOSPITAL SANTA CASA;SANTO AMARO;344.0;SUBURBIO;ABALROAMENTO LONGITUDINAL;1.0;0.0;0.0;0.0;0.0;0.0;1.0;0.0;0.0;0.0;0.0;Cruzamento;Chuvoso;Sem defeito;Perfeito estado;Molhada;Perfeito estado;Não existe;Outras;;Dupla;Faixa seccionada;;;Noite
1611;02/03/2020;22:00:00;SEM VÍTIMA;FINALIZADA;TORRE;RUA PROFESSOR TRAJANO DE MENDONCA;113;;DOM GALETUS DELIVERY;TORRE;;SUBURBIO;COLISÃO TRASEIRA;2.0;0.0;0.0;0.0;0.0;0.0;0.0;0.0;0.0;0.0;0.0;Longo da via;Bom;Não existe;Perfeito estado;Seca;Perfeito estado;Faixa de pedestre;Outras;;Única;Faixa seccionada;;;Noite
1612;02/03/2020;23:34:00;COM VÍTIMA;FINALIZADA;IBURA;AV DOIS RIOS;;RUA RIO XINGU;EM FRENTE AO POSTO DE GASOLINA BR;IBURA;351.0;SUBURBIO;ABALROAMENTO TRANSVERSAL;2.0;0.0;0.0;0.0;0.0;0.0;0.0;0.0;0.0;2.0;0.0;Cruzamento;Bom;Sem defeito;Perfeito estado;Seca;Perfeito estado;Faixa de pedestre;Não há placas;;Dupla;Faixa contínua;;;Noite