indice;data;hora;natureza_acidente;situacao;bairro;endereco;numero;detalhe_endereco_acidente;complemento;bairro_cruzamento;num_semaforo;sentido_via;tipo;auto;moto;ciclom;ciclista;pedestre;onibus;caminhao;viatura;outros;vitimas;vitimasfatais;acidente_verificado;tempo_clima;situacao_semaforo;sinalizacao;condicao_via;conservacao_via;ponto_controle;situacao_placa;velocidade_max_via;mao_direcao;divisao_via1;divisao_via2;divisao_via3;turno
1613;03/03/2020;00:00:00;SEM VÍTIMA;FINALIZADA;BOA VIAGEM;AV MARECHAL JUAREZ TAVORA;;RUA JOAO CARDOSO AIRES;;BOA VIAGEM;478.0;SUBURBIO;ABALROAMENTO LONGITUDINAL;2.0;0.0;0.0;0.0;0.0;0.0;0.0;0.0;0.0;0.0;0.0;Cruzamento;Bom;Sem defeito;Ilegível;Seca;Mal iluminada;Faixa de pedestre;Não há placas;;Única;Faixa seccionada;;;Madrugada
1614;03/03/2020;07:39:00;COM VÍTIMA;FINALIZADA;AFOGADOS;EST DOS REMEDIOS;POSTE Nº BO20959;;EM FRENTE A PIGALLE. Nº1481;AFOGADOS;;CIDADE;ABALROAMENTO LONGITUDINAL;0.0;2.0;0.0;0.0;0.0;0.0;0.0;0.0;0.0;1.0;0.0;Longo da via;Bom;Sem defeito;Perfeito estado;Seca;Perfeito estado;Outros;Outras;60 km/h;Única;Faixa seccionada;;;Manhã
1615;03/03/2020;07:57:00;SEM VÍTIMA;FINALIZADA;IPSEP;RUA ADERBAL DE MELO;;RUA PADRE LIMA E SA;;IPSEP;;SUBURBIO;ABALROAMENTO TRANSVERSAL;1.0;1.0;0.0;0.0;0.0;0.0;0.0;0.0;0.0;0.0;0.0;Cruzamento;Bom;Não existe;Perfeito estado;Seca;Perfeito estado;Não existe;Não há placas;;Dupla;Não existe;;;Manhã
1616;03/03/2020;07:59:00;SEM VÍTIMA;FINALIZADA;IBURA;AV ENGENHO SERRA VERDE;203;;PANIFICADORA MARAJÓ;IBURA;;CIDADE;ABALROAMENTO LONGITUDINAL;1.0;0.0;0.0;0.0;0.0;1.0;0.0;0.0;0.0;0.0;0.0;Longo da via;Bom;Não existe;Perfeito estado;Seca;Perfeito estado;Não existe;Não há placas;30 km/h;Única;Não existe;;;Manhã
1617;03/03/2020;08:05:00;SEM VÍTIMA;FINALIZADA;CASA AMARELA;AV NORTE;5841;AV PEDRO ALLAIN;OPOSTO RETIFICA PADRÃO;CASA AMARELA;95.0;SUBURBIO;COLISÃO TRASEIRA;1.0;1.0;0.0;0.0;0.0;0.0;0.0;0.0;0.0;0.0;0.0;Cruzamento;Bom;Sem defeito;Perfeito estado;Seca;Perfeito estado;Não existe;R-6a;;Dupla;Canteiro central;;;Manhã
1618;03/03/2020;08:34:00;COM VÍTIMA;FINALIZADA;AFOGADOS;RUA VISCONDE DE PELOTAS;42;;SOB O PONTILHÃO DO METRÔ DE AFOGADOS;AFOGADOS;;;ACID. DE PERCURSO;0.0;1.0;0.0;0.0;0.0;0.0;0.0;0.0;0.0;1.0;0.0;Longo da via;Bom;Não existe;Perfeito estado;Oleosa;Perfeito estado;Não existe;Não há placas;;Única;Faixa seccionada;;;Manhã
1619;03/03/2020;08:49:00;SEM VÍTIMA;FINALIZADA;ESTÂNCIA;AV DR JOSE RUFINO;146;;SUPLETIVO;ESTÂNCIA;;CIDADE;ABALROAMENTO LONGITUDINAL;1.0;0.0;0.0;0.0;0.0;1.0;0.0;0.0;0.0;0.0;0.0;Longo da via;Bom;Não existe;Perfeito estado;Seca;Perfeito estado;Não existe;Não há placas;;Dupla;Faixa contínua;;;Manhã
1620;03/03/2020;09:53:00;SEM VÍTIMA;FINALIZADA;SANTO AMARO;AV NORTE;;;EM FRENTE A PARADA DE ÔNIBUS 110030;SANTO AMARO;97.0;SUBURBIO;COLISÃO TRASEIRA;1.0;1.0;0.0;0.0;0.0;0.0;0.0;0.0;0.0;0.0;0.0;Longo da via;Bom;Sem defeito;Perfeito estado;Seca;Perfeito estado;Faixa de retenção;Não há placas;60 km/h;Única;Faixa seccionada;;;Manhã
1621;03/03/2020;11:07:00;SEM VÍTIMA;FINALIZADA;JORDÃO;AV MARIA IRENE;1225;;EM FRENTE A DINO SORVETES;JORDÃO;;SUBURBIO;ABALROAMENTO LONGITUDINAL;2.0;0.0;0.0;0.0;0.0;0.0;0.0;0.0;0.0;0.0;0.0;Longo da via;Bom;Não existe;Perfeito estado;Seca;Perfeito estado;Não existe;Não há placas;;Dupla;Faixa contínua;;;Manhã
1622;03/03/2020;12:19:00;SEM VÍTIMA;FINALIZADA;IPUTINGA;AV CAXANGA;;RUA GENERAL CANDIDO BORGES CASTELO BRANCO;PERNANBUCO DA SORTE;IPUTINGA;229.0;CIDADE;COLISÃO TRASEIRA;5.0;0.0;0.0;0.0;0.0;0.0;1.0;0.0;0.0;0.0;0.0;Cruzamento;Bom;Sem defeito;Perfeito estado;Seca;Perfeito estado;Faixa de pedestre;R-6a;;Única;Faixa seccionada;;;Tarde
1623;03/03/2020;12:49:00;COM VÍTIMA;FINALIZADA;CASA AMARELA;AV NORTE;6349;;NA ENTRADA DO VASCO DA GAMA NO SEMAFORO 066;CASA AMARELA;66.0;CIDADE;COLISÃO COM CICLISTA;2.0;0.0;0.0;1.0;0.0;0.0;1.0;0.0;0.0;1.0;0.0;Longo da via;Bom;Sem defeito;Perfeito estado;Seca;Perfeito estado;Faixa de retenção;Outras;60 km/h;Única;Canteiro central;;;Tarde
1624;03/03/2020;13:03:00;SEM VÍTIMA;FINALIZADA;PARNAMIRIM;RUA DES GOIS CAVALCANTE;;RUA PADRE ROMA;EM FRENTE A PRAÇA DR. LULA CABRAL DE MELO;PARNAMIRIM;358.0;SUBURBIO;COLISÃO TRASEIRA;2.0;0.0;0.0;0.0;0.0;0.0;0.0;0.0;0.0;0.0;0.0;Cruzamento;Bom;Sem defeito;Perfeito estado;Seca;Perfeito estado;Faixa de pedestre;Outras;40 km/h;Única;Faixa contínua;;;Tarde
1625;03/03/2020;13:08:00;SEM VÍTIMA;FINALIZADA;BOA VIAGEM;AV ENGENHEIRO DOMINGOS FERREIRA;;RUA PADRE BERNADINO PESSOA;;BOA VIAGEM;144.0;SUBURBIO;COLISÃO TRASEIRA;2.0;0.0;0.0;0.0;0.0;0.0;0.0;0.0;0.0;0.0;0.0;Cruzamento;Bom;Sem defeito;Perfeito estado;Seca;Perfeito estado;Faixa de pedestre;Não há placas;60 km/h;Única;Faixa contínua;;;Tarde
1626;03/03/2020;13:15:00;SEM VÍTIMA;FINALIZADA;BOA VISTA;RUA JOAQUIM DE BRITO;80;;EM FRENTE AO Nº 50;BOA VISTA;;CIDADE;ABALROAMENTO LONGITUDINAL;2.0;0.0;0.0;0.0;0.0;0.0;0.0;0.0;0.0;0.0;0.0;Longo da via;Bom;Não existe;Não existente;Seca;Mal conservada;Não existe;Não há placas;;Única;Não existe;;;Tarde
1627;03/03/2020;13:44:00;SEM VÍTIMA;FINALIZADA;BOA VISTA;RUA MONTE CASTELO;270;;;BOA VISTA;;SUBURBIO;COLISÃO TRASEIRA;2.0;0.0;0.0;0.0;0.0;0.0;0.0;0.0;0.0;0.0;0.0;Longo da via;Bom;Não existe;Perfeito estado;Seca;Perfeito estado;Não existe;Não há placas;;Única;Não existe;;;Tarde
1628;03/03/2020;14:05:00;SEM VÍTIMA;FINALIZADA;BOA VIAGEM;RUA BALTAZAR PASSOS;515;RUA JOSE HIPOLITO CARDOSO;COFFEE SHOP SÃO BRAZ;BOA VIAGEM;;;ABALROAMENTO TRANSVERSAL;1.0;0.0;0.0;0.0;0.0;1.0;0.0;0.0;0.0;0.0;0.0;Cruzamento;Bom;Não existe;Incompleta;Seca;Perfeito estado;Faixa de pedestre;Não há placas;;Única;Não existe;;;Tarde
1629;03/03/2020;14:28:00;SEM VÍTIMA;FINALIZADA;BOA VISTA;RUA DO HOSPICIO;;RUA PRINCESA IZABEL;EM FRENTE A CÂMARA DOS VEREADORES;BOA VISTA;31.0;SUBURBIO;ABALROAMENTO LONGITUDINAL;1.0;0.0;0.0;0.0;0.0;1.0;0.0;0.0;0.0;0.0;0.0;Cruzamento;Bom;Sem defeito;Perfeito estado;Seca;Perfeito estado;Agente;Outras;;Dupla;Faixa contínua;Blocos;;Tarde
1630;03/03/2020;14:30:00;SEM VÍTIMA;FINALIZADA;PRADO;RUA CARLOS DE OLIVEIRA FILHO;65;;;PRADO;;;ABALROAMENTO TRANSVERSAL;2.0;0.0;0.0;0.0;0.0;0.0;0.0;0.0;0.0;0.0;0.0;Longo da via;Bom;Não existe;Incompleta;Seca;Perfeito estado;Não existe;Não há placas;30 km/h;Dupla;Não existe;;;Tarde
1631;03/03/2020;14:36:00;SEM VÍTIMA;FINALIZADA;ILHA DO RETIRO;EST DOS REMEDIOS;1988;;EM FRENTE HC PNEUS;ILHA DO RETIRO;;;COLISÃO TRASEIRA;3.0;0.0;0.0;0.0;0.0;0.0;0.0;0.0;0.0;0.0;0.0;Longo da via;Bom;Sem defeito;Perfeito estado;Seca;Perfeito estado;Agente;;;Única;Faixa seccionada;;;Tarde
1632;03/03/2020;15:50:00;COM VÍTIMA;FINALIZADA;APIPUCOS;RUA DE APIPUCOS;866;RUA MANDACARU;E/F AO AÇUDE DE APIPUCOS;APIPUCOS;500.0;CIDADE;COLISÃO COM CICLISTA;1.0;1.0;0.0;1.0;0.0;0.0;0.0;0.0;0.0;1.0;0.0;Cruzamento;Bom;Sem defeito;Perfeito estado;Seca;Perfeito estado;Faixa de pedestre;R-6a;;Dupla;Faixa contínua;;;Tarde
1633;03/03/2020;15:51:00;COM VÍTIMA;FINALIZADA;ILHA DO LEITE;AV JOSE GONCALVES DE MEDEIROS;149;;FARMACIA PAGUE MENOS;ILHA DO LEITE;;ILHA DO RETIRO;ABALROAMENTO TRANSVERSAL;1.0;1.0;0.0;0.0;0.0;0.0;0.0;0.0;0.0;1.0;0.0;Longo da via;Bom;Não existe;Perfeito estado;Seca;Perfeito estado;;Não há placas;;Dupla;Faixa;;;Tarde
1634;03/03/2020;15:53:00;SEM VÍTIMA;FINALIZADA;COELHOS;RUA DOS COELHOS;441;;EM FRENTE AO HOSPITAL PEDRO II;COELHOS;359.0;SUBURBIO;ABALROAMENTO TRANSVERSAL;2.0;0.0;0.0;0.0;0.0;0.0;0.0;0.0;0.0;0.0;0.0;Longo da via;Bom;Sem defeito;Perfeito estado;Seca;Perfeito estado;Faixa de pedestre;R-6a;30 km/h;Dupla;Faixa contínua;;;Tarde
1635;03/03/2020;17:19:00;COM VÍTIMA;FINALIZADA;BOA VIAGEM;RUA HENRIQUE DIAS;;;AO LADO DO MEMORIAL SÃO JOSÉ;BOA VIAGEM;;CIDADE;ATROPELAMENTO;0.0;0.0;0.0;0.0;1.0;1.0;0.0;0.0;0.0;1.0;0.0;Longo da via;Bom;Sem defeito;Perfeito estado;Seca;Perfeito estado;Faixa de pedestre;Outras;;Única;Não existe;;;Tarde
1636;03/03/2020;17:28:00;SEM VÍTIMA;FINALIZADA;CASA AMARELA;RUA BELA VISTA;152;;PADARIA BELA VISTA;CASA AMARELA;;SUBURBIO;ABALROAMENTO LONGITUDINAL;2.0;0.0;0.0;0.0;0.0;0.0;0.0;0.0;0.0;0.0;0.0;Longo da via;Bom;Não existe;Não existente;Seca;Perfeito estado;Não existe;Não há placas;;Dupla;Não existe;;;Tarde
1637;03/03/2020;17:45:00;COM VÍTIMA;FINALIZADA;VÁRZEA;AV JOAQUIM RIBEIRO;733;;PROX A BORRACHARIA DO NADO PROX A PONTE S/T DOIS IRMAOS;VÁRZEA;;SUBURBIO;ABALROAMENTO LONGITUDINAL;1.0;1.0;0.0;0.0;0.0;0.0;0.0;0.0;0.0;1.0;0.0;Longo da via;Bom;Não existe;Ilegível;Seca;Perfeito estado;Não existe;Não há placas;;Dupla;;;;Tarde
1638;03/03/2020;18:46:00;SEM VÍTIMA;FINALIZADA;VÁRZEA;AV AFONSO OLINDENSE;;;EM FRENTE A PARADA DE ÔNIBUS 080256;VÁRZEA;;CIDADE;ABALROAMENTO LONGITUDINAL;1.0;0.0;0.0;0.0;0.0;1.0;0.0;0.0;0.0;0.0;0.0;Longo da via;Bom;Não existe;Perfeito estado;Seca;Perfeito estado;Não existe;Não há placas;;Dupla;Faixa contínua;;;Noite
1639;03/03/2020;19:09:00;SEM VÍTIMA;FINALIZADA;JARDIM SÃO PAULO;AV SAO PAULO;609;RUA BRAGANCA;Nº 609;JARDIM SÃO PAULO;;SUBURBIO;ABALROAMENTO LONGITUDINAL;1.0;1.0;0.0;0.0;0.0;0.0;0.0;0.0;0.0;0.0;0.0;;Bom;Não existe;Não existente;Seca;Perfeito estado;;Outras;;Dupla;Não existe;;;Noite
1640;03/03/2020;20:16:00;SEM VÍTIMA;FINALIZADA;CAJUEIRO;RUA SENADOR NILO COELHO;;;FRENTE AO ARMAZÉM CORAL;CAJUEIRO;;SUBURBIO;ABALROAMENTO TRANSVERSAL;2.0;0.0;0.0;0.0;0.0;0.0;0.0;0.0;0.0;0.0;0.0;Longo da via;Bom;Não existe;Perfeito estado;Seca;Perfeito estado;;Não há placas;40 km/h;Dupla;Não existe;;;Noite
1641;04/03/2020;06:44:00;SEM VÍTIMA;FINALIZADA;AFOGADOS;RUA SAO MIGUEL;;;SOB O SEMÁFORO Nº 392;AFOGADOS;392.0;CIDADE;COLISÃO TRASEIRA;2.0;0.0;0.0;0.0;0.0;0.0;0.0;0.0;0.0;0.0;0.0;Longo da via;Bom;Sem defeito;Incompleta;Seca;Perfeito estado;Não existe;Outras;;Dupla;Faixa contínua;;;Manhã
1642;04/03/2020;07:18:00;COM VÍTIMA;FINALIZADA;ENCRUZILHADA;EST DE BELEM;44;;EM FRENTE AO BANCO ITAU;ENCRUZILHADA;;SUBURBIO;ABALROAMENTO TRANSVERSAL;1.0;1.0;0.0;0.0;0.0;0.0;0.0;0.0;0.0;2.0;0.0;Longo da via;Bom;Não existe;Perfeito estado;Seca;Perfeito estado;Não existe;Placas Pare;40 km/h;Dupla;Faixa seccionada;;;Manhã
1643;04/03/2020;07:35:00;COM VÍTIMA;FINALIZADA;ARRUDA;RUA ZEFERINO AGRA;268;;EM FRENTE AO COLEGIO ADVENTISTA;ARRUDA;;SUBURBIO;COLISÃO FRONTAL;1.0;1.0;0.0;0.0;0.0;0.0;0.0;0.0;0.0;1.0;0.0;Longo da via;Bom;Não existe;Perfeito estado;Seca;Perfeito estado;Faixa de pedestre;Outras;;Dupla;Faixa contínua;;;Manhã
1644;04/03/2020;07:42:00;SEM VÍTIMA;FINALIZADA;ESPINHEIRO;AV GOVERNADOR AGAMENON MAGALHAES;2936;;SOBRADO EMPRESARIAL;ESPINHEIRO;;CIDADE;ABALROAMENTO LONGITUDINAL;2.0;0.0;0.0;0.0;0.0;0.0;0.0;0.0;0.0;0.0;0.0;Longo da via;Bom;Não existe;Não existente;Seca;Perfeito estado;Não existe;Não há placas;;Única;Faixa seccionada;;;Manhã
1645;04/03/2020;07:43:00;COM VÍTIMA;FINALIZADA;CORDEIRO;RUA TIJUCAS;198;;PROX AO RESTAURANTE JOÃO  DA CARNE DE SOL;CORDEIRO;;;ABALROAMENTO TRANSVERSAL;1.0;1.0;0.0;0.0;0.0;0.0;0.0;0.0;0.0;1.0;0.0;Cruzamento;Bom;Não existe;Ilegível;Seca;Perfeito estado;Não existe;Placas Pare;;Dupla;Não existe;;;Manhã
1646;04/03/2020;07:53:00;COM VÍTIMA;FINALIZADA;BOA VIAGEM;RUA RIBEIRO DE BRITO;590;;EM FRENTE AO LABORATORIO  BORIS  BERENSTEIN;BOA VIAGEM;;SUBURBIO;ABALROAMENTO LONGITUDINAL;1.0;1.0;0.0;0.0;0.0;0.0;0.0;0.0;0.0;1.0;0.0;Longo da via;Bom;Não existe;Perfeito estado;Seca;Perfeito estado;Não existe;Outras;;Única;Faixa seccionada;;;Manhã
1647;04/03/2020;08:02:00;SEM VÍTIMA;FINALIZADA;ESPINHEIRO;AV GOVERNADOR AGAMENON MAGALHAES;2936;;EM FRENTE AO EMPRESARIAL SOBRADO;ESPINHEIRO;;CIDADE;ABALROAMENTO LONGITUDINAL;2.0;0.0;0.0;0.0;0.0;0.0;0.0;0.0;0.0;0.0;0.0;Longo da via;Bom;Não existe;Não existente;Seca;Perfeito estado;Não existe;Outras;;Única;Faixa seccionada;;;Manhã
1648;04/03/2020;08:28:00;SEM VÍTIMA;FINALIZADA;ENCRUZILHADA;AV BEBERIBE;335;;;ENCRUZILHADA;;CIDADE;COLISÃO TRASEIRA;2.0;0.0;0.0;0.0;0.0;0.0;0.0;0.0;0.0;0.0;0.0;Longo da via;Bom;Sem defeito;Perfeito estado;Seca;Perfeito estado;Faixa de pedestre;Outras;40 km/h;Dupla;Faixa contínua;;;Manhã
1649;04/03/2020;08:44:00;SEM VÍTIMA;FINALIZADA;IPUTINGA;RUA MAURICIO DE NASSAU;;RUA PEREIRA COUTINHO FILHO;;IPUTINGA;;SUBURBIO;COLISÃO TRASEIRA;2.0;0.0;0.0;0.0;0.0;0.0;0.0;0.0;0.0;0.0;0.0;Longo da via;Bom;;Perfeito estado;Seca;Perfeito estado;;;40 km/h;Dupla;;;;Manhã
1650;04/03/2020;08:38:00;SEM VÍTIMA;FINALIZADA;CAMPO GRANDE;RUA ODORICO MENDES;115;RUA VISCONDE DE CAIRU;PRÓXIMO AO CLUBE DA PÁS;CAMPO GRANDE;;SUBURBIO;ABALROAMENTO TRANSVERSAL;2.0;0.0;0.0;0.0;0.0;0.0;0.0;0.0;0.0;0.0;0.0;Cruzamento;Bom;Não existe;Perfeito estado;Seca;Perfeito estado;;Placas Pare;;Dupla;Faixa seccionada;;;Manhã
1651;04/03/2020;09:00:00;COM VÍTIMA;FINALIZADA;TORRE;RUA MARQUES DE MARICA;147;;EM FRENTE AO CONDOMINIO PRAÇA DAS CARMELIA;TORRE;;SUBURBIO;ABALROAMENTO LONGITUDINAL;1.0;1.0;0.0;0.0;0.0;0.0;0.0;0.0;0.0;1.0;0.0;Longo da via;Bom;Não existe;Perfeito estado;Seca;Perfeito estado;Não existe;Não há placas;;Dupla;Faixa seccionada;;;Manhã
1652;04/03/2020;09:10:00;COM VÍTIMA;FINALIZADA;CORDEIRO;EST DO FORTE DO ARRAIAL N. DO B. JESUS;341 A;RUA AUREO XAVIER;EM FRENTE AO RESTAURANTE O PESCADOR;CORDEIRO;;CIDADE;COLISÃO COM CICLISTA;0.0;1.0;0.0;1.0;0.0;0.0;0.0;0.0;0.0;2.0;0.0;Cruzamento;Bom;Não existe;Perfeito estado;Seca;Perfeito estado;Não existe;Placas Pare;;Dupla;Faixa contínua;Faixa seccionada;;Manhã
1653;04/03/2020;09:18:00;SEM VÍTIMA;FINALIZADA;MADALENA;RUA BENFICA;1146;;AO LADO DO MUSEU DA ABOLIÇÃO;MADALENA;257.0;CIDADE;ABALROAMENTO LONGITUDINAL;2.0;0.0;0.0;0.0;0.0;0.0;0.0;0.0;0.0;0.0;0.0;Longo da via;Bom;Sem defeito;Perfeito estado;Seca;Perfeito estado;Faixa de pedestre;R-6a;60 km/h;Dupla;Faixa contínua;;;Manhã
1654;04/03/2020;09:33:00;SEM VÍTIMA;FINALIZADA;BOA VIAGEM;AV BOA VIAGEM;;RUA BALTAZAR PASSOS;;BOA VIAGEM;149.0;CIDADE;COLISÃO TRASEIRA;2.0;0.0;0.0;0.0;0.0;0.0;0.0;0.0;0.0;0.0;0.0;Longo da via;Bom;Sem defeito;Perfeito estado;Seca;Perfeito estado;Faixa de pedestre;;60 km/h;Única;Faixa contínua;;;Manhã
1655;04/03/2020;09:35:00;SEM VÍTIMA;FINALIZADA;BOA VIAGEM;AV CONSELHEIRO AGUIAR;;RUA CORONEL BENEDITO CHAVES;EM FRENTE AO HOTEL SAVERO;BOA VIAGEM;114.0;CIDADE;COLISÃO TRASEIRA;2.0;0.0;0.0;0.0;0.0;0.0;0.0;0.0;0.0;0.0;0.0;Cruzamento;Bom;Sem defeito;Perfeito estado;Seca;Perfeito estado;Faixa de pedestre;Não há placas;60 km/h;Única;;;;Manhã
1656;04/03/2020;09:40:00;SEM VÍTIMA;FINALIZADA;COHAB;AV ENGENHO SERRA VERDE;610;;PADARIA MARAJÓ;COHAB;;CIDADE;ABALROAMENTO LONGITUDINAL;1.0;0.0;0.0;0.0;0.0;1.0;0.0;0.0;0.0;0.0;0.0;Longo da via;Bom;Não existe;Perfeito estado;Seca;Perfeito estado;Não existe;R-6c;;Única;Faixa seccionada;;;Manhã
1657;04/03/2020;10:09:00;SEM VÍTIMA;FINALIZADA;;AV MARTINS DE BARROS;;;LADO OPOSTO AO TERMINAL CAIS DE SANTA RITA;;;SUBURBIO;ABALROAMENTO LONGITUDINAL;1.0;1.0;0.0;0.0;0.0;0.0;0.0;0.0;0.0;0.0;0.0;Longo da via;Bom;Não existe;Perfeito estado;Seca;Perfeito estado;Não existe;Não há placas;40 km/h;Dupla;Faixa seccionada;;;Manhã
1658;04/03/2020;10:26:00;SEM VÍTIMA;FINALIZADA;IMBIRIBEIRA;AV MARECHAL MASCARENHAS DE MORAES;440;;LADO OPOSTO AO FLOR ARTE;IMBIRIBEIRA;279.0;SUBURBIO;ABALROAMENTO LONGITUDINAL;1.0;1.0;0.0;0.0;0.0;0.0;0.0;0.0;0.0;0.0;0.0;Longo da via;Bom;Sem defeito;Perfeito estado;Seca;Perfeito estado;Faixa de pedestre;Outras;;Dupla;Faixa contínua;Faixa seccionada;Canteiro central;Manhã
1659;04/03/2020;10:32:00;SEM VÍTIMA;FINALIZADA;SANTO AMARO;AV GOVERNADOR AGAMENON MAGALHAES;;;EM FRENTE A FARMÁCIA PAGUE MENOS;SANTO AMARO;;;COLISÃO TRASEIRA;2.0;0.0;0.0;0.0;0.0;0.0;0.0;0.0;0.0;0.0;0.0;Longo da via;Bom;Sem defeito;Perfeito estado;Seca;Perfeito estado;Outros;Outras;60 km/h;Dupla;Canteiro central;;;Manhã
1660;04/03/2020;11:19:00;SEM VÍTIMA;FINALIZADA;IBURA;RUA RIO BRIGIDA;;RUA RIO PARNAIBA;;IBURA;;SUBURBIO;ABALROAMENTO LONGITUDINAL;1.0;0.0;0.0;0.0;0.0;0.0;1.0;0.0;0.0;0.0;0.0;Cruzamento;Bom;Não existe;Perfeito estado;Seca;Perfeito estado;Não existe;Placas Pare;30 km/h;Dupla;Faixa seccionada;;;Manhã
1661;04/03/2020;11:39:00;SEM VÍTIMA;FINALIZADA;BOA VISTA;RUA DO RIACHUELO;;;LADO OPOSTO AO Nº 309;BOA VISTA;;;ABALROAMENTO LONGITUDINAL;1.0;0.0;0.0;0.0;0.0;1.0;0.0;0.0;0.0;0.0;0.0;Longo da via;Bom;Não existe;Perfeito estado;Seca;Perfeito estado;Faixa de pedestre;;30 km/h;Dupla;Canteiro central;;;Manhã
1662;04/03/2020;12:01:00;SEM VÍTIMA;FINALIZADA;SÃO JOSÉ;AV SUL;;;HOTEL LUA DE MEL;SÃO JOSÉ;;CIDADE;CHOQUE VEÍCULO PARADO;1.0;0.0;0.0;0.0;0.0;0.0;0.0;0.0;1.0;0.0;0.0;Longo da via;Bom;Não existe;Incompleta;Seca;Perfeito estado;;Não há placas;;Dupla;Canteiro central;;;Tarde
1663;04/03/2020;12:38:00;SEM VÍTIMA;FINALIZADA;BOA VIAGEM;AV ENGENHEIRO DOMINGOS FERREIRA;;RUA BARAO DE SOUZA LEAO;EM FRENTE AO HOSPITAL;BOA VIAGEM;129.0;SUBURBIO;COLISÃO TRASEIRA;1.0;0.0;0.0;0.0;0.0;1.0;0.0;0.0;0.0;0.0;0.0;Longo da via;Bom;Sem defeito;Perfeito estado;Seca;Perfeito estado;Faixa de pedestre;Outras;;Única;Faixa contínua;Faixa seccionada;Canteiro central;Tarde
1664;04/03/2020;13:36:00;SEM VÍTIMA;FINALIZADA;MADALENA;RUA REAL DA TORRE;218;;TÚNEL DA ABOLIÇÃO;MADALENA;237.0;;COLISÃO TRASEIRA;0.0;0.0;0.0;0.0;0.0;2.0;0.0;0.0;0.0;0.0;0.0;Longo da via;Bom;Sem defeito;Perfeito estado;Seca;Perfeito estado;Faixa de pedestre;R-6a;;Única;Faixa seccionada;;;Tarde
1665;04/03/2020;13:51:00;SEM VÍTIMA;FINALIZADA;ALTO JOSÉ BONIFÁCIO;RUA ALTO JOSE BONIFACIO;140;;EM FRENTE A CASA PEREIRA FERRAGENS E MIUDEZAS;ALTO JOSÉ BONIFÁCIO;;SUBURBIO;ABALROAMENTO LONGITUDINAL;1.0;1.0;0.0;0.0;0.0;0.0;0.0;0.0;0.0;0.0;0.0;Longo da via;Bom;Não existe;Perfeito estado;Seca;Perfeito estado;Não existe;R-6a;;Dupla;Faixa seccionada;;;Tarde
1666;04/03/2020;13:53:00;SEM VÍTIMA;FINALIZADA;IBURA;RUA RIO DOURO;49;;ESCOLA CECÍLIA MEIRELES;IBURA;;SUBURBIO;ABALROAMENTO LONGITUDINAL;2.0;0.0;0.0;0.0;0.0;0.0;0.0;0.0;0.0;0.0;0.0;Longo da via;Bom;Não existe;Perfeito estado;Seca;Perfeito estado;Não existe;Não há placas;;Dupla;Não existe;;;Tarde
1667;04/03/2020;15:42:00;SEM VÍTIMA;FINALIZADA;DERBY;RUA JENER DE SOUZA;;;EM FRENTE AO QUARTEL DA POLICIA MILITAR;DERBY;;SUBURBIO;COLISÃO TRASEIRA;2.0;0.0;0.0;0.0;0.0;0.0;0.0;0.0;0.0;0.0;0.0;Longo da via;Bom;Não existe;Perfeito estado;Seca;Perfeito estado;Não existe;Outras;;Dupla;Canteiro central;;;Tarde
1668;04/03/2020;15:59:00;SEM VÍTIMA;FINALIZADA;MADALENA;AV VISCONDE DE ALBUQUERQUE;300;;ASTRAL VEÍCULOS;MADALENA;;SUBURBIO;ABALROAMENTO LONGITUDINAL;2.0;0.0;0.0;0.0;0.0;0.0;0.0;0.0;0.0;0.0;0.0;Longo da via;Bom;Não existe;Perfeito estado;Seca;Perfeito estado;Não existe;Outras;;Única;Faixa seccionada;;;Tarde
1669;04/03/2020;16:04:00;COM VÍTIMA;FINALIZADA;BOA VIAGEM;RUA CARLOS PEREIRA FALCAO;1145;;EM FRENTE AO EDIFICIO RENATA DIAS;BOA VIAGEM;;;COLISÃO;1.0;1.0;0.0;0.0;0.0;0.0;0.0;0.0;0.0;1.0;0.0;;;;;;;;;;;;;;Tarde
1670;04/03/2020;16:08:00;SEM VÍTIMA;FINALIZADA;SANTO ANTÔNIO;AV N S DO CARMO;660;AV MARTINS DE BARROS;EM FRENTE AO EDIFÍCIO INCONFIDÊNCIA;SANTO ANTÔNIO;204.0;SUBURBIO;ABALROAMENTO LONGITUDINAL;1.0;0.0;0.0;0.0;0.0;1.0;0.0;0.0;0.0;0.0;0.0;Longo da via;Bom;Sem defeito;Perfeito estado;Seca;Perfeito estado;Faixa de pedestre;Não há placas;;Dupla;Faixa contínua;;;Tarde
1671;04/03/2020;16:54:00;SEM VÍTIMA;FINALIZADA;AFOGADOS;RUA DA PAZ;396;;E/F AO BANCO ITAU;AFOGADOS;53.0;SUBURBIO;ABALROAMENTO LONGITUDINAL;2.0;0.0;0.0;0.0;0.0;0.0;0.0;0.0;0.0;0.0;0.0;Longo da via;Bom;Sem defeito;Perfeito estado;Seca;Perfeito estado;Faixa de pedestre;;;Única;Faixa contínua;Faixa seccionada;;Tarde
1672;04/03/2020;17:20:00;SEM VÍTIMA;FINALIZADA;MADALENA;AV JOSE GONCALVES DE MEDEIROS;121;;PRÓXIMO A FARMÁCIA PAGUE MENOS;MADALENA;;CIDADE;COLISÃO TRASEIRA;2.0;0.0;0.0;0.0;0.0;0.0;0.0;0.0;0.0;0.0;0.0;Longo da via;Bom;Não existe;Perfeito estado;Seca;Perfeito estado;Não existe;Não há placas;60 km/h;Dupla;Faixa contínua;;;Tarde