indice;data;hora;natureza_acidente;situacao;bairro;endereco;numero;detalhe_endereco_acidente;complemento;bairro_cruzamento;num_semaforo;sentido_via;tipo;auto;moto;ciclom;ciclista;pedestre;onibus;caminhao;viatura;outros;vitimas;vitimasfatais;acidente_verificado;tempo_clima;situacao_semaforo;sinalizacao;condicao_via;conservacao_via;ponto_controle;situacao_placa;velocidade_max_via;mao_direcao;divisao_via1;divisao_via2;divisao_via3;turno
1673;04/03/2020;17:24:00;SEM VÍTIMA;FINALIZADA;IBURA;AV DOM HELDER CAMARA;;;AO LADO DO NÚCLEO;IBURA;;CIDADE;ABALROAMENTO LONGITUDINAL;1.0;0.0;0.0;0.0;0.0;0.0;1.0;0.0;0.0;0.0;0.0;;Bom;Não existe;Perfeito estado;Seca;Perfeito estado;Não existe;Não há placas;;Dupla;Canteiro central;;;Tarde
1674;04/03/2020;18:05:00;SEM VÍTIMA;FINALIZADA;DOIS IRMÃOS;RUA DOIS IRMAOS;165;;LADO OPOSTO AO Nº 165;DOIS IRMÃOS;;CIDADE;ABALROAMENTO LONGITUDINAL;2.0;0.0;0.0;0.0;0.0;0.0;0.0;0.0;0.0;0.0;0.0;Longo da via;Bom;Não existe;Perfeito estado;Seca;Perfeito estado;Não existe;Outras;;Dupla;Faixa contínua;;;Noite
1675;04/03/2020;20:56:00;SEM VÍTIMA;FINALIZADA;IPUTINGA;AV CAXANGA;5362;;EM FRENTE AO CAXANGÁ GOLF & COUNTRY CLUB;IPUTINGA;;SUBURBIO;COLISÃO TRASEIRA;3.0;0.0;0.0;0.0;0.0;0.0;0.0;0.0;0.0;0.0;0.0;Longo da via;Bom;Não existe;Ilegível;Seca;Mal iluminada;Não existe;Não há placas;;Dupla;Canteiro central;;;Noite
1676;04/03/2020;21:27:00;COM VÍTIMA;FINALIZADA;BOA VIAGEM;AV ARMINDO MOURA;581;;E/F A VILA DA AERONAUTICA;BOA VIAGEM;;SUBURBIO;ABALROAMENTO LONGITUDINAL;1.0;1.0;0.0;0.0;0.0;0.0;0.0;0.0;0.0;1.0;0.0;Longo da via;Bom;Sem defeito;Perfeito estado;Seca;Perfeito estado;Faixa de pedestre;Placas Pare;;Dupla;Faixa contínua;;;Noite
1677;04/03/2020;22:08:00;SEM VÍTIMA;FINALIZADA;;AV ENGENHEIRO ABDIAS DE CARVALHO;1835;;CENTRO DE DISTRIBUIÇÃO DOS CORREIOS;;;SUBURBIO;COLISÃO TRASEIRA;2.0;0.0;0.0;0.0;0.0;0.0;0.0;0.0;0.0;0.0;0.0;Longo da via;Bom;Não existe;Perfeito estado;Seca;Perfeito estado;Não existe;Não há placas;;Dupla;Faixa seccionada;Canteiro central;;Noite
1678;04/03/2020;22:20:00;SEM VÍTIMA;FINALIZADA;CASA AMARELA;RUA ARNOLDO MAGALHAES;22;;;CASA AMARELA;;SUBURBIO;CHOQUE VEÍCULO PARADO;1.0;0.0;0.0;0.0;0.0;0.0;0.0;0.0;1.0;0.0;0.0;Longo da via;Bom;Não existe;Ilegível;Seca;Mal conservada;Não existe;Não há placas;20 km/h;Dupla;Não existe;;;Noite
1679;04/03/2020;22:27:00;COM VÍTIMA;FINALIZADA;AFOGADOS;RUA SAO MIGUEL;176;RUA JACIRA;E/F AO DEPATRI;AFOGADOS;;SUBURBIO;ABALROAMENTO LONGITUDINAL;1.0;1.0;0.0;0.0;0.0;0.0;0.0;0.0;0.0;1.0;0.0;Cruzamento;Bom;Sem defeito;Perfeito estado;Seca;Perfeito estado;Faixa de pedestre;;;Dupla;Faixa seccionada;;;Noite
1680;05/03/2020;04:51:00;SEM VÍTIMA;FINALIZADA;BOA VIAGEM;RUA BRUNO VELOSO;181;AV CONSELHEIRO AGUIAR;DROGASIL;BOA VIAGEM;;SUBURBIO;COLISÃO TRASEIRA;2.0;0.0;0.0;0.0;0.0;0.0;0.0;0.0;0.0;0.0;0.0;Longo da via;Bom;Sem defeito;Perfeito estado;Seca;Perfeito estado;Faixa de pedestre;Outras;;Única;Faixa seccionada;;;Madrugada
1681;05/03/2020;05:51:00;SEM VÍTIMA;FINALIZADA;IMBIRIBEIRA;RUA ARQUITETO LUIZ NUNES;217;RUA JULIO VERNE;APÓS A PONTE GILBERTO FREYRE;IMBIRIBEIRA;;SUBURBIO;COLISÃO TRASEIRA;2.0;0.0;0.0;0.0;0.0;0.0;0.0;0.0;0.0;0.0;0.0;;Bom;Não existe;Incompleta;Seca;Perfeito estado;Não existe;Outras;40 km/h;Única;Faixa seccionada;;;Madrugada
1682;05/03/2020;07:22:00;SEM VÍTIMA;FINALIZADA;IPUTINGA;RUA SAO MATEUS;223;RUA DR GASTAO DA SILVEIRA;;IPUTINGA;;SUBURBIO;ABALROAMENTO LONGITUDINAL;1.0;1.0;0.0;0.0;0.0;0.0;0.0;0.0;0.0;0.0;0.0;;Bom;Não existe;Perfeito estado;Seca;Perfeito estado;Não existe;Outras;;Dupla;Não existe;;;Manhã
1683;05/03/2020;07:44:00;SEM VÍTIMA;FINALIZADA;PINA;RUA MANOEL DE BRITO;311;;EM FRENTE FACULDADE IDE;PINA;659.0;CIDADE;COLISÃO TRASEIRA;2.0;0.0;0.0;0.0;0.0;0.0;0.0;0.0;0.0;0.0;0.0;Longo da via;Bom;Sem defeito;Perfeito estado;Seca;Perfeito estado;Agente;Não há placas;60 km/h;Única;Faixa seccionada;;;Manhã
1684;05/03/2020;08:13:00;SEM VÍTIMA;FINALIZADA;IPSEP;;60;AV RECIFE;POSTO DE GASOLINA SHELL;IPSEP;;CIDADE;COLISÃO TRASEIRA;1.0;0.0;0.0;0.0;0.0;1.0;0.0;0.0;0.0;0.0;0.0;Longo da via;Bom;Não existe;Perfeito estado;Seca;Perfeito estado;Não existe;;40 km/h;Única;Não existe;;;Manhã
1685;05/03/2020;08:22:00;SEM VÍTIMA;FINALIZADA;CORDEIRO;RUA SOUZA BANDEIRA;220B;;COLEGIO LUBIENSKA;CORDEIRO;;SUBURBIO;ABALROAMENTO LONGITUDINAL;2.0;0.0;0.0;0.0;0.0;0.0;0.0;0.0;0.0;0.0;0.0;Longo da via;Bom;Sem defeito;Perfeito estado;Seca;Perfeito estado;Não existe;Outras;;Única;Faixa seccionada;;;Manhã
1686;05/03/2020;08:46:00;SEM VÍTIMA;FINALIZADA;AFOGADOS;RUA FRANCISCO SILVEIRA;;RUA MOTOCOLOMBO;SERRALHARIA / AO LADO DO Nº 175;AFOGADOS;;SUBURBIO;COLISÃO TRASEIRA;1.0;0.0;0.0;0.0;0.0;0.0;1.0;0.0;0.0;0.0;0.0;;Bom;Não existe;Perfeito estado;Seca;Perfeito estado;Não existe;Não há placas;;Dupla;Não existe;;;Manhã
1687;05/03/2020;09:14:00;COM VÍTIMA;FINALIZADA;BOA VISTA;RUA DR LEOPOLDO LINS;;AV GOVERNADOR AGAMENON MAGALHAES;SOB O SEMÁFORO 078;BOA VISTA;78.0;SUBURBIO;ATROPELAMENTO;0.0;1.0;0.0;0.0;1.0;0.0;0.0;0.0;0.0;2.0;0.0;Cruzamento;Bom;Sem defeito;Perfeito estado;Seca;Perfeito estado;Faixa de pedestre;Não há placas;60 km/h;Dupla;Faixa seccionada;Canteiro central;;Manhã
1688;05/03/2020;09:56:00;SEM VÍTIMA;FINALIZADA;DERBY;RUA HENRIQUE DIAS;;;EM FRENTE AO COLEGIO DA POLICIA MILITAR;DERBY;;CIDADE;ABALROAMENTO LONGITUDINAL;2.0;0.0;0.0;0.0;0.0;0.0;0.0;0.0;0.0;0.0;0.0;Longo da via;Bom;Não existe;Perfeito estado;Seca;Perfeito estado;Não existe;Não há placas;;Única;Não existe;;;Manhã
1689;05/03/2020;10:11:00;SEM VÍTIMA;FINALIZADA;MADALENA;RUA REAL DA TORRE;218;RUA LOPES DE CARVALHO;;MADALENA;237.0;;ABALROAMENTO LONGITUDINAL;1.0;0.0;0.0;0.0;0.0;0.0;1.0;0.0;0.0;0.0;0.0;Longo da via;Bom;Sem defeito;Perfeito estado;Seca;Perfeito estado;Não existe;Placas Pare;50 km/h;Única;Faixa seccionada;;;Manhã
1690;05/03/2020;10:30:00;SEM VÍTIMA;FINALIZADA;IMBIRIBEIRA;RUA ITALIA;311;;AR FRIO CENTRO AUTOMOTIVO;IMBIRIBEIRA;;;ABALROAMENTO LONGITUDINAL;2.0;0.0;0.0;0.0;0.0;0.0;0.0;0.0;0.0;0.0;0.0;Longo da via;Bom;Não existe;Incompleta;Seca;Perfeito estado;Não existe;Não há placas;30 km/h;Dupla;Não existe;;;Manhã
1691;05/03/2020;10:44:00;COM VÍTIMA;FINALIZADA;DERBY;AV GOVERNADOR AGAMENON MAGALHAES;3850;PRC DO DERBY;EM FRENTE AO BANCO BRADESCO- VIA LOCAL;DERBY;;SUBURBIO;ABALROAMENTO LONGITUDINAL;1.0;1.0;0.0;0.0;0.0;0.0;0.0;0.0;0.0;1.0;0.0;Longo da via;Bom;Não existe;Perfeito estado;Seca;Perfeito estado;Não existe;Outras;;Dupla;Canteiro central;;;Manhã
1692;05/03/2020;11:35:00;COM VÍTIMA;FINALIZADA;ILHA JOANA BEZERRA;AV DES GUERRA BARRETO;;;AO LADO DO FORUM RODOLFO AURELIANO;ILHA JOANA BEZERRA;;CIDADE;ATROPELAMENTO;2.0;0.0;0.0;0.0;1.0;0.0;0.0;0.0;0.0;1.0;0.0;Longo da via;Bom;Sem defeito;Perfeito estado;Seca;Perfeito estado;Faixa de pedestre;Não há placas;;Dupla;Faixa contínua;;;Manhã
1693;05/03/2020;11:52:00;COM VÍTIMA;FINALIZADA;IPUTINGA;AV CAXANGA;4490;;EM FRENTE A VISTORIA DO DETRAN;IPUTINGA;230.0;SUBURBIO;COLISÃO TRASEIRA;1.0;2.0;0.0;0.0;0.0;0.0;0.0;0.0;0.0;3.0;0.0;Longo da via;Bom;Sem defeito;Perfeito estado;Seca;Perfeito estado;Agente;Não há placas;;Dupla;Canteiro central;;;Manhã
1694;05/03/2020;12:36:00;SEM VÍTIMA;FINALIZADA;BARRO;RUA ARACAGI;6225;;PROXIMO A PRIMEIRA IGREJA BATISTA DE AREIAS;BARRO;;SUBURBIO;CHOQUE OBJETO FIXO;1.0;0.0;0.0;0.0;0.0;0.0;0.0;0.0;0.0;0.0;0.0;Longo da via;Bom;Não existe;Não existente;Seca;Perfeito estado;Não existe;Não há placas;;Dupla;Não existe;;;Tarde
1695;05/03/2020;13:20:00;COM VÍTIMA;FINALIZADA;AREIAS;AV CAPITAO GREGORIO DE CALDAS;132;;E/F AO BIG BOMPREÇO S/T SUB;AREIAS;;SUBURBIO;ABALROAMENTO TRANSVERSAL;1.0;1.0;0.0;0.0;0.0;0.0;0.0;0.0;0.0;1.0;0.0;Longo da via;Bom;Não existe;Perfeito estado;Seca;Perfeito estado;Não existe;Não há placas;;Dupla;Canteiro central;;;Tarde
1696;05/03/2020;14:12:00;SEM VÍTIMA;FINALIZADA;CASA FORTE;RUA LEONARDO BEZERRA CAVALCANTE;240;;;CASA FORTE;;;COLISÃO TRASEIRA;2.0;0.0;0.0;0.0;0.0;0.0;0.0;0.0;0.0;0.0;0.0;Longo da via;Bom;Não existe;Perfeito estado;Seca;Perfeito estado;Não existe;Não há placas;;Dupla;Faixa contínua;;;Tarde
1697;05/03/2020;14:27:00;COM VÍTIMA;FINALIZADA;ENCRUZILHADA;RUA AMARO COUTINHO;474;RUA PROFESSOR OTAVIO DE FREITAS;;ENCRUZILHADA;;SUBURBIO;ABALROAMENTO TRANSVERSAL;1.0;1.0;0.0;0.0;0.0;0.0;0.0;0.0;0.0;1.0;0.0;Cruzamento;Bom;Não existe;Incompleta;Seca;Perfeito estado;Não existe;Não há placas;30 km/h;Dupla;Não existe;;;Tarde
1698;05/03/2020;14:51:00;SEM VÍTIMA;FINALIZADA;BOA VISTA;AV CONDE DA BOA VISTA;1573;;EM FRENTE AO Nº 1573;BOA VISTA;;CIDADE;ABALROAMENTO LONGITUDINAL;1.0;0.0;0.0;0.0;0.0;1.0;0.0;0.0;0.0;0.0;0.0;Longo da via;Bom;Não existe;Perfeito estado;Seca;;Não existe;R-6a;40 km/h;Dupla;Faixa contínua;;;Tarde
1699;05/03/2020;15:09:00;SEM VÍTIMA;FINALIZADA;PAISSANDU;RUA VIS DO LIVRAMENTO;119;;CENTRO MÉDICO;PAISSANDU;;CIDADE;ABALROAMENTO LONGITUDINAL;2.0;0.0;0.0;0.0;0.0;0.0;0.0;0.0;0.0;0.0;0.0;Longo da via;Bom;Não existe;Perfeito estado;Seca;Perfeito estado;Não existe;Outras;;Dupla;Não existe;;;Tarde
1700;05/03/2020;15:20:00;COM VÍTIMA;FINALIZADA;BOA VISTA;RUA DO HOSPICIO;;;EM FRENTE A CÂMARA DOS VEREADORES;BOA VISTA;;;COLISÃO;1.0;1.0;0.0;0.0;0.0;0.0;0.0;0.0;0.0;1.0;0.0;;;;;;;;;;;;;;Tarde
1701;05/03/2020;15:28:00;SEM VÍTIMA;FINALIZADA;BOA VISTA;RUA DO HOSPICIO;;RUA PRINCESA IZABEL;EM FRENTE A CÂMARA MUNICIPAL DO RECIFE;BOA VISTA;31.0;CIDADE;ABALROAMENTO LONGITUDINAL;1.0;1.0;0.0;0.0;0.0;0.0;0.0;0.0;0.0;0.0;0.0;Longo da via;Bom;Sem defeito;Perfeito estado;Seca;Perfeito estado;Agente;Outras;;Dupla;Faixa contínua;;;Tarde
1702;05/03/2020;15:45:00;SEM VÍTIMA;FINALIZADA;IMBIRIBEIRA;AV MARECHAL MASCARENHAS DE MORAES;2386;;EM FRENTE AO BRADESCO;IMBIRIBEIRA;161.0;SUBURBIO;ABALROAMENTO LONGITUDINAL;2.0;0.0;0.0;0.0;0.0;0.0;0.0;0.0;0.0;0.0;0.0;Longo da via;Bom;Sem defeito;Perfeito estado;Seca;Perfeito estado;Faixa de pedestre;Outras;60 km/h;Dupla;Faixa contínua;Faixa seccionada;Canteiro central;Tarde
1703;05/03/2020;15:57:00;SEM VÍTIMA;FINALIZADA;ENCRUZILHADA;RUA CASTRO ALVES;;;LADO OPOSTO A AGÊNCIA DA CAIXA ECONÔMICA FEDERAL;ENCRUZILHADA;;SUBURBIO;COLISÃO TRASEIRA;1.0;0.0;0.0;0.0;0.0;1.0;0.0;0.0;0.0;0.0;0.0;Longo da via;Bom;Não existe;Perfeito estado;Seca;Perfeito estado;Não existe;R-6a;;Única;Faixa seccionada;;;Tarde
1704;05/03/2020;16:46:00;SEM VÍTIMA;FINALIZADA;BAIRRO DO RECIFE;CAIS DA ALFANDEGA;;AV MARQUES DE OLINDA;AO LADO DA PONTE MAURICIO DE NASSAU;BAIRRO DO RECIFE;165.0;SUBURBIO;COLISÃO TRASEIRA;1.0;0.0;0.0;0.0;0.0;1.0;0.0;0.0;0.0;0.0;0.0;Cruzamento;Bom;Sem defeito;Perfeito estado;Seca;Perfeito estado;Faixa de pedestre;Outras;;Única;Faixa seccionada;;;Tarde
1705;05/03/2020;17:08:00;SEM VÍTIMA;FINALIZADA;JOANA BEZERRA;PTE JOSE DE BARROS LIMA;;;EM FRENTE A ACADEMIA DA CIDADE;JOANA BEZERRA;;SUBURBIO;COLISÃO TRASEIRA;2.0;0.0;0.0;0.0;0.0;0.0;0.0;0.0;0.0;0.0;0.0;Ponte;Bom;Não existe;Perfeito estado;Seca;Perfeito estado;Não existe;Não há placas;;Dupla;Faixa contínua;Canteiro central;;Tarde
1706;05/03/2020;17:29:00;SEM VÍTIMA;FINALIZADA;JARDIM SÃO PAULO;AV RECIFE;625;;AO LADO DO Nº 625;JARDIM SÃO PAULO;;SUBURBIO;ABALROAMENTO LONGITUDINAL;1.0;0.0;0.0;0.0;0.0;1.0;0.0;0.0;0.0;0.0;0.0;Longo da via;Bom;Não existe;Perfeito estado;Seca;;Não existe;Não há placas;;Dupla;Faixa seccionada;Canteiro central;;Tarde
1707;05/03/2020;19:26:00;COM VÍTIMA;FINALIZADA;DOIS IRMÃOS;RUA DOIS IRMAOS;;;E/F A REITORIA DA UFRPE;DOIS IRMÃOS;;SUBURBIO;ABALROAMENTO LONGITUDINAL;1.0;1.0;0.0;0.0;0.0;0.0;0.0;0.0;0.0;1.0;0.0;Cruzamento;Bom;Não existe;Perfeito estado;Seca;Perfeito estado;Não existe;Não há placas;;Dupla;Faixa contínua;Faixa seccionada;Canteiro central;Noite
1708;05/03/2020;20:18:00;SEM VÍTIMA;FINALIZADA;PASSARINHO;EST DE PASSARINHO;1240;;;PASSARINHO;;SUBURBIO;COLISÃO TRASEIRA;3.0;0.0;0.0;0.0;0.0;0.0;0.0;0.0;0.0;0.0;0.0;Longo da via;Bom;Não existe;Perfeito estado;Seca;Perfeito estado;;;;Dupla;Faixa contínua;;;Noite
1709;05/03/2020;20:42:00;SEM VÍTIMA;FINALIZADA;CAMPO GRANDE;RUA VOLUNTARIOS DA PATRIA;;RUA MARQUES DE ABRANTES;;CAMPO GRANDE;;CIDADE;ABALROAMENTO TRANSVERSAL;2.0;0.0;0.0;0.0;0.0;0.0;0.0;0.0;0.0;0.0;0.0;Cruzamento;Bom;Não existe;Perfeito estado;Seca;Perfeito estado;Não existe;Placas Pare;;Única;Não existe;;;Noite
1710;05/03/2020;22:44:00;COM VÍTIMA;FINALIZADA;CASA AMARELA;EST DO ARRAIAL;;RUA DA HARMONIA;PROX A IGREJA DA HARMONIA;CASA AMARELA;;SUBURBIO;ABALROAMENTO LONGITUDINAL;1.0;1.0;0.0;0.0;0.0;0.0;0.0;0.0;0.0;2.0;0.0;Cruzamento;Bom;Sem defeito;Perfeito estado;Seca;Perfeito estado;Não existe;Não há placas;;Única;Faixa contínua;;;Noite
1711;06/03/2020;02:02:00;SEM VÍTIMA;FINALIZADA;BOA VIAGEM;RUA RIBEIRO DE BRITO;1133;RUA GENERAL AMERICANO FREIRE;POSTO BR;BOA VIAGEM;;SUBURBIO;ABALROAMENTO LONGITUDINAL;2.0;0.0;0.0;0.0;0.0;0.0;0.0;0.0;0.0;0.0;0.0;Cruzamento;Bom;Não existe;Perfeito estado;Seca;Perfeito estado;Não existe;Outras;;Única;Faixa seccionada;;;Madrugada
1712;06/03/2020;08:47:00;SEM VÍTIMA;FINALIZADA;BOA VISTA;RUA DOM BOSCO;767;AV MANOEL BORBA;PRÓXIMO A RÁDIO RECIFE;BOA VISTA;28.0;SUBURBIO;ABALROAMENTO LONGITUDINAL;2.0;0.0;0.0;0.0;0.0;0.0;0.0;0.0;0.0;0.0;0.0;Longo da via;Bom;Sem defeito;Perfeito estado;Seca;Perfeito estado;Faixa de pedestre;Outras;;Dupla;Faixa contínua;;;Manhã
1713;06/03/2020;08:53:00;COM VÍTIMA;FINALIZADA;ARRUDA;AV BEBERIBE;896;;AO LADO DO LOJAO DO PETROLEO;ARRUDA;;CIDADE;ABALROAMENTO TRANSVERSAL;1.0;1.0;0.0;0.0;0.0;0.0;0.0;0.0;0.0;1.0;0.0;Longo da via;Bom;Não existe;Perfeito estado;Seca;Perfeito estado;;Outras;;Dupla;Faixa seccionada;;;Manhã
1714;06/03/2020;10:46:00;SEM VÍTIMA;FINALIZADA;;RUA ANTONIO CURADO;450;RUA MANUEL ALVES DEUSDARA;GUGA'S BURG;;;;ABALROAMENTO TRANSVERSAL;2.0;0.0;0.0;0.0;0.0;0.0;0.0;0.0;0.0;0.0;0.0;Cruzamento;Bom;Não existe;Perfeito estado;Seca;Perfeito estado;Não existe;Outras;;Dupla;;;;Manhã
1715;06/03/2020;14:46:00;SEM VÍTIMA;FINALIZADA;BOA VIAGEM;AV MARECHAL JUAREZ TAVORA;;RUA DEZ DE JULHO;;BOA VIAGEM;437.0;;ABALROAMENTO LONGITUDINAL;1.0;1.0;0.0;0.0;0.0;0.0;0.0;0.0;0.0;0.0;0.0;Cruzamento;Bom;Sem defeito;Perfeito estado;Seca;Perfeito estado;Faixa de pedestre;R-4b;;Única;Faixa seccionada;;;Tarde
1716;06/03/2020;15:17:00;SEM VÍTIMA;FINALIZADA;IBURA;AV RIO LARGO;100B;;;IBURA;512.0;SUBURBIO;ABALROAMENTO LONGITUDINAL;1.0;0.0;0.0;0.0;0.0;1.0;0.0;0.0;0.0;0.0;0.0;;Bom;Sem defeito;Perfeito estado;Seca;Perfeito estado;Não existe;;;Dupla;Não existe;;;Tarde
1717;06/03/2020;17:37:00;SEM VÍTIMA;FINALIZADA;CORDEIRO;AV ENGENHEIRO ABDIAS DE CARVALHO;;AV GENERAL SAN MARTIN;COMPAZ;CORDEIRO;58.0;SUBURBIO;COLISÃO TRASEIRA;2.0;0.0;0.0;0.0;0.0;0.0;0.0;0.0;0.0;0.0;0.0;Longo da via;Bom;Sem defeito;Perfeito estado;Seca;Perfeito estado;;;;Dupla;Canteiro central;;;Tarde
1718;06/03/2020;18:09:00;SEM VÍTIMA;FINALIZADA;POÇO DA PANELA;RUA LUIZ GUIMARAES;183;RUA DOS ARCOS;PRÓXIMO AO BARCHEF;POÇO DA PANELA;;CIDADE;ABALROAMENTO LONGITUDINAL;2.0;0.0;0.0;0.0;0.0;0.0;0.0;0.0;0.0;0.0;0.0;Longo da via;Bom;Não existe;Incompleta;Seca;Mal iluminada;Não existe;Não há placas;;Dupla;Não existe;;;Noite
1719;06/03/2020;19:08:00;SEM VÍTIMA;FINALIZADA;TAMARINEIRA;RUA GUIMARAES PEIXOTO;295;;TORRE DE LYON;TAMARINEIRA;;SUBURBIO;CHOQUE VEÍCULO PARADO;4.0;0.0;0.0;0.0;0.0;0.0;0.0;0.0;0.0;0.0;0.0;Longo da via;Bom;Não existe;Incompleta;Seca;Perfeito estado;Não existe;Outras;20 km/h;Única;;;;Noite
1720;06/03/2020;19:23:00;COM VÍTIMA;FINALIZADA;PARNAMIRIM;RUA DES GOIS CAVALCANTE;303;RUA MIZAEL MONTENEGRO;ESQUINA COM O PÃO DE AÇUCAR;PARNAMIRIM;;SUBURBIO;ABALROAMENTO LONGITUDINAL;1.0;1.0;0.0;0.0;0.0;0.0;0.0;0.0;0.0;2.0;0.0;Esquina;Bom;Não existe;Ilegível;Seca;Mal iluminada;Não existe;Não há placas;;Única;Faixa seccionada;;;Noite
1721;06/03/2020;20:22:00;SEM VÍTIMA;FINALIZADA;IPUTINGA;EST DO BARBALHO;1525;RUA EDGAR D'AMORIM;;IPUTINGA;;SUBURBIO;ABALROAMENTO LONGITUDINAL;1.0;1.0;0.0;0.0;0.0;0.0;0.0;0.0;0.0;0.0;0.0;;Bom;Não existe;Ilegível;Seca;Mal iluminada;Não existe;Não há placas;;Dupla;Não existe;;;Noite
1722;06/03/2020;23:27:00;SEM VÍTIMA;FINALIZADA;DOIS UNIDOS;AV HILDEBRANDO DE VASCONCELOS;164;;;DOIS UNIDOS;;SUBURBIO;COLISÃO TRASEIRA;2.0;0.0;0.0;0.0;0.0;0.0;0.0;0.0;0.0;0.0;0.0;Longo da via;Bom;Não existe;;Seca;Perfeito estado;Não existe;Não há placas;;Dupla;Não existe;;;Noite
1723;07/03/2020;03:41:00;COM VÍTIMA;FINALIZADA;ÁGUA FRIA;RUA DA REGENERACAO;333;RUA BOM CONSELHO;EM FRENTE AO SKINA DO CUPIM- AO LADO DO VERTICAL AUTOMOTIVO- PROX DO LÉO CHOPP;ÁGUA FRIA;;;ABALROAMENTO LONGITUDINAL;1.0;1.0;0.0;0.0;0.0;0.0;0.0;0.0;0.0;1.0;0.0;Cruzamento;Bom;Não existe;Não existente;Seca;Perfeito estado;;Não há placas;30 km/h;Dupla;Não existe;;;Madrugada
1724;07/03/2020;06:58:00;SEM VÍTIMA;FINALIZADA;MACAXEIRA;AV NORTE;7415;;LADO OPOSTO AO Nº - DIGO APÓS PARQUE DA MACAXEIRA;MACAXEIRA;;SUBURBIO;CHOQUE OBJETO FIXO;1.0;0.0;0.0;0.0;0.0;0.0;0.0;0.0;0.0;0.0;0.0;Longo da via;Bom;Não existe;Perfeito estado;Seca;Perfeito estado;Não existe;R-6a;;Única;Canteiro central;;;Manhã
1725;07/03/2020;07:16:00;SEM VÍTIMA;FINALIZADA;PINA;AV ENGENHEIRO DOMINGOS FERREIRA;1000;;PRIMER BATERIA;PINA;;SUBURBIO;COLISÃO TRASEIRA;1.0;1.0;0.0;0.0;0.0;0.0;0.0;0.0;0.0;0.0;0.0;Longo da via;Bom;Sem defeito;Perfeito estado;Seca;Perfeito estado;Faixa de pedestre;R-6a;60 km/h;Única;Faixa contínua;;;Manhã
1726;07/03/2020;07:41:00;SEM VÍTIMA;FINALIZADA;IPUTINGA;AV CAXANGA;2900;;EM FRENTE AO EXTRA SUPERMERCADO;IPUTINGA;;SUBURBIO;COLISÃO TRASEIRA;2.0;0.0;0.0;0.0;0.0;0.0;0.0;0.0;0.0;0.0;0.0;Longo da via;Bom;Não existe;Perfeito estado;Seca;Perfeito estado;Outros;Não há placas;40 km/h;Única;Faixa seccionada;;;Manhã
1727;07/03/2020;09:09:00;SEM VÍTIMA;FINALIZADA;BOA VIAGEM;AV CONSELHEIRO AGUIAR;2178;;DIPLOMATA DELICATESSEN;BOA VIAGEM;;CIDADE;ABALROAMENTO LONGITUDINAL;2.0;0.0;0.0;0.0;0.0;0.0;0.0;0.0;0.0;0.0;0.0;Longo da via;Bom;Não existe;Perfeito estado;Seca;Perfeito estado;Não existe;Não há placas;;Única;Faixa seccionada;;;Manhã
1728;07/03/2020;10:38:00;COM VÍTIMA;FINALIZADA;VÁRZEA;RUA VALE DO SIRIJI;23;;PROX A PRAÇA DA PIRIQUITA;VÁRZEA;;SUBURBIO;COLISÃO FRONTAL;1.0;0.0;1.0;0.0;0.0;0.0;0.0;0.0;0.0;1.0;0.0;Longo da via;Bom;Não existe;Não existente;Seca;Perfeito estado;Não existe;Não há placas;;Dupla;Não existe;;;Manhã
1729;07/03/2020;10:43:00;SEM VÍTIMA;FINALIZADA;SÍTIO DOS PINTOS;EST DOS PINTOS;4;;EM FRENTE AO Nº 04;SÍTIO DOS PINTOS;;CIDADE;ABALROAMENTO LONGITUDINAL;1.0;0.0;0.0;0.0;0.0;1.0;0.0;0.0;0.0;0.0;0.0;Longo da via;Bom;Não existe;Não existente;Seca;Perfeito estado;Não existe;Não há placas;;Dupla;Não existe;;;Manhã
1730;07/03/2020;11:11:00;SEM VÍTIMA;FINALIZADA;IMBIRIBEIRA;AV MARECHAL MASCARENHAS DE MORAES;;;EM FRENTE A UNIVERSIDADE UNIVERSO;IMBIRIBEIRA;;CIDADE;COLISÃO TRASEIRA;1.0;0.0;0.0;0.0;0.0;1.0;0.0;0.0;0.0;0.0;0.0;Longo da via;Bom;Sem defeito;Perfeito estado;Seca;Perfeito estado;Faixa de pedestre;Não há placas;60 km/h;Única;Faixa seccionada;;;Manhã
1731;07/03/2020;11:32:00;SEM VÍTIMA;FINALIZADA;ARRUDA;AV BEBERIBE;;;EM FRENTE AO ESTÁDIO JOSÉ DO REGO MACIEL;ARRUDA;;SUBURBIO;COLISÃO TRASEIRA;1.0;0.0;0.0;0.0;0.0;1.0;0.0;0.0;0.0;0.0;0.0;Longo da via;Bom;Não existe;Perfeito estado;Seca;Perfeito estado;Não existe;Não há placas;;Dupla;Faixa contínua;;;Manhã
1732;07/03/2020;11:34:00;SEM VÍTIMA;FINALIZADA;IBURA;RUA PINTOR AGENOR DE ALBUQUERQUE CESAR;13;;PRÓXIMO A GENESES GUARICA DIGITAL;IBURA;;;COLISÃO FRONTAL;2.0;0.0;0.0;0.0;0.0;0.0;0.0;0.0;0.0;0.0;0.0;Longo da via;Bom;Sem defeito;Perfeito estado;Seca;Perfeito estado;Não existe;R-6a;30 km/h;Dupla;Faixa seccionada;;;Manhã