indice;data;hora;natureza_acidente;situacao;bairro;endereco;numero;detalhe_endereco_acidente;complemento;bairro_cruzamento;num_semaforo;sentido_via;tipo;auto;moto;ciclom;ciclista;pedestre;onibus;caminhao;viatura;outros;vitimas;vitimasfatais;acidente_verificado;tempo_clima;situacao_semaforo;sinalizacao;condicao_via;conservacao_via;ponto_controle;situacao_placa;velocidade_max_via;mao_direcao;divisao_via1;divisao_via2;divisao_via3;turno
1733;07/03/2020;11:52:00;COM VÍTIMA;FINALIZADA;BOA VIAGEM;AV ENGENHEIRO DOMINGOS FERREIRA;1818;;EM FRENTE AO EXTRA SUPERMERCADO;BOA VIAGEM;;SUBURBIO;COLISÃO TRASEIRA;1.0;1.0;0.0;0.0;0.0;0.0;0.0;0.0;0.0;1.0;0.0;Longo da via;Bom;Não existe;Perfeito estado;Seca;Perfeito estado;Não existe;Não há placas;60 km/h;Única;Faixa seccionada;;;Manhã
1734;07/03/2020;12:08:00;SEM VÍTIMA;FINALIZADA;ENCRUZILHADA;AV JOAO DE BARROS;994;;EM FRENTE A AMERIEDS EXPRESS;ENCRUZILHADA;42.0;CIDADE;COLISÃO TRASEIRA;2.0;0.0;0.0;0.0;0.0;0.0;0.0;0.0;0.0;0.0;0.0;Longo da via;Bom;Sem defeito;Perfeito estado;Seca;Perfeito estado;Faixa de pedestre;R-6a;;Única;Faixa contínua;;;Tarde
1735;07/03/2020;13:58:00;SEM VÍTIMA;FINALIZADA;BOA VIAGEM;AV ENGENHEIRO DOMINGOS FERREIRA;1818;RUA ARTUR MUNIZ;EM FRENTE AO EXTRA SUPERMERCADO;BOA VIAGEM;380.0;SUBURBIO;COLISÃO TRASEIRA;2.0;0.0;0.0;0.0;0.0;0.0;0.0;0.0;0.0;0.0;0.0;Cruzamento;Bom;Sem defeito;Perfeito estado;Seca;Perfeito estado;Faixa de pedestre;Não há placas;60 km/h;Única;Faixa seccionada;;;Tarde
1736;07/03/2020;14:36:00;SEM VÍTIMA;FINALIZADA;SANTO ANTÔNIO;AV DANTAS BARRETO;;;EM FRENTE CASA PIO - PISTA DA ESQUERDA;SANTO ANTÔNIO;284.0;;ABALROAMENTO LONGITUDINAL;1.0;0.0;0.0;0.0;0.0;1.0;0.0;0.0;0.0;0.0;0.0;Cruzamento;Bom;Sem defeito;Perfeito estado;Seca;Perfeito estado;Faixa de pedestre;R-6a;;Única;;;;Tarde
1737;07/03/2020;15:23:00;SEM VÍTIMA;FINALIZADA;ILHA DO RETIRO;EST DOS REMEDIOS;2034;;LADO DA BOB'S;ILHA DO RETIRO;;SUBURBIO;ABALROAMENTO LONGITUDINAL;2.0;0.0;0.0;0.0;0.0;0.0;0.0;0.0;0.0;0.0;0.0;Longo da via;Bom;Não existe;Perfeito estado;Seca;Perfeito estado;Não existe;;40 km/h;Dupla;Faixa contínua;;;Tarde
1738;07/03/2020;16:04:00;SEM VÍTIMA;FINALIZADA;CORDEIRO;AV CAXANGA;1548;;AO LADO DA CAXANGÁ PISCINAS;CORDEIRO;;SUBURBIO;COLISÃO TRASEIRA;2.0;0.0;0.0;0.0;0.0;0.0;0.0;0.0;0.0;0.0;0.0;Longo da via;Bom;Não existe;Incompleta;Seca;Mal conservada;Não existe;R-6a;;Dupla;Faixa contínua;Faixa seccionada;;Tarde
1739;07/03/2020;16:15:00;SEM VÍTIMA;FINALIZADA;ILHA JOANA BEZERRA;AV ADVOGADO JOSE PAULO CAVALCANTI;;;AO LADO DO FÓRUM DA ILHA DE JOANA BEZERRA;ILHA JOANA BEZERRA;38.0;;COLISÃO TRASEIRA;2.0;0.0;0.0;0.0;0.0;0.0;0.0;0.0;0.0;0.0;0.0;Cruzamento;Bom;Sem defeito;Incompleta;Seca;Perfeito estado;Faixa de retenção;R-6a;;Dupla;Faixa contínua;;;Tarde
1740;07/03/2020;16:49:00;COM VÍTIMA;FINALIZADA;CASA FORTE;AV DEZESSETE DE AGOSTO;892;RUA DONA ADA VIEIRA;EDF CASA GRANDE;CASA FORTE;;CIDADE;ABALROAMENTO LONGITUDINAL;1.0;1.0;0.0;0.0;0.0;0.0;0.0;0.0;0.0;1.0;0.0;Longo da via;Bom;Não existe;Perfeito estado;Seca;Perfeito estado;Não existe;R-6a;;Dupla;Faixa;;;Tarde
1741;07/03/2020;16:50:00;SEM VÍTIMA;FINALIZADA;ÁGUA FRIA;RUA DA REGENERACAO;668;;AO LADO DA BUDEGA PRIME;ÁGUA FRIA;;;ABALROAMENTO LONGITUDINAL;1.0;0.0;0.0;0.0;0.0;0.0;0.0;0.0;2.0;0.0;0.0;Longo da via;Bom;Não existe;;Seca;Perfeito estado;Não existe;Não há placas;;Dupla;Não existe;;;Tarde
1742;07/03/2020;16:57:00;SEM VÍTIMA;FINALIZADA;BOA VIAGEM;AV BOA VIAGEM;4988;RUA DR VICENTE GOMES;EDF. LUIZ DIAS LINS;BOA VIAGEM;483.0;;COLISÃO TRASEIRA;2.0;0.0;0.0;0.0;0.0;0.0;0.0;0.0;0.0;0.0;0.0;Longo da via;Bom;Sem defeito;Perfeito estado;Seca;Perfeito estado;Faixa de pedestre;Não há placas;;Única;Faixa seccionada;;;Tarde
1743;07/03/2020;17:12:00;SEM VÍTIMA;FINALIZADA;AFOGADOS;RUA SAO MIGUEL;800;RUA BEZERRA DA PALMA;JUNTO AO QUARTEL DO EXERCITO 14º BATALHÃO LOGISTICO;AFOGADOS;;SUBURBIO;COLISÃO;1.0;0.0;0.0;0.0;0.0;0.0;0.0;0.0;0.0;0.0;0.0;;;;;;;;;;;;;;Tarde
1744;07/03/2020;18:31:00;SEM VÍTIMA;FINALIZADA;MADALENA;EST DOS REMEDIOS;;RUA BENFICA;;MADALENA;51.0;;ABALROAMENTO TRANSVERSAL;1.0;0.0;0.0;0.0;0.0;1.0;0.0;0.0;0.0;0.0;0.0;Cruzamento;Bom;Sem defeito;Perfeito estado;Seca;Perfeito estado;Faixa de pedestre;R-25d;;Única;Faixa contínua;;;Noite
1745;07/03/2020;20:14:00;SEM VÍTIMA;FINALIZADA;BOA VIAGEM;AV CONSELHEIRO AGUIAR;1385;RUA FREI LEANDRO;EM FRENTE A GALERIA NORTE CENTER;BOA VIAGEM;240.0;CIDADE;ABALROAMENTO LONGITUDINAL;1.0;1.0;0.0;0.0;0.0;0.0;0.0;0.0;0.0;0.0;0.0;Longo da via;Bom;Sem defeito;Perfeito estado;Seca;Perfeito estado;Faixa de pedestre;R-6a;60 km/h;Única;Faixa contínua;;;Noite
1746;08/03/2020;00:17:00;SEM VÍTIMA;FINALIZADA;IPSEP;AV RECIFE;3045;;EM FRENTE AO POSTO FEDERAL;IPSEP;;CIDADE;CHOQUE OBJETO FIXO;1.0;0.0;0.0;0.0;0.0;0.0;0.0;0.0;0.0;0.0;0.0;Longo da via;Bom;Não existe;Perfeito estado;Seca;Perfeito estado;Não existe;Não há placas;60 km/h;Dupla;Faixa seccionada;Canteiro central;;Madrugada
1747;08/03/2020;00:28:00;SEM VÍTIMA;FINALIZADA;JARDIM SÃO PAULO;RUA NOSSA SENHORA DE FATIMA;131;;PRÓXIMO A PRAÇA JARDIM SÃO PAULO;JARDIM SÃO PAULO;;CIDADE;COLISÃO TRASEIRA;2.0;0.0;0.0;0.0;0.0;0.0;0.0;0.0;0.0;0.0;0.0;Longo da via;Bom;Não existe;Não existente;Seca;Perfeito estado;Não existe;Não há placas;;Única;Não existe;;;Madrugada
1748;08/03/2020;00:53:00;SEM VÍTIMA;FINALIZADA;GRAÇAS;AV RUI BARBOSA;;RUA TENENTE ANTONIO JOAO;EM FRENTE AO COLÉGIO AGNES;GRAÇAS;;CIDADE;CHOQUE OBJETO FIXO;1.0;0.0;0.0;0.0;0.0;0.0;0.0;0.0;0.0;0.0;0.0;Longo da via;Bom;Não existe;Perfeito estado;Seca;Perfeito estado;Não existe;Não há placas;;Única;Não existe;;;Madrugada
1749;08/03/2020;05:27:00;COM VÍTIMA;FINALIZADA;BOA VIAGEM;AV CONSELHEIRO AGUIAR;2892;RUA PADRE BERNADINO PESSOA;;BOA VIAGEM;125.0;CIDADE;ABALROAMENTO TRANSVERSAL;2.0;0.0;0.0;0.0;0.0;0.0;0.0;0.0;0.0;1.0;0.0;Cruzamento;Bom;Sem defeito;Perfeito estado;Seca;Perfeito estado;Faixa de pedestre;Não há placas;60 km/h;Única;Faixa seccionada;;;Madrugada
1750;08/03/2020;08:50:00;SEM VÍTIMA;FINALIZADA;IMBIRIBEIRA;AV PRESIDENTE DUTRA;50;;EM FRENTE A TRÓPICOS ENGENHARIA;IMBIRIBEIRA;;SUBURBIO;ABALROAMENTO LONGITUDINAL;1.0;0.0;0.0;0.0;0.0;1.0;0.0;0.0;0.0;0.0;0.0;;Bom;;Perfeito estado;Seca;Perfeito estado;;;;Dupla;Faixa contínua;Canteiro central;;Manhã
1751;08/03/2020;09:01:00;COM VÍTIMA;FINALIZADA;CAXANGÁ;AV CAXANGA;5717;;EM BAIXO DO SEMAFORO 262;CAXANGÁ;262.0;CIDADE;COLISÃO TRASEIRA;1.0;1.0;0.0;0.0;0.0;0.0;0.0;0.0;0.0;1.0;0.0;Longo da via;Bom;Sem defeito;Perfeito estado;Seca;Perfeito estado;;;;Dupla;Faixa contínua;Faixa seccionada;Canteiro central;Manhã
1752;08/03/2020;10:53:00;SEM VÍTIMA;FINALIZADA;CAMPO GRANDE;RUA JERONIMO VILELA;;RUA DR MACHADO;;CAMPO GRANDE;565.0;SUBURBIO;ABALROAMENTO TRANSVERSAL;2.0;0.0;0.0;0.0;0.0;0.0;0.0;0.0;0.0;0.0;0.0;Cruzamento;Bom;Sem defeito;Perfeito estado;Seca;;Faixa de pedestre;;;Dupla;Faixa contínua;;;Manhã
1753;08/03/2020;10:58:00;SEM VÍTIMA;FINALIZADA;BOA VIAGEM;RUA DOS NAVEGANTES;;RUA CORONEL BENEDITO CHAVES;AO LADO DO Nº 401;BOA VIAGEM;;;ABALROAMENTO TRANSVERSAL;2.0;0.0;0.0;0.0;0.0;0.0;0.0;0.0;0.0;0.0;0.0;Cruzamento;Bom;Não existe;Perfeito estado;Seca;Perfeito estado;Não existe;R-4a;;Única;Não existe;;;Manhã
1754;08/03/2020;12:11:00;SEM VÍTIMA;FINALIZADA;CASA AMARELA;RUA PADRE LEMOS;;;MAGAZINE LUIZA;CASA AMARELA;;SUBURBIO;ABALROAMENTO TRANSVERSAL;1.0;0.0;0.0;0.0;0.0;1.0;0.0;0.0;0.0;0.0;0.0;Longo da via;Bom;Não existe;Perfeito estado;Seca;Perfeito estado;Não existe;Outras;40 km/h;Dupla;Faixa seccionada;;;Tarde
1755;08/03/2020;12:42:00;SEM VÍTIMA;FINALIZADA;BOA VIAGEM;RUA GENERAL EDSON AMANCIO RAMALHO;;RUA PEDRO PAES MENDONCA;;BOA VIAGEM;544.0;CIDADE;COLISÃO TRASEIRA;3.0;0.0;0.0;0.0;0.0;0.0;0.0;0.0;0.0;0.0;0.0;Longo da via;Bom;Sem defeito;Perfeito estado;Seca;Perfeito estado;Faixa de pedestre;R-6a;;Única;Faixa contínua;;;Tarde
1756;08/03/2020;13:04:00;COM VÍTIMA;FINALIZADA;MADALENA;RUA BENFICA;1150;;EM FRENTE AO MUSEU DA ABOLIÇÃO;MADALENA;257.0;SUBURBIO;COLISÃO COM CICLISTA;0.0;0.0;0.0;1.0;0.0;1.0;0.0;0.0;0.0;1.0;0.0;Longo da via;Bom;Sem defeito;Perfeito estado;Seca;Perfeito estado;Faixa de pedestre;R-26;40 km/h;Dupla;Faixa contínua;;;Tarde
1757;08/03/2020;13:18:00;SEM VÍTIMA;FINALIZADA;IPSEP;RUA JEAN EMILE FAVRE;;RUA PADRE LIMA E SA;PRÓXIMO A PADARIA MUSTAPAN;IPSEP;;CIDADE;ABALROAMENTO TRANSVERSAL;2.0;0.0;0.0;0.0;0.0;0.0;0.0;0.0;0.0;0.0;0.0;Cruzamento;Bom;Não existe;Perfeito estado;;;;Placas Pare;;Dupla;Faixa seccionada;;;Tarde
1758;08/03/2020;13:26:00;SEM VÍTIMA;FINALIZADA;ESTÂNCIA;AV RECIFE;;RUA MAESTRO ALCIDES LEAO;AO LADO DO MOTEL ESTORIL;ESTÂNCIA;;SUBURBIO;ABALROAMENTO LONGITUDINAL;2.0;0.0;0.0;0.0;0.0;0.0;0.0;0.0;0.0;0.0;0.0;Longo da via;Bom;Não existe;;Seca;;Não existe;R-6a;;Dupla;Canteiro central;;;Tarde
1759;08/03/2020;15:39:00;SEM VÍTIMA;FINALIZADA;BOA VISTA;AV LINS PETIT;161;;PRAÇA CHORA MENINO;BOA VISTA;;CIDADE;COLISÃO TRASEIRA;2.0;0.0;0.0;0.0;0.0;0.0;0.0;0.0;0.0;0.0;0.0;Longo da via;Bom;Não existe;Perfeito estado;Seca;Perfeito estado;Não existe;Outras;;Única;Não existe;;;Tarde
1760;08/03/2020;16:39:00;SEM VÍTIMA;FINALIZADA;ENCRUZILHADA;AV JOAO DE BARROS;;AV NORTE;;ENCRUZILHADA;43.0;CIDADE;ABALROAMENTO TRANSVERSAL;2.0;0.0;0.0;0.0;0.0;0.0;0.0;0.0;0.0;0.0;0.0;Cruzamento;Bom;Sem defeito;Perfeito estado;Seca;Perfeito estado;Faixa de pedestre;Outras;;Dupla;Canteiro central;;;Tarde
1761;08/03/2020;17:11:00;COM VÍTIMA;FINALIZADA;AFOGADOS;RUA SAO MIGUEL;558;;BRANCO DO BRASIL;AFOGADOS;;SUBURBIO;COLISÃO TRASEIRA;1.0;1.0;0.0;0.0;0.0;0.0;0.0;0.0;0.0;1.0;0.0;Longo da via;Bom;Não existe;;;;Não existe;;50 km/h;Dupla;Faixa contínua;;;Tarde
1762;08/03/2020;19:39:00;COM VÍTIMA;FINALIZADA;AREIAS;AV RECIFE;657;;PROX AO MAKRO;AREIAS;;BR 101;COLISÃO;0.0;1.0;0.0;0.0;0.0;1.0;0.0;0.0;0.0;1.0;0.0;Longo da via;Bom;Não existe;Perfeito estado;Seca;Perfeito estado;Não existe;Não há placas;;Dupla;Canteiro central;;;Noite
1763;08/03/2020;20:51:00;COM VÍTIMA;FINALIZADA;ÁGUA FRIA;EST VELHA DE AGUA FRIA;;;PROX AO DNOCS;ÁGUA FRIA;306.0;SUBURBIO;COLISÃO TRASEIRA;0.0;2.0;0.0;0.0;0.0;0.0;0.0;0.0;0.0;2.0;0.0;Cruzamento;Bom;Sem defeito;Perfeito estado;Seca;Perfeito estado;Faixa de pedestre;;;Dupla;Canteiro central;;;Noite
1764;08/03/2020;20:56:00;COM VÍTIMA;FINALIZADA;AREIAS;AV DR JOSE RUFINO;1508;RUA JOSE NATARIO;ENF. AO POSTO SHELL E FARMACIA DROGASIL;AREIAS;44.0;;ABALROAMENTO TRANSVERSAL;2.0;0.0;0.0;0.0;0.0;0.0;0.0;0.0;0.0;2.0;0.0;Cruzamento;Bom;Sem defeito;Perfeito estado;Seca;Perfeito estado;Faixa de pedestre;R-6a;40 km/h;Dupla;Faixa contínua;;;Noite
1765;08/03/2020;21:24:00;COM VÍTIMA;FINALIZADA;IBURA;AV DOIS RIOS;;RUA FERNANDO TOMAZ DA SILVA;EM FRENTE A FARMACIA INDEPENDENTE;IBURA;323.0;SUBURBIO;CAPOTAMENTO;6.0;0.0;0.0;0.0;0.0;0.0;0.0;0.0;0.0;1.0;0.0;Longo da via;Bom;Sem defeito;Perfeito estado;Seca;Perfeito estado;Faixa de pedestre;Outras;;Dupla;Faixa contínua;;;Noite
1766;08/03/2020;22:45:00;SEM VÍTIMA;FINALIZADA;BOA VIAGEM;RUA BARAO DE SOUZA LEAO;;;;BOA VIAGEM;129.0;;ABALROAMENTO TRANSVERSAL;2.0;0.0;0.0;0.0;0.0;0.0;0.0;0.0;0.0;0.0;0.0;Cruzamento;Bom;Sem defeito;Perfeito estado;Seca;Perfeito estado;;;;Única;;;;Noite
1767;09/03/2020;00:11:00;COM VÍTIMA;FINALIZADA;TORRÕES;AV ENGENHEIRO ABDIAS DE CARVALHO;240;;EM FRENTE A DROGARIA BONGI- AO LADO DA TECOMAT;TORRÕES;;SUBURBIO;COLISÃO;0.0;1.0;0.0;0.0;0.0;0.0;0.0;0.0;0.0;2.0;0.0;;;;;;;;;;;;;;Madrugada
1768;09/03/2020;02:11:00;SEM VÍTIMA;FINALIZADA;VASCO DA GAMA;RUA DOIS DE FEVEREIRO;523;;;VASCO DA GAMA;;SUBURBIO;CHOQUE VEÍCULO PARADO;1.0;0.0;0.0;0.0;0.0;0.0;1.0;0.0;0.0;0.0;0.0;Longo da via;Bom;Não existe;Não existente;Seca;Perfeito estado;Não existe;Não há placas;;Dupla;Não existe;;;Madrugada
1769;09/03/2020;06:46:00;SEM VÍTIMA;FINALIZADA;ESPINHEIRO;RUA DO ESPINHEIRO;377;;APÓS O POSTO IPIRANGA;ESPINHEIRO;;SUBURBIO;ABALROAMENTO TRANSVERSAL;1.0;0.0;0.0;0.0;0.0;0.0;0.0;0.0;0.0;0.0;0.0;Longo da via;;Não existe;Perfeito estado;Seca;Perfeito estado;Não existe;R-6a;;Única;Faixa seccionada;;;Manhã
1770;09/03/2020;07:18:00;SEM VÍTIMA;FINALIZADA;CABANGA;RUA BITURI;12;AV ENGENHEIRO JOSE ESTELITA;SECURITY CENTER DO BRASIL;CABANGA;;CIDADE;ABALROAMENTO TRANSVERSAL;1.0;1.0;0.0;0.0;0.0;0.0;0.0;0.0;0.0;0.0;0.0;Cruzamento;Bom;Não existe;Incompleta;Seca;Perfeito estado;Não existe;;;Única;;;;Manhã
1771;09/03/2020;07:38:00;SEM VÍTIMA;FINALIZADA;IMBIRIBEIRA;AV MARECHAL MASCARENHAS DE MORAES;;;PROX AO AEROPORTO AO RESTAURANTE CASA CHINA;IMBIRIBEIRA;;CIDADE;COLISÃO;2.0;0.0;0.0;0.0;0.0;0.0;0.0;0.0;0.0;0.0;0.0;;;;;;;;;;;;;;Manhã
1772;09/03/2020;07:56:00;SEM VÍTIMA;FINALIZADA;ILHA DO LEITE;AV GOVERNADOR AGAMENON MAGALHAES;4775;;EM FRENTE AO EMPRESARIAL THOMAS EDISON;ILHA DO LEITE;672.0;CIDADE;ABALROAMENTO LONGITUDINAL;1.0;0.0;0.0;0.0;0.0;1.0;0.0;0.0;0.0;0.0;0.0;Longo da via;Bom;Sem defeito;Perfeito estado;Seca;Perfeito estado;Faixa de pedestre;Outras;60 km/h;Única;Faixa seccionada;;;Manhã
1773;09/03/2020;08:09:00;SEM VÍTIMA;FINALIZADA;AREIAS;AV RECIFE;;;LADO OPOSTO AO BIG BOMPREÇO;AREIAS;;SUBURBIO;COLISÃO TRASEIRA;3.0;0.0;0.0;0.0;0.0;0.0;0.0;0.0;0.0;0.0;0.0;Longo da via;Bom;Não existe;Perfeito estado;Seca;Perfeito estado;Não existe;Não há placas;;Dupla;Faixa seccionada;Canteiro central;;Manhã
1774;09/03/2020;08:33:00;SEM VÍTIMA;FINALIZADA;VÁRZEA;AV AFONSO OLINDENSE;1433;;PARADA DE ÔNIBUS Nº 080257;VÁRZEA;;;ABALROAMENTO LONGITUDINAL;1.0;0.0;0.0;0.0;0.0;1.0;0.0;0.0;0.0;0.0;0.0;Longo da via;Bom;Não existe;Perfeito estado;Seca;Perfeito estado;Não existe;Outras;30 km/h;Dupla;Faixa contínua;;;Manhã
1775;09/03/2020;08:35:00;SEM VÍTIMA;FINALIZADA;ESPINHEIRO;AV JOAO DE BARROS;;RUA DA HORA;;ESPINHEIRO;656.0;SUBURBIO;ABALROAMENTO LONGITUDINAL;1.0;0.0;0.0;0.0;0.0;1.0;0.0;0.0;0.0;0.0;0.0;Cruzamento;Bom;Sem defeito;Perfeito estado;Seca;Perfeito estado;Faixa de pedestre;R-6a;;Única;Faixa seccionada;;;Manhã
1776;09/03/2020;09:15:00;SEM VÍTIMA;FINALIZADA;CORDEIRO;AV GENERAL SAN MARTIN;608;;ATACAREJO IDEAL;CORDEIRO;67.0;SUBURBIO;CHOQUE VEÍCULO PARADO;1.0;0.0;1.0;0.0;0.0;0.0;0.0;0.0;0.0;0.0;0.0;Longo da via;Bom;Sem defeito;Perfeito estado;Seca;Perfeito estado;Faixa de pedestre;R-6a;;Dupla;Faixa contínua;;;Manhã
1777;09/03/2020;10:05:00;SEM VÍTIMA;FINALIZADA;SANTO AMARO;RUA FREI CASSIMIRO;;RUA DO POMBAL;;SANTO AMARO;;SUBURBIO;ABALROAMENTO TRANSVERSAL;2.0;0.0;0.0;0.0;0.0;0.0;0.0;0.0;0.0;0.0;0.0;Cruzamento;Bom;Não existe;Perfeito estado;Seca;Perfeito estado;Faixa de retenção;Placas Pare;;Dupla;Canteiro central;;;Manhã
1778;09/03/2020;10:52:00;SEM VÍTIMA;FINALIZADA;PARNAMIRIM;RUA TITO ROSAS;60;;EDF. RESIDENCIAL DA TORRE;PARNAMIRIM;;CIDADE;ABALROAMENTO LONGITUDINAL;2.0;1.0;0.0;0.0;0.0;0.0;0.0;0.0;0.0;0.0;0.0;Longo da via;Bom;Não existe;Perfeito estado;Seca;Perfeito estado;Não existe;;;Única;Faixa seccionada;;;Manhã
1779;09/03/2020;11:49:00;SEM VÍTIMA;FINALIZADA;;RUA PAISSANDU;414;;UNIMED RECIFE;;;;ABALROAMENTO LONGITUDINAL;2.0;0.0;0.0;0.0;0.0;0.0;0.0;0.0;0.0;0.0;0.0;Longo da via;Bom;Não existe;Perfeito estado;Seca;Perfeito estado;Não existe;Não há placas;;Única;Não existe;;;Manhã
1780;09/03/2020;11:55:00;SEM VÍTIMA;FINALIZADA;ESPINHEIRO;RUA DO ESPINHEIRO;1527;AV JOAO DE BARROS;EMPRESARIAL PHOENIX;ESPINHEIRO;89.0;;ABALROAMENTO LONGITUDINAL;1.0;0.0;0.0;0.0;0.0;0.0;0.0;0.0;0.0;0.0;0.0;Longo da via;Bom;Sem defeito;Perfeito estado;Seca;Perfeito estado;Faixa de pedestre;R-6a;;Única;Faixa contínua;;;Manhã
1781;09/03/2020;11:59:00;COM VÍTIMA;FINALIZADA;IPUTINGA;AV MAURICIO DE NASSAU;;RUA DR JOSE ANASTACIO DA SILVA GUIMARAES;EM FRENTE AO PARQUE DO CAIARA;IPUTINGA;;CIDADE;ABALROAMENTO LONGITUDINAL;0.0;1.0;0.0;0.0;0.0;0.0;0.0;1.0;0.0;2.0;0.0;Longo da via;Bom;Sem defeito;Incompleta;Seca;Perfeito estado;Não existe;Não há placas;;Dupla;Não existe;;;Manhã
1782;09/03/2020;12:11:00;SEM VÍTIMA;FINALIZADA;CAMPO GRANDE;RUA ODORICO MENDES;573;;GGB ECO PEÇAS;CAMPO GRANDE;;SUBURBIO;COLISÃO TRASEIRA;0.0;1.0;0.0;0.0;0.0;1.0;0.0;0.0;0.0;0.0;0.0;Longo da via;Bom;Não existe;Perfeito estado;Seca;Perfeito estado;Não existe;R-6a;;Dupla;Faixa contínua;;;Tarde
1783;09/03/2020;13:15:00;SEM VÍTIMA;FINALIZADA;MADALENA;AV ENGENHEIRO ABDIAS DE CARVALHO;64;;EM FRENTE AO POSTO IPIRANGA ( AUTO POSTO EL SHADDAY);MADALENA;;SUBURBIO;COLISÃO TRASEIRA;2.0;0.0;0.0;0.0;0.0;0.0;0.0;0.0;1.0;0.0;0.0;Longo da via;Bom;Sem defeito;Perfeito estado;Seca;Perfeito estado;Agente;;60 km/h;Dupla;Faixa seccionada;;;Tarde
1784;09/03/2020;13:20:00;SEM VÍTIMA;FINALIZADA;ENCRUZILHADA;AV BEBERIBE;205;;AUTO ESCOLA NOVA YORK;ENCRUZILHADA;;SUBURBIO;COLISÃO TRASEIRA;1.0;0.0;0.0;0.0;0.0;1.0;0.0;0.0;0.0;0.0;0.0;Longo da via;Bom;Sem defeito;Perfeito estado;Seca;Perfeito estado;Faixa de retenção;Outras;;Dupla;Faixa contínua;Faixa seccionada;;Tarde
1785;09/03/2020;13:26:00;SEM VÍTIMA;FINALIZADA;DERBY;RUA PAISSANDU;;AV GOVERNADOR AGAMENON MAGALHAES;;DERBY;69.0;CIDADE;ABALROAMENTO LONGITUDINAL;2.0;0.0;0.0;0.0;0.0;0.0;0.0;0.0;0.0;0.0;0.0;Cruzamento;Bom;Sem defeito;Perfeito estado;Seca;Perfeito estado;Faixa de pedestre;;;Dupla;Canteiro central;;;Tarde
1786;09/03/2020;13:45:00;SEM VÍTIMA;FINALIZADA;CASA AMARELA;RUA DA HARMONIA;;;LADO OPOSTO AO NÚMERO 725;CASA AMARELA;;CIDADE;ABALROAMENTO LONGITUDINAL;1.0;0.0;0.0;0.0;0.0;1.0;0.0;0.0;0.0;0.0;0.0;Longo da via;Bom;Sem defeito;Perfeito estado;Seca;Perfeito estado;Faixa de pedestre;R-6a;;Dupla;Faixa seccionada;;;Tarde
1787;09/03/2020;14:43:00;SEM VÍTIMA;FINALIZADA;CAXANGÁ;AV CAXANGA;;RUA DONA INES CORREA DE ARAUJO;LADO OPOSTO AO RESIDENCIAL CAXANGÁ;CAXANGÁ;232.0;SUBURBIO;COLISÃO TRASEIRA;2.0;0.0;0.0;0.0;0.0;0.0;0.0;0.0;0.0;0.0;0.0;Cruzamento;Bom;Sem defeito;Perfeito estado;Seca;Perfeito estado;Faixa de pedestre;Outras;;Dupla;Canteiro central;;;Tarde
1788;09/03/2020;14:48:00;COM VÍTIMA;FINALIZADA;BOA VISTA;AV CONDE DA BOA VISTA;1370;RUA GONCALVES MAIA;EM FRENTE AO POSTO BR/ SENTIDO AGAMENON;BOA VISTA;299.0;SUBURBIO;ATROPELAMENTO;1.0;0.0;0.0;0.0;1.0;0.0;0.0;0.0;0.0;1.0;0.0;Longo da via;Bom;Sem defeito;Perfeito estado;Seca;Perfeito estado;Faixa de pedestre;Outras;;Dupla;Canteiro central;;;Tarde
1789;09/03/2020;14:55:00;SEM VÍTIMA;FINALIZADA;ENCRUZILHADA;AV NORTE;;;;ENCRUZILHADA;43.0;SUBURBIO;ABALROAMENTO LONGITUDINAL;2.0;0.0;0.0;0.0;0.0;0.0;0.0;0.0;0.0;0.0;0.0;Longo da via;Bom;Sem defeito;Perfeito estado;Seca;Perfeito estado;Faixa de pedestre;R-6a;;Única;Faixa seccionada;;;Tarde
1790;09/03/2020;15:17:00;SEM VÍTIMA;FINALIZADA;PRADO;AV ENGENHEIRO ABDIAS DE CARVALHO;2082;;F S MOTO PEÇAS;PRADO;;SUBURBIO;COLISÃO TRASEIRA;2.0;0.0;0.0;0.0;0.0;0.0;0.0;0.0;0.0;0.0;0.0;Longo da via;Bom;Não existe;Perfeito estado;Seca;Perfeito estado;Não existe;Não há placas;;Dupla;Canteiro central;;;Tarde
1791;09/03/2020;16:01:00;SEM VÍTIMA;FINALIZADA;AREIAS;AV DR JOSE RUFINO;1577;;;AREIAS;;SUBURBIO;ABALROAMENTO TRANSVERSAL;1.0;0.0;0.0;0.0;0.0;1.0;0.0;0.0;0.0;0.0;0.0;Longo da via;Bom;Sem defeito;Perfeito estado;Seca;Perfeito estado;Outros;Outras;60 km/h;Dupla;Faixa contínua;;;Tarde
1792;09/03/2020;16:05:00;SEM VÍTIMA;FINALIZADA;ZUMBI;RUA GOMES TABORDA;1719;RUA FRANCISCO VITA;;ZUMBI;;SUBURBIO;ABALROAMENTO LONGITUDINAL;1.0;1.0;0.0;0.0;0.0;0.0;0.0;0.0;0.0;0.0;0.0;Longo da via;Bom;Não existe;Perfeito estado;Seca;Perfeito estado;Não existe;Não há placas;;Dupla;Faixa seccionada;;;Tarde
1793;09/03/2020;16:11:00;SEM VÍTIMA;FINALIZADA;PAISSANDU;RUA VIS DO LIVRAMENTO;314;RUA PAISSANDU;LADO OPOSTO AO HOSPITAL DO CAPIBARIBE;PAISSANDU;;SUBURBIO;ABALROAMENTO LONGITUDINAL;2.0;0.0;0.0;0.0;0.0;0.0;0.0;0.0;0.0;0.0;0.0;Longo da via;Bom;Não existe;Perfeito estado;Seca;Perfeito estado;Não existe;R-6a;;Única;Não existe;;;Tarde