indice;data;hora;natureza_acidente;situacao;bairro;endereco;numero;detalhe_endereco_acidente;complemento;bairro_cruzamento;num_semaforo;sentido_via;tipo;auto;moto;ciclom;ciclista;pedestre;onibus;caminhao;viatura;outros;vitimas;vitimasfatais;acidente_verificado;tempo_clima;situacao_semaforo;sinalizacao;condicao_via;conservacao_via;ponto_controle;situacao_placa;velocidade_max_via;mao_direcao;divisao_via1;divisao_via2;divisao_via3;turno
1794;09/03/2020;16:13:00;SEM VÍTIMA;FINALIZADA;BOA VIAGEM;AV BOA VIAGEM;3416;;;BOA VIAGEM;;CIDADE;ABALROAMENTO LONGITUDINAL;2.0;1.0;0.0;0.0;0.0;0.0;0.0;0.0;0.0;0.0;0.0;Longo da via;Bom;Não existe;Perfeito estado;Seca;Perfeito estado;Agente;Não há placas;60 km/h;Única;Faixa seccionada;;;Tarde
1795;09/03/2020;16:48:00;SEM VÍTIMA;FINALIZADA;IBURA;RUA NOVA PALMEIRA;23;;;IBURA;;SUBURBIO;COLISÃO TRASEIRA;2.0;0.0;0.0;0.0;0.0;0.0;0.0;0.0;0.0;0.0;0.0;Longo da via;Bom;Não existe;Não existente;Seca;Perfeito estado;Não existe;Não há placas;60 km/h;Dupla;Não existe;;;Tarde
1796;09/03/2020;17:16:00;SEM VÍTIMA;FINALIZADA;GRAÇAS;RUA AMARO BEZERRA;433;RUA JOAQUIM NABUCO;EM FRENTE A GALERIA DERBY CENTER;GRAÇAS;71.0;SUBURBIO;ABALROAMENTO LONGITUDINAL;1.0;0.0;0.0;0.0;0.0;1.0;0.0;0.0;0.0;0.0;0.0;Cruzamento;Bom;Sem defeito;Perfeito estado;Seca;Perfeito estado;Faixa de pedestre;R-4b;;Única;Não existe;;;Tarde
1797;09/03/2020;17:16:00;SEM VÍTIMA;FINALIZADA;IPSEP;AV RECIFE;;;CARLOS FILMS EQUIPADORA;IPSEP;319.0;;COLISÃO TRASEIRA;2.0;0.0;0.0;0.0;0.0;0.0;0.0;0.0;0.0;0.0;0.0;Longo da via;Bom;Sem defeito;Perfeito estado;Seca;Perfeito estado;Faixa de pedestre;Outras;60 km/h;Dupla;Faixa contínua;Faixa seccionada;Canteiro central;Tarde
1798;09/03/2020;18:12:00;SEM VÍTIMA;FINALIZADA;IMBIRIBEIRA;AV MARECHAL MASCARENHAS DE MORAES;;;SOBRE O VIADULTO TANCREDO NEVES;IMBIRIBEIRA;;SUBURBIO;COLISÃO TRASEIRA;2.0;0.0;0.0;0.0;0.0;0.0;0.0;0.0;0.0;0.0;0.0;Longo da via;Bom;Não existe;Perfeito estado;Seca;Perfeito estado;Agente;Não há placas;40 km/h;Única;Faixa seccionada;;;Noite
1799;09/03/2020;18:28:00;SEM VÍTIMA;FINALIZADA;CAMPO GRANDE;EST DE BELEM;1217;RUA JERONIMO VILELA;IGREJA EVANGELICA BRASILEIRA;CAMPO GRANDE;;CIDADE;ABALROAMENTO LONGITUDINAL;1.0;0.0;0.0;0.0;0.0;0.0;1.0;0.0;0.0;0.0;0.0;Longo da via;Bom;Sem defeito;Perfeito estado;Seca;Perfeito estado;Faixa de pedestre;Não há placas;;Dupla;Faixa seccionada;;;Noite
1800;09/03/2020;18:33:00;SEM VÍTIMA;FINALIZADA;;RUA MADRE DEUS;;CAIS DA ALFANDEGA;ESTACIONAMENTO PAÇO ALFÂNDEGA;;477.0;SUBURBIO;ABALROAMENTO LONGITUDINAL;1.0;0.0;0.0;0.0;0.0;0.0;1.0;0.0;0.0;0.0;0.0;Cruzamento;Bom;Sem defeito;Perfeito estado;Seca;Perfeito estado;Agente;Não há placas;;Única;Faixa contínua;;;Noite
1801;09/03/2020;18:35:00;COM VÍTIMA;FINALIZADA;IPSEP;RUA JEAN EMILE FAVRE;539;;PROX A FACULDADE BOA VIAGEM;IPSEP;;CIDADE;ABALROAMENTO LONGITUDINAL;1.0;1.0;0.0;0.0;0.0;0.0;0.0;0.0;0.0;1.0;0.0;Longo da via;Bom;Não existe;Perfeito estado;Seca;Perfeito estado;Não existe;Outras;;Dupla;Faixa contínua;Faixa seccionada;;Noite
1802;09/03/2020;19:17:00;SEM VÍTIMA;FINALIZADA;PINA;AV ANTONIO DE GOES;;;EM FRENTE AO EMPRESARIAL JCPM;PINA;;CIDADE;ABALROAMENTO LONGITUDINAL;2.0;0.0;0.0;0.0;0.0;0.0;0.0;0.0;0.0;0.0;0.0;Longo da via;Bom;Não existe;Perfeito estado;Seca;Perfeito estado;Não existe;Outras;60 km/h;Dupla;Faixa contínua;Canteiro central;;Noite
1803;09/03/2020;19:57:00;SEM VÍTIMA;FINALIZADA;PINA;AV ENGENHEIRO DOMINGOS FERREIRA;0;;E/F ESCOLA MUNICIPAL OSWALDO LIMA FILHO;PINA;200.0;SUBURBIO;ABALROAMENTO LONGITUDINAL;1.0;0.0;0.0;0.0;0.0;1.0;0.0;0.0;0.0;0.0;0.0;Longo da via;Bom;Sem defeito;Perfeito estado;Seca;Perfeito estado;Faixa de pedestre;;;Única;Canteiro central;;;Noite
1804;09/03/2020;20:01:00;COM VÍTIMA;FINALIZADA;DOIS UNIDOS;AV HILDEBRANDO DE VASCONCELOS;1017;;E/F A FABRICA DA MINEVA;DOIS UNIDOS;;SUBURBIO;ABALROAMENTO LONGITUDINAL;0.0;2.0;0.0;0.0;0.0;0.0;0.0;0.0;0.0;3.0;0.0;Longo da via;Bom;Não existe;Perfeito estado;Seca;;Não existe;Outras;;Dupla;Não existe;;;Noite
1805;09/03/2020;20:04:00;COM VÍTIMA;FINALIZADA;TORRE;RUA JOAO TUDE DE MELO;;;SOBRE A PONTE DA TORRE SENTIDO DE CASA AMARELA;TORRE;;SUBURBIO;COLISÃO TRASEIRA;1.0;1.0;0.0;0.0;0.0;0.0;0.0;0.0;0.0;1.0;0.0;Viaduto;Bom;Não existe;Não existente;Seca;Perfeito estado;;Não há placas;;Dupla;Canteiro central;;;Noite
1806;09/03/2020;20:19:00;SEM VÍTIMA;FINALIZADA;GRAÇAS;RUA DEPUTADO PEDRO PIRES FERREIRA;913;;GALERIA JAQUEIRA PARK CENTER;GRAÇAS;;SUBURBIO;COLISÃO TRASEIRA;2.0;0.0;0.0;0.0;0.0;0.0;0.0;0.0;0.0;0.0;0.0;Longo da via;Bom;Não existe;Perfeito estado;Seca;Perfeito estado;Não existe;Não há placas;;Dupla;Não existe;;;Noite
1807;09/03/2020;21:06:00;SEM VÍTIMA;FINALIZADA;TORRE;RUA SOUZA BANDEIRA;;RUA TOMAZ GONZAGA;ESQUINA BAR DO LOURENÇO;TORRE;448.0;SUBURBIO;ABALROAMENTO TRANSVERSAL;2.0;0.0;0.0;0.0;0.0;0.0;0.0;0.0;0.0;0.0;0.0;Cruzamento;Bom;Com defeito;Perfeito estado;Seca;Perfeito estado;Faixa de pedestre;;;Dupla;Faixa seccionada;;;Noite
1808;09/03/2020;21:55:00;SEM VÍTIMA;FINALIZADA;SAN MARTIN;RUA JOSE VELOSO;;RUA APULCRO DE ASSUNCAO;;SAN MARTIN;;;ABALROAMENTO TRANSVERSAL;2.0;0.0;0.0;0.0;0.0;0.0;0.0;0.0;0.0;0.0;0.0;Cruzamento;Bom;Não existe;Perfeito estado;Seca;Perfeito estado;Não existe;Não há placas;;Dupla;Não existe;;;Noite
1809;10/03/2020;06:48:00;SEM VÍTIMA;FINALIZADA;MADALENA;EST DOS REMEDIOS;2024;;EM FRENTE A CONSUMA;MADALENA;;;ABALROAMENTO TRANSVERSAL;2.0;0.0;0.0;0.0;0.0;0.0;0.0;0.0;0.0;0.0;0.0;Longo da via;Bom;Não existe;Perfeito estado;Seca;Perfeito estado;Agente;Placas Pare;;Única;Faixa seccionada;;;Manhã
1810;10/03/2020;06:49:00;COM VÍTIMA;FINALIZADA;PINA;AV HERCULANO BANDEIRA;;;;PINA;657.0;SUBURBIO;COLISÃO TRASEIRA;1.0;1.0;0.0;0.0;0.0;0.0;0.0;0.0;0.0;1.0;0.0;Longo da via;Bom;Sem defeito;Perfeito estado;Seca;Perfeito estado;Faixa de pedestre;Outras;;Única;Faixa contínua;;;Manhã
1811;10/03/2020;06:57:00;SEM VÍTIMA;FINALIZADA;PRADO;AV ENGENHEIRO ABDIAS DE CARVALHO;333;;POSTO SHELL;PRADO;;CIDADE;COLISÃO TRASEIRA;2.0;1.0;0.0;0.0;0.0;0.0;0.0;0.0;0.0;0.0;0.0;Longo da via;Bom;Não existe;Perfeito estado;Seca;Perfeito estado;Não existe;Não há placas;;Única;Faixa seccionada;;;Manhã
1812;10/03/2020;06:59:00;COM VÍTIMA;FINALIZADA;CORDEIRO;RUA FRANCISCO CORTEZ;50;RUA WALFRIDO DE MEDEIROS;APOS O SUPERMERCADO IDEAL SEGUNDA A ESQ.;CORDEIRO;;;ABALROAMENTO TRANSVERSAL;1.0;1.0;0.0;0.0;0.0;0.0;0.0;0.0;0.0;1.0;0.0;Cruzamento;Bom;Não existe;;Seca;;Não existe;Não há placas;;Dupla;Não existe;;;Manhã
1813;10/03/2020;07:21:00;SEM VÍTIMA;FINALIZADA;IPUTINGA;EST DO BARBALHO;229;;ANTONIA PLACAS;IPUTINGA;;CIDADE;ABALROAMENTO TRANSVERSAL;1.0;0.0;0.0;0.0;0.0;1.0;0.0;0.0;0.0;0.0;0.0;Longo da via;Bom;Não existe;Perfeito estado;Seca;Perfeito estado;Não existe;Não há placas;40 km/h;Única;Não existe;;;Manhã
1814;10/03/2020;07:51:00;SEM VÍTIMA;FINALIZADA;PINA;PTE AGAMENON MAGALHAES;;;E/F AO RESTAURANTE BARGAÇO;PINA;;CIDADE;COLISÃO FRONTAL;2.0;0.0;0.0;0.0;0.0;0.0;0.0;0.0;0.0;0.0;0.0;Ponte;Bom;Sem defeito;Perfeito estado;Seca;Perfeito estado;Não existe;Não há placas;60 km/h;Única;Faixa seccionada;;;Manhã
1815;10/03/2020;07:51:00;COM VÍTIMA;FINALIZADA;CAMPO GRANDE;EST DE BELEM;848;RUA PRUDENTE DE MORAES;CLINICA CENTRAL;CAMPO GRANDE;94.0;SUBURBIO;ATROPELAMENTO;1.0;0.0;0.0;0.0;1.0;0.0;0.0;0.0;0.0;1.0;0.0;Cruzamento;Bom;Sem defeito;Perfeito estado;Seca;Perfeito estado;Faixa de pedestre;Outras;;Dupla;Faixa contínua;;;Manhã
1816;10/03/2020;08:03:00;SEM VÍTIMA;FINALIZADA;CIDADE UNIVERSITÁRIA;RUA GENERAL POLIDORO;494;RUA MARECHAL MANOEL LUIS OSORIO;PETISCARIA 351;CIDADE UNIVERSITÁRIA;;SUBURBIO;COLISÃO TRASEIRA;1.0;0.0;0.0;0.0;0.0;1.0;0.0;0.0;0.0;0.0;0.0;Longo da via;Bom;Não existe;Perfeito estado;Seca;Perfeito estado;Não existe;;30 km/h;Dupla;Faixa contínua;;;Manhã
1817;10/03/2020;08:14:00;SEM VÍTIMA;FINALIZADA;VÁRZEA;AV CAXANGA;4617;RUA GENERAL POLIDORO;EM FRENTE A FIAT ITALIANA;VÁRZEA;231.0;CIDADE;COLISÃO TRASEIRA;2.0;0.0;0.0;0.0;0.0;0.0;0.0;0.0;0.0;0.0;0.0;Longo da via;Bom;Sem defeito;Ilegível;Seca;Perfeito estado;Faixa de pedestre;Não há placas;60 km/h;Dupla;Canteiro central;;;Manhã
1818;10/03/2020;08:05:00;SEM VÍTIMA;FINALIZADA;BOA VIAGEM;AV BOA VIAGEM;704;;;BOA VIAGEM;121.0;SUBURBIO;ABALROAMENTO LONGITUDINAL;2.0;0.0;0.0;0.0;0.0;0.0;0.0;0.0;0.0;0.0;0.0;Longo da via;Bom;Sem defeito;Perfeito estado;Seca;Perfeito estado;Faixa de pedestre;Não há placas;;Única;Faixa seccionada;;;Manhã
1819;10/03/2020;08:27:00;SEM VÍTIMA;FINALIZADA;MADALENA;RUA REAL DA TORRE;737;;BARTZ MÓVEIS PLANEJADOS;MADALENA;;CIDADE;ABALROAMENTO LONGITUDINAL;2.0;0.0;0.0;0.0;0.0;0.0;0.0;0.0;0.0;0.0;0.0;Longo da via;Bom;Não existe;Perfeito estado;Seca;Perfeito estado;Não existe;Outras;;Única;Faixa seccionada;;;Manhã
1820;10/03/2020;08:46:00;SEM VÍTIMA;FINALIZADA;IMBIRIBEIRA;RUA ENGENHEIRO BRANDAO CAVALCANTE;;RUA GENERAL GOES MONTEIRO;;IMBIRIBEIRA;;CIDADE;ABALROAMENTO LONGITUDINAL;2.0;0.0;0.0;0.0;0.0;0.0;0.0;0.0;0.0;0.0;0.0;Cruzamento;Bom;Não existe;Perfeito estado;Seca;Perfeito estado;Não existe;Placas Pare;30 km/h;Dupla;Não existe;;;Manhã
1821;10/03/2020;09:16:00;SEM VÍTIMA;FINALIZADA;CABANGA;AV SATURNINO DE BRITO;472;;E/F A ESTAÇÃO DA COMPESA;CABANGA;;;COLISÃO;2.0;0.0;0.0;0.0;0.0;0.0;0.0;0.0;0.0;0.0;0.0;;;;;;;;;;;;;;Manhã
1822;10/03/2020;09:17:00;SEM VÍTIMA;FINALIZADA;GRAÇAS;RUA AMELIA;;RUA DR VICENTE MEIRA;GALETO AMÉLIA;GRAÇAS;;SUBURBIO;ABALROAMENTO LONGITUDINAL;2.0;0.0;0.0;0.0;0.0;0.0;0.0;0.0;0.0;0.0;0.0;Longo da via;Bom;Não existe;Perfeito estado;Seca;Perfeito estado;Não existe;Outras;30 km/h;Única;Não existe;;;Manhã
1823;10/03/2020;09:21:00;SEM VÍTIMA;FINALIZADA;TORREÃO;RUA OTHON PARAISO;;AV GOVERNADOR AGAMENON MAGALHAES;PRÉDIO LIMA FALCÃO E ADVOGADOS;TORREÃO;;;ABALROAMENTO TRANSVERSAL;2.0;0.0;0.0;0.0;0.0;0.0;0.0;0.0;0.0;0.0;0.0;Cruzamento;Bom;Não existe;Perfeito estado;Seca;;Não existe;Placas Pare;;Dupla;Canteiro central;;;Manhã
1824;10/03/2020;09:40:00;SEM VÍTIMA;FINALIZADA;IMBIRIBEIRA;RUA BARAO DE SOUZA LEAO;;RUA WALDEMAR NERY CARNEIRO MONTEIRO;EM FRENTE AO BAITA BURGER;IMBIRIBEIRA;;;ABALROAMENTO LONGITUDINAL;2.0;0.0;0.0;0.0;0.0;0.0;0.0;0.0;0.0;0.0;0.0;Longo da via;Bom;Não existe;Perfeito estado;Seca;Perfeito estado;Não existe;Não há placas;;Única;Faixa seccionada;;;Manhã
1825;10/03/2020;09:59:00;SEM VÍTIMA;FINALIZADA;AFLITOS;CAIS DO APOLO;925;;AO LADO DA PREFEITURA DO RECIFE;AFLITOS;;SUBURBIO;ABALROAMENTO LONGITUDINAL;2.0;0.0;0.0;0.0;0.0;0.0;0.0;0.0;0.0;0.0;0.0;Longo da via;Bom;Não existe;Perfeito estado;Seca;Perfeito estado;Agente;R-6a;;Dupla;Canteiro central;;;Manhã
1826;10/03/2020;11:31:00;SEM VÍTIMA;FINALIZADA;BOA VIAGEM;AV DES JOSE NEVES;334;;EM FRENTE AO Nº 334;BOA VIAGEM;;CIDADE;COLISÃO TRASEIRA;2.0;0.0;0.0;0.0;0.0;0.0;0.0;0.0;0.0;0.0;0.0;Longo da via;Bom;Não existe;Perfeito estado;Seca;Perfeito estado;Faixa de pedestre;;50 km/h;Dupla;Faixa seccionada;Canal;;Manhã
1827;10/03/2020;11:38:00;SEM VÍTIMA;FINALIZADA;TAMARINEIRA;RUA PADRE ROMA;652;RUA MIZAEL MONTENEGRO;;TAMARINEIRA;;;ABALROAMENTO TRANSVERSAL;2.0;0.0;0.0;0.0;0.0;0.0;0.0;0.0;0.0;0.0;0.0;Longo da via;Bom;Não existe;Perfeito estado;Seca;Perfeito estado;Faixa de retenção;Placas Pare;30 km/h;Dupla;Faixa seccionada;;;Manhã
1828;10/03/2020;12:13:00;SEM VÍTIMA;FINALIZADA;BAIRRO DO RECIFE;CAIS DO APOLO;739;;EM FRENTE AO TRT;BAIRRO DO RECIFE;;CIDADE;ABALROAMENTO LONGITUDINAL;2.0;0.0;0.0;0.0;0.0;0.0;0.0;0.0;0.0;0.0;0.0;Longo da via;Bom;Sem defeito;Perfeito estado;Seca;Perfeito estado;Não existe;Outras;;Dupla;Canteiro central;;;Tarde
1829;10/03/2020;13:29:00;SEM VÍTIMA;FINALIZADA;AFOGADOS;RUA IMPERIAL;2006;;;AFOGADOS;;SUBURBIO;ABALROAMENTO LONGITUDINAL;1.0;0.0;0.0;0.0;0.0;0.0;1.0;0.0;0.0;0.0;0.0;Longo da via;Bom;Sem defeito;;Seca;;Não existe;R-6a;;Única;Não existe;;;Tarde
1830;10/03/2020;13:58:00;SEM VÍTIMA;FINALIZADA;CASA AMARELA;;5944;RUA JAPARATUBA;PRÓXIMO MERCADO DO ÓLEO;CASA AMARELA;;SUBURBIO;ABALROAMENTO LONGITUDINAL;1.0;0.0;0.0;0.0;0.0;1.0;0.0;0.0;0.0;0.0;0.0;;Bom;Não existe;Perfeito estado;Seca;Perfeito estado;;Outras;;Dupla;Blocos;;;Tarde
1831;10/03/2020;14:20:00;SEM VÍTIMA;FINALIZADA;ILHA DO LEITE;RUA FRANCISCO ALVES;;;AO LADO DO SEBRE;ILHA DO LEITE;;;ABALROAMENTO LONGITUDINAL;2.0;0.0;0.0;0.0;0.0;0.0;0.0;0.0;0.0;0.0;0.0;Longo da via;Bom;Não existe;Perfeito estado;Seca;Perfeito estado;Faixa de pedestre;Outras;;Dupla;Canteiro central;;;Tarde
1832;10/03/2020;14:41:00;SEM VÍTIMA;FINALIZADA;BONGI;AV ENGENHEIRO ABDIAS DE CARVALHO;;;PRAÇA DA CHESF;BONGI;422.0;CIDADE;COLISÃO TRASEIRA;3.0;0.0;0.0;0.0;0.0;0.0;0.0;0.0;0.0;0.0;0.0;Longo da via;Bom;Sem defeito;Perfeito estado;Seca;Perfeito estado;Faixa de retenção;Não há placas;60 km/h;Dupla;Canteiro central;;;Tarde
1833;10/03/2020;15:05:00;COM VÍTIMA;FINALIZADA;ESPINHEIRO;RUA DO ESPINHEIRO;468;AV CONS ROSA E SILVA;HOSPITAL DO SERVIDOR;ESPINHEIRO;;;ATROPELAMENTO;0.0;1.0;0.0;0.0;1.0;0.0;0.0;0.0;0.0;1.0;0.0;Esquina;Bom;Não existe;Perfeito estado;Seca;Perfeito estado;Não existe;;;Única;Faixa seccionada;;;Tarde
1834;10/03/2020;15:28:00;COM VÍTIMA;FINALIZADA;ÁGUA FRIA;RUA ALEGRE;;RUA ZEFERINO AGRA;COLEGIO ALFREDO FREIRE;ÁGUA FRIA;431.0;SUBURBIO;ABALROAMENTO TRANSVERSAL;1.0;1.0;0.0;0.0;0.0;0.0;0.0;0.0;0.0;1.0;0.0;Cruzamento;Bom;Sem defeito;Perfeito estado;Seca;Perfeito estado;Faixa de pedestre;Placas Pare;40 km/h;Única;Não existe;;;Tarde
1835;10/03/2020;15:31:00;COM VÍTIMA;FINALIZADA;MADALENA;AV JOSE GONCALVES DE MEDEIROS;138;RUA COMENDADOR BENTO AGUIAR;PROXIMO A PAGUE MENOS;MADALENA;;SUBURBIO;ABALROAMENTO LONGITUDINAL;1.0;1.0;0.0;0.0;0.0;0.0;0.0;0.0;0.0;1.0;0.0;Cruzamento;Bom;Não existe;Perfeito estado;Seca;Perfeito estado;Não existe;Não há placas;;Dupla;Faixa contínua;;;Tarde
1836;10/03/2020;16:06:00;SEM VÍTIMA;FINALIZADA;MADALENA;AV VISCONDE DE ALBUQUERQUE;;RUA LOPES DE CARVALHO;;MADALENA;;SUBURBIO;ABALROAMENTO TRANSVERSAL;2.0;0.0;0.0;0.0;0.0;0.0;0.0;0.0;0.0;0.0;0.0;Cruzamento;Bom;Não existe;Perfeito estado;Seca;Perfeito estado;Não existe;R-24a;;Única;Faixa seccionada;;;Tarde
1837;10/03/2020;16:15:00;SEM VÍTIMA;FINALIZADA;PINA;AV HERCULANO BANDEIRA;1001;;EM FRENTE AO ATACADO DA CONSTRUÇÃO;PINA;660.0;SUBURBIO;ABALROAMENTO LONGITUDINAL;1.0;1.0;0.0;0.0;0.0;0.0;0.0;0.0;0.0;0.0;0.0;Longo da via;Bom;Sem defeito;Perfeito estado;Seca;Perfeito estado;Faixa de pedestre;Outras;60 km/h;Única;Faixa contínua;Faixa seccionada;;Tarde
1838;10/03/2020;16:16:00;COM VÍTIMA;FINALIZADA;ILHA DO LEITE;AV GOVERNADOR AGAMENON MAGALHAES;550;RUA PAISSANDU;HOSPITAL PORTUGUES;ILHA DO LEITE;69.0;SUBURBIO;ABALROAMENTO TRANSVERSAL;0.0;1.0;0.0;0.0;0.0;0.0;1.0;0.0;0.0;1.0;0.0;Cruzamento;Bom;Sem defeito;Perfeito estado;Seca;Perfeito estado;Faixa de pedestre;Outras;;Única;Canteiro central;;;Tarde
1839;10/03/2020;17:19:00;SEM VÍTIMA;FINALIZADA;SANTO AMARO;AV GOVERNADOR AGAMENON MAGALHAES;;;PRÓXIMO SEMÁFORO 378 - SENTIDO OLINDA;SANTO AMARO;378.0;SUBURBIO;COLISÃO TRASEIRA;2.0;0.0;0.0;0.0;0.0;0.0;0.0;0.0;0.0;0.0;0.0;Longo da via;Bom;Sem defeito;Perfeito estado;Seca;Perfeito estado;Não existe;Não há placas;60 km/h;Dupla;Faixa seccionada;Canteiro central;;Tarde
1840;10/03/2020;17:32:00;COM VÍTIMA;FINALIZADA;CAXANGÁ;AV CAXANGA;893;;E/F A ESTAÇAO ZUMBI;CAXANGÁ;;SUBURBIO;COLISÃO COM CICLISTA;0.0;1.0;0.0;1.0;0.0;0.0;0.0;0.0;0.0;1.0;0.0;Longo da via;Bom;Sem defeito;Perfeito estado;Seca;Perfeito estado;Faixa de pedestre;Outras;;Única;Faixa seccionada;;;Tarde
1841;10/03/2020;17:32:00;SEM VÍTIMA;FINALIZADA;TORRE;RUA DOM MANOEL DA COSTA;;RUA PADRE LANDIM;AO LADO DO Nº 349;TORRE;;;ABALROAMENTO TRANSVERSAL;2.0;0.0;0.0;0.0;0.0;0.0;0.0;0.0;0.0;0.0;0.0;Cruzamento;Bom;Sem defeito;;Seca;;Faixa de pedestre;R-6a;;Única;;;;Tarde
1842;10/03/2020;18:55:00;COM VÍTIMA;FINALIZADA;JORDÃO;AV MARIA IRENE;;;E/F AO POSTO IPIRANGA E NA FEIRA DO JORDÃO- SNT AEROPORTO;JORDÃO;;SUBURBIO;ABALROAMENTO LONGITUDINAL;1.0;1.0;0.0;0.0;0.0;0.0;0.0;0.0;0.0;1.0;0.0;Longo da via;Bom;Não existe;Ilegível;Seca;Mal iluminada;Não existe;Não há placas;;Dupla;Faixa contínua;;;Noite
1843;10/03/2020;19:54:00;COM VÍTIMA;FINALIZADA;MADALENA;AV JOSE GONCALVES DE MEDEIROS;84;RUA SENADOR FABIO DE BARROS;ENF. AO EXTRA;MADALENA;;SUBURBIO;ATROPELAMENTO;0.0;1.0;0.0;0.0;1.0;0.0;0.0;0.0;0.0;2.0;0.0;Longo da via;Bom;Não existe;;Seca;Perfeito estado;Não existe;;;Dupla;Faixa contínua;;;Noite
1844;10/03/2020;20:25:00;SEM VÍTIMA;FINALIZADA;SANTO AMARO;AV CRUZ CABUGA;;;HOSPITAL SANTA CASA DA MISERICÓRDIA;SANTO AMARO;;SUBURBIO;ABALROAMENTO LONGITUDINAL;1.0;0.0;0.0;0.0;0.0;1.0;0.0;0.0;0.0;0.0;0.0;Longo da via;Bom;Sem defeito;Perfeito estado;Seca;Perfeito estado;Não existe;Não há placas;60 km/h;Dupla;Faixa contínua;;;Noite
1845;11/03/2020;07:07:00;SEM VÍTIMA;FINALIZADA;;AV GOVERNADOR AGAMENON MAGALHAES;;;SOB O VIADUTO DA AVENIDA JOÃO DE BARROS;;;CIDADE;COLISÃO TRASEIRA;4.0;0.0;0.0;0.0;0.0;0.0;0.0;0.0;0.0;0.0;0.0;Viaduto;Bom;;Perfeito estado;Seca;Perfeito estado;;;60 km/h;Dupla;Faixa seccionada;;;Manhã
1846;11/03/2020;07:52:00;SEM VÍTIMA;FINALIZADA;ÁGUA FRIA;RUA ALEGRE;;RUA ZEFERINO AGRA;AO LADO DA DELEGACIA DE AGUA FRIA;ÁGUA FRIA;431.0;SUBURBIO;ABALROAMENTO TRANSVERSAL;1.0;1.0;0.0;0.0;0.0;0.0;0.0;0.0;0.0;0.0;0.0;Cruzamento;Bom;Sem defeito;Incompleta;Seca;Perfeito estado;Faixa de pedestre;Placas Pare;50 km/h;Única;Faixa seccionada;;;Manhã
1847;11/03/2020;08:25:00;SEM VÍTIMA;FINALIZADA;SANTO AMARO;AV CRUZ CABUGA;1563;;HOSPITAL SANTO AMARO ( SANTA CASA);SANTO AMARO;;CIDADE;ABALROAMENTO LONGITUDINAL;1.0;0.0;0.0;0.0;0.0;1.0;0.0;0.0;0.0;0.0;0.0;Longo da via;Bom;Sem defeito;Perfeito estado;Seca;Perfeito estado;Não existe;;60 km/h;Dupla;Faixa contínua;;;Manhã
1848;11/03/2020;08:33:00;SEM VÍTIMA;FINALIZADA;BOA VIAGEM;AVENIDA CELSO FURTADO (VIA MANGUE);218;;;BOA VIAGEM;;CIDADE;COLISÃO TRASEIRA;2.0;1.0;0.0;0.0;0.0;0.0;0.0;0.0;0.0;0.0;0.0;Longo da via;Bom;Não existe;Perfeito estado;Seca;Perfeito estado;Outros;Outras;;Única;Faixa seccionada;;;Manhã
1849;11/03/2020;09:21:00;SEM VÍTIMA;FINALIZADA;BOA VIAGEM;AV CONSELHEIRO AGUIAR;4214;;EM FRENTE AO RESTAURANTE GALETUS;BOA VIAGEM;;CIDADE;ABALROAMENTO LONGITUDINAL;1.0;0.0;0.0;0.0;0.0;1.0;0.0;0.0;0.0;0.0;0.0;Longo da via;Chuvoso;Não existe;Perfeito estado;Molhada;Perfeito estado;Não existe;R-6a;60 km/h;Única;Faixa seccionada;;;Manhã
1850;11/03/2020;09:39:00;SEM VÍTIMA;FINALIZADA;BOA VIAGEM;AV CONSELHEIRO AGUIAR;3321;;EDF. NOSSA SENHORA DA PAZ;BOA VIAGEM;;CIDADE;ABALROAMENTO LONGITUDINAL;2.0;0.0;0.0;0.0;0.0;0.0;0.0;0.0;0.0;0.0;0.0;Longo da via;Bom;Não existe;Perfeito estado;Seca;Perfeito estado;;Não há placas;40 km/h;Única;Faixa contínua;;;Manhã
1851;11/03/2020;09:51:00;SEM VÍTIMA;FINALIZADA;ARRUDA;EST VELHA DE AGUA FRIA;908;;DNOCS;ARRUDA;306.0;SUBURBIO;COLISÃO TRASEIRA;2.0;0.0;0.0;0.0;0.0;0.0;0.0;0.0;0.0;0.0;0.0;Longo da via;Chuvoso;Sem defeito;Incompleta;Molhada;Perfeito estado;Faixa de pedestre;Não há placas;;Única;Faixa contínua;;;Manhã
1852;11/03/2020;09:55:00;SEM VÍTIMA;FINALIZADA;BOA VISTA;AV JOAO DE BARROS;;RUA CONDE D'EU;CLUBE OFICIAIS DA PM/CB PE;BOA VISTA;;CIDADE;ABALROAMENTO LONGITUDINAL;2.0;0.0;0.0;0.0;0.0;0.0;0.0;0.0;0.0;0.0;0.0;Cruzamento;Bom;Não existe;Perfeito estado;Seca;Perfeito estado;Faixa de pedestre;Placas Pare;;Única;Faixa seccionada;;;Manhã
1853;11/03/2020;10:00:00;COM VÍTIMA;FINALIZADA;TORRE;RUA CONS THEODORO;25;RUA DIOGO ALVARES;EM FRENTE A PRAÇA DA TORRE;TORRE;;;ABALROAMENTO TRANSVERSAL;1.0;1.0;0.0;0.0;0.0;0.0;0.0;0.0;0.0;1.0;0.0;Esquina;Chuvoso;Não existe;Incompleta;Molhada;Perfeito estado;Não existe;Placas Pare;;Dupla;Não existe;;;Manhã