indice;data;hora;natureza_acidente;situacao;bairro;endereco;numero;detalhe_endereco_acidente;complemento;bairro_cruzamento;num_semaforo;sentido_via;tipo;auto;moto;ciclom;ciclista;pedestre;onibus;caminhao;viatura;outros;vitimas;vitimasfatais;acidente_verificado;tempo_clima;situacao_semaforo;sinalizacao;condicao_via;conservacao_via;ponto_controle;situacao_placa;velocidade_max_via;mao_direcao;divisao_via1;divisao_via2;divisao_via3;turno
1854;11/03/2020;10:33:00;SEM VÍTIMA;FINALIZADA;BOA VISTA;RUA PADRE INGLES;;;EM FRENTE A UNIBRA;BOA VISTA;;;COLISÃO;2.0;0.0;0.0;0.0;0.0;0.0;0.0;0.0;0.0;0.0;0.0;;;;;;;;;;;;;;Manhã
1855;11/03/2020;10:39:00;SEM VÍTIMA;FINALIZADA;SANTO AMARO;RUA ASTRONAUTA COLLINS;50;;AO LADO DA EMPRESA AÇO CARBONO;SANTO AMARO;;SUBURBIO;CHOQUE;1.0;0.0;0.0;0.0;0.0;0.0;0.0;0.0;0.0;0.0;0.0;Longo da via;Chuvoso;Não existe;Não existente;Molhada;Mal conservada;Não existe;Não há placas;;Dupla;Não existe;;;Manhã
1856;11/03/2020;10:52:00;SEM VÍTIMA;FINALIZADA;BOA VIAGEM;RUA PINTOR LULA CARDOSO AYRES;;RUA DR SEABRA;LADO OPOSTO AO AEROJATO;BOA VIAGEM;;CIDADE;ABALROAMENTO LONGITUDINAL;2.0;0.0;0.0;0.0;0.0;0.0;0.0;0.0;0.0;0.0;0.0;Longo da via;Bom;Não existe;Perfeito estado;Seca;Perfeito estado;Agente;Não há placas;30 km/h;Dupla;Não existe;;;Manhã
1857;11/03/2020;10:55:00;COM VÍTIMA;FINALIZADA;BONGI;RUA SANTA EDWIRGES;;RUA PADRE TEOFILO TWORZ;EM FRENTE A FACULDADE NOVA ROMA SENT. CIDADE;BONGI;;CIDADE;ABALROAMENTO TRANSVERSAL;0.0;1.0;0.0;0.0;0.0;1.0;0.0;0.0;0.0;1.0;0.0;Cruzamento;Bom;Não existe;Perfeito estado;Seca;Perfeito estado;Faixa de pedestre;Placas Pare;;Única;Não existe;;;Manhã
1858;11/03/2020;11:26:00;COM VÍTIMA;FINALIZADA;CASA AMARELA;EST DO ARRAIAL;3407;RUA BENTO LOYOLA;PROX AO SITIO DA TRINDADE;CASA AMARELA;;SUBURBIO;ABALROAMENTO TRANSVERSAL;0.0;1.0;0.0;0.0;0.0;0.0;1.0;0.0;0.0;1.0;0.0;Esquina;Bom;Não existe;Ilegível;Seca;Perfeito estado;Faixa de retenção;Placas Pare;;Única;Faixa seccionada;;;Manhã
1859;11/03/2020;11:35:00;COM VÍTIMA;FINALIZADA;IMBIRIBEIRA;AV MARECHAL MASCARENHAS DE MORAES;4900;;EM  FRENTE A PARVI LOCADORA;IMBIRIBEIRA;531.0;SUBURBIO;COLISÃO TRASEIRA;1.0;1.0;0.0;0.0;0.0;0.0;0.0;0.0;0.0;1.0;0.0;Longo da via;Bom;Sem defeito;Perfeito estado;Seca;Perfeito estado;Faixa de pedestre;;60 km/h;Dupla;Faixa contínua;Faixa seccionada;Canteiro central;Manhã
1860;11/03/2020;12:05:00;SEM VÍTIMA;FINALIZADA;BOA VIAGEM;AV ENGENHEIRO DOMINGOS FERREIRA;;RUA PROFESSOR EDUARDO WANDERLEY FILHO;;BOA VIAGEM;;SUBURBIO;ABALROAMENTO LONGITUDINAL;2.0;0.0;0.0;0.0;0.0;0.0;0.0;0.0;0.0;0.0;0.0;Longo da via;Bom;Não existe;Perfeito estado;Seca;Perfeito estado;Não existe;Não há placas;60 km/h;Única;Faixa seccionada;;;Tarde
1861;11/03/2020;12:07:00;SEM VÍTIMA;FINALIZADA;BOA VISTA;AV JOAO DE BARROS;587;RUA DR LEOPOLDO LINS;;BOA VISTA;198.0;CIDADE;ABALROAMENTO LONGITUDINAL;1.0;0.0;0.0;0.0;0.0;1.0;0.0;0.0;0.0;0.0;0.0;Longo da via;Bom;Sem defeito;Perfeito estado;Seca;Perfeito estado;Faixa de pedestre;Não há placas;;Única;Faixa seccionada;;;Tarde
1862;11/03/2020;12:24:00;COM VÍTIMA;FINALIZADA;TORRÕES;AV ENGENHEIRO ABDIAS DE CARVALHO;;;E/F AO POSTO BR S/T CURADO;TORRÕES;;SUBURBIO;ABALROAMENTO LONGITUDINAL;0.0;2.0;0.0;0.0;0.0;0.0;0.0;0.0;0.0;1.0;0.0;Longo da via;Bom;Sem defeito;Perfeito estado;Seca;Perfeito estado;Não existe;Não há placas;60 km/h;Dupla;Canteiro central;;;Tarde
1863;11/03/2020;12:51:00;SEM VÍTIMA;FINALIZADA;BOA VIAGEM;AV ENGENHEIRO DOMINGOS FERREIRA;;RUA SENADOR HELIO COUTINHO;;BOA VIAGEM;;SUBURBIO;ABALROAMENTO TRANSVERSAL;2.0;0.0;0.0;0.0;0.0;0.0;0.0;0.0;0.0;0.0;0.0;;Bom;Não existe;Perfeito estado;Seca;Perfeito estado;Não existe;R-6a;;Única;Faixa seccionada;;;Tarde
1864;11/03/2020;15:44:00;SEM VÍTIMA;FINALIZADA;SÃO JOSÉ;RUA IMPERIAL;;;LADO OPOSTO AO POSTE B 001429;SÃO JOSÉ;;CIDADE;COLISÃO TRASEIRA;2.0;0.0;0.0;0.0;0.0;0.0;0.0;0.0;0.0;0.0;0.0;Longo da via;Bom;Não existe;Não existente;Seca;Perfeito estado;Não existe;Outras;;Dupla;Faixa contínua;Faixa seccionada;;Tarde
1865;11/03/2020;15:57:00;SEM VÍTIMA;FINALIZADA;DERBY;RUA BENFICA;;;CRUZAMENTO COM A RUA ARLINDO GOUVEIA;DERBY;629.0;SUBURBIO;ABALROAMENTO TRANSVERSAL;2.0;0.0;0.0;0.0;0.0;0.0;0.0;0.0;0.0;0.0;0.0;Cruzamento;Bom;Sem defeito;Perfeito estado;Seca;Perfeito estado;Agente;Outras;40 km/h;Única;Faixa seccionada;;;Tarde
1866;11/03/2020;16:05:00;SEM VÍTIMA;FINALIZADA;AFOGADOS;RUA NICOLAU PEREIRA;;;RUA NICOLAU PEREIRA SOB SEMÁFORO Nº 073;AFOGADOS;73.0;SUBURBIO;ABALROAMENTO LONGITUDINAL;2.0;0.0;0.0;0.0;0.0;0.0;0.0;0.0;0.0;0.0;0.0;Longo da via;Bom;Sem defeito;Perfeito estado;Seca;Perfeito estado;Faixa de pedestre;Não há placas;;Única;Faixa contínua;;;Tarde
1867;11/03/2020;17:50:00;SEM VÍTIMA;FINALIZADA;CIDADE UNIVERSITÁRIA;AV VISCONDE DE SAO LEOPOLDO;447;;PROXIMO A POSTO DE SAUDE DE ENGENHO DO MEIO;CIDADE UNIVERSITÁRIA;;;COLISÃO;2.0;0.0;0.0;0.0;0.0;0.0;0.0;0.0;0.0;0.0;0.0;;;;;;;;;;;;;;Tarde
1868;11/03/2020;18:53:00;SEM VÍTIMA;FINALIZADA;IMBIRIBEIRA;AV MARECHAL MASCARENHAS DE MORAES;;;EM FRENTE AO BANCO ITAU;IMBIRIBEIRA;225.0;SUBURBIO;ABALROAMENTO LONGITUDINAL;2.0;0.0;0.0;0.0;0.0;0.0;0.0;0.0;0.0;0.0;0.0;Longo da via;Bom;Sem defeito;Perfeito estado;Seca;Perfeito estado;Faixa de pedestre;Outras;60 km/h;Dupla;Canteiro central;;;Noite
1869;11/03/2020;20:50:00;SEM VÍTIMA;FINALIZADA;BOA VIAGEM;AV CONSELHEIRO AGUIAR;;;SOB O SEMÁFORO 241;BOA VIAGEM;241.0;CIDADE;ABALROAMENTO TRANSVERSAL;1.0;0.0;0.0;0.0;0.0;1.0;0.0;0.0;0.0;0.0;0.0;Longo da via;Chuvoso;Sem defeito;Perfeito estado;Molhada;Perfeito estado;Não existe;Não há placas;;Única;Faixa seccionada;;;Noite
1870;11/03/2020;22:28:00;COM VÍTIMA;FINALIZADA;CORDEIRO;AV ENGENHEIRO ABDIAS DE CARVALHO;;;LADO OPOSTO DO ESPETINHO LEGAL PRIME - SNT CID / SEMÁFORO 422;CORDEIRO;422.0;CIDADE;COLISÃO COM CICLISTA;0.0;1.0;0.0;1.0;0.0;0.0;0.0;0.0;0.0;1.0;0.0;Longo da via;Bom;Sem defeito;Perfeito estado;Seca;Perfeito estado;Faixa de pedestre;Outras;;Dupla;Faixa seccionada;;;Noite
1871;11/03/2020;23:38:00;COM VÍTIMA;FINALIZADA;JOANA BEZERRA;RUA IMPERIAL;;RUA LOURENCO DA SILVA;APÓS O HOTEL CRISTAL;JOANA BEZERRA;;SUBURBIO;ABALROAMENTO TRANSVERSAL;0.0;1.0;0.0;0.0;0.0;1.0;0.0;0.0;0.0;1.0;0.0;Cruzamento;Bom;Não existe;Perfeito estado;Seca;Perfeito estado;Não existe;Não há placas;;Única;Faixa seccionada;;;Noite
1872;12/03/2020;01:01:00;SEM VÍTIMA;FINALIZADA;CAXANGÁ;AV JOAQUIM RIBEIRO;;RUA GASTAO VIDIGAL;;CAXANGÁ;281.0;SUBURBIO;ABALROAMENTO LONGITUDINAL;2.0;0.0;0.0;0.0;0.0;0.0;0.0;0.0;0.0;0.0;0.0;Cruzamento;Bom;Sem defeito;Perfeito estado;Seca;Perfeito estado;Faixa de pedestre;Outras;;Dupla;Canteiro central;;;Madrugada
1873;12/03/2020;06:24:00;SEM VÍTIMA;FINALIZADA;ROSARINHO;AV PROFESSOR JOSE DOS ANJOS;;;LADO OPOSTO À VIASUL FIAT - ARRUDA;ROSARINHO;;CIDADE;COLISÃO TRASEIRA;2.0;0.0;0.0;0.0;0.0;0.0;0.0;0.0;0.0;0.0;0.0;Longo da via;Bom;Não existe;Incompleta;Seca;Perfeito estado;Não existe;Não há placas;;Dupla;Canal;;;Manhã
1874;12/03/2020;07:14:00;SEM VÍTIMA;FINALIZADA;ESPINHEIRO;RUA CONS PORTELA;;;CRUZAMENTO ENTRE A RUA CONSELHEIRO PORTELA E A RUA QUARENTA E OITO;ESPINHEIRO;11.0;CIDADE;ABALROAMENTO LONGITUDINAL;2.0;0.0;0.0;0.0;0.0;0.0;0.0;0.0;0.0;0.0;0.0;Cruzamento;Bom;Sem defeito;Perfeito estado;Seca;Perfeito estado;Agente;Outras;40 km/h;Única;Não existe;;;Manhã
1875;12/03/2020;08:47:00;SEM VÍTIMA;FINALIZADA;ENCRUZILHADA;AV JOAO DE BARROS;1912;;EM FRENTE AOS CORREIOS;ENCRUZILHADA;;CIDADE;ABALROAMENTO LONGITUDINAL;1.0;0.0;0.0;0.0;0.0;0.0;1.0;0.0;0.0;0.0;0.0;Longo da via;Bom;Sem defeito;Perfeito estado;Seca;Perfeito estado;Não existe;Não há placas;;Única;Faixa seccionada;;;Manhã
1876;12/03/2020;08:56:00;SEM VÍTIMA;FINALIZADA;ESPINHEIRO;AV GOVERNADOR AGAMENON MAGALHAES;;RUA SAO SALVADOR;;ESPINHEIRO;;;ABALROAMENTO LONGITUDINAL;1.0;0.0;0.0;0.0;0.0;1.0;0.0;0.0;0.0;0.0;0.0;Cruzamento;Bom;Sem defeito;Perfeito estado;Seca;Perfeito estado;Faixa de pedestre;;;Dupla;Faixa contínua;Faixa seccionada;;Manhã
1877;12/03/2020;09:01:00;SEM VÍTIMA;FINALIZADA;SANTO AMARO;AV CRUZ CABUGA;;;SEMÁFORO 523;SANTO AMARO;523.0;CIDADE;COLISÃO TRASEIRA;1.0;1.0;0.0;0.0;0.0;0.0;0.0;0.0;0.0;0.0;0.0;Longo da via;Bom;Sem defeito;Perfeito estado;Seca;Perfeito estado;;;;Dupla;Faixa contínua;;;Manhã
1878;12/03/2020;09:39:00;SEM VÍTIMA;FINALIZADA;BARRO;RUA PADRE DIOGO RODRIGUES;870;;CEMITÉRIO DO BARRO;BARRO;;SUBURBIO;ABALROAMENTO LONGITUDINAL;1.0;0.0;0.0;0.0;0.0;0.0;1.0;0.0;0.0;0.0;0.0;Cruzamento;Bom;Não existe;Perfeito estado;Seca;Perfeito estado;Não existe;Outras;;Dupla;Não existe;;;Manhã
1879;12/03/2020;10:13:00;SEM VÍTIMA;FINALIZADA;ESPINHEIRO;RUA DO ESPINHEIRO;395;;;ESPINHEIRO;;SUBURBIO;ABALROAMENTO TRANSVERSAL;1.0;0.0;0.0;0.0;0.0;1.0;0.0;0.0;0.0;0.0;0.0;Longo da via;Bom;Sem defeito;Perfeito estado;Seca;Perfeito estado;Agente;R-6a;;Única;Faixa contínua;Faixa seccionada;;Manhã
1880;12/03/2020;11:01:00;SEM VÍTIMA;FINALIZADA;ESPINHEIRO;RUA BARAO DE ITAMARACA;142;;PRÓXIMO A CLÍNICA HAPVIDA;ESPINHEIRO;;SUBURBIO;ABALROAMENTO LONGITUDINAL;2.0;0.0;0.0;0.0;0.0;0.0;0.0;0.0;0.0;0.0;0.0;Longo da via;Bom;Sem defeito;Perfeito estado;Seca;Perfeito estado;;Outras;;Única;;;;Manhã
1881;12/03/2020;11:41:00;COM VÍTIMA;FINALIZADA;BOA VIAGEM;RUA BALTAZAR PASSOS;;RUA JOSE HIPOLITO CARDOSO;EM FRENTE A SAO BRAS;BOA VIAGEM;;CIDADE;ABALROAMENTO TRANSVERSAL;1.0;1.0;0.0;0.0;0.0;0.0;0.0;0.0;0.0;1.0;0.0;Cruzamento;Chuvoso;Não existe;Perfeito estado;Molhada;Perfeito estado;Não existe;Placas Pare;30 km/h;Dupla;Não existe;;;Manhã
1882;12/03/2020;12:07:00;SEM VÍTIMA;FINALIZADA;IPSEP;AV RECIFE;;;LADO OPOSTO AO Nº 2447;IPSEP;55.0;;COLISÃO TRASEIRA;2.0;0.0;0.0;0.0;0.0;0.0;0.0;0.0;0.0;0.0;0.0;Longo da via;Chuvoso;Sem defeito;Perfeito estado;Seca;Perfeito estado;Não existe;R-6a;;Dupla;Faixa seccionada;Canteiro central;;Tarde
1883;12/03/2020;12:45:00;COM VÍTIMA;FINALIZADA;AFOGADOS;RUA COSME VIANA;550;;E/F A CEMAUTO SERVIÇOS AUTOMOTIVOS PROX AO EROS HOTEL;AFOGADOS;;SUBURBIO;ATROPELAMENTO;0.0;0.0;0.0;0.0;1.0;1.0;0.0;0.0;0.0;1.0;0.0;Longo da via;Bom;Não existe;Perfeito estado;Seca;Perfeito estado;;Outras;;Única;;;;Tarde
1884;12/03/2020;13:13:00;SEM VÍTIMA;FINALIZADA;BOA VIAGEM;RUA COSMORAMA;;RUA JOAO CARDOSO AIRES;AO LADO DO COLÉGIO MADRE DE DEUS;BOA VIAGEM;478.0;SUBURBIO;COLISÃO TRASEIRA;1.0;1.0;0.0;0.0;0.0;0.0;0.0;0.0;1.0;0.0;0.0;Cruzamento;Bom;Sem defeito;Perfeito estado;Seca;Perfeito estado;Faixa de pedestre;Outras;40 km/h;Única;Faixa seccionada;;;Tarde
1885;12/03/2020;14:31:00;SEM VÍTIMA;FINALIZADA;GRAÇAS;AV RUI BARBOSA;1541;;EM FRENTE AO Nº 1541;GRAÇAS;;CIDADE;ABALROAMENTO LONGITUDINAL;1.0;1.0;0.0;0.0;0.0;0.0;0.0;0.0;0.0;0.0;0.0;Longo da via;Bom;Não existe;Perfeito estado;Seca;Perfeito estado;Não existe;Outras;;Única;Faixa seccionada;;;Tarde
1886;12/03/2020;14:35:00;SEM VÍTIMA;FINALIZADA;DERBY;RUA MANOEL CAETANO;;RUA JENER DE SOUZA;POSTE DE Nº B 009473;DERBY;;CIDADE;ABALROAMENTO LONGITUDINAL;2.0;0.0;0.0;0.0;0.0;0.0;0.0;0.0;0.0;0.0;0.0;;Bom;Não existe;Perfeito estado;Seca;Perfeito estado;Faixa de pedestre;R-6a;;Única;Faixa contínua;;;Tarde
1887;12/03/2020;14:47:00;SEM VÍTIMA;FINALIZADA;SANTO ANTÔNIO;AV MARTINS DE BARROS;;;LADO OPOSTO A PRAÇA DEZESSETE;SANTO ANTÔNIO;;CIDADE;COLISÃO FRONTAL;2.0;0.0;0.0;0.0;0.0;1.0;0.0;0.0;0.0;0.0;0.0;Longo da via;Bom;Não existe;Não existente;Seca;Perfeito estado;Não existe;Não há placas;60 km/h;Única;Faixa seccionada;;;Tarde
1888;12/03/2020;14:57:00;SEM VÍTIMA;FINALIZADA;ESPINHEIRO;RUA QUARENTA E OITO;525;RUA CONS PORTELA;EM FRENTE AO Nº 525;ESPINHEIRO;11.0;;ABALROAMENTO LONGITUDINAL;2.0;0.0;0.0;0.0;0.0;0.0;0.0;0.0;0.0;0.0;0.0;Cruzamento;Bom;Sem defeito;Perfeito estado;Seca;Perfeito estado;Agente;Placas Pare;60 km/h;Única;Faixa seccionada;;;Tarde
1889;12/03/2020;15:50:00;SEM VÍTIMA;FINALIZADA;BOA VIAGEM;RUA PADRE CARAPUCEIRO;468;RUA FRANCISCO DA CUNHA;;BOA VIAGEM;;SUBURBIO;ABALROAMENTO TRANSVERSAL;1.0;0.0;0.0;0.0;0.0;1.0;0.0;0.0;0.0;0.0;0.0;Cruzamento;Bom;Não existe;Perfeito estado;Seca;Perfeito estado;Não existe;R-4a;;Única;Faixa seccionada;;;Tarde
1890;12/03/2020;15:52:00;SEM VÍTIMA;FINALIZADA;IBURA;AV DOIS RIOS;;;PRÓXIMO A POLICLÍNICA PROFº ARNALDO MARQUES;IBURA;;CIDADE;ABALROAMENTO LONGITUDINAL;1.0;0.0;0.0;0.0;0.0;0.0;0.0;0.0;1.0;0.0;0.0;Longo da via;Bom;Não existe;Perfeito estado;Seca;Perfeito estado;Não existe;Outras;;Dupla;Faixa contínua;;;Tarde
1891;12/03/2020;16:03:00;SEM VÍTIMA;FINALIZADA;IPUTINGA;EST DO BARBALHO;111;;;IPUTINGA;;;ABALROAMENTO LONGITUDINAL;2.0;0.0;0.0;0.0;0.0;0.0;0.0;0.0;0.0;0.0;0.0;Longo da via;Bom;Não existe;;Seca;;Não existe;R-6a;;Única;Não existe;;;Tarde
1892;12/03/2020;16:27:00;SEM VÍTIMA;FINALIZADA;BOA VIAGEM;RUA CARLOS PEREIRA FALCAO;77;RUA DOS NAVEGANTES;GALERIA SAN RAPHAEL;BOA VIAGEM;;;COLISÃO FRONTAL;2.0;0.0;0.0;0.0;0.0;0.0;0.0;0.0;0.0;0.0;0.0;Cruzamento;Bom;Não existe;Perfeito estado;Seca;Perfeito estado;Não existe;Placas Pare;;Dupla;Faixa seccionada;;;Tarde
1893;12/03/2020;17:22:00;COM VÍTIMA;FINALIZADA;CASA FORTE;AV DEZESSETE DE AGOSTO;2184;;LADO OPOSTO A FUNDAÇÃO JOAQUIM NABUCO;CASA FORTE;;SUBURBIO;CHOQUE VEÍCULO PARADO;0.0;1.0;0.0;0.0;0.0;0.0;0.0;0.0;0.0;1.0;0.0;Longo da via;Bom;Não existe;Perfeito estado;Seca;Perfeito estado;Faixa de pedestre;R-6a;;Dupla;Faixa seccionada;;;Tarde
1894;12/03/2020;17:25:00;COM VÍTIMA;FINALIZADA;JAQUEIRA;RUA RICARDO HARDMAN;68;;PROX AO PONTO DO AÇAI;JAQUEIRA;;SUBURBIO;ABALROAMENTO TRANSVERSAL;1.0;1.0;0.0;0.0;0.0;0.0;0.0;0.0;0.0;1.0;0.0;Longo da via;Bom;Não existe;Perfeito estado;Seca;Perfeito estado;Não existe;Outras;30 km/h;Dupla;Faixa seccionada;;;Tarde
1895;12/03/2020;17:35:00;SEM VÍTIMA;FINALIZADA;CASA AMARELA;RUA ALEXANDRINO;83;;EM FRENTE AO Nº 101;CASA AMARELA;;;CHOQUE VEÍCULO PARADO;1.0;0.0;0.0;0.0;0.0;1.0;0.0;0.0;0.0;0.0;0.0;Longo da via;Bom;Não existe;Perfeito estado;Seca;Perfeito estado;Não existe;;;Dupla;Faixa seccionada;;;Tarde
1896;12/03/2020;19:44:00;COM VÍTIMA;FINALIZADA;CASA AMARELA;AV NORTE;;PRC DO TRABALHO;ENF. A UPINHA;CASA AMARELA;;CIDADE;ABALROAMENTO TRANSVERSAL;0.0;2.0;0.0;0.0;0.0;0.0;0.0;0.0;0.0;2.0;0.0;Longo da via;Bom;Não existe;Perfeito estado;Seca;Perfeito estado;Faixa de pedestre;R-6a;60 km/h;Dupla;Canteiro central;;;Noite
1897;12/03/2020;21:01:00;SEM VÍTIMA;FINALIZADA;IMBIRIBEIRA;RUA FRANCISCO CORREIA DE MORAES;;;APÓS O POSTE B 017169;IMBIRIBEIRA;;SUBURBIO;COLISÃO TRASEIRA;2.0;0.0;0.0;0.0;0.0;0.0;0.0;0.0;0.0;0.0;0.0;Longo da via;Bom;Não existe;Perfeito estado;Seca;Perfeito estado;Não existe;Não há placas;;Única;;;;Noite
1898;12/03/2020;21:59:00;COM VÍTIMA;FINALIZADA;BOA VIAGEM;RUA FRANCISCO DA CUNHA;881;RUA TENENTE JOAO CICERO;AO LADO DO RESTAURANTE MANHATTAN CAFÉ TEATRO;BOA VIAGEM;;SUBURBIO;ABALROAMENTO TRANSVERSAL;2.0;0.0;0.0;0.0;0.0;0.0;0.0;0.0;0.0;1.0;0.0;Cruzamento;Bom;Não existe;Incompleta;Seca;Perfeito estado;Faixa de retenção;Placas Pare;;Única;Não existe;;;Noite
1899;12/03/2020;22:32:00;SEM VÍTIMA;FINALIZADA;CORDEIRO;AV MARIO ALVARES PEREIRA DE LYRA;;RUA AMBROSIO MACHADO;;CORDEIRO;134.0;SUBURBIO;ABALROAMENTO LONGITUDINAL;2.0;0.0;0.0;0.0;0.0;0.0;0.0;0.0;0.0;0.0;0.0;Cruzamento;Bom;Sem defeito;Incompleta;Seca;Mal iluminada;Não existe;Não há placas;;Dupla;Canal;;;Noite
1900;13/03/2020;07:02:00;COM VÍTIMA;FINALIZADA;ESPINHEIRO;RUA QUARENTA E OITO;443;;PROX A PADARIA DO ESPINHEIRO;ESPINHEIRO;;CIDADE;ABALROAMENTO TRANSVERSAL;1.0;1.0;0.0;0.0;0.0;0.0;0.0;0.0;0.0;1.0;0.0;Longo da via;Bom;Não existe;Perfeito estado;Seca;Perfeito estado;Não existe;Outras;40 km/h;Única;Não existe;;;Manhã
1901;13/03/2020;07:34:00;SEM VÍTIMA;FINALIZADA;SÍTIO DOS PINTOS;EST DOS PINTOS;;;EM FRENTE AO DEPÓSITO DE GÁS BRASILGÁS;SÍTIO DOS PINTOS;;CIDADE;ABALROAMENTO LONGITUDINAL;2.0;0.0;0.0;0.0;0.0;0.0;0.0;0.0;0.0;0.0;0.0;Longo da via;Bom;Não existe;Não existente;Seca;Perfeito estado;Não existe;;;Dupla;Não existe;;;Manhã
1902;13/03/2020;08:36:00;COM VÍTIMA;FINALIZADA;JIQUIÁ;RUA SAO MIGUEL;;;EM FRENTE AO BODE;JIQUIÁ;392.0;;ABALROAMENTO LONGITUDINAL;1.0;1.0;0.0;0.0;0.0;0.0;0.0;0.0;0.0;1.0;0.0;Longo da via;Bom;Sem defeito;Perfeito estado;Seca;Perfeito estado;Faixa de pedestre;Outras;60 km/h;Dupla;Faixa contínua;;;Manhã
1903;13/03/2020;08:46:00;COM VÍTIMA;FINALIZADA;BONGI;RUA ISAAC MARKMAN;;;EM FRENTE A SECRETARIA DA SAUDE;BONGI;;;ABALROAMENTO TRANSVERSAL;1.0;1.0;0.0;0.0;0.0;0.0;0.0;0.0;0.0;1.0;0.0;Cruzamento;Bom;Não existe;Perfeito estado;Seca;Perfeito estado;Não existe;R-3;30 km/h;Dupla;;;;Manhã
1904;13/03/2020;09:10:00;SEM VÍTIMA;FINALIZADA;CORDEIRO;AV CAXANGA;773;;;CORDEIRO;273.0;CIDADE;COLISÃO TRASEIRA;3.0;0.0;0.0;0.0;0.0;0.0;0.0;0.0;0.0;0.0;0.0;Longo da via;Bom;Sem defeito;Perfeito estado;Seca;Perfeito estado;Faixa de pedestre;Outras;60 km/h;Única;Faixa seccionada;;;Manhã
1905;13/03/2020;09:21:00;SEM VÍTIMA;FINALIZADA;PINA;AV HERCULANO BANDEIRA;;;PRÓXIMO AO POSTO BR;PINA;;SUBURBIO;ABALROAMENTO LONGITUDINAL;1.0;0.0;0.0;0.0;0.0;1.0;0.0;0.0;0.0;0.0;0.0;Longo da via;Bom;Sem defeito;Perfeito estado;Seca;Perfeito estado;Outros;;;Única;;;;Manhã
1906;13/03/2020;10:11:00;SEM VÍTIMA;FINALIZADA;IPUTINGA;AV MAURICIO DE NASSAU;;RUA SANTA LUCIA;RENDE MAIS SUPERMERCADO;IPUTINGA;109.0;SUBURBIO;ABALROAMENTO LONGITUDINAL;1.0;0.0;0.0;0.0;0.0;0.0;0.0;0.0;0.0;0.0;0.0;;Nublado;Sem defeito;Incompleta;Seca;Perfeito estado;Faixa de pedestre;Não há placas;;Dupla;Faixa contínua;;;Manhã
1907;13/03/2020;11:09:00;SEM VÍTIMA;FINALIZADA;JORDÃO;AV MARIA IRENE;;;EM FRENTE AO ATACAREJO JORDÃO;JORDÃO;;;ABALROAMENTO LONGITUDINAL;1.0;0.0;0.0;0.0;0.0;0.0;1.0;0.0;0.0;0.0;0.0;Longo da via;Bom;Não existe;Ilegível;Seca;Mal conservada;Não existe;Não há placas;;Dupla;Não existe;;;Manhã
1908;13/03/2020;11:17:00;SEM VÍTIMA;FINALIZADA;BARRO;AV CENTRAL;;;TIP DO BARRO;BARRO;;;ABALROAMENTO LONGITUDINAL;1.0;0.0;0.0;0.0;0.0;1.0;0.0;0.0;0.0;0.0;0.0;Longo da via;Bom;Não existe;Incompleta;Seca;Perfeito estado;Faixa de pedestre;Não há placas;;Dupla;Faixa contínua;;;Manhã
1909;13/03/2020;12:30:00;SEM VÍTIMA;FINALIZADA;IMBIRIBEIRA;RUA JOAQUIM BANDEIRA;374;AV SUL;AO PONTILHÃO DO METRÔ;IMBIRIBEIRA;;;ABALROAMENTO TRANSVERSAL;2.0;0.0;0.0;0.0;0.0;0.0;0.0;0.0;0.0;0.0;0.0;Cruzamento;Bom;Não existe;Não existente;Seca;Perfeito estado;Não existe;Não há placas;40 km/h;Única;Faixa seccionada;;;Tarde
1910;13/03/2020;12:58:00;SEM VÍTIMA;FINALIZADA;CORDEIRO;AV CAXANGA;;AV GENERAL SAN MARTIN;TERMINAL INTEGRADO VER. ZEZITO DE MAGALHÃES;CORDEIRO;80.0;;ABALROAMENTO LONGITUDINAL;1.0;1.0;0.0;0.0;0.0;0.0;0.0;0.0;0.0;0.0;0.0;Cruzamento;Nublado;Sem defeito;Perfeito estado;Seca;;Faixa de pedestre;Outras;;Única;Faixa seccionada;;;Tarde
1911;13/03/2020;13:35:00;SEM VÍTIMA;FINALIZADA;POÇO DA PANELA;RUA GUILHERME SALAZAR;;;AO LADO DO POSTO PETROBRAS E/F A DROGASIL;POÇO DA PANELA;;;COLISÃO;2.0;0.0;0.0;0.0;0.0;0.0;0.0;0.0;0.0;0.0;0.0;;;;;;;;;;;;;;Tarde
1912;13/03/2020;13:59:00;COM VÍTIMA;FINALIZADA;BARRO;AV DR JOSE RUFINO;;;E/F AO POSTO BR E AO QUARTEL DO EXERCITO 4 BCOM S/T TEJIPIO;BARRO;;SUBURBIO;ABALROAMENTO LONGITUDINAL;0.0;2.0;0.0;0.0;0.0;0.0;0.0;0.0;0.0;2.0;0.0;Longo da via;Bom;Não existe;Perfeito estado;Seca;Perfeito estado;Não existe;Não há placas;60 km/h;Dupla;Faixa contínua;;;Tarde
1913;13/03/2020;14:27:00;COM VÍTIMA;FINALIZADA;BONGI;AV ENGENHEIRO ABDIAS DE CARVALHO;480;;E/F AO HABIB´S;BONGI;;SUBURBIO;ABALROAMENTO LONGITUDINAL;1.0;1.0;0.0;0.0;0.0;0.0;0.0;0.0;0.0;1.0;0.0;Longo da via;Bom;;Perfeito estado;Seca;Perfeito estado;;;60 km/h;Dupla;Canteiro central;;;Tarde