indice;data;hora;natureza_acidente;situacao;bairro;endereco;numero;detalhe_endereco_acidente;complemento;bairro_cruzamento;num_semaforo;sentido_via;tipo;auto;moto;ciclom;ciclista;pedestre;onibus;caminhao;viatura;outros;vitimas;vitimasfatais;acidente_verificado;tempo_clima;situacao_semaforo;sinalizacao;condicao_via;conservacao_via;ponto_controle;situacao_placa;velocidade_max_via;mao_direcao;divisao_via1;divisao_via2;divisao_via3;turno
1914;13/03/2020;14:41:00;COM VÍTIMA;FINALIZADA;DERBY;RUA DOM BOSCO;1329;AV GOVERNADOR AGAMENON MAGALHAES;FARMACIA DROGASIL;DERBY;;SUBURBIO;ATROPELAMENTO;0.0;1.0;0.0;0.0;1.0;1.0;0.0;0.0;0.0;1.0;0.0;;Bom;Sem defeito;Perfeito estado;Seca;Perfeito estado;Agente;;;Única;Faixa;;;Tarde
1915;13/03/2020;14:55:00;SEM VÍTIMA;FINALIZADA;MADALENA;AV VISCONDE DE ALBUQUERQUE;401;RUA LOPES DE CARVALHO;MADALENA CENTER;MADALENA;;SUBURBIO;ABALROAMENTO LONGITUDINAL;2.0;0.0;0.0;0.0;0.0;0.0;0.0;0.0;0.0;0.0;0.0;;Bom;Não existe;Perfeito estado;Seca;Perfeito estado;Não existe;Outras;;Única;Faixa seccionada;;;Tarde
1916;13/03/2020;15:03:00;SEM VÍTIMA;FINALIZADA;SANTO AMARO;RUA DO HOSPICIO;;AV MARIO MELO;EM FRENTE AO SEMÁFORO Nº 171;SANTO AMARO;;CIDADE;ABALROAMENTO LONGITUDINAL;1.0;0.0;0.0;0.0;0.0;0.0;1.0;0.0;0.0;0.0;0.0;Longo da via;Bom;Sem defeito;Perfeito estado;Seca;Perfeito estado;Não existe;Não há placas;;Dupla;Não existe;;;Tarde
1917;13/03/2020;15:07:00;SEM VÍTIMA;FINALIZADA;AFOGADOS;RUA VINTE E UM DE ABRIL;416;;EM FRENTE AO 416;AFOGADOS;;;ABALROAMENTO TRANSVERSAL;2.0;0.0;0.0;0.0;0.0;0.0;0.0;0.0;0.0;0.0;0.0;Longo da via;Bom;Não existe;Não existente;Seca;Perfeito estado;Não existe;Não há placas;;Dupla;Não existe;;;Tarde
1918;13/03/2020;16:36:00;SEM VÍTIMA;FINALIZADA;SANTO AMARO;AV CRUZ CABUGA;269;;GINÁSIO PERNAMBUCANO;SANTO AMARO;523.0;CIDADE;COLISÃO TRASEIRA;0.0;1.0;0.0;0.0;0.0;1.0;0.0;0.0;0.0;0.0;0.0;Longo da via;Bom;Sem defeito;Perfeito estado;Seca;Perfeito estado;Faixa de pedestre;Não há placas;;Dupla;Faixa seccionada;;;Tarde
1919;13/03/2020;16:46:00;COM VÍTIMA;FINALIZADA;IBURA;RUA RIO XINGU;1515;AV DOIS RIOS;AO LADO DA AUTO ESCOLA PILOTO;IBURA;351.0;SUBURBIO;ABALROAMENTO LONGITUDINAL;0.0;1.0;0.0;0.0;0.0;0.0;1.0;0.0;0.0;1.0;0.0;Cruzamento;Bom;Sem defeito;Perfeito estado;Seca;Perfeito estado;Não existe;Outras;;Dupla;Faixa contínua;;;Tarde
1920;13/03/2020;16:59:00;SEM VÍTIMA;FINALIZADA;BOA VIAGEM;RUA JOSE DOMINGUES DA SILVA;258;RUA CAPITAO ZUZINHA;;BOA VIAGEM;;CIDADE;ABALROAMENTO LONGITUDINAL;2.0;0.0;0.0;0.0;0.0;0.0;0.0;0.0;0.0;0.0;0.0;Cruzamento;Bom;Não existe;Perfeito estado;Seca;Perfeito estado;Não existe;Placas Pare;;Dupla;Faixa contínua;;;Tarde
1921;13/03/2020;17:38:00;SEM VÍTIMA;FINALIZADA;BOA VIAGEM;AV ENGENHEIRO DOMINGOS FERREIRA;4333;;PRÓXIMO A ÓTICA OUTLET;BOA VIAGEM;;SUBURBIO;COLISÃO TRASEIRA;2.0;0.0;0.0;0.0;0.0;0.0;0.0;0.0;0.0;0.0;0.0;Longo da via;Bom;Não existe;Perfeito estado;Seca;Perfeito estado;Agente;Não há placas;60 km/h;Única;Canteiro central;;;Tarde
1922;13/03/2020;17:55:00;SEM VÍTIMA;FINALIZADA;BOA VISTA;RUA GERVASIO PIRES;;AV CONDE DA BOA VISTA;GERVÁSIO PIRES SEMÁFORO 024;BOA VISTA;24.0;SUBURBIO;ABALROAMENTO LONGITUDINAL;2.0;0.0;0.0;0.0;0.0;0.0;0.0;0.0;0.0;0.0;0.0;Cruzamento;Bom;Sem defeito;Perfeito estado;Seca;Perfeito estado;Agente;R-6a;;Única;Não existe;;;Tarde
1923;13/03/2020;18:53:00;COM VÍTIMA;FINALIZADA;ESPINHEIRO;RUA QUARENTA E OITO;395;RUA DO ESPINHEIRO;E/F A PADARIA ESPINHEIRO;ESPINHEIRO;;;ABALROAMENTO LONGITUDINAL;1.0;1.0;0.0;0.0;0.0;0.0;0.0;0.0;0.0;1.0;0.0;Cruzamento;Bom;Sem defeito;Perfeito estado;Seca;Perfeito estado;;Outras;;Única;Faixa seccionada;;;Noite
1924;13/03/2020;19:00:00;SEM VÍTIMA;FINALIZADA;IPSEP;AV RECIFE;;;LADO OPOSTO AO NÚMERO 2763;IPSEP;;SUBURBIO;COLISÃO TRASEIRA;4.0;0.0;0.0;0.0;0.0;0.0;0.0;0.0;0.0;0.0;0.0;Longo da via;Bom;Não existe;Perfeito estado;Seca;Perfeito estado;Não existe;R-6a;;Dupla;Canteiro central;;;Noite
1925;13/03/2020;19:40:00;SEM VÍTIMA;FINALIZADA;VÁRZEA;PTE MARECHAL HUMBERTO CASTELO BRANCO;;;UPINHA DA CAXANGÁ;VÁRZEA;;CIDADE;COLISÃO TRASEIRA;2.0;0.0;0.0;0.0;0.0;0.0;0.0;0.0;0.0;0.0;0.0;Ponte;Bom;Não existe;Perfeito estado;Seca;Perfeito estado;Não existe;Não há placas;;Dupla;Faixa contínua;Faixa seccionada;;Noite
1926;13/03/2020;21:05:00;COM VÍTIMA;FINALIZADA;BOA VIAGEM;1BE DONA BENVINDA DE FARIAS;435;;E/F AO RESTAURATE UDON;BOA VIAGEM;;SUBURBIO;ABALROAMENTO TRANSVERSAL;2.0;0.0;0.0;0.0;0.0;0.0;0.0;0.0;0.0;1.0;0.0;Longo da via;Bom;Não existe;Perfeito estado;Seca;Perfeito estado;Não existe;Não há placas;;Única;Não existe;;;Noite
1927;13/03/2020;22:04:00;SEM VÍTIMA;FINALIZADA;ÁGUA FRIA;EST VELHA DE AGUA FRIA;;;POSTO DE COMBUSTÍVEL NORTE GAS;ÁGUA FRIA;;SUBURBIO;ABALROAMENTO TRANSVERSAL;0.0;1.0;0.0;0.0;0.0;1.0;0.0;0.0;0.0;0.0;0.0;;Bom;Não existe;Perfeito estado;Seca;Perfeito estado;Outros;Outras;;Dupla;Faixa seccionada;Canteiro central;;Noite
1928;13/03/2020;22:15:00;SEM VÍTIMA;FINALIZADA;ESPINHEIRO;RUA DA HORA;330;;CAFE SEU PORQUIN;ESPINHEIRO;;SUBURBIO;CHOQUE OBJETO FIXO;1.0;0.0;0.0;0.0;0.0;0.0;0.0;0.0;0.0;0.0;0.0;Longo da via;Bom;Não existe;Incompleta;Seca;Perfeito estado;Não existe;R-6a;;Única;Não existe;;;Noite
1929;14/03/2020;02:35:00;SEM VÍTIMA;FINALIZADA;SANTO AMARO;AV GOVERNADOR AGAMENON MAGALHAES;;AV DR JAYME DA FONTE;PRÓXIMO AO CAMPO DO 11;SANTO AMARO;49.0;SUBURBIO;ABALROAMENTO TRANSVERSAL;2.0;0.0;0.0;0.0;0.0;0.0;0.0;0.0;0.0;0.0;0.0;Cruzamento;Chuvoso;Sem defeito;Perfeito estado;Molhada;Perfeito estado;Faixa de pedestre;Outras;;Dupla;Faixa seccionada;Canteiro central;;Madrugada
1930;14/03/2020;08:35:00;COM VÍTIMA;FINALIZADA;TAMARINEIRA;EST VELHA DE AGUA FRIA;571;AV NORTE;E/F ATALANTA COLCHÕES ORTOBOM;TAMARINEIRA;;SUBURBIO;CHOQUE OBJETO FIXO;1.0;0.0;0.0;0.0;0.0;0.0;0.0;0.0;0.0;1.0;0.0;Longo da via;Bom;Não existe;Perfeito estado;Seca;Perfeito estado;Não existe;R-6a;;Dupla;Faixa seccionada;;;Manhã
1931;14/03/2020;09:49:00;SEM VÍTIMA;FINALIZADA;AFOGADOS;RUA NICOLAU PEREIRA;;RUA DO ACRE;MERCADO DE AFOGADOS;AFOGADOS;;;ABALROAMENTO TRANSVERSAL;2.0;0.0;0.0;0.0;0.0;0.0;0.0;0.0;0.0;0.0;0.0;Longo da via;Bom;;Perfeito estado;Seca;Perfeito estado;;;;Única;;;;Manhã
1932;14/03/2020;10:27:00;SEM VÍTIMA;FINALIZADA;SANTO AMARO;AV GOVERNADOR AGAMENON MAGALHAES;;;OPOSTO A UPE;SANTO AMARO;108.0;CIDADE;ABALROAMENTO LONGITUDINAL;1.0;0.0;0.0;0.0;0.0;0.0;1.0;0.0;0.0;0.0;0.0;Longo da via;Bom;Sem defeito;Perfeito estado;Seca;Perfeito estado;Não existe;R-19;60 km/h;Única;Faixa seccionada;;;Manhã
1933;14/03/2020;11:19:00;SEM VÍTIMA;FINALIZADA;IMBIRIBEIRA;RUA JOAQUIM BANDEIRA;;AV SUL;SOB O PONTILHÃO DO METRO RECIFE;IMBIRIBEIRA;;CIDADE;ABALROAMENTO LONGITUDINAL;2.0;0.0;0.0;0.0;0.0;0.0;0.0;0.0;0.0;0.0;0.0;Cruzamento;Bom;Não existe;Perfeito estado;Seca;Perfeito estado;Não existe;Placas Pare;;Única;Faixa seccionada;;;Manhã
1934;14/03/2020;11:57:00;SEM VÍTIMA;FINALIZADA;BOA VIAGEM;RUA VISCONDE DE JEQUITINHONHA;;RUA BARAO DE SOUZA LEAO;;BOA VIAGEM;129.0;;ABALROAMENTO LONGITUDINAL;1.0;0.0;0.0;0.0;0.0;1.0;0.0;0.0;0.0;0.0;0.0;Cruzamento;Bom;Sem defeito;Perfeito estado;Seca;Perfeito estado;Faixa de pedestre;R-6a;;Única;Faixa seccionada;;;Manhã
1935;14/03/2020;13:26:00;SEM VÍTIMA;FINALIZADA;AFLITOS;AV SANTOS DUMONT;420;;ESQUINA COM A EXTRA FARMA;AFLITOS;;SUBURBIO;ABALROAMENTO LONGITUDINAL;2.0;0.0;0.0;0.0;0.0;0.0;0.0;0.0;0.0;0.0;0.0;Longo da via;Bom;Não existe;Perfeito estado;Seca;Perfeito estado;Não existe;Não há placas;40 km/h;Única;Faixa seccionada;;;Tarde
1936;14/03/2020;14:11:00;SEM VÍTIMA;FINALIZADA;CORDEIRO;AV CAXANGA;1118;;DELICIA DA PRAZERES;CORDEIRO;;;COLISÃO TRASEIRA;2.0;0.0;0.0;0.0;0.0;0.0;0.0;0.0;0.0;0.0;0.0;Longo da via;Bom;;Perfeito estado;Seca;Perfeito estado;;;;Dupla;Faixa seccionada;Canteiro central;;Tarde
1937;14/03/2020;14:38:00;SEM VÍTIMA;FINALIZADA;IPSEP;RUA SATURNINO MEIRELES;;AV RAIMUNDO DINIZ;PRÓXIMO A DELEGACIA DO IPSEP;IPSEP;;SUBURBIO;ABALROAMENTO TRANSVERSAL;2.0;0.0;0.0;0.0;0.0;0.0;0.0;0.0;0.0;0.0;0.0;Cruzamento;Bom;Não existe;Perfeito estado;Seca;Perfeito estado;;Placas Pare;;;;;;Tarde
1938;14/03/2020;15:54:00;SEM VÍTIMA;FINALIZADA;AFOGADOS;RUA SAO MIGUEL;1336;RUA LUIZ PEREIRA DE FARIAS;DROGARIA BONGI;AFOGADOS;;SUBURBIO;ABALROAMENTO TRANSVERSAL;2.0;0.0;0.0;0.0;0.0;0.0;0.0;0.0;0.0;0.0;0.0;;Bom;Não existe;Não existente;Seca;Perfeito estado;Não existe;Não há placas;;;;;;Tarde
1939;14/03/2020;18:20:00;SEM VÍTIMA;FINALIZADA;BOA VISTA;AV CONDE DA BOA VISTA;;RUA GONCALVES MAIA;SOB O SEMÁFORO 299;BOA VISTA;299.0;SUBURBIO;ABALROAMENTO LONGITUDINAL;1.0;0.0;0.0;0.0;0.0;0.0;1.0;0.0;0.0;0.0;0.0;Cruzamento;Bom;Sem defeito;Perfeito estado;Seca;Perfeito estado;Outros;R-6a;;Única;Não existe;;;Noite
1940;14/03/2020;21:05:00;SEM VÍTIMA;FINALIZADA;CASA FORTE;AV DEZESSETE DE AGOSTO;1725;;BAR REAL;CASA FORTE;;CIDADE;ABALROAMENTO LONGITUDINAL;1.0;0.0;0.0;0.0;0.0;1.0;0.0;0.0;0.0;0.0;0.0;;Bom;Não existe;Perfeito estado;Seca;Perfeito estado;Não existe;Não há placas;;Dupla;Faixa contínua;;;Noite
1941;14/03/2020;21:53:00;SEM VÍTIMA;FINALIZADA;VASCO DA GAMA;RUA LUIZ CESARIO DE MELO;55;;;VASCO DA GAMA;;SUBURBIO;CHOQUE VEÍCULO PARADO;2.0;0.0;0.0;0.0;0.0;0.0;0.0;0.0;0.0;0.0;0.0;Longo da via;Bom;Não existe;Ilegível;Seca;Mal iluminada;Não existe;Não há placas;;Dupla;Não existe;;;Noite
1942;15/03/2020;11:25:00;SEM VÍTIMA;FINALIZADA;BOA VIAGEM;AV BOA VIAGEM;2682;RUA PROFESSOR JOSE BRANDAO;;BOA VIAGEM;;SUBURBIO;CHOQUE VEÍCULO PARADO;3.0;0.0;0.0;0.0;0.0;0.0;0.0;0.0;0.0;0.0;0.0;;Chuvoso;Não existe;Perfeito estado;Molhada;Perfeito estado;Faixa de pedestre;R-6a;;Única;Faixa seccionada;;;Manhã
1943;15/03/2020;11:57:00;SEM VÍTIMA;FINALIZADA;BOA VIAGEM;RUA DEZ DE JULHO;210;RUA CAMBOIM;;BOA VIAGEM;;SUBURBIO;ABALROAMENTO TRANSVERSAL;2.0;0.0;0.0;0.0;0.0;0.0;0.0;0.0;0.0;0.0;0.0;Cruzamento;Chuvoso;Não existe;Perfeito estado;Seca;Perfeito estado;Não existe;Placas Pare;;Única;Faixa seccionada;;;Manhã
1944;15/03/2020;12:24:00;SEM VÍTIMA;FINALIZADA;MADALENA;AV VISCONDE DE ALBUQUERQUE;460;;LIDER;MADALENA;;SUBURBIO;ABALROAMENTO TRANSVERSAL;2.0;0.0;0.0;0.0;0.0;0.0;0.0;0.0;0.0;0.0;0.0;Longo da via;Bom;Sem defeito;Perfeito estado;Seca;Perfeito estado;Outros;Outras;60 km/h;Única;Faixa seccionada;;;Tarde
1945;15/03/2020;13:16:00;COM VÍTIMA;FINALIZADA;IPUTINGA;AV MAURICIO DE NASSAU;501;;EM FRENTE AO PARQUE CAIARA;IPUTINGA;;CIDADE;ABALROAMENTO TRANSVERSAL;1.0;1.0;0.0;0.0;0.0;0.0;0.0;0.0;0.0;1.0;0.0;Longo da via;Bom;Sem defeito;Perfeito estado;Seca;Perfeito estado;Faixa de pedestre;R-19;40 km/h;Dupla;Faixa contínua;;;Tarde
1946;15/03/2020;16:38:00;SEM VÍTIMA;FINALIZADA;;COR DO BARTOLOMEU;;AV NORTE;LADO OPOSTO A FARMÁCIA PAGUE MENOS;;79.0;SUBURBIO;COLISÃO TRASEIRA;2.0;0.0;0.0;0.0;0.0;0.0;0.0;0.0;0.0;0.0;0.0;Cruzamento;Bom;Sem defeito;Perfeito estado;Seca;Perfeito estado;Faixa de pedestre;R-6a;;Dupla;Não existe;;;Tarde
1947;15/03/2020;17:20:00;SEM VÍTIMA;FINALIZADA;GRAÇAS;RUA AMELIA;327;;SOB O SEMÁFORO 177;GRAÇAS;177.0;CIDADE;ABALROAMENTO LONGITUDINAL;2.0;0.0;0.0;0.0;0.0;0.0;0.0;0.0;0.0;0.0;0.0;Longo da via;Bom;Sem defeito;Perfeito estado;Seca;Perfeito estado;Faixa de pedestre;;;Única;Faixa seccionada;;;Tarde
1948;15/03/2020;19:02:00;SEM VÍTIMA;FINALIZADA;AREIAS;AV RECIFE;;;LADO OPOSTO AO GALETUS;AREIAS;;;COLISÃO TRASEIRA;2.0;0.0;0.0;0.0;0.0;0.0;0.0;0.0;0.0;0.0;0.0;Longo da via;Bom;Sem defeito;Perfeito estado;Seca;Perfeito estado;;;;Dupla;;;;Noite
1949;15/03/2020;19:41:00;SEM VÍTIMA;FINALIZADA;TORRÕES;AV ENGENHEIRO ABDIAS DE CARVALHO;;;RESTAURANTE KIYOI;TORRÕES;375.0;SUBURBIO;COLISÃO TRASEIRA;1.0;0.0;0.0;0.0;0.0;1.0;0.0;0.0;0.0;0.0;0.0;Longo da via;Chuvoso;Sem defeito;Perfeito estado;Molhada;Perfeito estado;Faixa de pedestre;Não há placas;;Dupla;Faixa contínua;;;Noite
1950;15/03/2020;23:31:00;COM VÍTIMA;FINALIZADA;BOA VIAGEM;RUA ERNESTO DE PAULA SANTOS;398;;ENF. A FARMACIA INDEPENDENTE E DROGASIL // SENTIDO ORLA;BOA VIAGEM;271.0;SUBURBIO;ABALROAMENTO TRANSVERSAL;1.0;1.0;0.0;0.0;0.0;0.0;0.0;0.0;0.0;2.0;0.0;Longo da via;Chuvoso;;Perfeito estado;Molhada;Perfeito estado;Não existe;Não há placas;;Única;Faixa seccionada;;;Noite
1951;16/03/2020;00:09:00;SEM VÍTIMA;FINALIZADA;BOA VIAGEM;RUA RIBEIRO DE BRITO;1326;RUA AMALIA BERNARDINO DE SOUZA;;BOA VIAGEM;;SUBURBIO;ABALROAMENTO TRANSVERSAL;2.0;0.0;0.0;0.0;0.0;0.0;0.0;0.0;0.0;0.0;0.0;Cruzamento;Chuvoso;Não existe;Incompleta;Molhada;Perfeito estado;Não existe;R-6a;;Única;Faixa seccionada;;;Madrugada
1952;16/03/2020;02:21:00;SEM VÍTIMA;FINALIZADA;BOA VIAGEM;RUA BRUNO VELOSO;3800;AV CONSELHEIRO AGUIAR;OPOSTO A DROGASIL;BOA VIAGEM;146.0;CIDADE;ABALROAMENTO TRANSVERSAL;2.0;0.0;0.0;0.0;0.0;0.0;0.0;0.0;0.0;0.0;0.0;Longo da via;Chuvoso;Sem defeito;Perfeito estado;Molhada;Perfeito estado;Faixa de retenção;Não há placas;;Única;Faixa seccionada;;;Madrugada
1953;16/03/2020;06:21:00;SEM VÍTIMA;FINALIZADA;PRADO;AV ENGENHEIRO ABDIAS DE CARVALHO;;;EM FRENTE A FACULDADE ESTÁCIO;PRADO;327.0;CIDADE;COLISÃO TRASEIRA;1.0;0.0;0.0;0.0;0.0;1.0;0.0;0.0;0.0;0.0;0.0;Longo da via;Chuvoso;Sem defeito;Perfeito estado;Seca;Perfeito estado;Faixa de pedestre;R-6a;;Dupla;Canteiro central;;;Manhã
1954;16/03/2020;07:08:00;SEM VÍTIMA;FINALIZADA;SÃO JOSÉ;AV SUL;1450;;EM FRENTE A GALVANIZAÇÃO SUL;SÃO JOSÉ;260.0;;COLISÃO TRASEIRA;2.0;0.0;0.0;0.0;0.0;1.0;0.0;0.0;0.0;0.0;0.0;Longo da via;Chuvoso;Sem defeito;Perfeito estado;Molhada;Perfeito estado;Faixa de retenção;Outras;;Dupla;Canteiro central;;;Manhã
1955;16/03/2020;07:28:00;SEM VÍTIMA;FINALIZADA;ENCRUZILHADA;EST DE BELEM;;;EM FRENTE A FARMACIA PAGUE MENOS;ENCRUZILHADA;;;COLISÃO;1.0;0.0;0.0;0.0;0.0;1.0;0.0;0.0;0.0;0.0;0.0;;;;;;;;;;;;;;Manhã
1956;16/03/2020;07:43:00;SEM VÍTIMA;FINALIZADA;DERBY;RUA JENER DE SOUZA;;PRC DO DERBY;EM FRENTE AO QUARTEL DO DERBY;DERBY;40.0;SUBURBIO;COLISÃO FRONTAL;2.0;0.0;0.0;0.0;0.0;0.0;0.0;0.0;0.0;0.0;0.0;Cruzamento;Chuvoso;Sem defeito;Perfeito estado;Molhada;Perfeito estado;Faixa de pedestre;;;Dupla;Não existe;;;Manhã
1957;16/03/2020;08:01:00;COM VÍTIMA;FINALIZADA;ROSARINHO;AV SANTOS DUMONT;1011;;EM FRENTE A  FARMACIA BONGI;ROSARINHO;;;ABALROAMENTO TRANSVERSAL;1.0;1.0;0.0;0.0;0.0;0.0;0.0;0.0;0.0;1.0;0.0;Esquina;Chuvoso;Não existe;Perfeito estado;Seca;Perfeito estado;Não existe;Outras;;Única;Faixa seccionada;;;Manhã
1958;16/03/2020;08:08:00;COM VÍTIMA;FINALIZADA;DERBY;AV GOVERNADOR AGAMENON MAGALHAES;;;LADO OPOSTO AO HOSPITAL DA RESTAURAÇÃO;DERBY;;OLINDA;ATROPELAMENTO;0.0;1.0;0.0;0.0;1.0;0.0;0.0;0.0;0.0;1.0;0.0;Longo da via;Chuvoso;Sem defeito;Perfeito estado;Molhada;Perfeito estado;Agente;Outras;60 km/h;Dupla;Canteiro central;;;Manhã
1959;16/03/2020;08:41:00;SEM VÍTIMA;FINALIZADA;ESPINHEIRO;RUA BARAO DE ITAMARACA;467;RUA RUI CALACA;PRÓXIMO A DISTRIBUIDORA GENTINGE;ESPINHEIRO;;CIDADE;ABALROAMENTO TRANSVERSAL;2.0;0.0;0.0;0.0;0.0;0.0;0.0;0.0;0.0;0.0;0.0;;Bom;Não existe;Perfeito estado;Seca;Perfeito estado;;Outras;;Dupla;Faixa contínua;;;Manhã
1960;16/03/2020;08:46:00;SEM VÍTIMA;FINALIZADA;MADALENA;AV CAXANGA;443;;LADO OPOSTO AO COLÉGIO CFI;MADALENA;;CIDADE;COLISÃO TRASEIRA;3.0;0.0;0.0;0.0;0.0;0.0;0.0;0.0;0.0;0.0;0.0;Longo da via;Chuvoso;Sem defeito;Perfeito estado;Molhada;Perfeito estado;;;;Dupla;Faixa contínua;Faixa seccionada;Canteiro central;Manhã
1961;16/03/2020;09:00:00;COM VÍTIMA;FINALIZADA;TAMARINEIRA;EST VELHA DE AGUA FRIA;;;EM FRENTE AO DNOCS;TAMARINEIRA;306.0;;COLISÃO TRASEIRA;1.0;1.0;0.0;0.0;0.0;0.0;0.0;0.0;0.0;1.0;0.0;Longo da via;Chuvoso;Sem defeito;Perfeito estado;Seca;Perfeito estado;;R-6a;;Dupla;Faixa contínua;Faixa seccionada;;Manhã
1962;16/03/2020;11:13:00;SEM VÍTIMA;FINALIZADA;CASA AMARELA;AV NORTE;;;;CASA AMARELA;95.0;SUBURBIO;COLISÃO TRASEIRA;2.0;0.0;0.0;0.0;0.0;0.0;0.0;0.0;0.0;0.0;0.0;Cruzamento;Bom;Sem defeito;Perfeito estado;Seca;Perfeito estado;Agente;Outras;;Dupla;Canteiro central;Blocos;;Manhã
1963;16/03/2020;12:07:00;COM VÍTIMA;FINALIZADA;BOA VIAGEM;TRV DR PEDRO DE MELO CAHU;201;RUA PROFESSOR JOSE BRANDAO;NA RUA POR TRAS DO COLEGIO BOA VIAGEM;BOA VIAGEM;;;ABALROAMENTO TRANSVERSAL;1.0;1.0;0.0;0.0;0.0;0.0;0.0;0.0;0.0;1.0;0.0;Cruzamento;Bom;Não existe;Incompleta;Seca;Perfeito estado;Não existe;Não há placas;;Dupla;Faixa seccionada;;;Tarde
1964;16/03/2020;12:38:00;COM VÍTIMA;FINALIZADA;MADALENA;AV CAXANGA;;;E/F AO COMPAZ S/T CID;MADALENA;439.0;CIDADE;COLISÃO COM CICLISTA;0.0;0.0;0.0;1.0;0.0;1.0;0.0;0.0;0.0;1.0;0.0;Longo da via;Chuvoso;Sem defeito;Perfeito estado;Molhada;Perfeito estado;Faixa de pedestre;Outras;;Dupla;Faixa contínua;;;Tarde
1965;16/03/2020;12:51:00;COM VÍTIMA;FINALIZADA;IMBIRIBEIRA;AV SUL;268;RUA JOAQUIM BANDEIRA;E/F AO PONTILHAO DO METRO;IMBIRIBEIRA;;CIDADE;ABALROAMENTO TRANSVERSAL;0.0;1.0;0.0;0.0;0.0;0.0;0.0;0.0;0.0;1.0;0.0;Cruzamento;Bom;Não existe;Perfeito estado;Seca;Perfeito estado;Não existe;Placas Pare;;Única;Faixa contínua;Faixa seccionada;;Tarde
1966;16/03/2020;13:01:00;SEM VÍTIMA;FINALIZADA;GRAÇAS;RUA CARDEAL ARCOVERDE;267;;;GRAÇAS;;SUBURBIO;ABALROAMENTO LONGITUDINAL;2.0;0.0;0.0;0.0;0.0;0.0;0.0;0.0;0.0;0.0;0.0;Longo da via;Bom;Não existe;Perfeito estado;Seca;Perfeito estado;Outros;Não há placas;;Única;Não existe;;;Tarde
1967;16/03/2020;13:03:00;COM VÍTIMA;FINALIZADA;BOA VIAGEM;AV ENGENHEIRO DOMINGOS FERREIRA;;;EM FRENTE AO WALMART;BOA VIAGEM;303.0;SUBURBIO;ATROPELAMENTO;0.0;1.0;0.0;0.0;1.0;0.0;0.0;0.0;0.0;1.0;0.0;Cruzamento;Bom;Sem defeito;Perfeito estado;Seca;Perfeito estado;;Não há placas;;Única;Faixa contínua;Canteiro central;;Tarde
1968;16/03/2020;13:33:00;SEM VÍTIMA;FINALIZADA;DERBY;RUA AMARO BEZERRA;419;;E/F A FARMÁCIA DROGASIL;DERBY;;CIDADE;ABALROAMENTO LONGITUDINAL;1.0;0.0;0.0;0.0;0.0;1.0;0.0;0.0;0.0;0.0;0.0;Outros;Bom;Não existe;Incompleta;Seca;Perfeito estado;;Placas Pare;;Única;Não existe;;;Tarde
1969;16/03/2020;13:48:00;SEM VÍTIMA;FINALIZADA;MADALENA;AV ENGENHEIRO ABDIAS DE CARVALHO;;;E/F A BOB´S;MADALENA;52.0;CIDADE;COLISÃO TRASEIRA;1.0;1.0;0.0;0.0;0.0;0.0;0.0;0.0;0.0;0.0;0.0;Cruzamento;Bom;Sem defeito;Perfeito estado;Seca;Perfeito estado;Agente;Outras;60 km/h;Dupla;Canteiro central;;;Tarde
1970;16/03/2020;14:04:00;COM VÍTIMA;FINALIZADA;PARNAMIRIM;AV DEZESSETE DE AGOSTO;209;;AO LADO DA CULTURA INGLESA;PARNAMIRIM;411.0;;COLISÃO TRASEIRA;1.0;1.0;0.0;0.0;0.0;0.0;0.0;0.0;0.0;1.0;0.0;Longo da via;Bom;Sem defeito;Perfeito estado;Seca;Perfeito estado;Faixa de retenção;Outras;;Dupla;Faixa contínua;;;Tarde
1971;16/03/2020;14:22:00;SEM VÍTIMA;FINALIZADA;;;;;PISTA LOCAL DA AVENIDA TIMBÓ ( PISTA LESTE);;;;COLISÃO TRASEIRA;2.0;0.0;0.0;0.0;0.0;0.0;0.0;0.0;0.0;0.0;0.0;Longo da via;Bom;Não existe;Não existente;Seca;Perfeito estado;Não existe;Não há placas;;Dupla;Não existe;;;Tarde
1972;16/03/2020;15:03:00;SEM VÍTIMA;FINALIZADA;IMBIRIBEIRA;RUA JULIO VERNE;236;RUA ARQUITETO LUIZ NUNES;LADO OPOSTO A PAPELARIA BORGES;IMBIRIBEIRA;;SUBURBIO;COLISÃO FRONTAL;1.0;1.0;0.0;0.0;0.0;0.0;0.0;0.0;0.0;0.0;0.0;Cruzamento;Bom;Não existe;Incompleta;Seca;Perfeito estado;Não existe;Outras;40 km/h;;Faixa seccionada;;;Tarde
1973;16/03/2020;15:19:00;SEM VÍTIMA;FINALIZADA;BOA VIAGEM;AV ENGENHEIRO DOMINGOS FERREIRA;2343;;EM FRENTE A ADROALDO TAPETES;BOA VIAGEM;;;COLISÃO FRONTAL;3.0;0.0;0.0;0.0;0.0;0.0;0.0;0.0;0.0;0.0;0.0;Longo da via;Bom;Não existe;Perfeito estado;Seca;Perfeito estado;Não existe;;;Única;Faixa seccionada;;;Tarde
1974;16/03/2020;15:33:00;SEM VÍTIMA;FINALIZADA;VÁRZEA;RUA GASTAO VIDIGAL;;AV JOAQUIM RIBEIRO;PRÓXIMO A UPA DA CAXANGÁ;VÁRZEA;281.0;CIDADE;ABALROAMENTO TRANSVERSAL;2.0;0.0;0.0;0.0;0.0;0.0;0.0;0.0;0.0;0.0;0.0;Cruzamento;Bom;Sem defeito;Perfeito estado;Seca;Perfeito estado;Agente;;;Dupla;Faixa contínua;Faixa seccionada;Canteiro central;Tarde