indice;data;hora;natureza_acidente;situacao;bairro;endereco;numero;detalhe_endereco_acidente;complemento;bairro_cruzamento;num_semaforo;sentido_via;tipo;auto;moto;ciclom;ciclista;pedestre;onibus;caminhao;viatura;outros;vitimas;vitimasfatais;acidente_verificado;tempo_clima;situacao_semaforo;sinalizacao;condicao_via;conservacao_via;ponto_controle;situacao_placa;velocidade_max_via;mao_direcao;divisao_via1;divisao_via2;divisao_via3;turno
1975;16/03/2020;15:52:00;SEM VÍTIMA;FINALIZADA;PRADO;RUA CARLOS GOMES;;RUA PADRE TEOFILO TWORZ;AO LADO DO POSTE Nº B 035100;PRADO;;;ABALROAMENTO TRANSVERSAL;1.0;0.0;0.0;0.0;0.0;0.0;1.0;0.0;0.0;0.0;0.0;Cruzamento;Bom;Não existe;;Seca;;Não existe;Placas Pare;;Única;Faixa seccionada;;;Tarde
1976;21/03/2020;11:30:00;COM VÍTIMA;FINALIZADA;CASA AMARELA;AV NORTE;;;E/F AO CONSELHO TUTELAR. EF RETÍFICA PADRÃO;CASA AMARELA;;CIDADE;ABALROAMENTO LONGITUDINAL;1.0;1.0;0.0;0.0;0.0;0.0;0.0;0.0;0.0;1.0;0.0;Longo da via;Bom;Não existe;Perfeito estado;Seca;Perfeito estado;Não existe;R-6a;;Dupla;Canteiro central;;;Manhã
1977;21/03/2020;19:55:00;COM VÍTIMA;FINALIZADA;CORDEIRO;AV GENERAL SAN MARTIN;;AV ENGENHEIRO ABDIAS DE CARVALHO;PROX AO COMPAZ // GETULIO VARGAS;CORDEIRO;;CIDADE;ABALROAMENTO TRANSVERSAL;1.0;1.0;0.0;0.0;0.0;0.0;0.0;0.0;0.0;1.0;0.0;Cruzamento;Bom;Sem defeito;Perfeito estado;Seca;Perfeito estado;Faixa de pedestre;R-6a;60 km/h;Dupla;;;;Noite
1978;21/03/2020;23:49:00;COM VÍTIMA;FINALIZADA;CAMPO GRANDE;EST DE BELEM;1201;RUA ODORICO MENDES;ENF . ESCOLA JESUS CRUCIFICADO;CAMPO GRANDE;26.0;CIDADE;ABALROAMENTO TRANSVERSAL;0.0;1.0;0.0;0.0;0.0;1.0;0.0;0.0;0.0;1.0;0.0;Longo da via;Bom;Sem defeito;Perfeito estado;Seca;Perfeito estado;Faixa de retenção;Não há placas;;Dupla;Faixa contínua;;;Noite
1979;22/03/2020;10:30:00;COM VÍTIMA;FINALIZADA;JARDIM SÃO PAULO;AV SAO PAULO;685;RUA LEANDRO BARRETO;EM FRENTE A PANIFICADORA SABORES DA PRAÇA;JARDIM SÃO PAULO;507.0;SUBURBIO;COLISÃO FRONTAL;1.0;1.0;0.0;0.0;0.0;0.0;0.0;0.0;0.0;1.0;0.0;Longo da via;Bom;Sem defeito;Perfeito estado;Seca;Perfeito estado;Faixa de retenção;R-6a;;Dupla;Não existe;;;Manhã
1980;23/03/2020;08:45:00;SEM VÍTIMA;FINALIZADA;CASA FORTE;AV DEZESSETE DE AGOSTO;175;RUA JOSE DE GODOY VASCONCELOS;EM  FRENTE AO EDIFICIO PRINCIPE DE GALES;CASA FORTE;;CIDADE;COLISÃO;1.0;1.0;0.0;0.0;0.0;0.0;0.0;0.0;0.0;0.0;0.0;Cruzamento;Bom;Não existe;Perfeito estado;Seca;Perfeito estado;Não existe;Placas Pare;60 km/h;Dupla;;;;Manhã
1981;23/03/2020;14:48:00;COM VÍTIMA;FINALIZADA;BOA VIAGEM;RUA BALTAZAR PASSOS;440;RUA SA E SOUZA;EM FRENTE A CULTURA INGLESA;BOA VIAGEM;;;CHOQUE OBJETO FIXO;1.0;0.0;0.0;0.0;0.0;0.0;0.0;0.0;0.0;2.0;0.0;Cruzamento;Bom;Não existe;Perfeito estado;Seca;Perfeito estado;Não existe;Não há placas;;Única;Não existe;;;Tarde
1982;23/03/2020;17:49:00;COM VÍTIMA;FINALIZADA;CAMPO GRANDE;EST DE BELEM;415;RUA VINTE E QUATRO DE JUNHO;;CAMPO GRANDE;;CIDADE;ABALROAMENTO TRANSVERSAL;1.0;1.0;0.0;0.0;0.0;0.0;0.0;0.0;0.0;1.0;0.0;Esquina;Bom;Não existe;Perfeito estado;Seca;Perfeito estado;Não existe;R-6a;;Dupla;Faixa contínua;Faixa seccionada;;Tarde
1983;23/03/2020;20:22:00;COM VÍTIMA;FINALIZADA;BOA VIAGEM;RUA DEZ DE JULHO;210;RUA CAMBOIM;NA SAÍDA DA ESTAÇÃO AEROPORTO;BOA VIAGEM;;SUBURBIO;ABALROAMENTO TRANSVERSAL;0.0;1.0;0.0;0.0;0.0;1.0;0.0;0.0;0.0;1.0;0.0;Cruzamento;Bom;Não existe;Perfeito estado;Seca;Perfeito estado;Não existe;Placas Pare;;Única;Faixa seccionada;;;Noite
1984;24/03/2020;01:02:00;COM VÍTIMA;FINALIZADA;SANTO AMARO;AV DR JAYME DA FONTE;;AV GOVERNADOR AGAMENON MAGALHAES;PROX A CENTRAL DE FLAGRANTES;SANTO AMARO;49.0;OLINDA;ABALROAMENTO TRANSVERSAL;1.0;1.0;0.0;0.0;0.0;0.0;0.0;0.0;0.0;1.0;0.0;Cruzamento;Bom;Sem defeito;Perfeito estado;Seca;Perfeito estado;Faixa de pedestre;R-26;60 km/h;Dupla;Faixa contínua;;;Madrugada
1985;24/03/2020;13:53:00;SEM VÍTIMA;FINALIZADA;PINA;RUA BARREIROS;120;;USF PROF. JOÃO RODRIGUES;PINA;;CIDADE;CHOQUE OBJETO FIXO;0.0;0.0;0.0;0.0;0.0;0.0;0.0;0.0;1.0;0.0;0.0;Longo da via;Bom;Não existe;Não existente;Seca;Perfeito estado;Não existe;Não há placas;;Dupla;Não existe;;;Tarde
1986;24/03/2020;17:14:00;COM VÍTIMA;FINALIZADA;TORRÕES;RUA ONZE DE FEVEREIRO;;EST DO FORTE DO ARRAIAL N. DO B. JESUS;EM FRENTE A LAVANDERIA;TORRÕES;;SUBURBIO;ABALROAMENTO TRANSVERSAL;1.0;1.0;0.0;0.0;0.0;0.0;0.0;0.0;0.0;1.0;0.0;Cruzamento;Bom;Não existe;Ilegível;Seca;Perfeito estado;Não existe;Placas Pare;;Dupla;Faixa contínua;;;Tarde
1987;25/03/2020;08:15:00;SEM VÍTIMA;FINALIZADA;VÁRZEA;AV AFONSO OLINDENSE;;;E/F A LOMBADA ELETRONICA;VÁRZEA;;;CHOQUE OBJETO FIXO;1.0;0.0;0.0;0.0;0.0;0.0;0.0;0.0;0.0;0.0;0.0;;;;;;;;;;;;;;Manhã
1988;25/03/2020;13:14:00;SEM VÍTIMA;FINALIZADA;BOA VIAGEM;AV BOA VIAGEM;1338;;EM FRENTE AO EDIFICIO MARIA DE LOURDES;BOA VIAGEM;;;COLISÃO;1.0;0.0;0.0;0.0;0.0;0.0;1.0;0.0;0.0;0.0;0.0;;;;;;;;;;;;;;Tarde
1989;25/03/2020;13:57:00;COM VÍTIMA;FINALIZADA;BOA VIAGEM;AV CONSELHEIRO AGUIAR;;RUA FELIX DE BRITO E MELO;NO SEMAFORO 546;BOA VIAGEM;546.0;CIDADE;ABALROAMENTO LONGITUDINAL;1.0;1.0;0.0;0.0;0.0;0.0;0.0;0.0;0.0;1.0;0.0;Cruzamento;Bom;Sem defeito;Perfeito estado;Seca;Perfeito estado;Faixa de pedestre;R-6a;60 km/h;Única;Faixa seccionada;;;Tarde
1990;25/03/2020;23:14:00;SEM VÍTIMA;FINALIZADA;AFOGADOS;RUA SAO MIGUEL;1619;;;AFOGADOS;;SUBURBIO;ABALROAMENTO LONGITUDINAL;1.0;0.0;0.0;0.0;0.0;1.0;0.0;0.0;0.0;0.0;0.0;Longo da via;Bom;Não existe;Não existente;Seca;Perfeito estado;Não existe;Não há placas;;Dupla;Não existe;;;Noite
1991;26/03/2020;07:16:00;COM VÍTIMA;FINALIZADA;BEBERIBE;AV BEBERIBE;3710;RUA DALVA DE OLIVEIRA;EM FRENTE A PADARIA PAM RAINHA;BEBERIBE;;;ABALROAMENTO TRANSVERSAL;1.0;2.0;0.0;0.0;0.0;0.0;0.0;0.0;0.0;1.0;0.0;Cruzamento;Bom;Sem defeito;Perfeito estado;Seca;Perfeito estado;Faixa de pedestre;Outras;60 km/h;Dupla;Faixa contínua;;;Manhã
1992;26/03/2020;12:11:00;COM VÍTIMA;FINALIZADA;IBURA;AV DOIS RIOS;;;SOB O VIADUTO DA BR 101;IBURA;;SUBURBIO;ATROPELAMENTO;1.0;0.0;0.0;0.0;1.0;0.0;0.0;0.0;0.0;1.0;0.0;Longo da via;Bom;Não existe;Perfeito estado;Seca;Perfeito estado;Não existe;Não há placas;;Dupla;Faixa contínua;;;Tarde
1993;26/03/2020;15:01:00;COM VÍTIMA;FINALIZADA;DOIS IRMÃOS;RUA MANUEL DE MEDEIROS;S/N;;E/F A ENTRADA DE ACESSO AO HOSPITAL VETERINÁRIO UFRPE (SENT. MACAXEIRA);DOIS IRMÃOS;;CIDADE;ATROPELAMENTO;0.0;0.0;0.0;0.0;1.0;1.0;0.0;0.0;0.0;1.0;0.0;Longo da via;Bom;Não existe;Incompleta;Seca;Perfeito estado;Não existe;R-6a;30 km/h;Dupla;Faixa seccionada;;;Tarde
1994;26/03/2020;17:33:00;COM VÍTIMA;FINALIZADA;CAMPO GRANDE;AV PROFESSOR JOSE DOS ANJOS;36;;CANAL DO ARRUDA;CAMPO GRANDE;;;ATROPELAMENTO;1.0;0.0;0.0;0.0;1.0;0.0;0.0;0.0;0.0;1.0;0.0;;;;;;;;;;;;;;Tarde
1995;26/03/2020;20:29:00;COM VÍTIMA;FINALIZADA;CORDEIRO;AV MAURICIO DE NASSAU;;;POR TRÁS DO PARQUE DE EXPOSIÇAO DO CORDEIRO- PROX DO GOE;CORDEIRO;;;COLISÃO TRASEIRA;2.0;0.0;0.0;0.0;0.0;0.0;0.0;0.0;0.0;1.0;0.0;Longo da via;Bom;Não existe;Ilegível;Seca;Mal iluminada;Não existe;Não há placas;;Dupla;Faixa contínua;;;Noite
1996;27/03/2020;09:21:00;COM VÍTIMA;FINALIZADA;TORREÃO;VDO PRESIDENTE MEDICI;;;EM CIMA DO VIADUTO;TORREÃO;;;COLISÃO TRASEIRA;1.0;1.0;0.0;0.0;0.0;0.0;0.0;0.0;0.0;1.0;0.0;Viaduto;Bom;Não existe;Perfeito estado;Seca;Perfeito estado;Não existe;Não há placas;;Dupla;Canteiro central;;;Manhã
1997;27/03/2020;15:10:00;COM VÍTIMA;FINALIZADA;ARRUDA;RUA JOSE DE BARROS BEZERRA;87;;EM FRENTE AO EDIFICIO FORTE DE SANTANA;ARRUDA;;CIDADE;ABALROAMENTO TRANSVERSAL;1.0;1.0;0.0;0.0;0.0;0.0;0.0;0.0;0.0;1.0;0.0;Longo da via;Bom;Não existe;Perfeito estado;Seca;Perfeito estado;Não existe;Placas Pare;;Dupla;Faixa seccionada;;;Tarde
1998;27/03/2020;17:01:00;SEM VÍTIMA;FINALIZADA;CASA AMARELA;EST DO ARRAIAL;2823;;ED. THORIS;CASA AMARELA;;SUBURBIO;CHOQUE OBJETO FIXO;1.0;0.0;0.0;0.0;0.0;0.0;0.0;0.0;0.0;0.0;0.0;Longo da via;Bom;Não existe;Perfeito estado;Seca;Perfeito estado;Não existe;;;Única;Faixa seccionada;;;Tarde
1999;27/03/2020;20:23:00;COM VÍTIMA;FINALIZADA;AFLITOS;AV CONS ROSA E SILVA;1205;RUA TEIXEIRA PINTO;Nº 1205;AFLITOS;;SUBURBIO;COLISÃO TRASEIRA;0.0;2.0;0.0;0.0;0.0;0.0;0.0;0.0;0.0;1.0;0.0;Longo da via;Chuvoso;Não existe;Perfeito estado;Molhada;Perfeito estado;Não existe;Não há placas;;Única;Faixa seccionada;;;Noite
2000;29/03/2020;06:40:00;SEM VÍTIMA;FINALIZADA;SANTO AMARO;AV PREFEITO ARTUR LIMA CAVALCANTI;;;AO LADO DO POSTO- DIGO- SEMÁFORO 243;SANTO AMARO;;SUBURBIO;CHOQUE OBJETO FIXO;0.0;0.0;0.0;0.0;0.0;1.0;0.0;0.0;0.0;0.0;0.0;Longo da via;Bom;;Perfeito estado;;Perfeito estado;Não existe;R-4a;;Única;Canteiro central;;;Manhã
2001;29/03/2020;15:58:00;COM VÍTIMA;FINALIZADA;TORRE;AV BEIRA RIO;650;;EM FRENTE AO EDIFICIO PASARGADA;TORRE;;;COLISÃO TRASEIRA;1.0;1.0;0.0;0.0;0.0;0.0;0.0;0.0;0.0;1.0;0.0;Longo da via;Chuvoso;Não existe;Perfeito estado;Molhada;Perfeito estado;Não existe;Não há placas;;Dupla;Faixa seccionada;;;Tarde
2002;29/03/2020;19:30:00;COM VÍTIMA;FINALIZADA;CAMPO GRANDE;AV PROFESSOR JOSE DOS ANJOS;500;RUA FARIAS NEVES;POR CIMA DA PONTE QUE FICA ENTRE CAMPO GRANDE E CHÃO DE ESTRELAS;CAMPO GRANDE;;;CHOQUE OBJETO FIXO;1.0;1.0;0.0;0.0;0.0;0.0;0.0;0.0;0.0;2.0;0.0;Cruzamento;Bom;Não existe;Perfeito estado;Seca;Perfeito estado;Faixa de pedestre;Não há placas;;Dupla;Faixa contínua;Canteiro central;Blocos;Noite
2003;29/03/2020;21:27:00;COM VÍTIMA;FINALIZADA;GRAÇAS;RUA CONFEDERACAO DO EQUADOR;;;E/F A CASA DOS FRIOS;GRAÇAS;;ROSA E SILVA;COLISÃO COM CICLISTA;1.0;0.0;0.0;1.0;0.0;0.0;0.0;0.0;0.0;1.0;0.0;Longo da via;Bom;Não existe;Perfeito estado;Seca;Perfeito estado;Faixa de pedestre;Não há placas;;Única;Não existe;;;Noite
2004;30/03/2020;07:44:00;COM VÍTIMA;FINALIZADA;SÃO JOSÉ;RUA DA CONCORDIA;351;RUA TOBIAS BARRETO;EM FRENTE A LOJA VENEZA MUSIC;SÃO JOSÉ;;;ABALROAMENTO TRANSVERSAL;2.0;0.0;0.0;0.0;0.0;0.0;0.0;0.0;0.0;1.0;0.0;Cruzamento;Chuvoso;Sem defeito;Perfeito estado;Seca;Perfeito estado;Não existe;Outras;;Única;Não existe;;;Manhã
2005;30/03/2020;08:29:00;COM VÍTIMA;FINALIZADA;MANGABEIRA;EST VELHA DE AGUA FRIA;;AV PROFESSOR JOSE DOS ANJOS;AO LADO DO DENOCS;MANGABEIRA;306.0;SUBURBIO;ABALROAMENTO LONGITUDINAL;0.0;2.0;0.0;0.0;0.0;0.0;0.0;0.0;0.0;1.0;0.0;Ponte;Chuvoso;Sem defeito;Perfeito estado;Seca;Mal conservada;Faixa de retenção;Não há placas;;Dupla;Faixa contínua;;;Manhã
2006;30/03/2020;10:22:00;SEM VÍTIMA;FINALIZADA;SÃO JOSÉ;RUA DA CONCORDIA;;RUA TOBIAS BARRETO;VENEZA MUSIC;SÃO JOSÉ;;;ABALROAMENTO TRANSVERSAL;2.0;0.0;0.0;0.0;0.0;0.0;0.0;0.0;0.0;0.0;0.0;Cruzamento;Chuvoso;Não existe;Perfeito estado;Molhada;Perfeito estado;Não existe;R-6a;;;Faixa seccionada;;;Manhã
2007;30/03/2020;12:02:00;SEM VÍTIMA;FINALIZADA;SÃO JOSÉ;RUA IMPERIAL;86;RUA DO PEIXOTO;SOB O SEMÁFORO 207;SÃO JOSÉ;207.0;CIDADE;ABALROAMENTO TRANSVERSAL;2.0;0.0;0.0;0.0;0.0;0.0;0.0;0.0;0.0;0.0;0.0;Cruzamento;Bom;Sem defeito;Perfeito estado;Seca;Perfeito estado;Não existe;Não há placas;;Única;Não existe;;;Tarde
2008;30/03/2020;13:18:00;COM VÍTIMA;FINALIZADA;IBURA;AV DOIS RIOS;;;SUBIDA DA LADEIRA DA UR-1;IBURA;;SUBURBIO;TOMBAMENTO;0.0;1.0;0.0;0.0;0.0;0.0;0.0;0.0;0.0;1.0;0.0;Longo da via;Bom;Sem defeito;Perfeito estado;Oleosa;Perfeito estado;Agente;Não há placas;;Dupla;Faixa contínua;;;Tarde
2009;30/03/2020;14:23:00;COM VÍTIMA;FINALIZADA;JAQUEIRA;RUA DO FUTURO;;;EM FRERNTE AO VERDE FRUT;JAQUEIRA;;;CAPOTAMENTO;1.0;0.0;0.0;0.0;0.0;0.0;0.0;0.0;0.0;1.0;0.0;;;;;;;;;;;;;;Tarde
2010;30/03/2020;15:15:00;COM VÍTIMA;FINALIZADA;PINA;RUA JOSE MARIANO FILHO;13;;E/F A ULTRA DISTRIBUIDORA;PINA;;;ABALROAMENTO LONGITUDINAL;1.0;1.0;0.0;0.0;0.0;0.0;0.0;0.0;0.0;1.0;0.0;Longo da via;Bom;Não existe;Não existente;Seca;Perfeito estado;Não existe;Não há placas;;Dupla;Não existe;;;Tarde
2011;31/03/2020;04:24:00;COM VÍTIMA;FINALIZADA;BOA VIAGEM;AV BOA VIAGEM;6636;;E/F AO EDF ALEXANDRINA - APÓS O CLUBE DE OFICIAIS DA AERONAUTICA;BOA VIAGEM;;CIDADE;CHOQUE VEÍCULO PARADO;2.0;0.0;0.0;0.0;0.0;0.0;0.0;0.0;0.0;1.0;0.0;Longo da via;Chuvoso;;Perfeito estado;Molhada;Perfeito estado;Não existe;R-6b;60 km/h;Única;Faixa seccionada;;;Madrugada
2012;31/03/2020;07:52:00;SEM VÍTIMA;FINALIZADA;TORRÕES;AV ENGENHEIRO ABDIAS DE CARVALHO;;;RESTAURANTE KIYOI GALETOS;TORRÕES;375.0;SUBURBIO;COLISÃO TRASEIRA;3.0;0.0;0.0;0.0;0.0;0.0;0.0;0.0;0.0;0.0;0.0;Longo da via;Chuvoso;Sem defeito;Incompleta;Molhada;Perfeito estado;Faixa de pedestre;R-4b;;;Faixa seccionada;;;Manhã
2013;31/03/2020;11:17:00;SEM VÍTIMA;FINALIZADA;BOA VIAGEM;RUA VISCONDE DE JEQUITINHONHA;;RUA BALTAZAR PASSOS;PISTA LOCAL LESTE;BOA VIAGEM;154.0;SUBURBIO;ABALROAMENTO LONGITUDINAL;2.0;0.0;0.0;0.0;0.0;0.0;0.0;0.0;0.0;0.0;0.0;Cruzamento;Chuvoso;Sem defeito;Perfeito estado;Molhada;Perfeito estado;Faixa de pedestre;Outras;60 km/h;Única;Faixa contínua;Canteiro central;;Manhã
2014;31/03/2020;16:00:00;COM VÍTIMA;FINALIZADA;GRAÇAS;RUA DR BANDEIRA FILHO;66;;AO LADO DA MCDONALDS;GRAÇAS;;SUBURBIO;ATROPELAMENTO;1.0;0.0;0.0;0.0;1.0;0.0;0.0;0.0;0.0;1.0;0.0;Longo da via;Bom;Não existe;Não existente;Seca;Perfeito estado;Não existe;Não há placas;;Única;Faixa contínua;Faixa seccionada;;Tarde
2015;31/03/2020;16:36:00;COM VÍTIMA;FINALIZADA;TORRÕES;EST DO FORTE DO ARRAIAL N. DO B. JESUS;880;TRV DO FORTE;EM FRENTE AO EDIFICIO FORTE DO ARRAIAL;TORRÕES;;CIDADE;ABALROAMENTO LONGITUDINAL;1.0;1.0;0.0;0.0;0.0;0.0;0.0;0.0;0.0;1.0;0.0;Esquina;Bom;Não existe;Perfeito estado;Seca;Perfeito estado;Outros;R-34;40 km/h;Dupla;Faixa contínua;;;Tarde
2016;31/03/2020;17:41:00;COM VÍTIMA;FINALIZADA;IMBIRIBEIRA;RUA ALLAN KARDEC;;RUA DR TAVARES CORREIA;POR TRAS DO SAM´S;IMBIRIBEIRA;;;ABALROAMENTO LONGITUDINAL;1.0;1.0;0.0;0.0;0.0;0.0;0.0;0.0;0.0;1.0;0.0;Cruzamento;Bom;Não existe;;Seca;Perfeito estado;Outros;Outras;;Dupla;Não existe;;;Tarde
2017;31/03/2020;21:19:00;COM VÍTIMA;FINALIZADA;BOA VISTA;AV CONDE DA BOA VISTA;;RUA DO HOSPICIO;SNT CID / SEMÁFORO 023;BOA VISTA;23.0;CIDADE;CHOQUE OBJETO FIXO;0.0;0.0;0.0;0.0;0.0;0.0;0.0;1.0;0.0;1.0;0.0;Longo da via;Chuvoso;Sem defeito;Perfeito estado;Molhada;Perfeito estado;Faixa de pedestre;Outras;40 km/h;Dupla;Canteiro central;;;Noite
2018;31/03/2020;22:14:00;SEM VÍTIMA;FINALIZADA;BOA VISTA;PTE DUARTE COELHO;;;;BOA VISTA;;;ABALROAMENTO LONGITUDINAL;0.0;1.0;0.0;0.0;0.0;0.0;0.0;1.0;0.0;0.0;0.0;Ponte;Bom;Não existe;Perfeito estado;Seca;Perfeito estado;Não existe;Não há placas;;Dupla;Faixa contínua;;;Noite
2019;01/04/2020;14:25:00;COM VÍTIMA;FINALIZADA;PARNAMIRIM;RUA VIRGINIA LORETO;;RUA JOAO TUDE DE MELO;E/F AO POSTO IPIRANGA;PARNAMIRIM;649.0;CIDADE;ABALROAMENTO TRANSVERSAL;1.0;1.0;0.0;0.0;0.0;0.0;0.0;0.0;0.0;2.0;0.0;Esquina;Bom;Sem defeito;Perfeito estado;Seca;Perfeito estado;Não existe;Não há placas;40 km/h;Única;Faixa seccionada;;;Tarde
2020;01/04/2020;19:08:00;COM VÍTIMA;FINALIZADA;SANTO AMARO;RUA DR CARLOS CHAGAS;112;RUA ALUISIO DE AZEVEDO;EM FRENTE AO COLEGIO ÚNICO- AO LADO DA FARMACIA PAGUE MENOS;SANTO AMARO;649.0;SUBURBIO;ABALROAMENTO LONGITUDINAL;1.0;1.0;0.0;0.0;0.0;0.0;0.0;0.0;0.0;1.0;0.0;Esquina;Bom;Não existe;Incompleta;Seca;Mal iluminada;Não existe;Não há placas;;Única;Não existe;;;Noite
2021;01/04/2020;21:51:00;COM VÍTIMA;FINALIZADA;CABANGA;AV SUL;;;EM BAIXO DO VIADUTO CAPITÃO TEMUDO- NA FAIXA EXCLUSIVA DE ÔNIBUS. APÓS O SEMÁFORO 211;CABANGA;211.0;CIDADE;COLISÃO COM CICLISTA;0.0;0.0;0.0;1.0;0.0;1.0;0.0;0.0;0.0;1.0;0.0;Longo da via;Bom;Não existe;Não existente;Seca;Perfeito estado;Não existe;Não há placas;;Dupla;Não existe;;;Noite
2022;02/04/2020;08:34:00;COM VÍTIMA;FINALIZADA;JORDÃO;AV MARECHAL MASCARENHAS DE MORAES;;;EM FRENTE A ANAC  NO SENTIDO  RECIFE;JORDÃO;626.0;CIDADE;COLISÃO TRASEIRA;2.0;0.0;0.0;0.0;0.0;0.0;0.0;0.0;0.0;2.0;0.0;Longo da via;Chuvoso;Sem defeito;Perfeito estado;Seca;Perfeito estado;Faixa de pedestre;Não há placas;60 km/h;Dupla;Canteiro central;;;Manhã
2023;02/04/2020;09:33:00;COM VÍTIMA;FINALIZADA;ILHA JOANA BEZERRA;AV BEIRA RIO;;;AO LADO DO FORUM JOANA BEZERRA NO SENTIDO COELHOS;ILHA JOANA BEZERRA;38.0;SUBURBIO;ABALROAMENTO LONGITUDINAL;1.0;1.0;0.0;0.0;0.0;0.0;0.0;0.0;0.0;1.0;0.0;Longo da via;Bom;Sem defeito;Perfeito estado;Seca;Perfeito estado;Não existe;Não há placas;;Dupla;Faixa contínua;Faixa seccionada;;Manhã
2024;02/04/2020;12:50:00;COM VÍTIMA;FINALIZADA;TORRE;RUA SOUZA BANDEIRA;483;RUA MARQUES DE MARICA;NO SEMAFORO 317. AO LADO DO NÚMERO 483.;TORRE;317.0;CIDADE;ABALROAMENTO TRANSVERSAL;1.0;1.0;0.0;0.0;0.0;0.0;0.0;0.0;0.0;1.0;0.0;Cruzamento;Chuvoso;Sem defeito;Perfeito estado;Molhada;Perfeito estado;Faixa de pedestre;R-6a;30 km/h;Dupla;Faixa contínua;Faixa seccionada;;Tarde
2025;02/04/2020;18:52:00;COM VÍTIMA;FINALIZADA;CASA FORTE;AV DEZESSETE DE AGOSTO;1161;RUA DO CHACON;PRÓX A PRAÇA DE CASA FORTE E CPOR. DELTA EXPRESSO.;CASA FORTE;;CIDADE;ABALROAMENTO LONGITUDINAL;1.0;1.0;0.0;0.0;0.0;0.0;0.0;0.0;0.0;1.0;0.0;Longo da via;Bom;Não existe;Perfeito estado;Seca;Perfeito estado;;Não há placas;60 km/h;Dupla;Faixa;;;Noite
2026;03/04/2020;02:18:00;COM VÍTIMA;FINALIZADA;ÁGUA FRIA;RUA DA REGENERACAO;740;RUA DAS MOCAS;ANTIGA FÁBRICA DA COCA COLA;ÁGUA FRIA;;SUBURBIO;COLISÃO FRONTAL;1.0;0.0;1.0;0.0;0.0;0.0;0.0;0.0;0.0;1.0;0.0;Longo da via;Chuvoso;Não existe;Perfeito estado;Molhada;Perfeito estado;;;;Dupla;Não existe;;;Madrugada
2027;03/04/2020;12:50:00;COM VÍTIMA;FINALIZADA;JAQUEIRA;RUA DO FUTURO;;;PROXIMO AO PARQUE DA JAQUEIRA EM FRENTE AO VERDE FRUT;JAQUEIRA;;SUBURBIO;COLISÃO COM CICLISTA;1.0;0.0;0.0;1.0;0.0;0.0;0.0;0.0;0.0;1.0;0.0;Longo da via;Bom;Não existe;Perfeito estado;Seca;;Não existe;Outras;40 km/h;Única;Não existe;;;Tarde
2028;03/04/2020;13:41:00;COM VÍTIMA;FINALIZADA;MADALENA;AV BEIRA RIO;109;;DEPOPIS DA ACADEMIA DA CIDADE. ESQUINA COM PONTE DA TORRE.;MADALENA;630.0;SUBURBIO;ABALROAMENTO TRANSVERSAL;1.0;1.0;0.0;0.0;0.0;0.0;0.0;0.0;0.0;1.0;0.0;Cruzamento;Bom;Sem defeito;Perfeito estado;Seca;Perfeito estado;Não existe;Outras;;Única;Não existe;;;Tarde
2029;04/04/2020;08:28:00;COM VÍTIMA;FINALIZADA;BOA VISTA;RUA JOAO LIRA;;RUA DA SAUDADE;PARQUE TREZE DE MAIO;BOA VISTA;308.0;RUA DO HOSPÍCIO;ABALROAMENTO TRANSVERSAL;0.0;2.0;0.0;0.0;0.0;1.0;0.0;0.0;0.0;1.0;0.0;Cruzamento;Chuvoso;Sem defeito;Perfeito estado;Seca;Perfeito estado;Outros;Outras;;Única;Faixa seccionada;;;Manhã
2030;04/04/2020;13:03:00;COM VÍTIMA;FINALIZADA;IMBIRIBEIRA;PTE DO MOTOCOLOMBO;;;AO LADO DO POSTE DE ILUMINAÇÃO BO 16896;IMBIRIBEIRA;;CIDADE;ABALROAMENTO LONGITUDINAL;1.0;1.0;0.0;0.0;0.0;0.0;0.0;0.0;0.0;1.0;0.0;Ponte;Bom;Não existe;Incompleta;Seca;Perfeito estado;Não existe;Outras;60 km/h;Dupla;Canteiro central;;;Tarde
2031;14/04/2020;19:31:00;COM VÍTIMA;FINALIZADA;AREIAS;AV CAPITAO GREGORIO DE CALDAS;;AV RECIFE;ENF AO BIG BOMPREÇO // SENTIDO BOA VIAGEM;AREIAS;494.0;AEROPORTO;COLISÃO TRASEIRA;1.0;1.0;0.0;0.0;0.0;0.0;0.0;0.0;0.0;1.0;0.0;Longo da via;Bom;Sem defeito;Perfeito estado;Seca;Perfeito estado;;;;Dupla;Faixa seccionada;;;Noite
2032;15/04/2020;02:42:00;COM VÍTIMA;FINALIZADA;BOA VIAGEM;AV BOA VIAGEM;1688;;2° JARDIM;BOA VIAGEM;;CIDADE;COLISÃO COM CICLISTA;1.0;0.0;0.0;1.0;0.0;0.0;0.0;0.0;0.0;2.0;0.0;Longo da via;Bom;Sem defeito;Perfeito estado;Seca;Perfeito estado;;;60 km/h;Única;Faixa seccionada;;;Madrugada
2033;15/04/2020;08:25:00;SEM VÍTIMA;FINALIZADA;BOA VISTA;RUA DA AURORA;;RUA PRINCESA IZABEL;DELEGACIA DA POLÍCIA CIVIL;BOA VISTA;22.0;;ABALROAMENTO LONGITUDINAL;2.0;0.0;0.0;0.0;0.0;0.0;0.0;0.0;0.0;0.0;0.0;Cruzamento;Bom;Sem defeito;Perfeito estado;Seca;Perfeito estado;Faixa de pedestre;;40 km/h;;;;;Manhã