indice;data;hora;natureza_acidente;situacao;bairro;endereco;numero;detalhe_endereco_acidente;complemento;bairro_cruzamento;num_semaforo;sentido_via;tipo;auto;moto;ciclom;ciclista;pedestre;onibus;caminhao;viatura;outros;vitimas;vitimasfatais;acidente_verificado;tempo_clima;situacao_semaforo;sinalizacao;condicao_via;conservacao_via;ponto_controle;situacao_placa;velocidade_max_via;mao_direcao;divisao_via1;divisao_via2;divisao_via3;turno
2034;15/04/2020;19:16:00;COM VÍTIMA;FINALIZADA;PINA;AV ENGENHEIRO DOMINGOS FERREIRA;1183;;AO LADO DA ESCOLA ESTADUAL MENINO JESUS- PROX DA CLINICA DE ESPECIALIDADES MÉDICAS (CEM)-LADO ESQUERDO;PINA;324.0;SUBURBIO;ABALROAMENTO LONGITUDINAL;0.0;2.0;0.0;0.0;0.0;0.0;0.0;0.0;0.0;1.0;0.0;Longo da via;Bom;Sem defeito;Perfeito estado;Seca;Perfeito estado;Faixa de pedestre;;60 km/h;Única;Canteiro central;;;Noite
2035;16/04/2020;06:52:00;COM VÍTIMA;FINALIZADA;CASA AMARELA;AV NORTE;5237;RUA DA HARMONIA;EM FRENTE A FARMACIA PAGUE MENOS;CASA AMARELA;312.0;CIDADE;COLISÃO TRASEIRA;1.0;1.0;0.0;0.0;0.0;0.0;0.0;0.0;0.0;1.0;0.0;Cruzamento;Chuvoso;Sem defeito;Perfeito estado;Molhada;Perfeito estado;Faixa de pedestre;Não há placas;;Dupla;Faixa seccionada;;;Manhã
2036;16/04/2020;07:45:00;COM VÍTIMA;FINALIZADA;DERBY;RUA JENER DE SOUZA;609;RUA HENRIQUE DIAS;EM FRENTE A FUNDAÇÃO JOAQUIM NABUCO;DERBY;;;COLISÃO TRASEIRA;0.0;2.0;0.0;0.0;0.0;0.0;0.0;0.0;0.0;2.0;0.0;Cruzamento;Chuvoso;Não existe;Perfeito estado;Molhada;Perfeito estado;Agente;R-26;40 km/h;Única;Canteiro central;;;Manhã
2037;16/04/2020;08:49:00;COM VÍTIMA;FINALIZADA;DERBY;AV GOVERNADOR AGAMENON MAGALHAES;138;;FACEIMAGEM E PRÓXIMO DA PRAÇA DO DERBY;DERBY;;BOA VIAGEM;TOMBAMENTO;0.0;1.0;0.0;0.0;0.0;0.0;0.0;0.0;0.0;1.0;0.0;Longo da via;Chuvoso;Não existe;Perfeito estado;Molhada;Perfeito estado;Outros;Outras;60 km/h;Dupla;Canteiro central;;;Manhã
2038;16/04/2020;09:39:00;COM VÍTIMA;FINALIZADA;ROSARINHO;AV NORTE;;AV SANTOS DUMONT;PRÓXIMO A PADARIA ROSARINHO. EM FRENTE AO EDIFÍCIO DAVID BECKER.;ROSARINHO;81.0;CIDADE;TOMBAMENTO;0.0;1.0;0.0;0.0;0.0;0.0;0.0;0.0;0.0;1.0;0.0;Longo da via;Chuvoso;Sem defeito;Perfeito estado;Molhada;Perfeito estado;Outros;R-6a;;Dupla;Faixa contínua;Faixa seccionada;Canteiro central;Manhã
2039;16/04/2020;09:49:00;COM VÍTIMA;FINALIZADA;CASA AMARELA;AV NORTE;;RUA DA HARMONIA;EM FRENTE AO  BANCO  BRADESCO;CASA AMARELA;312.0;CIDADE;COLISÃO COM CICLISTA;1.0;0.0;0.0;1.0;0.0;0.0;0.0;0.0;0.0;1.0;0.0;Cruzamento;Chuvoso;Sem defeito;Perfeito estado;Molhada;Perfeito estado;Faixa de pedestre;Não há placas;;Dupla;Faixa seccionada;;;Manhã
2040;16/04/2020;16:09:00;COM VÍTIMA;FINALIZADA;SANTO ANTÔNIO;AV DANTAS BARRETO;512;;E/F AO BANCO SANTANDER AO LADO DA PRAÇA DO DIARIO;SANTO ANTÔNIO;;;ATROPELAMENTO;0.0;0.0;0.0;0.0;1.0;1.0;0.0;0.0;0.0;1.0;0.0;Longo da via;Chuvoso;Não existe;Ilegível;Molhada;Mal conservada;Não existe;Outras;;Única;Canteiro central;;;Tarde
2041;16/04/2020;18:51:00;COM VÍTIMA;FINALIZADA;ILHA DO LEITE;RUA GENERAL JOAQUIM INACIO;4581;AV GOVERNADOR AGAMENON MAGALHAES;EM FRENTE AO BANCO ITAÚ;ILHA DO LEITE;69.0;SUBURBIO;COLISÃO TRASEIRA;1.0;1.0;0.0;0.0;0.0;0.0;0.0;0.0;0.0;1.0;0.0;Longo da via;Chuvoso;Sem defeito;Perfeito estado;Molhada;Perfeito estado;Faixa de pedestre;Não há placas;40 km/h;Única;Faixa contínua;;;Noite
2042;17/04/2020;02:35:00;COM VÍTIMA;FINALIZADA;SÃO JOSÉ;AV SUL;;;EM FRENTE AO GALPÃO DO GALO DA MADRUGADA;SÃO JOSÉ;;SUBURBIO;COLISÃO FRONTAL;0.0;1.0;0.0;0.0;0.0;1.0;0.0;0.0;0.0;1.0;0.0;Longo da via;Bom;Não existe;Incompleta;Seca;Mal iluminada;Não existe;Não há placas;60 km/h;Dupla;Não existe;;;Madrugada
2043;17/04/2020;11:40:00;COM VÍTIMA;FINALIZADA;TORREÃO;AV NORTE;;RUA MARQUES DO PARANA;CONCESSIONÁRIA NISSAN.;TORREÃO;56.0;CIDADE;COLISÃO TRASEIRA;1.0;1.0;0.0;0.0;0.0;0.0;0.0;0.0;0.0;1.0;0.0;Longo da via;Bom;Sem defeito;Perfeito estado;Seca;Perfeito estado;Faixa de retenção;R-26;60 km/h;Dupla;Canteiro central;;;Manhã
2044;17/04/2020;12:13:00;COM VÍTIMA;FINALIZADA;IPUTINGA;AV MAURICIO DE NASSAU;438;;APOS A LOMBADA ELETRONICA. EM FRENTE A USF SKYLAB;IPUTINGA;;CIDADE;TOMBAMENTO;0.0;1.0;0.0;0.0;0.0;0.0;0.0;0.0;0.0;1.0;0.0;Longo da via;Bom;Não existe;Não existente;Seca;Mal conservada;Não existe;Não há placas;;Dupla;Não existe;;;Tarde
2045;17/04/2020;13:19:00;SEM VÍTIMA;FINALIZADA;ENCRUZILHADA;RUA VINTE E QUATRO DE JUNHO;242;RUA VISCONDE DE MAMANGUAPE;EM FRENTE AO Nº 210;ENCRUZILHADA;;SUBURBIO;ABALROAMENTO LONGITUDINAL;2.0;0.0;0.0;0.0;0.0;0.0;0.0;0.0;0.0;0.0;0.0;;Bom;Não existe;Perfeito estado;Seca;Perfeito estado;Não existe;Placas Pare;;Única;Não existe;;;Tarde
2046;17/04/2020;17:37:00;COM VÍTIMA;FINALIZADA;GRAÇAS;AV GOVERNADOR AGAMENON MAGALHAES;;RUA DR BANDEIRA FILHO;E/F AO BOMPREÇO. SENTIDO OLINDA- FAIXA PRINCIPAL;GRAÇAS;173.0;;COLISÃO TRASEIRA;1.0;1.0;0.0;0.0;0.0;0.0;0.0;0.0;0.0;1.0;0.0;Cruzamento;Bom;Sem defeito;Perfeito estado;Seca;Perfeito estado;Faixa de pedestre;;60 km/h;Dupla;Canal;;;Tarde
2047;17/04/2020;18:44:00;SEM VÍTIMA;FINALIZADA;LINHA DO TIRO;RUA URIEL DE HOLANDA;;;EM FRENTE A ESCOLA DE REFERÊNCIA PADRE NERCIO RODRIGUES;LINHA DO TIRO;;;ABALROAMENTO LONGITUDINAL;1.0;1.0;0.0;0.0;0.0;0.0;0.0;0.0;0.0;0.0;0.0;Longo da via;Chuvoso;Sem defeito;Perfeito estado;Molhada;Mal conservada;;Não há placas;40 km/h;Dupla;Faixa contínua;;;Noite
2048;17/04/2020;20:20:00;SEM VÍTIMA;FINALIZADA;;RUA DEZ DE JULHO;481;RUA CAMBOIM;;;;SUBURBIO;ABALROAMENTO LONGITUDINAL;2.0;0.0;0.0;0.0;0.0;0.0;0.0;0.0;0.0;0.0;0.0;Cruzamento;Bom;Não existe;Perfeito estado;Seca;Perfeito estado;Não existe;Placas Pare;;Dupla;Faixa contínua;;;Noite
2049;18/04/2020;11:04:00;SEM VÍTIMA;FINALIZADA;BOA VIAGEM;AV ENGENHEIRO DOMINGOS FERREIRA;;RUA RIBEIRO DE BRITO;;BOA VIAGEM;155.0;SUBURBIO;ABALROAMENTO TRANSVERSAL;2.0;0.0;0.0;0.0;0.0;0.0;0.0;0.0;0.0;0.0;0.0;Cruzamento;Bom;Sem defeito;Perfeito estado;Seca;Perfeito estado;Faixa de pedestre;Outras;;Dupla;Canteiro central;;;Manhã
2050;18/04/2020;12:29:00;SEM VÍTIMA;FINALIZADA;SANTO AMARO;RUA MARQUÊS DO POMBAL;;RUA PEDRO AFONSO;AO LADO DO IML;SANTO AMARO;;;COLISÃO FRONTAL;2.0;0.0;0.0;0.0;0.0;0.0;0.0;0.0;0.0;0.0;0.0;Cruzamento;Bom;Não existe;Perfeito estado;Seca;Perfeito estado;Faixa de retenção;Placas Pare;30 km/h;Dupla;Faixa seccionada;;;Tarde
2051;18/04/2020;13:33:00;COM VÍTIMA;FINALIZADA;VÁRZEA;AV PROFESSOR ARTUR DE SA;1168;;NA RUA DO CEMITERIO DA VARZEA;VÁRZEA;;CIDADE;ABALROAMENTO TRANSVERSAL;1.0;1.0;0.0;0.0;0.0;0.0;0.0;0.0;0.0;1.0;0.0;Longo da via;Bom;Não existe;Perfeito estado;Seca;Perfeito estado;Não existe;Não há placas;;Dupla;Faixa contínua;;;Tarde
2052;18/04/2020;18:52:00;COM VÍTIMA;FINALIZADA;CAMPO GRANDE;RUA ODORICO MENDES;198;RUA VISCONDE DE CAIRU;PRÓX AO CLUBE DAS PÁS;CAMPO GRANDE;;CIDADE;ABALROAMENTO TRANSVERSAL;1.0;1.0;0.0;0.0;0.0;0.0;0.0;0.0;0.0;1.0;0.0;Cruzamento;Bom;Não existe;Perfeito estado;Seca;Perfeito estado;Não existe;Outras;;Dupla;Faixa seccionada;;;Noite
2053;19/04/2020;01:46:00;SEM VÍTIMA;FINALIZADA;TORRE;RUA JOSE BONIFACIO;232;;POSTO IPIRANGA;TORRE;576.0;SUBURBIO;CHOQUE OBJETO FIXO;1.0;0.0;0.0;0.0;0.0;0.0;0.0;0.0;0.0;0.0;0.0;Longo da via;Bom;Desligado;Perfeito estado;Seca;Perfeito estado;Faixa de pedestre;Não há placas;;Única;Faixa contínua;;;Madrugada
2054;19/04/2020;02:39:00;COM VÍTIMA;FINALIZADA;ILHA DO RETIRO;EST DOS REMEDIOS;;RUA TABAIARES;PRÓXIMO A HYUNDAI;ILHA DO RETIRO;390.0;SUBURBIO;CAPOTAMENTO;4.0;0.0;0.0;0.0;0.0;0.0;0.0;0.0;0.0;1.0;0.0;Longo da via;Bom;Intermitente;Perfeito estado;Seca;Perfeito estado;Faixa de pedestre;Não há placas;;Única;Faixa seccionada;;;Madrugada
2055;19/04/2020;06:40:00;COM VÍTIMA;FINALIZADA;BOA VISTA;AV GOVERNADOR AGAMENON MAGALHAES;;RUA DR LEOPOLDO LINS;;BOA VISTA;78.0;SUBURBIO;ABALROAMENTO TRANSVERSAL;1.0;1.0;0.0;0.0;0.0;0.0;0.0;0.0;0.0;1.0;0.0;Cruzamento;Chuvoso;Intermitente;Perfeito estado;Molhada;Perfeito estado;Faixa de pedestre;Outras;;Única;Canteiro central;;;Manhã
2056;19/04/2020;08:08:00;COM VÍTIMA;FINALIZADA;GRAÇAS;AV RUI BARBOSA;715;;EM FRENTE AO COLEGIO AGNES E PRÓXIMO A FARMÁCIA DROGASIL.;GRAÇAS;562.0;CIDADE;COLISÃO TRASEIRA;1.0;1.0;0.0;0.0;0.0;0.0;0.0;0.0;0.0;1.0;0.0;Longo da via;Chuvoso;Sem defeito;Perfeito estado;Molhada;Perfeito estado;Faixa de pedestre;Outras;;Única;;;;Manhã
2057;19/04/2020;10:54:00;COM VÍTIMA;FINALIZADA;BOA VIAGEM;AV ENGENHEIRO DOMINGOS FERREIRA;;RUA ERNESTO DE PAULA SANTOS;EM FRENTE A DOM FERREIRA;BOA VIAGEM;217.0;;ABALROAMENTO TRANSVERSAL;2.0;0.0;0.0;0.0;0.0;0.0;0.0;0.0;0.0;1.0;0.0;Cruzamento;Bom;Sem defeito;Perfeito estado;Seca;Perfeito estado;Outros;Outras;60 km/h;Única;Canteiro central;;;Manhã
2058;19/04/2020;15:21:00;COM VÍTIMA;FINALIZADA;JIQUIÁ;RUA SAO MIGUEL;2027;;HOTEL PREMIUM;JIQUIÁ;;SUBURBIO;ABALROAMENTO TRANSVERSAL;1.0;1.0;0.0;0.0;0.0;0.0;0.0;0.0;0.0;1.0;0.0;Longo da via;Bom;Não existe;Perfeito estado;Seca;Perfeito estado;Não existe;Não há placas;;Dupla;Faixa contínua;;;Tarde
2059;19/04/2020;15:35:00;COM VÍTIMA;FINALIZADA;ILHA DO RETIRO;AV BEIRA RIO;290;;PROXIMO AO CLUBE DO SPORT. LADO OPOSTO AO EDF. VILA BEIRA RIO.;ILHA DO RETIRO;;CIDADE;COLISÃO TRASEIRA;1.0;1.0;0.0;0.0;0.0;0.0;0.0;0.0;0.0;1.0;0.0;Longo da via;Bom;Não existe;Perfeito estado;Seca;Perfeito estado;Não existe;Não há placas;30 km/h;Dupla;Faixa contínua;;;Tarde
2060;19/04/2020;19:06:00;COM VÍTIMA;FINALIZADA;VASCO DA GAMA;AV NORTE;;RUA PADRE LEMOS;CRUZAMENTO C/A RUA VASCO DA GAMA - SENT CID/SUB;VASCO DA GAMA;66.0;SUBURBIO;ABALROAMENTO TRANSVERSAL;1.0;1.0;0.0;0.0;0.0;0.0;0.0;0.0;0.0;1.0;0.0;Cruzamento;Bom;Sem defeito;Perfeito estado;Seca;Perfeito estado;Faixa de pedestre;Outras;;Dupla;Canteiro central;;;Noite
2061;20/04/2020;06:55:00;COM VÍTIMA;FINALIZADA;CAMPO GRANDE;RUA FARIAS NEVES;878;RUA FRANKLIN TAVORA;EM FRENTE A MEDECOL;CAMPO GRANDE;;SUBURBIO;ABALROAMENTO TRANSVERSAL;1.0;0.0;0.0;0.0;0.0;1.0;0.0;0.0;0.0;1.0;0.0;Cruzamento;Bom;Não existe;Ilegível;Seca;Perfeito estado;Não existe;Não há placas;;Dupla;Não existe;;;Manhã
2062;20/04/2020;08:40:00;COM VÍTIMA;FINALIZADA;SANTO AMARO;RUA DOS PALMARES;48;RUA AFONSO PENA;ESTACIONAMENTO DO SUPERMERCADO RM EXPRESS;SANTO AMARO;;CIDADE;ATROPELAMENTO;1.0;0.0;0.0;0.0;1.0;0.0;0.0;0.0;0.0;1.0;0.0;Longo da via;Bom;;;Seca;Perfeito estado;;;;Dupla;Canteiro central;;;Manhã
2063;20/04/2020;14:20:00;COM VÍTIMA;FINALIZADA;IBURA;AV DOM HELDER CAMARA;;;AO LADO DA CASA DE BATERIAS;IBURA;;SUBURBIO;CHOQUE OBJETO FIXO;1.0;0.0;0.0;0.0;0.0;0.0;0.0;0.0;0.0;1.0;0.0;Longo da via;Bom;Sem defeito;Perfeito estado;Seca;Perfeito estado;Outros;Outras;;Única;Faixa;;;Tarde
2064;21/04/2020;00:42:00;SEM VÍTIMA;FINALIZADA;BREJO DA GUABIRABA;AV VEREADOR OTACILIO AZEVEDO;792;;LADO OPOSTO AO Nº 792;BREJO DA GUABIRABA;;SUBURBIO;ABALROAMENTO LONGITUDINAL;1.0;0.0;0.0;0.0;0.0;0.0;1.0;0.0;0.0;0.0;0.0;Longo da via;Bom;Não existe;Não existente;Seca;Perfeito estado;Não existe;Não há placas;;Dupla;Não existe;;;Madrugada
2065;21/04/2020;02:29:00;SEM VÍTIMA;FINALIZADA;BOA VIAGEM;RUA VISCONDE DE JEQUITINHONHA;;RUA BARAO DE SOUZA LEAO;;BOA VIAGEM;129.0;SUBURBIO;CHOQUE OBJETO FIXO;1.0;0.0;0.0;0.0;0.0;0.0;0.0;0.0;0.0;0.0;0.0;Cruzamento;Bom;Sem defeito;Perfeito estado;Seca;Perfeito estado;Não existe;Não há placas;;Única;Faixa seccionada;;;Madrugada
2066;22/04/2020;14:06:00;SEM VÍTIMA;FINALIZADA;IPSEP;AV RECIFE;3033;;EM FRENTE AO Nº 3033;IPSEP;;;COLISÃO FRONTAL;1.0;1.0;0.0;0.0;0.0;0.0;0.0;0.0;0.0;0.0;0.0;Longo da via;Chuvoso;Não existe;Perfeito estado;Molhada;Perfeito estado;Não existe;Não há placas;;Dupla;Canteiro central;;;Tarde
2067;22/04/2020;14:30:00;COM VÍTIMA;FINALIZADA;BOA VISTA;AV JOAO DE BARROS;;;E/F AO CONSERVATORIO DE MUSICA;BOA VISTA;;;COLISÃO;1.0;1.0;0.0;0.0;0.0;0.0;0.0;0.0;0.0;1.0;0.0;;;;;;;;;;;;;;Tarde
2068;22/04/2020;16:14:00;SEM VÍTIMA;FINALIZADA;TORRÕES;RUA ZUMBI DOS PALMARES;720;;PIZZARIA FAMILIA PASSIRA;TORRÕES;;SUBURBIO;ABALROAMENTO TRANSVERSAL;0.0;2.0;0.0;0.0;0.0;0.0;0.0;0.0;0.0;0.0;0.0;Longo da via;Bom;Não existe;Não existente;Seca;Mal conservada;Não existe;Não há placas;;Dupla;Não existe;;;Tarde
2069;22/04/2020;23:40:00;COM VÍTIMA;FINALIZADA;ILHA DO RETIRO;AV ENGENHEIRO ABDIAS DE CARVALHO;;AV JOSE GONCALVES DE MEDEIROS;ENF AO MC DONALD´S;ILHA DO RETIRO;355.0;SUBURBIO;COLISÃO FRONTAL;2.0;0.0;0.0;0.0;0.0;0.0;0.0;0.0;0.0;1.0;0.0;Cruzamento;Chuvoso;Sem defeito;Perfeito estado;Seca;Perfeito estado;;;60 km/h;Dupla;Canteiro central;;;Noite
2070;23/04/2020;05:04:00;SEM VÍTIMA;FINALIZADA;GRAÇAS;AV RUI BARBOSA;;;EM FRENTE DO MUSEU DO ESTADO;GRAÇAS;;CIDADE;CHOQUE OBJETO FIXO;1.0;0.0;0.0;0.0;0.0;0.0;0.0;0.0;0.0;0.0;0.0;Longo da via;Chuvoso;;;Seca;Perfeito estado;;;60 km/h;Única;;;;Madrugada
2071;23/04/2020;21:05:00;COM VÍTIMA;FINALIZADA;IBURA;RUA AFONSO CUNHA;347;;PRÓX AO PSF DO ALTO DA BELA VISTA;IBURA;;SUBURBIO;COLISÃO FRONTAL;0.0;2.0;0.0;0.0;0.0;0.0;0.0;0.0;0.0;1.0;0.0;Longo da via;Bom;Não existe;Não existente;Seca;Perfeito estado;;Não há placas;30 km/h;Dupla;Não existe;;;Noite
2072;23/04/2020;21:47:00;VÍTIMA FATAL;FINALIZADA;BOA VIAGEM;RUA ERNESTO DE PAULA SANTOS;;RUA AMALIA BERNARDINO DE SOUZA;PRÓX A UNINASSAU. EM FRENTE AO POSTO BR.;BOA VIAGEM;;ORLA DE BOA VIAGEM;ABALROAMENTO TRANSVERSAL;1.0;1.0;0.0;0.0;0.0;0.0;0.0;0.0;0.0;1.0;1.0;Cruzamento;Bom;Não existe;Não existente;Seca;Mal iluminada;Não existe;Não há placas;;Única;Não existe;;;Noite
2073;24/04/2020;14:53:00;COM VÍTIMA;FINALIZADA;AFOGADOS;RUA MOTOCOLOMBO;S/N;LARGO DA PAZ;EM FRENTE A POLICLINICA AGAMENON MAGALHÃES;AFOGADOS;;SUBURBIO;TOMBAMENTO;0.0;1.0;0.0;0.0;0.0;0.0;0.0;0.0;0.0;1.0;0.0;Longo da via;Chuvoso;Não existe;Perfeito estado;Molhada;Perfeito estado;Faixa de pedestre;Não há placas;;Única;Outros;;;Tarde
2074;24/04/2020;19:36:00;COM VÍTIMA;FINALIZADA;BOA VIAGEM;RUA DEZ DE JULHO;115;RUA CAMBOIM;PROX Maison Christal Recepções;BOA VIAGEM;;SUBURBIO;ABALROAMENTO TRANSVERSAL;1.0;1.0;0.0;0.0;0.0;1.0;0.0;0.0;0.0;1.0;0.0;Cruzamento;Chuvoso;Não existe;Perfeito estado;Molhada;Perfeito estado;Não existe;Placas Pare;;Única;Faixa seccionada;;;Noite
2075;25/04/2020;07:45:00;COM VÍTIMA;FINALIZADA;MACAXEIRA;AV NORTE;;;ULTIMA PARADA DE ONIBUS (Nº 110052) DA AV NORTE NO SENTIDO TERMINAL DA MACAXEIRA.;MACAXEIRA;;SUBURBIO;COLISÃO TRASEIRA;0.0;1.0;0.0;0.0;0.0;1.0;0.0;0.0;0.0;1.0;0.0;Longo da via;Bom;Não existe;Perfeito estado;Seca;Perfeito estado;;Outras;;Dupla;Blocos;;;Manhã
2076;25/04/2020;14:00:00;COM VÍTIMA;FINALIZADA;ESTÂNCIA;AV RECIFE;271;AV ESTANCIA;PROX AO MAKRO;ESTÂNCIA;;BOA VIAGEM;TOMBAMENTO;0.0;1.0;0.0;0.0;0.0;0.0;0.0;0.0;0.0;1.0;0.0;Longo da via;Bom;Não existe;Perfeito estado;Seca;Perfeito estado;Não existe;Não há placas;;Dupla;Faixa contínua;Canteiro central;Blocos;Tarde
2077;26/04/2020;06:29:00;SEM VÍTIMA;FINALIZADA;ENCRUZILHADA;AV JOAO DE BARROS;1750;RUA CONS PORTELA;EM FRENTE A ESCOLA TECNICA ETEPAM;ENCRUZILHADA;;CIDADE;CAPOTAMENTO;1.0;0.0;0.0;0.0;0.0;0.0;0.0;0.0;0.0;0.0;0.0;Longo da via;Chuvoso;Não existe;Perfeito estado;Molhada;Perfeito estado;Faixa de pedestre;Outras;;Única;Faixa contínua;Faixa seccionada;Canteiro central;Manhã
2078;27/04/2020;07:30:00;SEM VÍTIMA;FINALIZADA;DERBY;AV GOVERNADOR AGAMENON MAGALHAES;;PRC DO DERBY;EM FRENTE A PRAÇA DO DERBY;DERBY;75.0;BOA VIAGEM;COLISÃO;2.0;0.0;0.0;0.0;0.0;0.0;0.0;0.0;0.0;0.0;0.0;Longo da via;Chuvoso;Sem defeito;Perfeito estado;Molhada;Perfeito estado;Agente;Outras;60 km/h;Dupla;Faixa seccionada;;;Manhã
2079;27/04/2020;11:35:00;COM VÍTIMA;FINALIZADA;BOA VIAGEM;RUA DOS NAVEGANTES;2083;RUA PADRE BERNADINO PESSOA;EM FRENTE A O RESTAURANTE ILHA DOS NAVEGANTES;BOA VIAGEM;;;ABALROAMENTO TRANSVERSAL;2.0;0.0;0.0;0.0;0.0;0.0;0.0;0.0;0.0;1.0;0.0;Cruzamento;Chuvoso;Não existe;Perfeito estado;Seca;Perfeito estado;;Placas Pare;;Única;Faixa seccionada;;;Manhã
2080;27/04/2020;16:45:00;SEM VÍTIMA;FINALIZADA;ENCRUZILHADA;;1861;AV NORTE;;ENCRUZILHADA;;SUB/CID;ABALROAMENTO LONGITUDINAL;2.0;0.0;0.0;0.0;0.0;0.0;0.0;0.0;0.0;0.0;0.0;Cruzamento;Bom;Sem defeito;Perfeito estado;Seca;Perfeito estado;Agente;Placas Pare;;Única;;;;Tarde
2081;28/04/2020;08:31:00;COM VÍTIMA;FINALIZADA;CIDADE UNIVERSITÁRIA;AV PROFESSOR LUIZ FREIRE;500;;EM FRENTE AO IFPE;CIDADE UNIVERSITÁRIA;;CIDADE;TOMBAMENTO;0.0;1.0;0.0;0.0;0.0;0.0;0.0;0.0;0.0;1.0;0.0;Longo da via;Bom;Não existe;Perfeito estado;Seca;Perfeito estado;Não existe;Outras;40 km/h;Dupla;Faixa seccionada;;;Manhã
2082;28/04/2020;08:40:00;COM VÍTIMA;FINALIZADA;TORRE;RUA CONDE DE IRAJA;;AV BEIRA RIO;PROX A ACADEMIA DA CIDADE;TORRE;630.0;SUBURBIO;ABALROAMENTO TRANSVERSAL;1.0;1.0;0.0;0.0;0.0;0.0;0.0;0.0;0.0;1.0;0.0;Cruzamento;Bom;Sem defeito;Perfeito estado;Seca;Perfeito estado;Faixa de retenção;Placas Pare;;Dupla;Faixa contínua;;;Manhã
2083;28/04/2020;13:26:00;COM VÍTIMA;FINALIZADA;MADALENA;AV ENGENHEIRO ABDIAS DE CARVALHO;;;EM FRENTE A ESTACIO/ SENTIDO BR;MADALENA;328.0;SUBURBIO;ABALROAMENTO LONGITUDINAL;0.0;1.0;0.0;0.0;0.0;0.0;0.0;0.0;1.0;2.0;0.0;Longo da via;Bom;Não existe;Perfeito estado;Seca;Perfeito estado;Não existe;Outras;60 km/h;Dupla;Canteiro central;;;Tarde
2084;28/04/2020;13:32:00;COM VÍTIMA;FINALIZADA;TAMARINEIRA;RUA CONEGO BARATA;811;;AO LADO DA FERREIRA COSTA.;TAMARINEIRA;;CIDADE;COLISÃO TRASEIRA;1.0;1.0;0.0;0.0;0.0;0.0;0.0;0.0;0.0;1.0;0.0;Longo da via;Bom;Não existe;Perfeito estado;Seca;Perfeito estado;;R-6a;;Dupla;Canteiro central;;;Tarde
2085;29/04/2020;07:45:00;COM VÍTIMA;FINALIZADA;BARRO;AV DR JOSE RUFINO;2337;RUA CAPITAO PONCIANO;EM FRENTE A PANIFICADORA TONY ALBUQUERQUE;BARRO;;CIDADE;ABALROAMENTO TRANSVERSAL;1.0;1.0;0.0;0.0;0.0;0.0;0.0;0.0;0.0;2.0;0.0;Longo da via;Bom;Não existe;Perfeito estado;Seca;Perfeito estado;Não existe;R-6a;;Dupla;Faixa contínua;;;Manhã
2086;29/04/2020;11:14:00;SEM VÍTIMA;FINALIZADA;BAIRRO DO RECIFE;PTE BUARQUE DE MACEDO;;;NO INICIO DA PONTE BUARQUE DE MACEDO;BAIRRO DO RECIFE;;SUBURBIO;COLISÃO;1.0;0.0;0.0;0.0;0.0;0.0;0.0;1.0;0.0;0.0;0.0;Cruzamento;Bom;Sem defeito;Perfeito estado;Seca;Perfeito estado;Faixa de pedestre;Outras;;Única;Faixa seccionada;;;Manhã
2087;29/04/2020;11:35:00;COM VÍTIMA;FINALIZADA;DERBY;AV GOVERNADOR AGAMENON MAGALHAES;;AV GOVERNADOR CARLOS DE LIMA CAVALCANTI;EM FRENTE A MAC DONALDS;DERBY;75.0;SUBURBIO;ABALROAMENTO LONGITUDINAL;0.0;1.0;0.0;0.0;0.0;0.0;0.0;1.0;0.0;1.0;0.0;Cruzamento;Bom;Sem defeito;Perfeito estado;Seca;Perfeito estado;Faixa de pedestre;Outras;60KM;Dupla;Canal;;;Manhã
2088;29/04/2020;13:41:00;COM VÍTIMA;FINALIZADA;IBURA;AV DOIS RIOS;1127;;E/F A NETINHO MOTOS;IBURA;;CIDADE;COLISÃO FRONTAL;1.0;1.0;0.0;0.0;0.0;0.0;0.0;0.0;0.0;1.0;0.0;Longo da via;Bom;Não existe;Ilegível;Seca;Perfeito estado;Não existe;Outras;;Dupla;Faixa contínua;;;Tarde
2089;29/04/2020;14:05:00;COM VÍTIMA;FINALIZADA;IPUTINGA;RUA BOM PASTOR;67;;E/F A GALERIA IPUTINGA;IPUTINGA;8.0;SUBURBIO;COLISÃO TRASEIRA;3.0;0.0;0.0;0.0;0.0;0.0;0.0;0.0;0.0;1.0;0.0;Longo da via;Bom;Sem defeito;Incompleta;Seca;Mal conservada;Faixa de pedestre;R-6a;;Única;Não existe;;;Tarde
2090;29/04/2020;16:42:00;COM VÍTIMA;FINALIZADA;CORDEIRO;RUA PROFESSOR JOAQUIM XAVIER DE BRITO;;RUA DR MIGUEL VIEIRA FERREIRA;E/F A GALERIA TEREZA CRISTINA E FARMÁCIA DO TRABALHADOR.;CORDEIRO;541.0;SUBURBIO;ABALROAMENTO TRANSVERSAL;1.0;1.0;0.0;0.0;0.0;0.0;0.0;0.0;0.0;2.0;0.0;Cruzamento;Bom;Sem defeito;Perfeito estado;Seca;Perfeito estado;Não existe;R-5a;;Dupla;Faixa contínua;;;Tarde
2091;30/04/2020;06:02:00;SEM VÍTIMA;FINALIZADA;BOA VIAGEM;AV BOA VIAGEM;2234;;EM FRENTE AO EDIFICIO  VILA AZUL;BOA VIAGEM;;;COLISÃO;1.0;0.0;0.0;0.0;0.0;0.0;0.0;1.0;0.0;0.0;0.0;Cruzamento;Chuvoso;Sem defeito;Perfeito estado;Molhada;Perfeito estado;Não existe;Não há placas;;Única;Faixa contínua;;;Manhã