indice;data;hora;natureza_acidente;situacao;bairro;endereco;numero;detalhe_endereco_acidente;complemento;bairro_cruzamento;num_semaforo;sentido_via;tipo;auto;moto;ciclom;ciclista;pedestre;onibus;caminhao;viatura;outros;vitimas;vitimasfatais;acidente_verificado;tempo_clima;situacao_semaforo;sinalizacao;condicao_via;conservacao_via;ponto_controle;situacao_placa;velocidade_max_via;mao_direcao;divisao_via1;divisao_via2;divisao_via3;turno
2092;30/04/2020;11:32:00;COM VÍTIMA;FINALIZADA;BOA VIAGEM;AVENIDA CELSO FURTADO (VIA MANGUE);;;SENT. CIDADE- POR TRAS DO SUPERMERCADO EXTRA;BOA VIAGEM;;CIDADE;COLISÃO TRASEIRA;1.0;1.0;0.0;0.0;0.0;0.0;0.0;0.0;0.0;1.0;0.0;Longo da via;Chuvoso;Não existe;Perfeito estado;Seca;Perfeito estado;Não existe;Não há placas;60 km/h;Única;Faixa contínua;;;Manhã
2093;30/04/2020;16:02:00;COM VÍTIMA;FINALIZADA;ROSARINHO;AV NORTE;;AV SANTOS DUMONT;EM FRENTE AO POSTO PETROCAL E PADARIA ROSARINHO DELICATESSEN.;ROSARINHO;81.0;SUBURBIO;TOMBAMENTO;0.0;1.0;0.0;0.0;0.0;0.0;0.0;0.0;0.0;2.0;0.0;Longo da via;Chuvoso;Sem defeito;Perfeito estado;Molhada;Perfeito estado;Faixa de pedestre;Outras;;Dupla;Canteiro central;;;Tarde
2094;30/04/2020;19:18:00;COM VÍTIMA;FINALIZADA;AFOGADOS;RUA SAO MIGUEL;1136;;ENF CHINA IN BOX;AFOGADOS;;SUBURBIO;COLISÃO FRONTAL;2.0;1.0;0.0;0.0;0.0;0.0;0.0;0.0;0.0;2.0;0.0;Longo da via;Bom;Não existe;Perfeito estado;Seca;Perfeito estado;Não existe;Não há placas;50 km/h;Dupla;Faixa contínua;;;Noite
2095;30/04/2020;20:26:00;COM VÍTIMA;FINALIZADA;ILHA JOANA BEZERRA;RUA MIRANDOPOLIS;;;NO PÁTIO INTERNO DO T.I DE JOANA BEZERRA;ILHA JOANA BEZERRA;;CIDADE;ATROPELAMENTO;0.0;0.0;0.0;0.0;2.0;1.0;0.0;0.0;0.0;2.0;0.0;Outros;Chuvoso;Não existe;Perfeito estado;Molhada;Perfeito estado;Não existe;Não há placas;;Única;Canteiro central;;;Noite
2096;01/05/2020;12:58:00;COM VÍTIMA;FINALIZADA;CABANGA;PTE GOVERNADOR PAULO GUERRA;;;INÍCIO DA PONTE. LADO OPOSTO AO CABANGA IATE CLUBE.;CABANGA;;SUBURBIO;COLISÃO;0.0;1.0;0.0;0.0;0.0;0.0;0.0;0.0;1.0;1.0;0.0;Longo da via;Bom;Não existe;Perfeito estado;Seca;Perfeito estado;Não existe;Não há placas;;Única;Faixa seccionada;;;Tarde
2097;01/05/2020;18:59:00;COM VÍTIMA;FINALIZADA;MADALENA;RUA BENFICA;140;;PRÓXIMO AO ESTÁDIO DO SPORT CLUBE DO RECIFE. COMEDORIA SABOREAR.;MADALENA;;CIDADE;ABALROAMENTO TRANSVERSAL;0.0;2.0;0.0;0.0;0.0;0.0;0.0;0.0;0.0;2.0;0.0;Longo da via;Bom;Não existe;;Seca;Perfeito estado;Não existe;Não há placas;;Única;Faixa seccionada;;;Noite
2098;01/05/2020;19:52:00;COM VÍTIMA;FINALIZADA;ÁGUA FRIA;RUA LADEIRA DE PEDRA;261;;PROXIMO AO TERMINAL DO ALTO DO PASCOAL E IGREJA PRIMITIVA.;ÁGUA FRIA;;CIDADE;ATROPELAMENTO;0.0;1.0;0.0;0.0;1.0;0.0;0.0;0.0;0.0;2.0;0.0;Longo da via;Bom;Não existe;Não existente;Seca;Perfeito estado;;Não há placas;;;;;;Noite
2099;02/05/2020;10:05:00;SEM VÍTIMA;FINALIZADA;TEJIPIÓ;AV LIBERDADE;811;;ARMAZÉM LIBERDADE;TEJIPIÓ;;;COLISÃO;2.0;0.0;0.0;0.0;0.0;0.0;0.0;0.0;0.0;0.0;0.0;;;;;;;;;;;;;;Manhã
2100;02/05/2020;11:43:00;COM VÍTIMA;FINALIZADA;JORDÃO;AV MARIA IRENE;1225;;POLO DAS COXIHAS- UM CASAU FERIDO;JORDÃO;;SUBURBIO;ABALROAMENTO LONGITUDINAL;1.0;1.0;0.0;0.0;0.0;0.0;0.0;0.0;0.0;2.0;0.0;Longo da via;Bom;Não existe;Perfeito estado;Seca;Perfeito estado;Não existe;Não há placas;40 km/h;Dupla;Faixa contínua;;;Manhã
2101;02/05/2020;16:28:00;COM VÍTIMA;FINALIZADA;BOA VIAGEM;RUA ERNESTO DE PAULA SANTOS;;AV CONSELHEIRO AGUIAR;ACADEMIA SMART FIT;BOA VIAGEM;127.0;;ABALROAMENTO TRANSVERSAL;1.0;1.0;0.0;0.0;0.0;0.0;0.0;0.0;0.0;1.0;0.0;Cruzamento;Bom;Sem defeito;Perfeito estado;Seca;Perfeito estado;Faixa de pedestre;Outras;60 km/h;Única;Faixa;;;Tarde
2102;02/05/2020;22:25:00;SEM VÍTIMA;FINALIZADA;ALTO SANTA TERESINHA;RUA TAMBOARA;336;;PRÓXIMO DA BARRACA DE SEU ZEZINHO DA VERDURA;ALTO SANTA TERESINHA;;;COLISÃO;1.0;1.0;0.0;0.0;0.0;0.0;0.0;0.0;0.0;0.0;0.0;Outros;Bom;Não existe;Ilegível;Seca;Perfeito estado;Outros;Outras;;Dupla;Faixa seccionada;;;Noite
2103;03/05/2020;06:25:00;COM VÍTIMA;FINALIZADA;TORRE;RUA CONDE DE IRAJA;;AV BEIRA RIO;;TORRE;;SUBURBIO;COLISÃO COM CICLISTA;1.0;0.0;0.0;1.0;0.0;0.0;0.0;0.0;0.0;1.0;0.0;Cruzamento;Chuvoso;Sem defeito;;Molhada;Perfeito estado;;;;Única;Faixa contínua;;;Manhã
2104;03/05/2020;15:57:00;COM VÍTIMA;FINALIZADA;AREIAS;AV DR JOSE RUFINO;1495;RUA JOSE NATARIO;;AREIAS;44.0;SUBURBIO;ABALROAMENTO TRANSVERSAL;1.0;1.0;0.0;0.0;0.0;0.0;0.0;0.0;0.0;1.0;0.0;Cruzamento;Bom;Sem defeito;Perfeito estado;Seca;Perfeito estado;Faixa de pedestre;Não há placas;;Dupla;Faixa contínua;;;Tarde
2105;03/05/2020;20:09:00;SEM VÍTIMA;FINALIZADA;BOA VISTA;AV CONDE DA BOA VISTA;;;COM A RUA GERVÁSIO PIRES;BOA VISTA;;CIDADE;CHOQUE OBJETO FIXO;1.0;0.0;0.0;0.0;0.0;0.0;0.0;0.0;0.0;0.0;0.0;Cruzamento;Bom;Sem defeito;Perfeito estado;Seca;Perfeito estado;Não existe;;;Dupla;;;;Noite
2106;04/05/2020;08:10:00;VÍTIMA FATAL;FINALIZADA;JARDIM SÃO PAULO;RUA FREI FELIX DE OLIVOLA;130;1SB DA BRASILEIRA;PROX À IGREJA BATISTA E ESTAÇÃO WERNEK DO METRÔ;JARDIM SÃO PAULO;;LESTE;CHOQUE VEÍCULO PARADO;2.0;0.0;0.0;0.0;0.0;0.0;0.0;0.0;0.0;0.0;1.0;Longo da via;Bom;Não existe;Não existente;Seca;Perfeito estado;Não existe;Não há placas;30 km/h;Dupla;Não existe;;;Manhã
2107;04/05/2020;10:53:00;COM VÍTIMA;FINALIZADA;BOA VIAGEM;RUA CAPITAO REBELINHO;519;RUA PEREIRA DA COSTA;FIDALGO RESTAURANTE;BOA VIAGEM;;SUBURBIO;ABALROAMENTO TRANSVERSAL;1.0;1.0;0.0;0.0;0.0;0.0;0.0;0.0;0.0;1.0;0.0;Cruzamento;Bom;Não existe;Ilegível;Seca;Perfeito estado;Faixa de retenção;R-6a;40 km/h;Única;Não existe;;;Manhã
2108;04/05/2020;11:43:00;SEM VÍTIMA;FINALIZADA;IMBIRIBEIRA;RUA BARAO DE AGUA BRANCA;376;RUA DUQUE ESTRADA;;IMBIRIBEIRA;;SUBURBIO;COLISÃO;1.0;1.0;0.0;0.0;0.0;0.0;0.0;0.0;0.0;0.0;0.0;Cruzamento;Bom;Não existe;Incompleta;Seca;Perfeito estado;Não existe;Não há placas;;Dupla;Não existe;;;Manhã
2109;04/05/2020;16:46:00;COM VÍTIMA;FINALIZADA;GUABIRABA;EST DOS MACACOS;322;;BAR MAURICEA;GUABIRABA;;CIDADE;ABALROAMENTO LONGITUDINAL;0.0;2.0;0.0;0.0;0.0;0.0;0.0;0.0;0.0;1.0;0.0;Outros;Bom;Não existe;Não existente;Seca;Outros;Não existe;Não há placas;;Dupla;Não existe;;;Tarde
2110;04/05/2020;17:11:00;COM VÍTIMA;FINALIZADA;CAMPO GRANDE;EST DE BELEM;40-A;RUA JERONIMO VILELA;AO LADO DA FARMÁCIA DROGASIL.;CAMPO GRANDE;26.0;CIDADE;ATROPELAMENTO;0.0;1.0;0.0;0.0;1.0;0.0;0.0;0.0;0.0;1.0;0.0;Longo da via;Bom;Sem defeito;Perfeito estado;Seca;Perfeito estado;Faixa de pedestre;Outras;;Dupla;Faixa seccionada;;;Tarde
2111;05/05/2020;13:28:00;SEM VÍTIMA;FINALIZADA;SANTO AMARO;AV GOVERNADOR AGAMENON MAGALHAES;;;EM FRENTE A UPE;SANTO AMARO;;SUBURBIO;COLISÃO;0.0;0.0;0.0;0.0;0.0;0.0;0.0;0.0;0.0;0.0;0.0;Outros;Bom;Sem defeito;Perfeito estado;Seca;Perfeito estado;Faixa de retenção;Outras;60km;Dupla;Canal;;;Tarde
2112;05/05/2020;21:31:00;SEM VÍTIMA;FINALIZADA;CASA AMARELA;AV NORTE;;;EM AO REI DA PICANHA;CASA AMARELA;;SUBURBIO;COLISÃO;3.0;0.0;0.0;0.0;0.0;0.0;0.0;0.0;0.0;0.0;0.0;Cruzamento;Chuvoso;Sem defeito;Perfeito estado;Molhada;Perfeito estado;Faixa de pedestre;Não há placas;60km;Dupla;Canteiro central;;;Noite
2113;06/05/2020;07:18:00;SEM VÍTIMA;FINALIZADA;MUSTARDINHA;RUA VINTE E UM DE ABRIL;955;1 TRV JUSTICA E PAZ;POSTO DE GASOLINA DESATIVADO;MUSTARDINHA;;SUBURBIO;CHOQUE;0.0;0.0;0.0;0.0;0.0;0.0;1.0;0.0;1.0;0.0;0.0;Cruzamento;Bom;Não existe;Incompleta;Seca;Mal iluminada;Não existe;Não há placas;;Dupla;Não existe;;;Manhã
2114;06/05/2020;07:28:00;SEM VÍTIMA;FINALIZADA;VÁRZEA;RUA MARECHAL MANOEL LUIS OSORIO;85;;EDIFÍCIO RIO PURUS;VÁRZEA;;SUBURBIO;COLISÃO;2.0;0.0;0.0;0.0;0.0;1.0;0.0;0.0;0.0;0.0;0.0;Longo da via;Bom;Não existe;Perfeito estado;Seca;Perfeito estado;Outros;Placas Pare;;Dupla;Não existe;;;Manhã
2115;06/05/2020;08:54:00;COM VÍTIMA;FINALIZADA;SANTO ANTÔNIO;RUA IMPERIAL;981;TRV DO RAPOSO;EM FRENTE AO DEPÓSITO DE RECICLÁVEIS DO ZUZA;SANTO ANTÔNIO;510.0;SUBURBIO;ABALROAMENTO TRANSVERSAL;1.0;1.0;0.0;0.0;0.0;0.0;0.0;0.0;0.0;1.0;0.0;Cruzamento;Bom;Sem defeito;Perfeito estado;Seca;Perfeito estado;Outros;Não há placas;;Única;Faixa seccionada;;;Manhã
2116;06/05/2020;16:03:00;COM VÍTIMA;FINALIZADA;PRADO;AV ENGENHEIRO ABDIAS DE CARVALHO;;EST DOS REMEDIOS;DROGASIL;PRADO;52.0;SUBURBIO;ABALROAMENTO TRANSVERSAL;0.0;1.0;0.0;0.0;0.0;0.0;0.0;1.0;0.0;1.0;0.0;Cruzamento;Bom;Sem defeito;Perfeito estado;Seca;Perfeito estado;Faixa de pedestre;Não há placas;;Dupla;Canteiro central;;;Tarde
2117;07/05/2020;10:53:00;SEM VÍTIMA;FINALIZADA;NOVA DESCOBERTA;AV VEREADOR OTACILIO AZEVEDO;XX;AV VEREADOR OTACILIO AZEVEDO;FRENTE AO COLEGIO ROTARI NOVA DECOBERTA;NOVA DESCOBERTA;;CIDADE;ABALROAMENTO LONGITUDINAL;0.0;0.0;0.0;0.0;0.0;0.0;0.0;1.0;0.0;0.0;0.0;Longo da via;Bom;Sem defeito;Perfeito estado;Seca;Perfeito estado;Não existe;Outras;n/i;Dupla;Não existe;;;Manhã
2118;07/05/2020;13:26:00;COM VÍTIMA;FINALIZADA;BOA VIAGEM;RUA PADRE BERNADINO PESSOA;633;RUA MINISTRO NELSON HUNGRIA;COLEGIO SANTA MARIA;BOA VIAGEM;;SUBURBIO;ABALROAMENTO TRANSVERSAL;1.0;1.0;0.0;0.0;0.0;0.0;0.0;0.0;0.0;1.0;0.0;Longo da via;Bom;Não existe;Perfeito estado;Seca;Perfeito estado;Não existe;Não há placas;;Única;Não existe;;;Tarde
2119;07/05/2020;16:08:00;COM VÍTIMA;FINALIZADA;ILHA DO RETIRO;AV ENGENHEIRO ABDIAS DE CARVALHO;;AV JOSE GONCALVES DE MEDEIROS;SPORT CLUBE DO RECIFE.;ILHA DO RETIRO;355.0;SUBURBIO;ABALROAMENTO TRANSVERSAL;0.0;2.0;0.0;0.0;0.0;0.0;0.0;0.0;0.0;3.0;0.0;Cruzamento;Bom;Sem defeito;Perfeito estado;Seca;Perfeito estado;Não existe;Não há placas;60 km/h;Dupla;Canteiro central;;;Tarde
2120;07/05/2020;17:27:00;COM VÍTIMA;FINALIZADA;PINA;AV ENGENHEIRO DOMINGOS FERREIRA;300;;EM FRENTE AO EXTRABOM PINA;PINA;;SUBURBIO;ABALROAMENTO LONGITUDINAL;1.0;1.0;0.0;0.0;0.0;0.0;0.0;0.0;0.0;1.0;0.0;Longo da via;Bom;Não existe;Perfeito estado;Seca;Perfeito estado;Não existe;Não há placas;;Única;Faixa seccionada;Canteiro central;;Tarde
2121;07/05/2020;19:04:00;COM VÍTIMA;FINALIZADA;TEJIPIÓ;AV DR JOSE RUFINO;;;PROXIMO AO VIATUDO DA BR 101;TEJIPIÓ;;SUBURBIO;COLISÃO FRONTAL;1.0;1.0;0.0;0.0;0.0;0.0;0.0;0.0;0.0;1.0;0.0;Longo da via;Bom;Não existe;Não existente;Seca;Mal iluminada;Não existe;;;Dupla;Faixa contínua;;;Noite
2122;08/05/2020;13:57:00;COM VÍTIMA;FINALIZADA;BOA VIAGEM;RUA SA E SOUZA;687;RUA CONEGO ROMEU;SUPERMERCADO VERDFRUT. EM FRENTE A GALERIA SÁ E SOUZA.;BOA VIAGEM;;CIDADE;ABALROAMENTO TRANSVERSAL;0.0;2.0;0.0;0.0;0.0;0.0;0.0;0.0;0.0;1.0;0.0;Cruzamento;Bom;Não existe;Perfeito estado;Seca;Perfeito estado;Não existe;Placas Pare;;Dupla;Faixa seccionada;;;Tarde
2123;08/05/2020;14:45:00;COM VÍTIMA;FINALIZADA;ENGENHO DO MEIO;RUA ANTONIO CURADO;244;;EM FRENTE A PADARIA SANDRÂNGELA.;ENGENHO DO MEIO;;CIDADE;ABALROAMENTO TRANSVERSAL;1.0;1.0;0.0;0.0;0.0;0.0;0.0;0.0;0.0;1.0;0.0;Longo da via;Bom;Não existe;Perfeito estado;Seca;Perfeito estado;Não existe;Outras;30 km/h;Dupla;Faixa seccionada;;;Tarde
2124;08/05/2020;17:10:00;COM VÍTIMA;FINALIZADA;ZUMBI;AV CAXANGA;975;;EM FRENTE A LOJA DE BATERIAS HELIAR;ZUMBI;;CIDADE;ABALROAMENTO LONGITUDINAL;1.0;1.0;0.0;0.0;0.0;0.0;0.0;0.0;0.0;1.0;0.0;Longo da via;Bom;Não existe;Incompleta;Seca;Perfeito estado;Outros;Outras;;Dupla;Canteiro central;;;Tarde
2125;08/05/2020;20:46:00;COM VÍTIMA;FINALIZADA;VÁRZEA;AV JOAQUIM RIBEIRO;;RUA FRANCISCO TORRES;EM FRENTE A UPA;VÁRZEA;368.0;CIDADE;CHOQUE VEÍCULO PARADO;0.0;1.0;0.0;0.0;0.0;1.0;0.0;0.0;0.0;1.0;0.0;Longo da via;Bom;;Perfeito estado;Seca;Perfeito estado;Não existe;Não há placas;;Dupla;Canteiro central;;;Noite
2126;09/05/2020;09:16:00;COM VÍTIMA;FINALIZADA;BOA VISTA;RUA DA UNIAO;52;RUA PRINCESA IZABEL;EM FRENTE A LOTÉRICA.;BOA VISTA;;CIDADE;ABALROAMENTO LONGITUDINAL;1.0;2.0;0.0;0.0;0.0;0.0;0.0;0.0;0.0;2.0;0.0;Cruzamento;Bom;Sem defeito;Perfeito estado;Seca;Perfeito estado;Não existe;Outras;60 km/h;Única;Faixa contínua;;;Manhã
2127;09/05/2020;10:30:00;COM VÍTIMA;FINALIZADA;BOA VIAGEM;RUA ERNESTO DE PAULA SANTOS;;RUA AMALIA BERNARDINO DE SOUZA;DESCIDA DO VIADUTO TANCRENO NEVES. EM FRENTE AO POSTO BR.;BOA VIAGEM;;SUBURBIO;ABALROAMENTO TRANSVERSAL;1.0;1.0;0.0;0.0;0.0;0.0;0.0;0.0;0.0;1.0;0.0;Cruzamento;Bom;Não existe;Incompleta;Seca;Perfeito estado;Não existe;Outras;;Única;Não existe;;;Manhã
2128;09/05/2020;11:09:00;COM VÍTIMA;FINALIZADA;FUNDÃO;AV BEBERIBE;3078;;IGREJA ASSEMBLÉIA DE DEUS.;FUNDÃO;;SUBURBIO;COLISÃO TRASEIRA;3.0;0.0;0.0;0.0;0.0;0.0;0.0;0.0;0.0;2.0;0.0;Longo da via;Bom;Não existe;Perfeito estado;Seca;Perfeito estado;Não existe;Outras;;Dupla;Canteiro central;;;Manhã
2129;09/05/2020;12:00:00;COM VÍTIMA;FINALIZADA;VÁRZEA;AV CAXANGA;4555;;EM FRENTE À ACADEMIA TOP FIT;VÁRZEA;608.0;CIDADE;TOMBAMENTO;0.0;1.0;0.0;0.0;0.0;0.0;0.0;0.0;0.0;1.0;0.0;Longo da via;Bom;Sem defeito;Perfeito estado;Seca;Perfeito estado;Faixa de pedestre;;;Dupla;Faixa contínua;Faixa seccionada;Canteiro central;Tarde
2130;09/05/2020;12:08:00;COM VÍTIMA;FINALIZADA;NOVA DESCOBERTA;RUA NOVA DESCOBERTA;1619;COR DO ARCANJO;EM FRENTE A PAULO BEBIDAS;NOVA DESCOBERTA;;SUBURBIO;ABALROAMENTO LONGITUDINAL;1.0;1.0;0.0;0.0;0.0;0.0;0.0;0.0;0.0;1.0;0.0;Esquina;Bom;Não existe;Perfeito estado;Seca;Perfeito estado;Não existe;R-6a;;Dupla;Faixa seccionada;;;Tarde
2131;09/05/2020;15:33:00;COM VÍTIMA;FINALIZADA;MONTEIRO;AV DEZESSETE DE AGOSTO;50;;EM FRENTE DO EDIFÍCIO PORTA DÁGUA;MONTEIRO;;CIDADE;ATROPELAMENTO;1.0;0.0;0.0;0.0;1.0;0.0;0.0;0.0;0.0;1.0;0.0;Longo da via;Bom;Não existe;Perfeito estado;Seca;Perfeito estado;Não existe;Não há placas;60 km/h;Dupla;Faixa contínua;;;Tarde
2132;09/05/2020;21:06:00;COM VÍTIMA;FINALIZADA;ÁGUA FRIA;AV ANIBAL BENEVOLO;1413;;EM FRENTE AO COLEGIO ROSA MAGALHÃES E PRÓXIMO AO COMPAZ;ÁGUA FRIA;;CIDADE;COLISÃO FRONTAL;2.0;1.0;0.0;0.0;0.0;0.0;0.0;0.0;0.0;1.0;0.0;Longo da via;Bom;Não existe;Perfeito estado;Seca;;;R-6a;30 km/h;Dupla;Faixa seccionada;;;Noite
2133;09/05/2020;22:26:00;COM VÍTIMA;FINALIZADA;CORDEIRO;AV CAXANGA;2351;RUA CLAUDIO BROTHERHOOD;SEMAFORO Nº 235 ANTES DA EXPOSIÇÃO DO CORDEIRO;CORDEIRO;235.0;CIDADE;COLISÃO TRASEIRA;1.0;1.0;0.0;0.0;0.0;0.0;0.0;0.0;0.0;1.0;0.0;Longo da via;Bom;Sem defeito;Perfeito estado;Seca;Perfeito estado;Faixa de pedestre;Outras;;Única;Faixa contínua;;;Noite
2134;10/05/2020;02:41:00;SEM VÍTIMA;FINALIZADA;BOA VIAGEM;AV CONSELHEIRO AGUIAR;2052;;E/F A CAIXA ECONOMICA FEDERAL;BOA VIAGEM;;;COLISÃO;2.0;0.0;0.0;0.0;0.0;0.0;0.0;0.0;0.0;0.0;0.0;Longo da via;Bom;Não existe;Perfeito estado;Seca;Perfeito estado;Faixa de pedestre;Não há placas;60km;Única;Não existe;;;Madrugada
2135;10/05/2020;11:22:00;COM VÍTIMA;FINALIZADA;SANTO AMARO;AV CRUZ CABUGA;;AV MARIO MELO;ASSEMBLÉIA DE DEUS;SANTO AMARO;171.0;CIDADE;COLISÃO;1.0;1.0;0.0;0.0;0.0;0.0;0.0;0.0;0.0;1.0;0.0;Cruzamento;Chuvoso;Sem defeito;Perfeito estado;Molhada;Perfeito estado;Faixa de pedestre;Outras;;Dupla;Faixa contínua;;;Manhã
2136;10/05/2020;18:05:00;COM VÍTIMA;FINALIZADA;IBURA;RUA EXP FRANCISCO VITORIANO;193;RUA FLORIANO BARBOSA DE OLIVEIRA;PRÓXIMO A CRECHE MUNICIPAL TIO ZÉ. SALÃO BARBEARIA ISAC.;IBURA;;SUBURBIO;ATROPELAMENTO;0.0;1.0;0.0;0.0;1.0;0.0;0.0;0.0;0.0;2.0;0.0;Longo da via;Bom;Não existe;Perfeito estado;Seca;Perfeito estado;Faixa de pedestre;Placas Pare;30 km/h;Dupla;Não existe;;;Noite
2137;10/05/2020;22:09:00;COM VÍTIMA;FINALIZADA;LINHA DO TIRO;RUA URIEL DE HOLANDA;1800;;PRÓXIMO AO TERMINAL DE BREJO/ ASSEMBLEIA E DEUS/ ARMAZÉM SHALON;LINHA DO TIRO;;SUBURBIO;ABALROAMENTO LONGITUDINAL;0.0;1.0;0.0;0.0;0.0;1.0;0.0;0.0;0.0;2.0;0.0;Longo da via;Bom;Não existe;Perfeito estado;Seca;Perfeito estado;Não existe;R-6a;;Dupla;Não existe;;;Noite
2138;11/05/2020;04:44:00;COM VÍTIMA;FINALIZADA;PRADO;AV ENGENHEIRO ABDIAS DE CARVALHO;2082;;EM FRENTE AO TROCÃO- LADO OPOSTO AO NÚMERO 1524.;PRADO;;SUBURBIO;CHOQUE OBJETO FIXO;1.0;0.0;0.0;0.0;0.0;0.0;0.0;0.0;0.0;1.0;0.0;Longo da via;Bom;Sem defeito;Perfeito estado;Seca;Perfeito estado;Faixa de pedestre;;;Dupla;Faixa seccionada;;;Madrugada
2139;11/05/2020;07:25:00;COM VÍTIMA;FINALIZADA;ZUMBI;RUA GOMES TABORDA;1105;RUA GREGORIO JUNIOR;LADO OPOSTO A JÚNIOR BATERIAS.;ZUMBI;;CIDADE;ABALROAMENTO LONGITUDINAL;1.0;1.0;0.0;0.0;0.0;0.0;0.0;0.0;0.0;1.0;0.0;Cruzamento;Bom;Não existe;Perfeito estado;Seca;Perfeito estado;Não existe;Não há placas;;Dupla;Faixa seccionada;;;Manhã
2140;11/05/2020;12:10:00;SEM VÍTIMA;FINALIZADA;SAN MARTIN;RUA JOSE VELOSO;53;;PROX. A CAVALARIA;SAN MARTIN;;;COLISÃO;1.0;1.0;0.0;0.0;0.0;0.0;0.0;0.0;0.0;0.0;0.0;Cruzamento;Bom;Não existe;Incompleta;Seca;Perfeito estado;Não existe;Não há placas;n/i;Dupla;Não existe;;;Tarde
2141;11/05/2020;13:14:00;SEM VÍTIMA;FINALIZADA;TAMARINEIRA;RUA GENERAL ABREU E LIMA;113;;EM FRENTE AO EDF. EMÍLIA COSTA;TAMARINEIRA;;CIDADE;COLISÃO;1.0;1.0;0.0;0.0;0.0;0.0;0.0;0.0;0.0;0.0;0.0;Não informado;Bom;Não existe;Perfeito estado;Seca;Perfeito estado;Não existe;Outras;n/i;Dupla;Não existe;;;Tarde
2142;11/05/2020;15:44:00;COM VÍTIMA;FINALIZADA;ESTÂNCIA;RUA SAO MIGUEL;1570;;POSTO IPIRANGA- ARMAZEM CORAL- GLOBO VIDROS;ESTÂNCIA;;SUBURBIO;COLISÃO TRASEIRA;1.0;1.0;0.0;0.0;0.0;0.0;0.0;0.0;0.0;1.0;0.0;Longo da via;Bom;Sem defeito;Perfeito estado;Seca;Perfeito estado;Não existe;;;Dupla;Faixa contínua;Faixa seccionada;;Tarde
2143;12/05/2020;07:23:00;COM VÍTIMA;FINALIZADA;BOMBA DO HEMETÉRIO;RUA CHA DE ALEGRIA;107;RUA TAMBOARA;EM FRENTE AO N 107;BOMBA DO HEMETÉRIO;;SUBURBIO;COLISÃO COM CICLISTA;1.0;0.0;0.0;1.0;0.0;0.0;0.0;0.0;0.0;1.0;0.0;Cruzamento;Bom;Não existe;Não existente;Seca;Perfeito estado;Não existe;Não há placas;;;Não existe;;;Manhã
2144;12/05/2020;08:05:00;COM VÍTIMA;FINALIZADA;BOA VIAGEM;RUA RIBEIRO DE BRITO;1326;RUA AMALIA BERNARDINO DE SOUZA;;BOA VIAGEM;;SUBURBIO;ABALROAMENTO TRANSVERSAL;2.0;0.0;0.0;0.0;0.0;0.0;0.0;0.0;0.0;1.0;0.0;Longo da via;Bom;Não existe;Perfeito estado;Seca;Perfeito estado;Agente;Não há placas;30 km/h;Única;Faixa;;;Manhã
2145;12/05/2020;16:26:00;COM VÍTIMA;FINALIZADA;AFOGADOS;RUA SAO MIGUEL;2012;;MOTEL PREMIUM. LADO OPOSTO AO POSTO DE COMBUSTÍVEL PETROISA.;AFOGADOS;;SUBURBIO;ABALROAMENTO LONGITUDINAL;1.0;1.0;0.0;0.0;0.0;0.0;0.0;0.0;0.0;1.0;0.0;Longo da via;Bom;Não existe;Perfeito estado;Seca;Perfeito estado;Não existe;Não há placas;60 km/h;Dupla;Faixa contínua;;;Tarde
2146;12/05/2020;17:49:00;COM VÍTIMA;FINALIZADA;VÁRZEA;AV AFONSO OLINDENSE;1045;RUA ANDRE NEGREIROS MAIA;PROX. A LOMBADA ELETRONICA. LADO OPOSTO A FARMÁCIA UNIÃO.;VÁRZEA;;CIDADE;TOMBAMENTO;1.0;1.0;0.0;0.0;0.0;0.0;0.0;0.0;0.0;1.0;0.0;Longo da via;Bom;Não existe;Perfeito estado;Seca;Perfeito estado;Não existe;Placas Pare;40 km/h;Dupla;Faixa contínua;;;Tarde
2147;13/05/2020;08:38:00;COM VÍTIMA;FINALIZADA;ESPINHEIRO;RUA DO FUTURO;;RUA ALBERTO PAIVA;APOS O HABIBS;ESPINHEIRO;521.0;SUBURBIO;ATROPELAMENTO;1.0;0.0;0.0;0.0;1.0;0.0;0.0;0.0;0.0;1.0;0.0;Cruzamento;Bom;Sem defeito;Perfeito estado;Seca;Perfeito estado;Faixa de pedestre;Outras;;Única;Faixa seccionada;;;Manhã
2148;14/05/2020;10:37:00;SEM VÍTIMA;FINALIZADA;BOA VIAGEM;RUA MARIA CAROLINA;;RUA MINISTRO NELSON HUNGRIA;EM FRENTEL AO HOTEL BRISTOL;BOA VIAGEM;;;COLISÃO;2.0;0.0;0.0;0.0;0.0;0.0;0.0;0.0;0.0;0.0;0.0;Cruzamento;Bom;Não existe;Incompleta;Seca;Perfeito estado;Não existe;Não há placas;40 km/h;Única;Não existe;;;Manhã
2149;14/05/2020;16:28:00;SEM VÍTIMA;FINALIZADA;BOA VIAGEM;AVENIDA CELSO FURTADO (VIA MANGUE);;;PRÓXIOMO À AVENIDA ANTONIO FALCÃO;BOA VIAGEM;;SUBURBIO;COLISÃO;2.0;0.0;0.0;0.0;0.0;0.0;0.0;0.0;0.0;0.0;0.0;Viaduto;Bom;Não existe;Perfeito estado;Seca;Perfeito estado;Não existe;Não há placas;40 km/h;Única;Não existe;;;Tarde