indice;data;hora;natureza_acidente;situacao;bairro;endereco;numero;detalhe_endereco_acidente;complemento;bairro_cruzamento;num_semaforo;sentido_via;tipo;auto;moto;ciclom;ciclista;pedestre;onibus;caminhao;viatura;outros;vitimas;vitimasfatais;acidente_verificado;tempo_clima;situacao_semaforo;sinalizacao;condicao_via;conservacao_via;ponto_controle;situacao_placa;velocidade_max_via;mao_direcao;divisao_via1;divisao_via2;divisao_via3;turno
2150;15/05/2020;01:34:00;COM VÍTIMA;FINALIZADA;CASA AMARELA;RUA PAULA BATISTA;;RUA MAJOR NEREU GUERRA;PROX AO CEMITÉRIO DE CASA AMARELA;CASA AMARELA;136.0;SUBURBIO;ABALROAMENTO TRANSVERSAL;0.0;2.0;0.0;0.0;0.0;0.0;0.0;0.0;0.0;1.0;0.0;Cruzamento;Bom;Intermitente;Perfeito estado;Seca;Perfeito estado;Faixa de pedestre;Outras;;Dupla;Faixa seccionada;;;Madrugada
2151;15/05/2020;02:45:00;SEM VÍTIMA;FINALIZADA;SANTO ANTÔNIO;AV SUL;;TRV DO RAPOSO;OFICINA ABELARDO/ PRÓXIMO AO CRUZ. SENTIDO JOANA BEZERRA;SANTO ANTÔNIO;;CIDADE;CHOQUE OBJETO FIXO;1.0;0.0;0.0;0.0;0.0;0.0;0.0;0.0;0.0;0.0;0.0;Longo da via;Chuvoso;Sem defeito;Perfeito estado;Molhada;Perfeito estado;Não existe;Não há placas;60 km/h;Única;Canteiro central;;;Madrugada
2152;15/05/2020;03:14:00;COM VÍTIMA;FINALIZADA;ILHA DO LEITE;AV GOVERNADOR AGAMENON MAGALHAES;;;EM FRENTE AO HOSPITAL PORTUGUÊS;ILHA DO LEITE;;SUBURBIO;CHOQUE OBJETO FIXO;0.0;1.0;0.0;0.0;0.0;0.0;0.0;0.0;0.0;2.0;0.0;Longo da via;Chuvoso;Não existe;Perfeito estado;Molhada;Perfeito estado;;Outras;;Dupla;Faixa seccionada;Canteiro central;Canal;Madrugada
2153;15/05/2020;10:32:00;COM VÍTIMA;FINALIZADA;IMBIRIBEIRA;AV MARECHAL MASCARENHAS DE MORAES;2454;RUA JAMAICA;EM FRENTE AO N 2454;IMBIRIBEIRA;7.0;SUBURBIO;COLISÃO TRASEIRA;1.0;1.0;0.0;0.0;0.0;0.0;0.0;0.0;0.0;1.0;0.0;Longo da via;Chuvoso;Sem defeito;Perfeito estado;Molhada;Perfeito estado;Faixa de pedestre;;60 km/h;Única;Faixa;;;Manhã
2154;15/05/2020;18:24:00;COM VÍTIMA;FINALIZADA;BOA VIAGEM;RUA MARIO SOUTO MAIOR;554;RUA PROFESSOR AUGUSTO LINS E SILVA;RUA PROF AUGUSTO LINS E SILVA;BOA VIAGEM;;SUBURBIO;ABALROAMENTO TRANSVERSAL;1.0;1.0;0.0;0.0;0.0;0.0;0.0;0.0;0.0;1.0;0.0;Cruzamento;Bom;Não existe;Perfeito estado;Seca;Perfeito estado;Não existe;Placas Pare;;Dupla;Não existe;;;Noite
2155;15/05/2020;21:23:00;COM VÍTIMA;FINALIZADA;CORDEIRO;RUA CLAUDIO BROTHERHOOD;302;RUA DR MIGUEL VIEIRA FERREIRA;AO LADO DA ESCOLA NOVA GERAÇÃO 2000;CORDEIRO;;;ABALROAMENTO TRANSVERSAL;0.0;1.0;0.0;0.0;0.0;0.0;1.0;0.0;0.0;1.0;0.0;Cruzamento;Chuvoso;Não existe;Perfeito estado;Molhada;Perfeito estado;Faixa de pedestre;Placas Pare;40 km/h;Dupla;Faixa contínua;;;Noite
2156;16/05/2020;05:46:00;COM VÍTIMA;FINALIZADA;PINA;AV ANTONIO DE GOES;;;FAIXA DA ESQUERDA ANTES DA PONTE DO PINA;PINA;;CIDADE;COLISÃO TRASEIRA;1.0;1.0;0.0;0.0;0.0;0.0;0.0;0.0;0.0;1.0;0.0;Longo da via;Chuvoso;Não existe;Perfeito estado;Molhada;Perfeito estado;;R-6a;40 km/h;Única;;;;Madrugada
2157;16/05/2020;10:06:00;SEM VÍTIMA;FINALIZADA;ZUMBI;AV CAXANGA;653;;COMPAZ MIGUEL ARRAES;ZUMBI;;CIDADE;CHOQUE OBJETO FIXO;1.0;0.0;0.0;0.0;0.0;0.0;0.0;0.0;0.0;0.0;0.0;Longo da via;Chuvoso;Não existe;Perfeito estado;Molhada;Perfeito estado;Não existe;;;Dupla;Canteiro central;;;Manhã
2158;16/05/2020;15:55:00;COM VÍTIMA;FINALIZADA;ILHA DO RETIRO;AV BEIRA RIO;290;;;ILHA DO RETIRO;;SUBURBIO;CHOQUE OBJETO FIXO;0.0;1.0;0.0;0.0;1.0;0.0;0.0;0.0;0.0;1.0;0.0;Longo da via;Bom;Não existe;Perfeito estado;Seca;Perfeito estado;Não existe;Não há placas;;Dupla;Faixa contínua;;;Tarde
2159;17/05/2020;07:20:00;COM VÍTIMA;FINALIZADA;BOMBA DO HEMETÉRIO;RUA CHA DE ALEGRIA;66;;LARGO DA BOMBA;BOMBA DO HEMETÉRIO;;SUBURBIO;CHOQUE VEÍCULO PARADO;1.0;1.0;0.0;0.0;0.0;0.0;0.0;0.0;0.0;1.0;0.0;Longo da via;Chuvoso;Não existe;Incompleta;Molhada;Perfeito estado;Não existe;;;Dupla;Não existe;;;Manhã
2160;17/05/2020;16:52:00;COM VÍTIMA;FINALIZADA;TORRE;RUA REAL DA TORRE;;RUA CONDE DE IRAJA;AO LADO DO SUPERMERCADO EXTRA BOM;TORRE;106.0;;ABALROAMENTO TRANSVERSAL;0.0;1.0;0.0;0.0;0.0;1.0;0.0;0.0;0.0;1.0;0.0;Cruzamento;Bom;Sem defeito;Perfeito estado;Seca;Perfeito estado;Faixa de pedestre;R-6a;;Única;Faixa seccionada;;;Tarde
2161;18/05/2020;12:08:00;COM VÍTIMA;FINALIZADA;SÃO JOSÉ;RUA IMPERIAL;;RUA DO PEIXOTO;PRÓXIMO A IGREJA MATRIZ DE SÃO JOSÉ;SÃO JOSÉ;207.0;CIDADE;ABALROAMENTO LONGITUDINAL;1.0;1.0;0.0;0.0;0.0;0.0;0.0;0.0;0.0;1.0;0.0;Cruzamento;Bom;Sem defeito;Perfeito estado;Seca;Perfeito estado;;Outras;;Única;Não existe;;;Tarde
2162;18/05/2020;14:11:00;COM VÍTIMA;FINALIZADA;VÁRZEA;AV AFONSO OLINDENSE;232;;EM FRENTE A PADARIA CAXANGÁ;VÁRZEA;638.0;CIDADE;COLISÃO FRONTAL;0.0;1.0;0.0;0.0;0.0;1.0;0.0;0.0;0.0;1.0;0.0;Longo da via;Bom;Sem defeito;Perfeito estado;Seca;Perfeito estado;Faixa de pedestre;Outras;40 km/h;Dupla;Faixa contínua;;;Tarde
2163;19/05/2020;01:41:00;COM VÍTIMA;FINALIZADA;ARRUDA;AV PROFESSOR JOSE DOS ANJOS;40;RUA MOGI-GUASSU;PROX. POLICLINICA ANTÔNIO FRANCISCO AREAS;ARRUDA;;SUBURBIO;COLISÃO FRONTAL;1.0;1.0;0.0;0.0;0.0;0.0;0.0;0.0;0.0;1.0;0.0;;Bom;Não existe;Perfeito estado;Seca;Perfeito estado;Não existe;Não há placas;;Dupla;Faixa seccionada;;;Madrugada
2164;19/05/2020;04:49:00;COM VÍTIMA;FINALIZADA;TORRÕES;AV ENGENHEIRO ABDIAS DE CARVALHO;;;EM FRENTE AO YORK/GALETOS- SENTIDO SUBURBIO/ CIDADE;TORRÕES;;SUBURBIO;CHOQUE OBJETO FIXO;1.0;0.0;0.0;0.0;0.0;0.0;0.0;0.0;0.0;1.0;0.0;Longo da via;Bom;Sem defeito;Perfeito estado;Seca;Perfeito estado;;;60 km/h;Dupla;Canteiro central;;;Madrugada
2165;19/05/2020;07:19:00;COM VÍTIMA;FINALIZADA;SAN MARTIN;RUA DR FLAVIO FERREIRA DA SILVA MAROJO;288;;EM FRENTE AO N 288 PROXIMO A EMPREL;SAN MARTIN;;CIDADE;COLISÃO FRONTAL;0.0;2.0;0.0;0.0;0.0;0.0;0.0;0.0;0.0;1.0;0.0;Longo da via;Chuvoso;Não existe;Perfeito estado;Molhada;Perfeito estado;Não existe;Não há placas;;Única;Não existe;;;Manhã
2166;19/05/2020;21:47:00;COM VÍTIMA;FINALIZADA;JARDIM SÃO PAULO;AV SAO PAULO;392;;E/F AO RENDE MAIS SUPERMERCADO;JARDIM SÃO PAULO;;;ABALROAMENTO LONGITUDINAL;1.0;1.0;0.0;0.0;0.0;0.0;0.0;0.0;0.0;1.0;0.0;Longo da via;Bom;Não existe;Perfeito estado;Seca;Perfeito estado;Não existe;Não há placas;40 km/h;Dupla;Faixa contínua;;;Noite
2167;20/05/2020;07:16:00;SEM VÍTIMA;FINALIZADA;PINA;AVENIDA CELSO FURTADO (VIA MANGUE);;;PRÓXIMO AO SHOPPING RIO MAR;PINA;;SUBURBIO;COLISÃO;0.0;0.0;0.0;0.0;0.0;1.0;0.0;1.0;0.0;0.0;0.0;Viaduto;Chuvoso;Não existe;Perfeito estado;Molhada;Perfeito estado;Não existe;Outras;30 km/h;Única;Não existe;;;Manhã
2168;20/05/2020;07:20:00;COM VÍTIMA;FINALIZADA;;AV NORTE;;RUA DEPUTADO MARIO MONTEIRO;SOB SEMÁFORO 079. SUBÚRBIO - CIDADE.;;;;COLISÃO;0.0;1.0;0.0;0.0;0.0;0.0;1.0;0.0;0.0;1.0;0.0;;;;;;;;;;;;;;Manhã
2169;20/05/2020;09:55:00;SEM VÍTIMA;FINALIZADA;SANTO AMARO;RUA TUPINAMBAS;;;PRÓXIMO CASA DE APOIO DA CIDADE DE BETÂNIA;SANTO AMARO;;CIDADE;COLISÃO;1.0;0.0;0.0;0.0;0.0;0.0;0.0;1.0;0.0;0.0;0.0;Cruzamento;Chuvoso;Não existe;Perfeito estado;Molhada;Perfeito estado;Faixa de retenção;Placas Pare;;Dupla;;;;Manhã
2170;20/05/2020;10:16:00;COM VÍTIMA;FINALIZADA;BOA VISTA;RUA DA UNIAO;;RUA MAMEDE SIMOES;POR TRÁS DA ALEPE;BOA VISTA;;SUBURBIO;ABALROAMENTO TRANSVERSAL;1.0;1.0;0.0;0.0;0.0;0.0;0.0;0.0;0.0;1.0;0.0;Cruzamento;Chuvoso;Não existe;Incompleta;Molhada;Perfeito estado;Não existe;Outras;30 km/h;Única;Faixa seccionada;;;Manhã
2171;20/05/2020;12:56:00;COM VÍTIMA;FINALIZADA;CASA FORTE;AV DEZESSETE DE AGOSTO;2202;;MUSEU DO HOMEM DO NORDESTE;CASA FORTE;;SUBURBIO;ABALROAMENTO TRANSVERSAL;1.0;3.0;0.0;0.0;0.0;0.0;0.0;0.0;0.0;1.0;0.0;Longo da via;Nublado;Sem defeito;Perfeito estado;Seca;Perfeito estado;Faixa de pedestre;Não há placas;;Dupla;Faixa contínua;;;Tarde
2172;20/05/2020;15:46:00;COM VÍTIMA;FINALIZADA;TEJIPIÓ;AV DR JOSE RUFINO;2802;;COLÉGIO ALBERTO TORRES.TREVO DE SAÍDA DA BR 101;TEJIPIÓ;;SUBURBIO;ABALROAMENTO TRANSVERSAL;1.0;1.0;0.0;0.0;0.0;0.0;0.0;0.0;0.0;2.0;0.0;Longo da via;Bom;Não existe;Perfeito estado;Seca;Perfeito estado;Não existe;Não há placas;;Dupla;Faixa contínua;;;Tarde
2173;21/05/2020;06:08:00;COM VÍTIMA;FINALIZADA;SANTO AMARO;AV CRUZ CABUGA;;;SEMÁFORO 343;SANTO AMARO;343.0;CIDADE;COLISÃO TRASEIRA;1.0;0.0;0.0;0.0;0.0;1.0;0.0;0.0;0.0;1.0;0.0;Cruzamento;Chuvoso;Sem defeito;Perfeito estado;Molhada;Perfeito estado;Faixa de pedestre;Não há placas;;Dupla;;;;Manhã
2174;21/05/2020;13:09:00;COM VÍTIMA;FINALIZADA;CORDEIRO;RUA ANTERO MOTA;552;RUA MARIA QUITERIA;APÓS A DELEGACIA DO CORDEIRO;CORDEIRO;;SUBURBIO;ABALROAMENTO LONGITUDINAL;0.0;1.0;0.0;0.0;0.0;0.0;1.0;0.0;0.0;1.0;0.0;Longo da via;Bom;Não existe;Perfeito estado;Seca;Perfeito estado;Não existe;Não há placas;;Única;;;;Tarde
2175;21/05/2020;14:08:00;COM VÍTIMA;FINALIZADA;PINA;AV HERCULANO BANDEIRA;960;RUA NOGUEIRA DE SOUZA;EM FRENTE A JBS VEICULOS;PINA;657.0;SUBURBIO;COLISÃO TRASEIRA;0.0;2.0;0.0;0.0;0.0;0.0;0.0;0.0;0.0;1.0;0.0;Longo da via;Bom;Sem defeito;Perfeito estado;Seca;Perfeito estado;Faixa de pedestre;R-4b;;Única;Faixa seccionada;;;Tarde
2176;22/05/2020;13:06:00;SEM VÍTIMA;FINALIZADA;CASA AMARELA;AV NORTE;;RUA BELA VISTA;DO LADO OPOSTO AO REI DA PICANHA;CASA AMARELA;677.0;SUBURBIO;COLISÃO;2.0;0.0;0.0;0.0;0.0;0.0;0.0;0.0;0.0;0.0;0.0;Cruzamento;Bom;Sem defeito;Perfeito estado;Seca;Perfeito estado;Faixa de pedestre;Outras;;Única;Não existe;;;Tarde
2177;22/05/2020;20:56:00;COM VÍTIMA;FINALIZADA;BOA VIAGEM;RUA BARAO DE SOUZA LEAO;;AV VINTE DE JANEIRO;;BOA VIAGEM;644.0;CIDADE;COLISÃO FRONTAL;1.0;1.0;0.0;0.0;0.0;0.0;0.0;0.0;0.0;1.0;0.0;Cruzamento;Chuvoso;Sem defeito;Perfeito estado;Molhada;Perfeito estado;Faixa de pedestre;Não há placas;;Única;Faixa seccionada;;;Noite
2178;23/05/2020;18:35:00;COM VÍTIMA;FINALIZADA;IMBIRIBEIRA;AV MARECHAL MASCARENHAS DE MORAES;1291;RUA PAMPULHA;EM FRENTE A EUROVIA;IMBIRIBEIRA;534.0;CIDADE;COLISÃO;0.0;2.0;0.0;0.0;0.0;0.0;0.0;0.0;0.0;1.0;0.0;Cruzamento;Chuvoso;Sem defeito;Perfeito estado;Molhada;Perfeito estado;Faixa de pedestre;Não há placas;60 km/h;Dupla;Canteiro central;;;Noite
2179;24/05/2020;22:02:00;COM VÍTIMA;FINALIZADA;BOA VIAGEM;RUA CAPITAO ZUZINHA;;RUA DONA UZINHA NUNES;VITÓRIA PRAIA HOTEL;BOA VIAGEM;;CIDADE;ABALROAMENTO TRANSVERSAL;1.0;1.0;0.0;0.0;0.0;0.0;0.0;0.0;0.0;1.0;0.0;Cruzamento;Bom;Não existe;Incompleta;Seca;;Faixa de pedestre;Não há placas;;;;;;Noite
2180;25/05/2020;10:28:00;COM VÍTIMA;FINALIZADA;JARDIM SÃO PAULO;RUA LEANDRO BARRETO;;RUA LORENA;DESCIDA DO VIADUTO ENTRE JARDIM SÃO PAULO E LA ROCK. LOJA PORFRIO.;JARDIM SÃO PAULO;;SUBURBIO;ABALROAMENTO TRANSVERSAL;1.0;1.0;0.0;0.0;0.0;0.0;0.0;0.0;0.0;1.0;0.0;Cruzamento;Bom;Não existe;Incompleta;Seca;Mal conservada;Não existe;Não há placas;;Dupla;Não existe;;;Manhã
2181;25/05/2020;16:05:00;COM VÍTIMA;FINALIZADA;PRADO;RUA GOMES TABORDA;918;;PROX. A PADARIA PLANETA PÃO. ECONOMAIS DROGARIA.;PRADO;;CORDEIRO;ABALROAMENTO TRANSVERSAL;0.0;2.0;0.0;0.0;0.0;0.0;0.0;0.0;0.0;2.0;0.0;Longo da via;Bom;Não existe;Perfeito estado;Seca;Perfeito estado;Não existe;Outras;;Dupla;Faixa seccionada;;;Tarde
2182;26/05/2020;05:02:00;COM VÍTIMA;FINALIZADA;ARRUDA;AV PROFESSOR JOSE DOS ANJOS;;EST VELHA DE AGUA FRIA;COM A ESTRADA VELHA DE AGUA FRIA;ARRUDA;306.0;SUBURBIO;ABALROAMENTO TRANSVERSAL;2.0;0.0;0.0;0.0;0.0;0.0;0.0;0.0;0.0;1.0;0.0;Cruzamento;Bom;Sem defeito;Perfeito estado;Seca;Perfeito estado;Faixa de pedestre;;;Única;Canteiro central;;;Madrugada
2183;26/05/2020;10:59:00;COM VÍTIMA;FINALIZADA;SANTO AMARO;AV GOVERNADOR AGAMENON MAGALHAES;;AV DR JAYME DA FONTE;CRUZAMENTO COM RUA JAIME DA FONTE;SANTO AMARO;49.0;OLINDA;ABALROAMENTO TRANSVERSAL;1.0;1.0;0.0;0.0;0.0;0.0;0.0;0.0;0.0;1.0;0.0;Cruzamento;Bom;Sem defeito;Perfeito estado;Seca;Perfeito estado;Faixa de pedestre;Não há placas;;Única;Faixa seccionada;;;Manhã
2184;26/05/2020;11:30:00;COM VÍTIMA;FINALIZADA;PRADO;RUA GOMES TABORDA;;RUA DES ADOLFO CIRIACO;PROX. AO ANTIGO BAILE PERFUMADO;PRADO;;SUBURBIO;ABALROAMENTO TRANSVERSAL;1.0;1.0;0.0;0.0;0.0;0.0;0.0;0.0;0.0;1.0;0.0;Cruzamento;Bom;Não existe;;Seca;Perfeito estado;Não existe;Não há placas;;Dupla;Faixa seccionada;;;Manhã
2185;26/05/2020;13:43:00;COM VÍTIMA;FINALIZADA;JARDIM SÃO PAULO;RUA LEANDRO BARRETO;;RUA LORENA;CRUZAMENTO COM O VIADUTO SENTIDO LA ROQUE;JARDIM SÃO PAULO;;SUBURBIO;ABALROAMENTO TRANSVERSAL;1.0;1.0;0.0;0.0;0.0;0.0;0.0;0.0;0.0;1.0;0.0;Cruzamento;Bom;Não existe;Não existente;Seca;Perfeito estado;Não existe;Não há placas;;Dupla;Faixa contínua;;;Tarde
2186;26/05/2020;19:04:00;COM VÍTIMA;FINALIZADA;ENCRUZILHADA;RUA MARECHAL DEODORO;;RUA CASTRO ALVES;PRÓXIMO AO RESTAURANTE PRAÇA DA PICANHA;ENCRUZILHADA;;SUBURBIO;COLISÃO FRONTAL;0.0;2.0;0.0;0.0;0.0;0.0;0.0;0.0;0.0;2.0;0.0;Cruzamento;Bom;Sem defeito;Perfeito estado;Seca;Perfeito estado;Faixa de pedestre;R-6a;;Única;Outros;;;Noite
2187;27/05/2020;09:24:00;SEM VÍTIMA;FINALIZADA;TORRÕES;AV ENGENHEIRO ABDIAS DE CARVALHO;;;LADO OPOSTO A UPA DOS TORRÕES;TORRÕES;;;COLISÃO;1.0;0.0;0.0;0.0;0.0;1.0;0.0;0.0;0.0;0.0;0.0;Longo da via;Bom;Não existe;Perfeito estado;Seca;Perfeito estado;Não existe;Não há placas;n/i;Dupla;Canteiro central;;;Manhã
2188;28/05/2020;07:39:00;COM VÍTIMA;FINALIZADA;BOA VISTA;AV MANOEL BORBA;738;;PRÓXIMO AO HOSPITAL HAPVIDA.;BOA VISTA;;SUBURBIO;COLISÃO COM CICLISTA;0.0;1.0;0.0;1.0;0.0;0.0;0.0;0.0;0.0;2.0;0.0;Longo da via;Bom;Não existe;Perfeito estado;Seca;Perfeito estado;Faixa de pedestre;R-6a;40 km/h;Única;Faixa seccionada;;;Manhã
2189;28/05/2020;09:16:00;COM VÍTIMA;FINALIZADA;MADALENA;RUA BENFICA;;RUA JOAO IVO DA SILVA;SEMAFORO Nº257;MADALENA;257.0;CIDADE;COLISÃO TRASEIRA;1.0;1.0;0.0;0.0;0.0;0.0;0.0;0.0;0.0;1.0;0.0;Longo da via;Bom;Sem defeito;Perfeito estado;Seca;Perfeito estado;Faixa de pedestre;Outras;;;Faixa contínua;;;Manhã
2190;28/05/2020;18:27:00;COM VÍTIMA;FINALIZADA;IPSEP;AV RECIFE;2776;;FRENTE A PIZZARIA ATLANTICO;IPSEP;;SUBURBIO;ABALROAMENTO LONGITUDINAL;0.0;1.0;0.0;0.0;0.0;1.0;0.0;0.0;0.0;1.0;0.0;Longo da via;Bom;Sem defeito;Perfeito estado;Seca;Perfeito estado;Não existe;R-6a;;Dupla;Canteiro central;;;Noite
2191;28/05/2020;20:02:00;SEM VÍTIMA;FINALIZADA;ROSARINHO;AV SANTOS DUMONT;1508;;;ROSARINHO;;SUBURBIO;CHOQUE;1.0;0.0;0.0;0.0;0.0;0.0;0.0;0.0;0.0;0.0;0.0;;;;;;;;;;;;;;Noite
2192;28/05/2020;21:34:00;SEM VÍTIMA;FINALIZADA;ESTÂNCIA;AV DR JOSE RUFINO;2139;;PRÓXIMO A ANTIGA FÁBRICA HOLÂNDA E DEFRONTE AO POSTO IPIRANGA;ESTÂNCIA;;CIDADE;COLISÃO;2.0;0.0;0.0;0.0;0.0;0.0;0.0;0.0;0.0;0.0;0.0;Longo da via;Bom;Não existe;Perfeito estado;Seca;Perfeito estado;Não existe;Não há placas;40km;Dupla;Faixa contínua;;;Noite
2193;29/05/2020;00:56:00;COM VÍTIMA;FINALIZADA;PINA;AV HERCULANO BANDEIRA;;RUA ARQUITETO AUGUSTO REINALDO;NA DESCIDA DA PONTE EM FRENTE O ATACADO DA CONSTRUÇÃO.;PINA;660.0;SUBURBIO;ABALROAMENTO LONGITUDINAL;2.0;0.0;0.0;0.0;0.0;0.0;0.0;0.0;0.0;1.0;0.0;Cruzamento;Chuvoso;Intermitente;Perfeito estado;Molhada;Perfeito estado;;;;Única;Faixa seccionada;;;Madrugada
2194;29/05/2020;07:14:00;COM VÍTIMA;FINALIZADA;ENCRUZILHADA;AV NORTE;;AV JOAO DE BARROS;;ENCRUZILHADA;43.0;SUBURBIO;ABALROAMENTO TRANSVERSAL;1.0;0.0;0.0;0.0;0.0;1.0;0.0;0.0;0.0;1.0;0.0;Cruzamento;Chuvoso;Sem defeito;Perfeito estado;Molhada;Perfeito estado;;;;Dupla;;;;Manhã
2195;30/05/2020;07:20:00;COM VÍTIMA;FINALIZADA;CABANGA;VIADUTO CAPITAO TEMUDO;;;PRÓXIMO AO CABANGA IATE CLUBE;CABANGA;;CIDADE;CHOQUE OBJETO FIXO;0.0;1.0;0.0;0.0;0.0;0.0;0.0;0.0;0.0;1.0;0.0;Longo da via;Chuvoso;Não existe;Perfeito estado;Molhada;Perfeito estado;Não existe;Não há placas;60 km/h;Dupla;Faixa contínua;;;Manhã
2196;30/05/2020;09:23:00;COM VÍTIMA;FINALIZADA;IPSEP;RUA JEAN EMILE FAVRE;7800;RUA RIO BEBERIBE;EM FRENTE À FEIJOADA DO VAVÁ E BANCA O CAMINHO DA SORTE.;IPSEP;564.0;CIDADE;ABALROAMENTO TRANSVERSAL;1.0;1.0;0.0;0.0;0.0;0.0;0.0;0.0;0.0;1.0;0.0;Longo da via;Bom;Sem defeito;Perfeito estado;Seca;Perfeito estado;Não existe;Placas Pare;;Dupla;Faixa seccionada;;;Manhã
2197;30/05/2020;09:30:00;SEM VÍTIMA;FINALIZADA;LINHA DO TIRO;RUA ANTONIO CARLOS DE ANDRADE;;;POR TRÁS DA UPINHA DA LINA DO TIRO;LINHA DO TIRO;;SUBURBIO;CHOQUE;0.0;0.0;0.0;0.0;0.0;0.0;0.0;0.0;0.0;0.0;0.0;Longo da via;Bom;Não existe;Ilegível;Molhada;Mal conservada;Não existe;Não há placas;n/i;Única;Não existe;;;Manhã
2198;30/05/2020;13:20:00;COM VÍTIMA;FINALIZADA;CAÇOTE;AV CAPITAO GREGORIO DE CALDAS;;RUA CAPITAO DOMINGOS DA COSTA;PÓXIMO À FARMÁCIA PARA TODOS / BIG BOMPREÇO;CAÇOTE;;CIDADE;ABALROAMENTO TRANSVERSAL;1.0;1.0;0.0;0.0;0.0;0.0;0.0;0.0;0.0;1.0;0.0;Longo da via;Bom;Não existe;;Seca;Perfeito estado;Não existe;Placas Pare;;Dupla;Não existe;;;Tarde
2199;30/05/2020;16:37:00;COM VÍTIMA;FINALIZADA;DERBY;RUA JENER DE SOUZA;;;PRÓXIMO AO COLEGIO DA POLÍCIA MILITAR. AO LADO DA FUNAPE.;DERBY;;CIDADE;ABALROAMENTO TRANSVERSAL;0.0;1.0;0.0;0.0;0.0;1.0;0.0;0.0;0.0;1.0;0.0;Longo da via;Bom;Não existe;Perfeito estado;Seca;Perfeito estado;Não existe;Não há placas;;Única;Canteiro central;;;Tarde
2200;30/05/2020;19:47:00;COM VÍTIMA;FINALIZADA;BEBERIBE;;;;EM FRENTE AO ANTIGO MATADORO - UNIDADE DE VIGILÂNCIA AMBIENTAL E CONTROLE DE ZOONOSES;BEBERIBE;;SUBURBIO;COLISÃO;1.0;1.0;0.0;0.0;0.0;0.0;0.0;0.0;0.0;1.0;0.0;Longo da via;Bom;Não existe;Incompleta;Seca;Mal iluminada;Não existe;Não há placas;n/i;Dupla;Não existe;;;Noite
2201;30/05/2020;20:58:00;COM VÍTIMA;FINALIZADA;BOA VIAGEM;RUA DOS NAVEGANTES;;;LOGOS APÓS A PADRE BERNADINO PESSOA;BOA VIAGEM;;SUBURBIO;COLISÃO;1.0;1.0;0.0;0.0;0.0;0.0;0.0;0.0;0.0;1.0;0.0;Longo da via;Chuvoso;Não existe;Perfeito estado;Molhada;Perfeito estado;Não existe;Não há placas;n/i;Única;Não existe;;;Noite
2202;31/05/2020;01:16:00;SEM VÍTIMA;FINALIZADA;BAIRRO DO RECIFE;AV RIO BRANCO;;;EM FRENTE AO MARCO ZERO;BAIRRO DO RECIFE;;SUBURBIO;CHOQUE;1.0;0.0;0.0;0.0;0.0;0.0;0.0;0.0;0.0;0.0;0.0;Esquina;Chuvoso;Não existe;Perfeito estado;Molhada;Perfeito estado;Faixa de pedestre;Não há placas;n/i;Única;Não existe;;;Madrugada
2203;31/05/2020;14:18:00;COM VÍTIMA;FINALIZADA;CORDEIRO;AV GENERAL SAN MARTIN;1083;;EM FRENTE AO CORREIOS DE SAN MARTIN;CORDEIRO;403.0;SUBURBIO;COLISÃO;1.0;1.0;0.0;0.0;0.0;0.0;0.0;0.0;0.0;1.0;0.0;Longo da via;Bom;Sem defeito;Perfeito estado;Seca;Perfeito estado;;R-6a;;Dupla;Faixa contínua;;;Tarde
2204;27/05/2020;08:53:00;SEM VÍTIMA;FINALIZADA;TORRÕES;AV ENGENHEIRO ABDIAS DE CARVALHO;350;;PROXIMO AO POSTO BR/PETROCAL;TORRÕES;;CIDADE;ABALROAMENTO LONGITUDINAL;2.0;0.0;0.0;0.0;0.0;0.0;0.0;0.0;0.0;0.0;0.0;Longo da via;Bom;Não existe;Perfeito estado;Seca;Perfeito estado;Não existe;Outras;60 km/h;Dupla;Canteiro central;;;Manhã
2205;28/05/2020;09:01:00;SEM VÍTIMA;FINALIZADA;PINA;AV ANTONIO DE GOES;;;SAÍDA DO TÚNEL JOSÉ DE CASTRO C/ ANTONIO DE GOES;PINA;103.0;C;ABALROAMENTO LONGITUDINAL;2.0;0.0;0.0;0.0;0.0;0.0;0.0;0.0;0.0;0.0;0.0;Cruzamento;Bom;Sem defeito;Perfeito estado;Seca;Perfeito estado;Faixa de pedestre;Não há placas;;Única;Faixa seccionada;;;Manhã
2206;01/06/2020;11:26:00;VÍTIMA FATAL;FINALIZADA;SÃO JOSÉ;AV DANTAS BARRETO;1261;RUA DO PEIXOTO;CRUZAMENTO C/A RUA DO PEIXOTO.;SÃO JOSÉ;181.0;;CHOQUE VEÍCULO PARADO;1.0;0.0;0.0;0.0;0.0;0.0;1.0;0.0;0.0;0.0;1.0;Cruzamento;Bom;Sem defeito;Perfeito estado;Seca;Perfeito estado;Faixa de pedestre;R-6a;;Única;Não existe;;;Manhã
2207;01/06/2020;09:33:00;COM VÍTIMA;FINALIZADA;CABANGA;AV SUL;;;EM FRENTE AO POSTO BR DESATIVADO;CABANGA;;CIDADE;COLISÃO COM CICLISTA;0.0;1.0;0.0;1.0;0.0;0.0;0.0;0.0;0.0;1.0;0.0;Longo da via;Bom;Não existe;Perfeito estado;Seca;Perfeito estado;;Não há placas;;Dupla;Canteiro central;;;Manhã
2208;01/06/2020;11:24:00;COM VÍTIMA;FINALIZADA;CAMPO GRANDE;AV GOVERNADOR AGAMENON MAGALHAES;;RUA ODORICO MENDES;;CAMPO GRANDE;;SUBURBIO;ABALROAMENTO TRANSVERSAL;2.0;0.0;0.0;1.0;0.0;0.0;0.0;0.0;0.0;1.0;0.0;Cruzamento;Bom;Não existe;Incompleta;Seca;Perfeito estado;Faixa de pedestre;Outras;;Única;Não existe;;;Manhã