indice;data;hora;natureza_acidente;situacao;bairro;endereco;numero;detalhe_endereco_acidente;complemento;bairro_cruzamento;num_semaforo;sentido_via;tipo;auto;moto;ciclom;ciclista;pedestre;onibus;caminhao;viatura;outros;vitimas;vitimasfatais;acidente_verificado;tempo_clima;situacao_semaforo;sinalizacao;condicao_via;conservacao_via;ponto_controle;situacao_placa;velocidade_max_via;mao_direcao;divisao_via1;divisao_via2;divisao_via3;turno
2209;01/06/2020;13:41:00;SEM VÍTIMA;FINALIZADA;MADALENA;RUA ARLINDO GOUVEIA;;RUA ANTONIO CAMILO DIAS;APROXIMADAMENTE A 100 METROS DO CLUBE INTERNACIONAL;MADALENA;;CIDADE;COLISÃO;1.0;0.0;0.0;0.0;0.0;0.0;0.0;1.0;0.0;0.0;0.0;Longo da via;Bom;Não existe;Perfeito estado;Seca;Perfeito estado;Não existe;Não há placas;;Única;Não existe;;;Tarde
2210;01/06/2020;15:22:00;COM VÍTIMA;FINALIZADA;PARNAMIRIM;RUA JOAO TUDE DE MELO;203;RUA VIRGINIA LORETO;PRÓX. GUAIAMUM GIGANTE;PARNAMIRIM;649.0;SUBURBIO;COLISÃO TRASEIRA;2.0;0.0;0.0;0.0;0.0;0.0;0.0;0.0;0.0;1.0;0.0;Longo da via;Bom;Sem defeito;Perfeito estado;Seca;Perfeito estado;Faixa de pedestre;R-4b;;Única;Faixa contínua;;;Tarde
2211;01/06/2020;15:55:00;COM VÍTIMA;FINALIZADA;SANTO AMARO;AV CRUZ CABUGA;;AV MARIO MELO;;SANTO AMARO;171.0;;ABALROAMENTO LONGITUDINAL;0.0;2.0;0.0;0.0;0.0;0.0;0.0;0.0;0.0;3.0;0.0;Cruzamento;Bom;Sem defeito;Perfeito estado;Seca;Perfeito estado;Faixa de retenção;;;Dupla;Canteiro central;;;Tarde
2212;01/06/2020;19:46:00;COM VÍTIMA;FINALIZADA;BOA VIAGEM;RUA BARAO DE SOUZA LEAO;1341;RUA WALDEMAR NERY CARNEIRO MONTEIRO;PRÓXIMO SUPERMERCADO TREVO;BOA VIAGEM;;CIDADE;ABALROAMENTO TRANSVERSAL;1.0;1.0;0.0;0.0;0.0;0.0;0.0;0.0;0.0;1.0;0.0;Esquina;Bom;Não existe;Perfeito estado;Seca;Perfeito estado;Não existe;Não há placas;;Única;Não existe;;;Noite
2213;02/06/2020;07:55:00;COM VÍTIMA;FINALIZADA;BONGI;RUA DONA MARIA AUGUSTA NOGUEIRA;;;AO LADO DA CELPE E EM FRENTE A SECRETARIA DE SAÚDE;BONGI;;;COLISÃO TRASEIRA;1.0;1.0;0.0;0.0;0.0;0.0;0.0;0.0;0.0;1.0;0.0;Longo da via;Bom;Não existe;Não existente;Seca;Perfeito estado;Não existe;Não há placas;;Dupla;Não existe;;;Manhã
2214;02/06/2020;08:22:00;COM VÍTIMA;FINALIZADA;AFOGADOS;RUA COSME VIANA;;RUA CORONEL ALFREDO DUARTE;NO CRUZAMENTO DO POSTO SETTA;AFOGADOS;430.0;SUBURBIO;ABALROAMENTO TRANSVERSAL;1.0;1.0;0.0;0.0;0.0;0.0;0.0;0.0;0.0;1.0;0.0;Cruzamento;Bom;Com defeito;Perfeito estado;Seca;Perfeito estado;Outros;Outras;60 km/h;Única;Faixa contínua;;;Manhã
2215;02/06/2020;12:21:00;VÍTIMA FATAL;FINALIZADA;IPSEP;AV RECIFE;3532;RUA CORONEL MURTA;POSTO PETROBRAS;IPSEP;;CIDADE;ATROPELAMENTO;1.0;0.0;0.0;0.0;1.0;0.0;0.0;0.0;0.0;0.0;1.0;Cruzamento;Bom;Não existe;Incompleta;Seca;Perfeito estado;Não existe;Não há placas;;Dupla;Canteiro central;;;Tarde
2216;02/06/2020;14:08:00;COM VÍTIMA;FINALIZADA;BOA VIAGEM;RUA FELIX DE BRITO E MELO;854;;BIG BOMPREÇO;BOA VIAGEM;;SUBURBIO;COLISÃO TRASEIRA;1.0;1.0;0.0;0.0;0.0;0.0;0.0;0.0;0.0;1.0;0.0;Longo da via;Bom;Não existe;Perfeito estado;Seca;Perfeito estado;Não existe;Não há placas;;Única;Faixa seccionada;;;Tarde
2217;02/06/2020;15:25:00;SEM VÍTIMA;FINALIZADA;TAMARINEIRA;AV NORTE;3751;RUA CONEGO BARATA;;TAMARINEIRA;62.0;SUBURBIO;COLISÃO;2.0;0.0;0.0;0.0;0.0;0.0;0.0;0.0;0.0;0.0;0.0;Cruzamento;Bom;Sem defeito;Perfeito estado;Seca;Perfeito estado;Agente;Outras;;Dupla;Faixa contínua;Faixa seccionada;;Tarde
2218;02/06/2020;18:31:00;COM VÍTIMA;FINALIZADA;BOA VIAGEM;AVENIDA CELSO FURTADO (VIA MANGUE);;;PROXIMO A BIFURCAÇÃO SENTIDO BOA VIAGEM. PRÓXIMO AO HIPER.;BOA VIAGEM;;SUBURBIO;ABALROAMENTO LONGITUDINAL;1.0;1.0;0.0;0.0;0.0;0.0;0.0;0.0;0.0;1.0;0.0;Longo da via;Bom;Não existe;Perfeito estado;Seca;Perfeito estado;Não existe;Não há placas;60 km/h;Dupla;Faixa seccionada;;;Noite
2219;03/06/2020;06:15:00;COM VÍTIMA;FINALIZADA;SANTO AMARO;AV GOVERNADOR AGAMENON MAGALHAES;;;PROXIMO DO VIATUDO ENGº ROBERTO PEREIRA DE CARVALHO(VIATUADO DO TACARUNA) SENTIDO OLINDA;SANTO AMARO;;SUBURBIO;COLISÃO TRASEIRA;1.0;1.0;0.0;0.0;0.0;0.0;0.0;0.0;0.0;1.0;0.0;Viaduto;Bom;Não existe;Perfeito estado;Seca;Perfeito estado;Não existe;Não há placas;;Única;Faixa seccionada;;;Manhã
2220;03/06/2020;08:07:00;COM VÍTIMA;FINALIZADA;BOA VIAGEM;AV CONSELHEIRO AGUIAR;;RUA RIBEIRO DE BRITO;POSTO PETROBRAS;BOA VIAGEM;147.0;CIDADE;COLISÃO COM CICLISTA;1.0;0.0;0.0;1.0;0.0;0.0;0.0;0.0;0.0;1.0;0.0;Cruzamento;Bom;Sem defeito;Perfeito estado;Seca;Perfeito estado;Agente;Outras;;Única;Faixa contínua;Faixa seccionada;;Manhã
2221;03/06/2020;11:24:00;COM VÍTIMA;FINALIZADA;IMBIRIBEIRA;RUA ITAJAI;162;RUA ITACARI;PROX. A EMPRESA i9;IMBIRIBEIRA;;;ABALROAMENTO TRANSVERSAL;1.0;1.0;0.0;0.0;0.0;0.0;0.0;0.0;0.0;1.0;0.0;Cruzamento;Bom;Não existe;Perfeito estado;Seca;Perfeito estado;Faixa de pedestre;Placas Pare;;;;;;Manhã
2222;03/06/2020;12:46:00;COM VÍTIMA;FINALIZADA;JIQUIÁ;RUA SAO MIGUEL;1805;RUA BELEM DE MARIA;DEDÉ DAS BATERIAS;JIQUIÁ;425.0;SUBURBIO;ABALROAMENTO TRANSVERSAL;1.0;1.0;0.0;0.0;0.0;0.0;0.0;0.0;0.0;1.0;0.0;Esquina;Bom;Sem defeito;Perfeito estado;Seca;Perfeito estado;Faixa de pedestre;Não há placas;;Dupla;Faixa contínua;;;Tarde
2223;03/06/2020;14:52:00;SEM VÍTIMA;FINALIZADA;ILHA DO LEITE;AV FREI MATIAS TEVES;224;RUA SENADOR JOSE HENRIQUE;EM FRENTE AO POSTE N H027317;ILHA DO LEITE;;SUBURBIO;COLISÃO;2.0;0.0;0.0;0.0;0.0;0.0;0.0;0.0;0.0;0.0;0.0;Cruzamento;Bom;Não existe;Perfeito estado;Seca;Perfeito estado;Faixa de pedestre;Outras;30 km/h;Única;Faixa seccionada;;;Tarde
2224;03/06/2020;15:06:00;COM VÍTIMA;FINALIZADA;ENCRUZILHADA;EST DE BELEM;;RUA DONA ELVIRA;EM FRENTE A FRUTARIA;ENCRUZILHADA;201.0;SUBURBIO;ABALROAMENTO TRANSVERSAL;1.0;1.0;0.0;0.0;0.0;0.0;0.0;0.0;0.0;1.0;0.0;Longo da via;Bom;Sem defeito;Perfeito estado;Seca;Perfeito estado;Faixa de pedestre;Outras;;Dupla;;;;Tarde
2225;04/06/2020;07:05:00;COM VÍTIMA;FINALIZADA;ROSARINHO;AV NORTE;3110;AV SANTOS DUMONT;EM FRENTE A PADARIA ROSARINHO;ROSARINHO;81.0;SUBURBIO;ABALROAMENTO LONGITUDINAL;1.0;1.0;0.0;0.0;0.0;0.0;0.0;0.0;0.0;1.0;0.0;Cruzamento;Bom;Sem defeito;Perfeito estado;Seca;Perfeito estado;Faixa de pedestre;Outras;;Dupla;Canteiro central;;;Manhã
2226;04/06/2020;08:21:00;SEM VÍTIMA;FINALIZADA;TORRÕES;AV ENGENHEIRO ABDIAS DE CARVALHO;;;APÓS A UPA E ANTES DO VIADUTO;TORRÕES;;SUBURBIO;COLISÃO;2.0;0.0;0.0;0.0;0.0;0.0;0.0;1.0;0.0;0.0;0.0;Longo da via;Bom;Não existe;Perfeito estado;Seca;Perfeito estado;Não existe;Não há placas;60km;Dupla;Canteiro central;;;Manhã
2227;04/06/2020;16:37:00;COM VÍTIMA;FINALIZADA;SANTO AMARO;AV GOVERNADOR AGAMENON MAGALHAES;;;EM FRENTE DA CENTRAL DE FLAGRANTE;SANTO AMARO;;BOA VIAGEM;COLISÃO TRASEIRA;1.0;1.0;0.0;0.0;0.0;0.0;0.0;0.0;0.0;1.0;0.0;Longo da via;Bom;Não existe;Perfeito estado;Seca;Perfeito estado;Não existe;Não há placas;60 km/h;Dupla;Canal;;;Tarde
2228;05/06/2020;09:44:00;SEM VÍTIMA;FINALIZADA;CORDEIRO;AV CAXANGA;1777;;CENTRO CAR PEÇAS E PNEUS;CORDEIRO;;CIDADE;ABALROAMENTO LONGITUDINAL;2.0;0.0;0.0;0.0;0.0;0.0;0.0;0.0;0.0;0.0;0.0;Longo da via;Bom;Não existe;Perfeito estado;Seca;Perfeito estado;Não existe;Não há placas;;Dupla;Canteiro central;;;Manhã
2229;05/06/2020;09:49:00;SEM VÍTIMA;FINALIZADA;ESPINHEIRO;RUA CONS PORTELA;;RUA QUARENTA E OITO;FARMACIA PAGUE MENOS;ESPINHEIRO;11.0;CIDADE;ABALROAMENTO LONGITUDINAL;1.0;1.0;0.0;0.0;0.0;0.0;0.0;0.0;0.0;0.0;0.0;Cruzamento;Bom;Sem defeito;Perfeito estado;Seca;Perfeito estado;Agente;Outras;;Única;Outros;;;Manhã
2230;05/06/2020;12:46:00;COM VÍTIMA;FINALIZADA;TORRE;AV BEIRA RIO;195;;PROXIMO A PONTE DA TORRE;TORRE;;SUBURBIO;ABALROAMENTO LONGITUDINAL;1.0;1.0;0.0;0.0;0.0;0.0;0.0;0.0;0.0;1.0;0.0;Longo da via;Bom;Não existe;Perfeito estado;Seca;Perfeito estado;Não existe;Não há placas;;Dupla;Faixa seccionada;;;Tarde
2231;05/06/2020;14:38:00;COM VÍTIMA;FINALIZADA;VASCO DA GAMA;AV VEREADOR OTACILIO AZEVEDO;992;RUA DIADEMA;EM FRENTE A CLÍNICA ODONTOLOGICA DR. LUIS CARLOS PESSOA;VASCO DA GAMA;;SUBURBIO;COLISÃO TRASEIRA;1.0;1.0;0.0;0.0;0.0;0.0;0.0;0.0;0.0;1.0;0.0;Esquina;Bom;Não existe;Não existente;Seca;Perfeito estado;Não existe;Outras;;Dupla;Faixa seccionada;;;Tarde
2232;05/06/2020;22:24:00;COM VÍTIMA;FINALIZADA;AFOGADOS;RUA SAO MIGUEL;1324;;PARAÍSO DOS PETS;AFOGADOS;;SUBURBIO;ABALROAMENTO TRANSVERSAL;1.0;1.0;0.0;0.0;0.0;0.0;0.0;0.0;0.0;1.0;0.0;Longo da via;Chuvoso;Não existe;Perfeito estado;Molhada;Perfeito estado;Não existe;Não há placas;;Dupla;Faixa seccionada;;;Noite
2233;06/06/2020;00:02:00;COM VÍTIMA;FINALIZADA;APIPUCOS;RUA DE APIPUCOS;866;RUA MANDACARU;APÓS O AÇUDE DE APIPUCOS;APIPUCOS;500.0;SUBURBIO;COLISÃO TRASEIRA;1.0;1.0;0.0;0.0;0.0;0.0;0.0;0.0;0.0;1.0;0.0;Esquina;Chuvoso;Sem defeito;Perfeito estado;Molhada;Perfeito estado;Faixa de pedestre;Não há placas;;Dupla;Faixa contínua;;;Madrugada
2234;06/06/2020;04:33:00;COM VÍTIMA;FINALIZADA;SÃO JOSÉ;AV SUL;;;CAIS DE SANTA RITA EM FRENTE AS TORRES GEMEAS. DEFRONTE AO 16º BPM.;SÃO JOSÉ;;CIDADE;ATROPELAMENTO;1.0;0.0;0.0;0.0;1.0;0.0;0.0;0.0;0.0;1.0;0.0;Longo da via;Bom;Não existe;Perfeito estado;Seca;Perfeito estado;Não existe;Não há placas;60 km/h;Dupla;Canteiro central;;;Madrugada
2235;06/06/2020;13:42:00;COM VÍTIMA;FINALIZADA;BOA VIAGEM;RUA VISCONDE DE JEQUITINHONHA;1503;;EM FRENTE AO POSTO BR DA VISCONDE DE JEQUITINHONHA. EDF PAINEIRAS.;BOA VIAGEM;;SUBURBIO;ABALROAMENTO LONGITUDINAL;1.0;1.0;0.0;0.0;0.0;0.0;0.0;0.0;0.0;2.0;0.0;Longo da via;Bom;Não existe;Perfeito estado;Seca;Perfeito estado;Não existe;Não há placas;60 km/h;Única;Canteiro central;;;Tarde
2236;06/06/2020;18:30:00;SEM VÍTIMA;FINALIZADA;BOA VIAGEM;RUA FELIX DE BRITO E MELO;;RUA FRANCISCO DA CUNHA;;BOA VIAGEM;551.0;SUBURBIO;COLISÃO TRASEIRA;1.0;1.0;0.0;0.0;0.0;0.0;0.0;0.0;0.0;0.0;0.0;Cruzamento;Chuvoso;Sem defeito;Perfeito estado;Seca;Perfeito estado;Faixa de pedestre;Outras;40 km/h;Única;;;;Noite
2237;07/06/2020;06:31:00;COM VÍTIMA;FINALIZADA;VASCO DA GAMA;RUA ALTO DO EUCALIPTO;128;;INDO PELA RUA VASCO DA GAMA RUA QUE FICA EM FRENTE A SUPERMERCADO RENDE MAIS;VASCO DA GAMA;;CIDADE;ABALROAMENTO LONGITUDINAL;1.0;1.0;0.0;0.0;0.0;0.0;0.0;0.0;0.0;1.0;0.0;Longo da via;Chuvoso;Não existe;Não existente;Molhada;Perfeito estado;Não existe;Não há placas;;Dupla;Não existe;;;Manhã
2238;07/06/2020;07:05:00;SEM VÍTIMA;FINALIZADA;IMBIRIBEIRA;AV MARECHAL MASCARENHAS DE MORAES;;RUA BARAO DE SOUZA LEAO;PRÓXIMO AO VIADUTO;IMBIRIBEIRA;;CIDADE;CHOQUE;0.0;0.0;0.0;0.0;0.0;0.0;0.0;0.0;0.0;0.0;0.0;Outros;Chuvoso;Não existe;Perfeito estado;Molhada;Perfeito estado;Não existe;Não há placas;N/I;Dupla;Canteiro central;;;Manhã
2239;07/06/2020;14:48:00;SEM VÍTIMA;FINALIZADA;TAMARINEIRA;RUA PADRE ROMA;;;EM FRENTE AO HOSPITAL CORREIA PICANÇO;TAMARINEIRA;;;COLISÃO;2.0;0.0;0.0;0.0;0.0;0.0;0.0;0.0;0.0;0.0;0.0;Longo da via;Nublado;Não existe;Perfeito estado;Seca;Perfeito estado;Não existe;R-6a;N/I;Dupla;Faixa seccionada;Canteiro central;;Tarde
2240;08/06/2020;08:19:00;COM VÍTIMA;FINALIZADA;TORRE;RUA PROFESSOR TRAJANO DE MENDONCA;148;RUA VITORIANO PALHARES;ATACADO DOS PRESENTES.;TORRE;;CIDADE;ABALROAMENTO TRANSVERSAL;1.0;1.0;0.0;0.0;0.0;0.0;0.0;0.0;0.0;1.0;0.0;Longo da via;Bom;Não existe;Perfeito estado;Seca;Perfeito estado;Não existe;Outras;;Única;Faixa contínua;Faixa seccionada;;Manhã
2241;08/06/2020;12:35:00;SEM VÍTIMA;FINALIZADA;ÁGUA FRIA;AV BEBERIBE;1796;;EM FRENTE AO N 1796;ÁGUA FRIA;;CIDADE;COLISÃO;2.0;0.0;0.0;0.0;0.0;0.0;0.0;0.0;0.0;0.0;0.0;Esquina;Bom;Não existe;Incompleta;Seca;Perfeito estado;Não existe;Outras;N/I;Dupla;Não existe;;;Tarde
2242;08/06/2020;14:48:00;COM VÍTIMA;FINALIZADA;IBURA;AV DOIS RIOS;250;;SESI IBURA.;IBURA;561.0;SUBURBIO;COLISÃO TRASEIRA;5.0;0.0;0.0;0.0;0.0;0.0;0.0;0.0;0.0;1.0;0.0;Longo da via;Bom;Sem defeito;Perfeito estado;Seca;Perfeito estado;Faixa de pedestre;R-6a;;Dupla;Faixa contínua;;;Tarde
2243;08/06/2020;18:02:00;COM VÍTIMA;FINALIZADA;SANTO AMARO;AV CRUZ CABUGA;1065;AV DR JAYME DA FONTE;EM FRENTE AO N 1065 E AO LADO DO (D E R);SANTO AMARO;343.0;SUBURBIO;COLISÃO COM CICLISTA;0.0;0.0;0.0;1.0;0.0;1.0;0.0;0.0;0.0;1.0;0.0;Cruzamento;Bom;Sem defeito;Perfeito estado;Seca;Perfeito estado;Faixa de pedestre;Outras;;Dupla;;;;Noite
2244;08/06/2020;18:29:00;COM VÍTIMA;FINALIZADA;ENCRUZILHADA;AV NORTE;2390;AV JOAO DE BARROS;EM FRENTE AO N 2390. BANCO SANTANDER;ENCRUZILHADA;43.0;CIDADE;COLISÃO TRASEIRA;1.0;1.0;0.0;0.0;0.0;0.0;0.0;0.0;0.0;1.0;0.0;Longo da via;Bom;Sem defeito;Perfeito estado;Seca;Perfeito estado;Faixa de pedestre;Não há placas;60 km/h;Dupla;Canteiro central;;;Noite
2245;08/06/2020;18:32:00;COM VÍTIMA;FINALIZADA;CASA FORTE;PRC DE CASA FORTE;;RUA VISCONDE DE OURO PRETO;;CASA FORTE;;SUBURBIO;ATROPELAMENTO;0.0;1.0;0.0;0.0;1.0;0.0;0.0;0.0;0.0;1.0;0.0;Esquina;Bom;Não existe;Perfeito estado;Seca;Perfeito estado;Não existe;Outras;;Dupla;Não existe;;;Noite
2246;09/06/2020;10:38:00;COM VÍTIMA;FINALIZADA;MACAXEIRA;AV NORTE;;RUA TIJUCAL;LADO OPOSTO AO PARQUE DA MACAXEIRA. TAMBÉM PRÓXIMO A UMA ESCOLA TÉCNICA (CONFORME SOLICITANTE). MEGA ÓLEO CENTER CAR.;MACAXEIRA;451.0;SUBURBIO;ABALROAMENTO TRANSVERSAL;0.0;1.0;0.0;0.0;0.0;0.0;1.0;0.0;0.0;1.0;0.0;Cruzamento;Bom;Sem defeito;Perfeito estado;Seca;Perfeito estado;Faixa de pedestre;R-6a;;Dupla;Canteiro central;;;Manhã
2247;09/06/2020;13:23:00;COM VÍTIMA;FINALIZADA;BOA VISTA;AV CONDE DA BOA VISTA;1317;RUA GONCALVES MAIA;;BOA VISTA;299.0;CIDADE;CHOQUE OBJETO FIXO;1.0;0.0;0.0;0.0;0.0;0.0;0.0;0.0;0.0;2.0;0.0;Cruzamento;Bom;Sem defeito;Perfeito estado;Seca;Perfeito estado;Faixa de pedestre;R-6c;;Dupla;Canteiro central;;;Tarde
2248;09/06/2020;13:04:00;COM VÍTIMA;FINALIZADA;IMBIRIBEIRA;AV MARECHAL MASCARENHAS DE MORAES;570;RUA ARQUITETO FERNANDO ALMEIDA;AO LADO DO ARMAZEM CORAL;IMBIRIBEIRA;286.0;SUBURBIO;CHOQUE VEÍCULO PARADO;3.0;0.0;0.0;0.0;0.0;0.0;0.0;0.0;0.0;1.0;0.0;Longo da via;Chuvoso;Sem defeito;Perfeito estado;Molhada;Perfeito estado;Faixa de retenção;Outras;;Única;Não existe;;;Tarde
2249;09/06/2020;13:21:00;COM VÍTIMA;FINALIZADA;ESTÂNCIA;RUA MORAIS E SILVA;548;AV DR JOSE RUFINO;PROXIMO A IGREJA SANTA LUZIA;ESTÂNCIA;;SUBURBIO;COLISÃO FRONTAL;0.0;1.0;0.0;0.0;0.0;1.0;0.0;0.0;0.0;2.0;0.0;Esquina;Bom;Não existe;Não existente;Seca;Perfeito estado;Não existe;Não há placas;;Dupla;Faixa contínua;;;Tarde
2250;09/06/2020;14:19:00;COM VÍTIMA;FINALIZADA;SANTO AMARO;AV NORTE;803;RUA DO POMBAL;;SANTO AMARO;;CIDADE;ABALROAMENTO LONGITUDINAL;0.0;2.0;0.0;0.0;0.0;0.0;0.0;0.0;0.0;2.0;0.0;Esquina;Bom;Não existe;Perfeito estado;Seca;Perfeito estado;;;;Dupla;Canteiro central;;;Tarde
2251;09/06/2020;14:56:00;SEM VÍTIMA;FINALIZADA;SAN MARTIN;RUA VINTE E UM DE ABRIL;2009;;EM FRENTE COPERGÁS E JOEL DA BEBIDA;SAN MARTIN;;SUBURBIO;COLISÃO TRASEIRA;2.0;0.0;0.0;0.0;0.0;0.0;0.0;0.0;0.0;0.0;0.0;Longo da via;Bom;Não existe;Perfeito estado;Seca;Perfeito estado;Não existe;Não há placas;;Dupla;Não existe;;;Tarde
2252;09/06/2020;15:27:00;COM VÍTIMA;FINALIZADA;CAMPO GRANDE;EST DE BELEM;121;RUA ODORICO MENDES;;CAMPO GRANDE;26.0;;ATROPELAMENTO;1.0;0.0;0.0;0.0;1.0;0.0;0.0;0.0;0.0;1.0;0.0;Longo da via;Bom;Com defeito;Perfeito estado;Seca;Perfeito estado;Faixa de pedestre;;;Dupla;Faixa contínua;;;Tarde
2253;09/06/2020;16:09:00;SEM VÍTIMA;FINALIZADA;MADALENA;RUA JOSE OSORIO;;AV BEIRA RIO;PONTE CAPUNGA;MADALENA;387.0;SUBURBIO;COLISÃO;1.0;0.0;0.0;0.0;0.0;0.0;0.0;1.0;0.0;0.0;0.0;Ponte;Bom;Sem defeito;Perfeito estado;Seca;Perfeito estado;Faixa de pedestre;Outras;;Dupla;Faixa contínua;;;Tarde
2254;10/06/2020;06:58:00;COM VÍTIMA;FINALIZADA;IBURA;AV DOM HELDER CAMARA;400;;Em frente ao comercial Fama;IBURA;;CIDADE;ATROPELAMENTO;1.0;0.0;0.0;0.0;1.0;0.0;0.0;0.0;0.0;1.0;0.0;Longo da via;Chuvoso;Sem defeito;Incompleta;Molhada;Mal conservada;Não existe;Não há placas;;Dupla;Canteiro central;;;Manhã
2255;10/06/2020;07:45:00;COM VÍTIMA;FINALIZADA;SANTO AMARO;AV NORTE;;;PONTE LIMOEIRO;SANTO AMARO;243.0;CIDADE;ACID. DE PERCURSO;0.0;1.0;0.0;0.0;0.0;0.0;0.0;0.0;0.0;1.0;0.0;Longo da via;Chuvoso;Sem defeito;Perfeito estado;Molhada;Perfeito estado;Faixa de pedestre;R-6a;;Dupla;Canteiro central;;;Manhã
2256;10/06/2020;09:55:00;COM VÍTIMA;FINALIZADA;NOVA DESCOBERTA;RUA NOVA DESCOBERTA;52;;Proximo semafóroro nº 065;NOVA DESCOBERTA;;CIDADE;ABALROAMENTO LONGITUDINAL;0.0;1.0;0.0;0.0;0.0;1.0;0.0;0.0;0.0;1.0;0.0;Longo da via;Bom;Sem defeito;Perfeito estado;Seca;Perfeito estado;;Outras;;Dupla;Faixa seccionada;;;Manhã
2257;10/06/2020;12:47:00;COM VÍTIMA;FINALIZADA;BEBERIBE;AV BEBERIBE;3607;;Em frente ao Sest/ Senat;BEBERIBE;517.0;;COLISÃO COM CICLISTA;1.0;0.0;0.0;1.0;0.0;0.0;0.0;0.0;0.0;1.0;0.0;Longo da via;Bom;Sem defeito;Perfeito estado;Seca;Perfeito estado;;R-6a;;Dupla;Faixa contínua;;;Tarde
2258;10/06/2020;18:22:00;COM VÍTIMA;FINALIZADA;GRAÇAS;AV RUI BARBOSA;;RUA AMELIA;POSTO SHELL;GRAÇAS;48.0;CIDADE;ABALROAMENTO TRANSVERSAL;1.0;1.0;0.0;0.0;0.0;0.0;0.0;0.0;0.0;1.0;0.0;Cruzamento;Bom;Sem defeito;Perfeito estado;Seca;Perfeito estado;Faixa de pedestre;Outras;;Única;;;;Noite
2259;10/06/2020;19:56:00;SEM VÍTIMA;FINALIZADA;CORDEIRO;AV CAXANGA;;;EM FRENTE A ESTAÇÃO DO BRT PROXIMO AO GETÚLIO VARGAS;CORDEIRO;;SUBURBIO;COLISÃO;2.0;0.0;0.0;0.0;0.0;0.0;0.0;0.0;0.0;0.0;0.0;Longo da via;Chuvoso;Sem defeito;Perfeito estado;Molhada;Perfeito estado;Faixa de pedestre;Não há placas;60km;Dupla;Canteiro central;;;Noite
2260;10/06/2020;20:46:00;SEM VÍTIMA;FINALIZADA;CORDEIRO;AV MAURICIO DE NASSAU;;;PROXIMO A LOMBADA ELETRONICO;CORDEIRO;;SUBURBIO;COLISÃO FRONTAL;2.0;0.0;0.0;0.0;0.0;0.0;0.0;0.0;0.0;0.0;0.0;Longo da via;Chuvoso;Não existe;Perfeito estado;Molhada;Mal iluminada;Não existe;Não há placas;;Dupla;Faixa contínua;;;Noite
2261;11/06/2020;06:15:00;SEM VÍTIMA;FINALIZADA;ESPINHEIRO;RUA CONS PORTELA;;RUA QUARENTA E OITO;;ESPINHEIRO;11.0;CIDADE;COLISÃO;1.0;0.0;0.0;0.0;0.0;1.0;0.0;0.0;0.0;0.0;0.0;Cruzamento;Bom;Sem defeito;Perfeito estado;Seca;Perfeito estado;Faixa de pedestre;Outras;;Única;Faixa contínua;;;Manhã
2262;11/06/2020;10:10:00;COM VÍTIMA;FINALIZADA;AREIAS;RUA SAO MIGUEL;685;;EM FRENTE A OFICINA AUTO PEÇAS. IGREJA BATISTA DE AFOGADOS;AREIAS;394.0;SUBURBIO;ABALROAMENTO LONGITUDINAL;1.0;1.0;0.0;0.0;0.0;0.0;0.0;0.0;0.0;1.0;0.0;Longo da via;Bom;Sem defeito;Perfeito estado;Seca;Perfeito estado;Não existe;Não há placas;;Dupla;Faixa contínua;;;Manhã
2263;11/06/2020;11:15:00;VÍTIMA FATAL;FINALIZADA;CAXANGÁ;RUA GREGORIO JUNIOR;;AV CAXANGA;;CAXANGÁ;236.0;CIDADE;ATROPELAMENTO;1.0;1.0;0.0;0.0;1.0;0.0;0.0;0.0;0.0;2.0;1.0;Longo da via;Nublado;Sem defeito;Perfeito estado;Seca;;Faixa de pedestre;Outras;;Única;Canteiro central;;;Manhã
2264;11/06/2020;11:23:00;COM VÍTIMA;FINALIZADA;TORRE;RUA CANTORA CLARA NUNES;;RUA SOUZA BANDEIRA;ANTIGO POSTO DE SAÚDE ENTREA UPINHA EMOCI CRAUZE E O DISTRITO SANITÁRIO 4- RUA QUE DÁ ACESSO A COMUNIDADE DE SANTA LUZIA;TORRE;;CIDADE;ABALROAMENTO TRANSVERSAL;1.0;1.0;0.0;0.0;0.0;0.0;0.0;0.0;0.0;1.0;0.0;Cruzamento;Bom;Não existe;Não existente;Seca;Perfeito estado;Não existe;Não há placas;;Dupla;Não existe;;;Manhã
2265;11/06/2020;18:57:00;SEM VÍTIMA;FINALIZADA;CORDEIRO;AV CAXANGA;;;PRÓXIMO AO SUPERMECADO STYLUS E DA IGREJA CATOLICA - SENTIDO CAMARAGIBE;CORDEIRO;;SUBURBIO;COLISÃO;2.0;0.0;0.0;0.0;0.0;0.0;0.0;0.0;0.0;0.0;0.0;Longo da via;Bom;Não existe;Perfeito estado;Seca;Perfeito estado;Não existe;Não há placas;n/i;Única;Faixa seccionada;Canteiro central;;Noite