indice;data;hora;natureza_acidente;situacao;bairro;endereco;numero;detalhe_endereco_acidente;complemento;bairro_cruzamento;num_semaforo;sentido_via;tipo;auto;moto;ciclom;ciclista;pedestre;onibus;caminhao;viatura;outros;vitimas;vitimasfatais;acidente_verificado;tempo_clima;situacao_semaforo;sinalizacao;condicao_via;conservacao_via;ponto_controle;situacao_placa;velocidade_max_via;mao_direcao;divisao_via1;divisao_via2;divisao_via3;turno
2266;12/06/2020;00:10:00;COM VÍTIMA;FINALIZADA;CORDEIRO;AV CAXANGA;1814;;SUPERMERCADO SOBERANO. JACARÉ VEÍCULOS;CORDEIRO;;SUBURBIO;COLISÃO FRONTAL;0.0;1.0;0.0;0.0;0.0;0.0;1.0;0.0;0.0;1.0;0.0;Longo da via;Chuvoso;Não existe;Perfeito estado;Molhada;Perfeito estado;Não existe;Outras;;Dupla;Canteiro central;;;Madrugada
2267;12/06/2020;10:01:00;COM VÍTIMA;FINALIZADA;CORDEIRO;AV CAXANGA;833;RUA CARATINGA;EM FRENTE A WILL MOTOS RECIFE;CORDEIRO;;CIDADE;ABALROAMENTO LONGITUDINAL;1.0;1.0;0.0;0.0;0.0;0.0;0.0;0.0;0.0;2.0;0.0;Esquina;Bom;Sem defeito;Perfeito estado;Seca;Perfeito estado;Faixa de pedestre;;;Dupla;Faixa contínua;Faixa seccionada;Canteiro central;Manhã
2268;12/06/2020;12:44:00;COM VÍTIMA;FINALIZADA;JIQUIÁ;RUA SAO MIGUEL;1850;;EM FRENTE DA DISTRIBUIDORA RENASCER;JIQUIÁ;;CIDADE;ABALROAMENTO TRANSVERSAL;1.0;2.0;0.0;0.0;0.0;0.0;0.0;0.0;0.0;1.0;0.0;Longo da via;Bom;;Perfeito estado;Seca;Perfeito estado;Não existe;Não há placas;;Dupla;Faixa contínua;;;Tarde
2269;12/06/2020;14:48:00;COM VÍTIMA;FINALIZADA;APIPUCOS;AV DEZESSETE DE AGOSTO;;RUA GOVERNADOR SEABRA;;APIPUCOS;;SUBURBIO;ABALROAMENTO LONGITUDINAL;1.0;1.0;0.0;0.0;0.0;0.0;0.0;0.0;0.0;2.0;0.0;Longo da via;Bom;Não existe;Perfeito estado;Seca;Perfeito estado;Não existe;R-6a;;Dupla;Faixa seccionada;;;Tarde
2270;12/06/2020;20:45:00;COM VÍTIMA;FINALIZADA;BOA VIAGEM;RUA VISCONDE DE JEQUITINHONHA;;RUA BALTAZAR PASSOS;COM A RUA BALTHAZR PASSOS;BOA VIAGEM;154.0;CIDADE;ABALROAMENTO TRANSVERSAL;1.0;1.0;0.0;0.0;0.0;0.0;0.0;0.0;0.0;1.0;0.0;Cruzamento;Bom;Sem defeito;Perfeito estado;Seca;Perfeito estado;Faixa de pedestre;;;Única;;;;Noite
2271;13/06/2020;23:31:00;COM VÍTIMA;FINALIZADA;MADALENA;RUA REAL DA TORRE;660;RUA DOM JOAO DE SOUZA;PPRÓXIMO AO MERCADO DA MADALENA;MADALENA;;SUBURBIO;ABALROAMENTO TRANSVERSAL;1.0;1.0;0.0;0.0;0.0;0.0;0.0;0.0;0.0;1.0;0.0;Esquina;Chuvoso;Não existe;;Molhada;Perfeito estado;;Placas Pare;;;;;;Noite
2272;14/06/2020;08:21:00;COM VÍTIMA;FINALIZADA;CABANGA;PTE GOVERNADOR PAULO GUERRA;;;AO LADO DA ESTAÇÃO DA COMPESA;CABANGA;;SUBURBIO;TOMBAMENTO;0.0;1.0;0.0;0.0;0.0;0.0;0.0;0.0;0.0;1.0;0.0;Longo da via;Chuvoso;Não existe;Perfeito estado;Molhada;Perfeito estado;Não existe;Não há placas;;Única;Faixa seccionada;;;Manhã
2273;14/06/2020;19:56:00;COM VÍTIMA;FINALIZADA;MADALENA;RUA JOSE OSORIO;414;;PROXIMO AO MERCADO DA MADALENA . POSTO PETROBRAS;MADALENA;;SUBURBIO;CHOQUE VEÍCULO PARADO;1.0;1.0;0.0;0.0;0.0;0.0;0.0;0.0;0.0;1.0;0.0;Longo da via;Chuvoso;Sem defeito;Perfeito estado;Molhada;Perfeito estado;Não existe;Não há placas;60 km/h;Única;Não existe;;;Noite
2274;15/06/2020;09:56:00;SEM VÍTIMA;FINALIZADA;MUSTARDINHA;AV MANOEL GONCALVES DA LUZ;;;AO LADO PRAÇA MUSTARDINHA;MUSTARDINHA;;SUBURBIO;COLISÃO;2.0;0.0;0.0;0.0;0.0;0.0;0.0;0.0;0.0;0.0;0.0;Cruzamento;Bom;Não existe;Perfeito estado;Seca;Perfeito estado;Faixa de pedestre;Outras;N/I;Dupla;Faixa contínua;;;Manhã
2275;15/06/2020;10:43:00;SEM VÍTIMA;FINALIZADA;SÍTIO DOS PINTOS;RUA VEREADOR PETRUS CAMARA;65;;CAMPO SÍTIO DOS PINTOS;SÍTIO DOS PINTOS;;CIDADE;COLISÃO;0.0;0.0;0.0;0.0;0.0;0.0;0.0;1.0;1.0;0.0;0.0;Longo da via;Chuvoso;Não existe;Não existente;Molhada;Outros;Não existe;Não há placas;N/I;Dupla;Não existe;;;Manhã
2276;15/06/2020;15:42:00;SEM VÍTIMA;FINALIZADA;SÃO JOSÉ;AV N S DO CARMO;;RUA IMPERADOR PEDRO SEGUNDO;;SÃO JOSÉ;;;COLISÃO;2.0;0.0;0.0;0.0;0.0;0.0;0.0;0.0;0.0;0.0;0.0;Cruzamento;Chuvoso;Sem defeito;Perfeito estado;Molhada;Perfeito estado;Faixa de pedestre;Não há placas;N/I;Dupla;Faixa contínua;;;Tarde
2277;15/06/2020;19:28:00;COM VÍTIMA;FINALIZADA;CASA AMARELA;AV NORTE;;AV PROFESSOR JOSE DOS ANJOS;PRÓXIMO AO SESC DE CASA AMARELA;CASA AMARELA;364.0;SUBURBIO;ABALROAMENTO TRANSVERSAL;1.0;1.0;0.0;0.0;0.0;0.0;0.0;0.0;0.0;1.0;0.0;Cruzamento;Chuvoso;Sem defeito;Perfeito estado;Molhada;Perfeito estado;Faixa de pedestre;Não há placas;;Dupla;Faixa seccionada;;;Noite
2278;16/06/2020;08:25:00;COM VÍTIMA;FINALIZADA;VÁRZEA;AV JOAQUIM RIBEIRO;;RUA FRANCISCO TORRES;DEFRONTE DA UPA DA CAXANGÁ;VÁRZEA;368.0;CIDADE;ABALROAMENTO LONGITUDINAL;1.0;1.0;0.0;0.0;0.0;0.0;0.0;0.0;0.0;1.0;0.0;Longo da via;Chuvoso;Sem defeito;Perfeito estado;Molhada;Perfeito estado;Faixa de pedestre;Não há placas;60 km/h;Única;Faixa seccionada;;;Manhã
2279;16/06/2020;14:42:00;SEM VÍTIMA;FINALIZADA;IBURA;AV DOIS RIOS;;;EM FRENTE A IGREJA BATISTA DO IBURA;IBURA;594.0;CIDADE;COLISÃO;1.0;0.0;0.0;0.0;0.0;0.0;1.0;0.0;0.0;0.0;0.0;Longo da via;Bom;Não existe;Perfeito estado;Seca;Perfeito estado;Não existe;Outras;N/I;Dupla;Faixa contínua;Faixa seccionada;;Tarde
2280;16/06/2020;23:02:00;SEM VÍTIMA;FINALIZADA;BOA VIAGEM;AV CONSELHEIRO AGUIAR;;RUA FELIX DE BRITO E MELO;CRUZAMENTO C/A RUA FELIX DE BRITO E MELO - EM FRENTE AO BRADESCO;BOA VIAGEM;;SUBURBIO;CHOQUE OBJETO FIXO;0.0;0.0;0.0;0.0;0.0;1.0;0.0;0.0;0.0;0.0;0.0;Cruzamento;Chuvoso;Sem defeito;Perfeito estado;Molhada;Perfeito estado;Faixa de pedestre;R-6a;40KM;Única;Outros;;;Noite
2281;17/06/2020;11:29:00;COM VÍTIMA;FINALIZADA;IBURA;AV PERNAMBUCO;150;AV RIO SAO FRANCISCO;PROXIMO O EREM SÃO SEBASTIÃO LEME;IBURA;;SUBURBIO;ABALROAMENTO LONGITUDINAL;1.0;1.0;0.0;0.0;0.0;0.0;0.0;0.0;0.0;1.0;0.0;Cruzamento;Bom;Não existe;Perfeito estado;Seca;Perfeito estado;Não existe;Não há placas;;Dupla;Faixa seccionada;;;Manhã
2282;17/06/2020;15:20:00;COM VÍTIMA;FINALIZADA;CASA FORTE;AV DEZESSETE DE AGOSTO;2187;;PROXIMO AO MUSEU. FUNDAÇÃO JOAQUIM NABUCO;CASA FORTE;;CIDADE;COLISÃO TRASEIRA;2.0;0.0;0.0;0.0;0.0;0.0;0.0;0.0;0.0;1.0;0.0;Longo da via;Bom;Não existe;Perfeito estado;Seca;Perfeito estado;Não existe;Não há placas;;Dupla;Faixa contínua;;;Tarde
2283;17/06/2020;15:51:00;COM VÍTIMA;FINALIZADA;MADALENA;RUA MENEZES DRUMOND;333;RUA ERNANI BRAGA;PRAÇA CALAZANS;MADALENA;;SUBURBIO;ABALROAMENTO TRANSVERSAL;1.0;1.0;0.0;0.0;0.0;0.0;0.0;0.0;0.0;1.0;0.0;Cruzamento;Bom;Não existe;Perfeito estado;Seca;Perfeito estado;Faixa de pedestre;R-4a;;Única;Faixa contínua;Faixa seccionada;;Tarde
2284;17/06/2020;19:06:00;COM VÍTIMA;FINALIZADA;JIQUIÁ;AV DR JOSE RUFINO;;RUA ANTONIO CARNEIRO;EM FRENTE AO COLISÃO VISÃO;JIQUIÁ;;;ABALROAMENTO TRANSVERSAL;1.0;1.0;0.0;0.0;0.0;0.0;0.0;0.0;0.0;1.0;0.0;Esquina;Bom;Não existe;Perfeito estado;Seca;Perfeito estado;Não existe;Outras;;Dupla;Faixa contínua;Faixa seccionada;;Noite
2285;17/06/2020;19:46:00;COM VÍTIMA;FINALIZADA;JORDÃO;RUA DR ALVARO FERRAZ;;;RUA PRINCIPAL ONDE PASSA OS ÔNIBUS DO JORDÃO BAIXO;JORDÃO;;;COLISÃO;0.0;2.0;0.0;0.0;0.0;0.0;1.0;0.0;0.0;1.0;0.0;Longo da via;Chuvoso;Não existe;Incompleta;Molhada;Mal iluminada;Não existe;Não há placas;30KM;Única;Não existe;;;Noite
2286;18/06/2020;09:53:00;COM VÍTIMA;FINALIZADA;IPUTINGA;AV CAXANGA;;AV PROFESSOR JOAQUIM CAVALCANTI;;IPUTINGA;;SUBURBIO;COLISÃO TRASEIRA;1.0;1.0;0.0;0.0;0.0;0.0;0.0;0.0;0.0;1.0;0.0;Cruzamento;Bom;Não existe;Perfeito estado;Seca;Perfeito estado;Não existe;Não há placas;60 km/h;Dupla;Canteiro central;;;Manhã
2287;18/06/2020;11:21:00;COM VÍTIMA;FINALIZADA;IPSEP;RUA ITACARI;162;RUA ITAJAI;;IPSEP;;;ABALROAMENTO TRANSVERSAL;2.0;0.0;0.0;0.0;0.0;0.0;0.0;0.0;0.0;1.0;0.0;Cruzamento;Nublado;Não existe;Perfeito estado;Seca;Perfeito estado;Faixa de pedestre;Placas Pare;30 km/h;Única;Faixa seccionada;;;Manhã
2288;18/06/2020;15:11:00;SEM VÍTIMA;FINALIZADA;MADALENA;RUA DOM MANOEL DA COSTA;;RUA PADRE LANDIM;RUA PADRE LANDIM;MADALENA;;;COLISÃO;2.0;0.0;0.0;0.0;0.0;0.0;0.0;0.0;0.0;0.0;0.0;Cruzamento;Bom;Sem defeito;Incompleta;Seca;Mal conservada;Faixa de pedestre;R-6a;N/I;Única;Faixa contínua;;;Tarde
2289;18/06/2020;15:12:00;SEM VÍTIMA;FINALIZADA;BOA VIAGEM;RUA ANTONIO FALCAO;;RUA DOS NAVEGANTES;;BOA VIAGEM;;;COLISÃO;2.0;0.0;0.0;0.0;0.0;0.0;0.0;0.0;0.0;0.0;0.0;Cruzamento;Chuvoso;Não existe;Ilegível;Molhada;Perfeito estado;Outros;Placas Pare;N/I;Única;Não existe;;;Tarde
2290;18/06/2020;15:52:00;SEM VÍTIMA;FINALIZADA;TAMARINEIRA;RUA CONEGO BARATA;;;Em frente a Policlínica Albert Sabin sentido Água Fria;TAMARINEIRA;;SUBURBIO;COLISÃO;0.0;0.0;0.0;0.0;0.0;0.0;0.0;0.0;0.0;0.0;0.0;Longo da via;Chuvoso;Sem defeito;Perfeito estado;Molhada;Perfeito estado;Faixa de pedestre;R-6a;N/I;Única;Canteiro central;;;Tarde
2291;18/06/2020;16:16:00;COM VÍTIMA;FINALIZADA;SÃO JOSÉ;AV SUL;488;;ANTES DA ENTRADA DO CABANGA;SÃO JOSÉ;509.0;SUBURBIO;COLISÃO COM CICLISTA;0.0;0.0;0.0;1.0;0.0;1.0;0.0;0.0;0.0;1.0;0.0;Longo da via;Chuvoso;Sem defeito;Perfeito estado;Molhada;Perfeito estado;Não existe;Outras;60 km/h;Dupla;Faixa seccionada;;;Tarde
2292;19/06/2020;04:52:00;VÍTIMA FATAL;FINALIZADA;JOANA BEZERRA;VIADUTO CAPITAO TEMUDO;;;SENTIDO DERBY. ALÇA DE ACESSO A RUA IMPERIAL.;JOANA BEZERRA;;CIDADE;COLISÃO COM CICLISTA;0.0;1.0;0.0;1.0;0.0;0.0;0.0;0.0;0.0;1.0;1.0;Viaduto;Chuvoso;Não existe;Perfeito estado;Molhada;Perfeito estado;Não existe;R-19;40 km/h;Única;Faixa contínua;;;Madrugada
2293;19/06/2020;07:46:00;SEM VÍTIMA;FINALIZADA;CASA FORTE;AV DEZESSETE DE AGOSTO;;;EM FRENTE A PIZZARIA HUTT;CASA FORTE;;;CHOQUE;1.0;0.0;0.0;0.0;0.0;0.0;0.0;0.0;0.0;0.0;0.0;Longo da via;Chuvoso;Não existe;Perfeito estado;Molhada;Perfeito estado;Não existe;Outras;N/I;Dupla;Faixa contínua;;;Manhã
2294;19/06/2020;07:55:00;SEM VÍTIMA;FINALIZADA;ESPINHEIRO;RUA CONS PORTELA;;RUA QUARENTA E OITO;;ESPINHEIRO;;;COLISÃO;2.0;0.0;0.0;0.0;0.0;0.0;0.0;0.0;0.0;0.0;0.0;Cruzamento;Chuvoso;Sem defeito;Perfeito estado;Molhada;Perfeito estado;Agente;Outras;N/I;Única;Outros;;;Manhã
2295;19/06/2020;08:28:00;COM VÍTIMA;FINALIZADA;SANTO AMARO;AV GOVERNADOR AGAMENON MAGALHAES;1800;;PRÓXIMO REITORIA DA UNIVERSIDADE DE PERNAMBUCO- SENTIDO BOA VIAGEM;SANTO AMARO;;CIDADE;COLISÃO TRASEIRA;1.0;1.0;0.0;0.0;0.0;0.0;0.0;0.0;0.0;1.0;0.0;Longo da via;Chuvoso;Sem defeito;Perfeito estado;Molhada;Perfeito estado;Não existe;Não há placas;60 km/h;Dupla;Canteiro central;;;Manhã
2296;19/06/2020;08:57:00;COM VÍTIMA;FINALIZADA;TORRÕES;AV ENGENHEIRO ABDIAS DE CARVALHO;;;LADO OPOSTO DLP VINHOS E DESTILADOS;TORRÕES;;CIDADE;ABALROAMENTO LONGITUDINAL;2.0;1.0;0.0;0.0;0.0;0.0;0.0;0.0;0.0;1.0;0.0;Longo da via;Bom;Não existe;Perfeito estado;Seca;Perfeito estado;Não existe;Não há placas;;Dupla;Canteiro central;;;Manhã
2297;19/06/2020;10:24:00;COM VÍTIMA;FINALIZADA;ÁGUA FRIA;AV BEBERIBE;;;EM FRENTE PAGODE DA PRESSÃO E PRÓXIMO MERCADO ÀGUA FRIA;ÁGUA FRIA;;CIDADE;COLISÃO;2.0;0.0;0.0;0.0;0.0;0.0;0.0;0.0;0.0;1.0;0.0;Longo da via;Bom;Sem defeito;Perfeito estado;Seca;Perfeito estado;Faixa de pedestre;Outras;N/I;Dupla;Faixa contínua;;;Manhã
2298;19/06/2020;14:22:00;COM VÍTIMA;FINALIZADA;TAMARINEIRA;AV NORTE;3927;RUA CONEGO BARATA;PRÓX DE GASOLINA AV. NORTE. LADO OPOSTO A PADARIA BELLA NORTE.;TAMARINEIRA;62.0;CIDADE;ATROPELAMENTO;1.0;0.0;0.0;0.0;1.0;0.0;0.0;0.0;0.0;1.0;0.0;Longo da via;Chuvoso;;Perfeito estado;Molhada;Perfeito estado;;;;Dupla;Canteiro central;;;Tarde
2299;20/06/2020;03:38:00;SEM VÍTIMA;FINALIZADA;BOA VISTA;AV CONDE DA BOA VISTA;;;EM FRENTE AO SHOPPING BOA VISTA;BOA VISTA;;SUBURBIO;CHOQUE;1.0;0.0;0.0;0.0;0.0;0.0;0.0;0.0;0.0;0.0;0.0;Cruzamento;Bom;Sem defeito;Perfeito estado;Seca;Perfeito estado;Outros;Outras;N/I;Dupla;Canteiro central;;;Madrugada
2300;20/06/2020;12:09:00;COM VÍTIMA;FINALIZADA;SANTO AMARO;AV CRUZ CABUGA;1167;AV DR JAYME DA FONTE;EM FRENTE AO N 1189;SANTO AMARO;343.0;CIDADE;ABALROAMENTO TRANSVERSAL;0.0;2.0;0.0;0.0;0.0;0.0;0.0;0.0;0.0;2.0;0.0;Cruzamento;Bom;Sem defeito;Perfeito estado;Seca;Perfeito estado;Faixa de pedestre;Não há placas;40 km/h;Dupla;Faixa seccionada;;;Tarde
2301;20/06/2020;13:26:00;SEM VÍTIMA;FINALIZADA;CASA FORTE;AV DEZESSETE DE AGOSTO;508;;EM FRENTE AO SHOPPING PLAZA;CASA FORTE;;CIDADE;COLISÃO;2.0;1.0;0.0;0.0;0.0;0.0;0.0;0.0;0.0;0.0;0.0;Longo da via;Bom;Sem defeito;Perfeito estado;Seca;Perfeito estado;Faixa de pedestre;Outras;N/I;Dupla;Faixa contínua;;;Tarde
2302;20/06/2020;14:58:00;SEM VÍTIMA;FINALIZADA;CASA FORTE;AV DEZESSETE DE AGOSTO;487;;EM FRENTE AO N 487;CASA FORTE;;CIDADE;COLISÃO;2.0;0.0;0.0;0.0;0.0;0.0;0.0;0.0;0.0;0.0;0.0;Longo da via;Bom;Não existe;Perfeito estado;Seca;Perfeito estado;Outros;Outras;N/I;Dupla;Faixa contínua;;;Tarde
2303;20/06/2020;19:51:00;COM VÍTIMA;FINALIZADA;IMBIRIBEIRA;AV MARECHAL MASCARENHAS DE MORAES;2274;;LADO OPOSTO A FERREIRA COSTA.;IMBIRIBEIRA;;SUBURBIO;ABALROAMENTO LONGITUDINAL;3.0;1.0;0.0;0.0;0.0;0.0;0.0;0.0;0.0;3.0;0.0;Longo da via;Chuvoso;;Perfeito estado;Molhada;Perfeito estado;;R-6a;40 km/h;Dupla;Canteiro central;;;Noite
2304;21/06/2020;07:24:00;SEM VÍTIMA;FINALIZADA;MACAXEIRA;AV NORTE;;;LADO OPSTO A ANTIGA FÁBRICA DA MACAXEIRA;MACAXEIRA;;;CHOQUE OBJETO FIXO;1.0;0.0;0.0;0.0;0.0;0.0;0.0;0.0;0.0;0.0;0.0;;;;;;;;;;;;;;Manhã
2305;21/06/2020;12:22:00;COM VÍTIMA;FINALIZADA;AREIAS;AV RECIFE;;RUA AURORA CACOTE;EM FRENTE AO HOSPITAL DE AREIAS. CHURRASCARIA E PIZZARIA GALETUS.;AREIAS;;BOA VIAGEM;ABALROAMENTO TRANSVERSAL;1.0;0.0;1.0;0.0;0.0;0.0;0.0;0.0;0.0;1.0;0.0;Esquina;Bom;Não existe;Perfeito estado;Seca;Mal conservada;Não existe;Placas Pare;60 km/h;Dupla;Canteiro central;;;Tarde
2306;21/06/2020;16:39:00;COM VÍTIMA;FINALIZADA;SÍTIO DOS PINTOS;EST DOS PINTOS;20;;PRÓXIMO UFRPE;SÍTIO DOS PINTOS;;CIDADE;COLISÃO COM CICLISTA;1.0;0.0;0.0;1.0;2.0;0.0;0.0;0.0;0.0;5.0;0.0;Longo da via;Bom;Não existe;Incompleta;Seca;Perfeito estado;Não existe;Não há placas;;Dupla;Não existe;;;Tarde
2307;21/06/2020;20:14:00;SEM VÍTIMA;FINALIZADA;SANTO AMARO;AV JOAO DE BARROS;;;PRÓXIMO AO POSTO BR- ENCONTRA-SE QUITANDARIA;SANTO AMARO;;SUBURBIO;COLISÃO;2.0;0.0;0.0;0.0;0.0;0.0;0.0;0.0;0.0;0.0;0.0;Longo da via;Bom;Não existe;Perfeito estado;Seca;Perfeito estado;Não existe;Não há placas;N/I;Única;Faixa seccionada;;;Noite
2308;22/06/2020;08:56:00;COM VÍTIMA;FINALIZADA;SANTO AMARO;AV NORTE;1255;;APOS O VIADUTO DA AV NORTE NO  SENTIDO CIDADE. UNIDADE DA SAÚDE DA FAMÍLIA DE SANTO AMARO 3.;SANTO AMARO;;CIDADE;ATROPELAMENTO;0.0;1.0;0.0;0.0;1.0;0.0;0.0;0.0;0.0;2.0;0.0;Longo da via;Bom;Não existe;Perfeito estado;Seca;Perfeito estado;Não existe;Outras;60 km/h;Dupla;Canteiro central;;;Manhã
2309;22/06/2020;09:50:00;COM VÍTIMA;FINALIZADA;GRAÇAS;RUA AMELIA;293;;EM FRENTE A LOJA VIA MUNDI;GRAÇAS;;SUBURBIO;COLISÃO TRASEIRA;1.0;1.0;0.0;0.0;0.0;0.0;0.0;0.0;0.0;1.0;0.0;Longo da via;Bom;Sem defeito;Perfeito estado;Seca;Perfeito estado;Outros;Outras;;Única;Faixa contínua;;;Manhã
2310;22/06/2020;12:31:00;COM VÍTIMA;FINALIZADA;MACAXEIRA;AV JOSE AMERICO DE ALMEIDA;392;;EM FRENTE AO MERCADINHO BELA VISTA E EM FRENTE A ACADEMIA PONTO CERTO;MACAXEIRA;;SUBURBIO;ABALROAMENTO LONGITUDINAL;0.0;1.0;0.0;0.0;0.0;1.0;0.0;0.0;0.0;1.0;0.0;Longo da via;Bom;Não existe;Perfeito estado;Seca;Perfeito estado;;R-6a;;Dupla;Canteiro central;;;Tarde
2311;22/06/2020;13:20:00;SEM VÍTIMA;FINALIZADA;IBURA;RUA RIO DA PRATA;;;NO FINAL DA RUA PROX AO CENTRO DE APOIO SOCIAL ESPORTIVO CULTURAL;IBURA;;;COLISÃO;1.0;0.0;0.0;0.0;0.0;0.0;0.0;1.0;0.0;0.0;0.0;Longo da via;Bom;Não existe;Perfeito estado;Seca;Perfeito estado;Não existe;Não há placas;N/I;Dupla;Faixa contínua;;;Tarde
2312;22/06/2020;14:13:00;COM VÍTIMA;FINALIZADA;CORDEIRO;EST DO FORTE DO ARRAIAL N. DO B. JESUS;1592;RUA ONZE DE FEVEREIRO;EM FRENTE A LAVANDERIA ROUPA LIMPA. FORTE DO COCO.;CORDEIRO;;SUBURBIO;ABALROAMENTO LONGITUDINAL;0.0;2.0;0.0;0.0;0.0;0.0;0.0;0.0;0.0;1.0;0.0;Longo da via;Bom;Não existe;Incompleta;Seca;Perfeito estado;Não existe;Outras;;Dupla;Não existe;;;Tarde
2313;22/06/2020;17:07:00;COM VÍTIMA;FINALIZADA;ESTÂNCIA;AV DR JOSE RUFINO;13;;PRÓXIMO AO COLÉGIO VISÃO.;ESTÂNCIA;;SUBURBIO;ACID. DE PERCURSO;0.0;1.0;0.0;0.0;0.0;0.0;0.0;0.0;0.0;1.0;0.0;Longo da via;Bom;Não existe;Incompleta;Oleosa;Mal conservada;Não existe;Não há placas;;Dupla;Faixa contínua;;;Tarde
2314;22/06/2020;17:14:00;SEM VÍTIMA;FINALIZADA;IBURA;AV DOIS RIOS;;;E/F A IGREJA EL SHADDAI;IBURA;;;COLISÃO;0.0;2.0;0.0;0.0;0.0;0.0;0.0;0.0;0.0;0.0;0.0;Longo da via;Bom;Não existe;Perfeito estado;Seca;Perfeito estado;Não existe;Não há placas;N/I;Dupla;Faixa contínua;;;Tarde
2315;22/06/2020;18:16:00;SEM VÍTIMA;FINALIZADA;ROSARINHO;RUA DR JOSE MARIA;866;RUA REGUEIRA COSTA;PROX . AO EDF. ENRIQUE QUINTO E DROGASIL E GALERIA JOAO DE DEUS;ROSARINHO;;;COLISÃO;2.0;2.0;0.0;0.0;0.0;0.0;0.0;0.0;0.0;0.0;0.0;Longo da via;Bom;Não existe;Perfeito estado;Seca;Perfeito estado;Não existe;Outras;N/I;Dupla;Faixa contínua;;;Noite
2316;22/06/2020;19:54:00;COM VÍTIMA;FINALIZADA;MADALENA;AV VISCONDE DE ALBUQUERQUE;401;RUA LOPES DE CARVALHO;GALERIA MADALENA CENTER;MADALENA;;SUBURBIO;ABALROAMENTO TRANSVERSAL;0.0;2.0;0.0;0.0;0.0;0.0;0.0;0.0;0.0;2.0;0.0;Cruzamento;Bom;Não existe;Perfeito estado;Seca;Perfeito estado;;;40 km/h;Única;;;;Noite
2317;22/06/2020;20:32:00;SEM VÍTIMA;FINALIZADA;ENCRUZILHADA;RUA CASTRO ALVES;;RUA JOSE DE SA CARNEIRO;*SEMÁFORO 666* /  E/F A QUALIMENTOS E CAIXA ECONÔMICA;ENCRUZILHADA;666.0;;ENGAVETAMENTO;3.0;0.0;0.0;0.0;0.0;0.0;0.0;0.0;0.0;0.0;0.0;;;;;;;;;;;;;;Noite
2318;22/06/2020;21:48:00;COM VÍTIMA;FINALIZADA;VÁRZEA;RUA DONA MARIA LACERDA;18;;NA RUA DA DELEGACIA DA VÁRZEA E 12º BATALHÃO;VÁRZEA;;SUBURBIO;CHOQUE OBJETO FIXO;0.0;0.0;0.0;0.0;0.0;0.0;0.0;1.0;1.0;2.0;0.0;Longo da via;Bom;Não existe;Perfeito estado;Seca;Perfeito estado;Não existe;Não há placas;;Dupla;Faixa seccionada;;;Noite
2319;23/06/2020;02:03:00;SEM VÍTIMA;FINALIZADA;MACAXEIRA;AV NORTE;;;PROXIMO DO TERMINLA DA MACAXEIRA;MACAXEIRA;;SUBURBIO;CHOQUE OBJETO FIXO;1.0;0.0;0.0;0.0;0.0;0.0;0.0;0.0;0.0;0.0;0.0;Outros;Bom;Não existe;Perfeito estado;Seca;Perfeito estado;Não existe;Não há placas;N/I;Única;Canteiro central;;;Madrugada
2320;23/06/2020;08:10:00;COM VÍTIMA;FINALIZADA;BOA VIAGEM;AVENIDA CELSO FURTADO (VIA MANGUE);;;SUBIDA DO VIADUTO DOM JOÃO VI;BOA VIAGEM;;SUBURBIO;TOMBAMENTO;0.0;0.0;0.0;1.0;0.0;0.0;0.0;0.0;0.0;1.0;0.0;Longo da via;Bom;Não existe;Perfeito estado;Seca;Perfeito estado;Não existe;R-19;60 km/h;Dupla;Canteiro central;;;Manhã
2321;23/06/2020;10:47:00;SEM VÍTIMA;FINALIZADA;ÁGUA FRIA;RUA SAO BENEDITO;;AV BEBERIBE;EM FRENTE AO LAVA JATO;ÁGUA FRIA;;;COLISÃO;1.0;0.0;0.0;0.0;0.0;0.0;1.0;0.0;0.0;0.0;0.0;Cruzamento;Bom;Sem defeito;Perfeito estado;Seca;Perfeito estado;Faixa de pedestre;Não há placas;N/I;Única;Não existe;;;Manhã
2322;23/06/2020;11:29:00;COM VÍTIMA;FINALIZADA;SANTO AMARO;AV JOAO DE BARROS;;RUA DOM VITAL;;SANTO AMARO;412.0;CIDADE;ATROPELAMENTO;1.0;0.0;0.0;0.0;1.0;0.0;0.0;0.0;0.0;1.0;0.0;Longo da via;Bom;Sem defeito;Perfeito estado;Seca;Perfeito estado;;;;Dupla;Faixa contínua;Faixa seccionada;Canteiro central;Manhã
2323;23/06/2020;12:57:00;SEM VÍTIMA;FINALIZADA;AFOGADOS;AV MARECHAL MASCARENHAS DE MORAES;40;;EM FRENTE A IGREJA BATISTA DO LARGO DA PAZ (SENT. CIDADE) / PONTE MOTOCOLOMBO;AFOGADOS;;CIDADE;COLISÃO;2.0;0.0;0.0;0.0;0.0;0.0;0.0;0.0;0.0;0.0;0.0;Longo da via;Bom;Não existe;Perfeito estado;Seca;Perfeito estado;Outros;R-6a;60KM;Dupla;Canteiro central;;;Tarde
2324;23/06/2020;14:37:00;SEM VÍTIMA;FINALIZADA;BOA VIAGEM;AV BOA VIAGEM;30;;E/F AO EDF. ENSEADA DA BARRA;BOA VIAGEM;;;COLISÃO;2.0;0.0;0.0;0.0;0.0;0.0;0.0;0.0;0.0;0.0;0.0;Longo da via;Bom;Sem defeito;Perfeito estado;Seca;Perfeito estado;Faixa de retenção;Outras;N/I;Única;Faixa seccionada;;;Tarde