indice;data;hora;natureza_acidente;situacao;bairro;endereco;numero;detalhe_endereco_acidente;complemento;bairro_cruzamento;num_semaforo;sentido_via;tipo;auto;moto;ciclom;ciclista;pedestre;onibus;caminhao;viatura;outros;vitimas;vitimasfatais;acidente_verificado;tempo_clima;situacao_semaforo;sinalizacao;condicao_via;conservacao_via;ponto_controle;situacao_placa;velocidade_max_via;mao_direcao;divisao_via1;divisao_via2;divisao_via3;turno
2325;23/06/2020;17:49:00;SEM VÍTIMA;FINALIZADA;SAN MARTIN;AV ENGENHEIRO ABDIAS DE CARVALHO;;;EM FRENTE A CHESF;SAN MARTIN;;CIDADE;COLISÃO;1.0;1.0;0.0;0.0;0.0;0.0;0.0;0.0;0.0;0.0;0.0;Longo da via;Bom;Não existe;Perfeito estado;Seca;Perfeito estado;Não existe;Outras;N/I;Dupla;Canteiro central;;;Tarde
2326;23/06/2020;22:10:00;COM VÍTIMA;FINALIZADA;ARRUDA;RUA DO MACHADO;946;;E/F A PRACINHA (MARIA JOSE DOS SANTOS);ARRUDA;;;COLISÃO COM CICLISTA;0.0;0.0;0.0;1.0;0.0;1.0;0.0;0.0;0.0;1.0;0.0;Longo da via;Bom;Não existe;Perfeito estado;Seca;Perfeito estado;Não existe;R-6a;;Dupla;Faixa seccionada;;;Noite
2327;24/06/2020;11:51:00;SEM VÍTIMA;FINALIZADA;TORRE;RUA JOAO TUDE DE MELO;;;SENT. CARREFOUR- EM FRENTE AO POSTO DE GASOLINA PETROMEGA;TORRE;;;COLISÃO;2.0;0.0;0.0;0.0;0.0;0.0;0.0;0.0;0.0;0.0;0.0;Longo da via;Bom;Sem defeito;Perfeito estado;Seca;Perfeito estado;Faixa de pedestre;Outras;N/I;Única;Faixa seccionada;;;Manhã
2328;24/06/2020;20:53:00;COM VÍTIMA;FINALIZADA;TEJIPIÓ;AV DR JOSE RUFINO;46;RUA MAJOR CHAGAS DE OLIVEIRA;POR CIMA DO VIADUTO DA BR NA CURVA SENTIDO AFOGADOS. SERRALHARIA GUEDES.;TEJIPIÓ;;SUBURBIO;ABALROAMENTO LONGITUDINAL;1.0;1.0;0.0;0.0;0.0;0.0;0.0;0.0;0.0;1.0;0.0;Longo da via;Bom;Não existe;Incompleta;Seca;Mal iluminada;Não existe;Não há placas;;Dupla;Faixa contínua;;;Noite
2329;24/06/2020;21:25:00;COM VÍTIMA;FINALIZADA;NOVA DESCOBERTA;RUA NOVA DESCOBERTA;1921;;E/F AO MADRUGADA BURGUER / PRÓX AO BAR DA RABADA;NOVA DESCOBERTA;;;COLISÃO FRONTAL;1.0;1.0;0.0;0.0;0.0;0.0;0.0;0.0;0.0;1.0;0.0;Longo da via;Bom;Não existe;Não existente;Seca;Perfeito estado;Não existe;Não há placas;;Dupla;Não existe;;;Noite
2330;25/06/2020;10:41:00;COM VÍTIMA;FINALIZADA;ILHA DO RETIRO;RUA SPORT CLUBE DO RECIFE;;RUA PROFESSOR BENEDITO MONTEIRO;LADO OPOSTO AO ESTÁDIO ADELMAR DA COSTA CARVALHO.;ILHA DO RETIRO;481.0;SUBURBIO;ABALROAMENTO LONGITUDINAL;1.0;1.0;0.0;0.0;0.0;0.0;0.0;0.0;0.0;1.0;0.0;Longo da via;Bom;Sem defeito;Perfeito estado;Seca;Perfeito estado;Outros;R-6a;60 km/h;Dupla;Canteiro central;;;Manhã
2331;25/06/2020;14:02:00;SEM VÍTIMA;FINALIZADA;BOA VIAGEM;RUA CAPITAO ZUZINHA;22;RUA VISCONDE DE JEQUITINHONHA;PROXIMO DA LOCALIZA;BOA VIAGEM;433.0;;COLISÃO;2.0;0.0;0.0;0.0;0.0;0.0;0.0;0.0;0.0;0.0;0.0;Longo da via;Bom;Sem defeito;Perfeito estado;Seca;Perfeito estado;Agente;R-6a;;Única;Faixa contínua;;;Tarde
2332;25/06/2020;14:59:00;SEM VÍTIMA;FINALIZADA;BOA VIAGEM;RUA PADRE CARAPUCEIRO;3572;AV CONSELHEIRO AGUIAR;SOB SEMAF 115;BOA VIAGEM;115.0;CIDADE;COLISÃO;0.0;2.0;0.0;0.0;0.0;0.0;0.0;0.0;0.0;0.0;0.0;Cruzamento;Bom;Sem defeito;Perfeito estado;Seca;Perfeito estado;Faixa de pedestre;Outras;60 km/h;Única;Faixa contínua;Faixa seccionada;;Tarde
2333;25/06/2020;17:46:00;SEM VÍTIMA;FINALIZADA;IMBIRIBEIRA;AV GENERAL MAC ARTHUR;100;AV MARECHAL MASCARENHAS DE MORAES;EM FRENTE AO Nº 100;IMBIRIBEIRA;;CIDADE;COLISÃO;1.0;1.0;0.0;0.0;0.0;0.0;0.0;1.0;0.0;0.0;0.0;Longo da via;Bom;Não existe;Perfeito estado;Seca;Perfeito estado;Não existe;R-4a;;Única;Faixa seccionada;;;Tarde
2334;25/06/2020;22:29:00;COM VÍTIMA;FINALIZADA;TORRE;PRC PROFESSOR BARRETO CAMPELLO;1199;;E/F A PRAÇA;TORRE;;SUBURBIO;COLISÃO COM CICLISTA;1.0;0.0;0.0;1.0;0.0;0.0;0.0;0.0;0.0;1.0;0.0;Longo da via;Bom;Não existe;Perfeito estado;Seca;Perfeito estado;Não existe;R-6a;;Única;Faixa seccionada;;;Noite
2335;26/06/2020;07:10:00;COM VÍTIMA;FINALIZADA;BOA VIAGEM;RUA ERNESTO DE PAULA SANTOS;;RUA AMALIA BERNARDINO DE SOUZA;POR TRAS DA FACULDADE UNINASSAU EM FRENTE AO POSTO DE GASOLINA PETROCAL NA DESCIDA DO VIADUTO TANCREDO NEVES;BOA VIAGEM;;SUBURBIO;ABALROAMENTO TRANSVERSAL;1.0;1.0;0.0;0.0;0.0;0.0;0.0;0.0;0.0;1.0;0.0;Cruzamento;Bom;Não existe;Incompleta;Seca;Perfeito estado;Não existe;Não há placas;;Única;Faixa contínua;;;Manhã
2336;26/06/2020;08:45:00;COM VÍTIMA;FINALIZADA;TORREÃO;AV NORTE;;;EM FRENTE AKI BORRACHARIA / INÍCIO DO VIADUTO.;TORREÃO;;CIDADE;ATROPELAMENTO ANIMAL;0.0;1.0;0.0;0.0;0.0;0.0;0.0;0.0;0.0;1.0;0.0;Longo da via;Bom;Não existe;Perfeito estado;Seca;Perfeito estado;Não existe;Não há placas;60 km/h;;Canteiro central;;;Manhã
2337;26/06/2020;12:56:00;COM VÍTIMA;FINALIZADA;IMBIRIBEIRA;AV MARECHAL MASCARENHAS DE MORAES;;RUA ITACARE;NO SEMÁFORO 386/ SENTIDO AEROPORTO. LADO OPOSTO A FERREIRA COSTA.;IMBIRIBEIRA;386.0;SUBURBIO;ABALROAMENTO LONGITUDINAL;1.0;1.0;0.0;0.0;0.0;0.0;0.0;0.0;0.0;1.0;0.0;Cruzamento;Bom;Sem defeito;Perfeito estado;Seca;Perfeito estado;Faixa de pedestre;R-6a;;Dupla;Canteiro central;;;Tarde
2338;26/06/2020;13:16:00;SEM VÍTIMA;FINALIZADA;PINA;AV BOA VIAGEM;110;;E/F AO POSTO BR;PINA;;CIDADE;COLISÃO;2.0;0.0;0.0;0.0;0.0;0.0;0.0;0.0;0.0;0.0;0.0;Longo da via;Bom;Sem defeito;Perfeito estado;Seca;Perfeito estado;Faixa de pedestre;Não há placas;60 km/h;Única;Faixa seccionada;;;Tarde
2339;26/06/2020;14:43:00;SEM VÍTIMA;FINALIZADA;IPSEP;AV RECIFE;;AV TAPAJOS;LADO OPOSTO DO POSTO BR VT 21 NO LOCAL;IPSEP;620.0;;COLISÃO;1.0;0.0;0.0;0.0;0.0;0.0;1.0;0.0;0.0;0.0;0.0;Cruzamento;Chuvoso;Sem defeito;Perfeito estado;Outros;Perfeito estado;Faixa de pedestre;;;Dupla;Faixa seccionada;Canteiro central;;Tarde
2340;26/06/2020;15:52:00;SEM VÍTIMA;FINALIZADA;SANTO AMARO;AV GOVERNADOR AGAMENON MAGALHAES;;VDO INDEPENDENCIA;SOBRE O VIADUTO INDEPENDENCIA;SANTO AMARO;;OLINDA;COLISÃO;3.0;1.0;0.0;0.0;0.0;0.0;0.0;0.0;0.0;0.0;0.0;Viaduto;Bom;Não existe;Não existente;Seca;Perfeito estado;Não existe;Não há placas;60 km/h;Dupla;Faixa contínua;;;Tarde
2341;26/06/2020;17:44:00;COM VÍTIMA;FINALIZADA;ILHA DO RETIRO;AV ENGENHEIRO ABDIAS DE CARVALHO;;EST DOS REMEDIOS;DROGASIL;ILHA DO RETIRO;52.0;SUBURBIO;ABALROAMENTO TRANSVERSAL;1.0;1.0;0.0;0.0;0.0;0.0;0.0;0.0;0.0;1.0;0.0;Cruzamento;Bom;Sem defeito;Perfeito estado;Seca;Perfeito estado;Agente;R-6a;;Dupla;Canteiro central;;;Tarde
2342;27/06/2020;07:52:00;SEM VÍTIMA;FINALIZADA;SANTO AMARO;RUA DO POMBAL;296;RUA TREZE DE MAIO;EM FRENTE A BORRACHARIA DO MODESTO;SANTO AMARO;;CIDADE;COLISÃO;2.0;0.0;0.0;0.0;0.0;0.0;0.0;0.0;0.0;0.0;0.0;Longo da via;Chuvoso;Não existe;Perfeito estado;Molhada;Perfeito estado;Faixa de retenção;Não há placas;40 km/h;Dupla;Faixa contínua;;;Manhã
2343;27/06/2020;16:37:00;COM VÍTIMA;FINALIZADA;IMBIRIBEIRA;AV MARECHAL MASCARENHAS DE MORAES;6211;;EM FRENTE AO FÓRUM DES. NEVES FILHO- EM FRENTE A INFRAERO. LADO OPOSTO A JUSTIÇA FEDERAL.;IMBIRIBEIRA;;SUBURBIO;ABALROAMENTO LONGITUDINAL;1.0;1.0;0.0;0.0;0.0;0.0;0.0;0.0;0.0;1.0;0.0;Longo da via;Bom;Não existe;Perfeito estado;Seca;Perfeito estado;Não existe;R-5a;60 km/h;Dupla;Faixa;;;Tarde
2344;27/06/2020;18:31:00;COM VÍTIMA;FINALIZADA;NOVA DESCOBERTA;RUA NOVA DESCOBERTA;1603;;PROX A ENTREADA DO CORREGO DO ARCANJO;NOVA DESCOBERTA;;SUBURBIO;ATROPELAMENTO;0.0;1.0;0.0;0.0;1.0;0.0;0.0;0.0;0.0;1.0;0.0;Longo da via;Bom;;;;;Não existe;Não há placas;;Dupla;Não existe;;;Noite
2345;28/06/2020;07:35:00;COM VÍTIMA;FINALIZADA;ILHA DO RETIRO;AV JOSE GONCALVES DE MEDEIROS;;;LADO OPOSTO A MC DONALD'S;ILHA DO RETIRO;;CIDADE;ABALROAMENTO LONGITUDINAL;1.0;1.0;0.0;0.0;0.0;0.0;0.0;0.0;0.0;2.0;0.0;Longo da via;Bom;Sem defeito;Perfeito estado;Seca;Perfeito estado;Não existe;Não há placas;50 km/h;Dupla;Faixa contínua;;;Manhã
2346;28/06/2020;15:09:00;COM VÍTIMA;FINALIZADA;NOVA DESCOBERTA;RUA NOVA DESCOBERTA;1689;;PROX A BARRACA SANTA CRUZ E/F AO DEPOSITO DO PAULO BEBEBIDAS;NOVA DESCOBERTA;;;COLISÃO FRONTAL;0.0;2.0;0.0;0.0;0.0;0.0;0.0;0.0;0.0;1.0;0.0;Longo da via;Chuvoso;Não existe;Perfeito estado;Molhada;Perfeito estado;;Outras;;Dupla;Faixa seccionada;;;Tarde
2347;28/06/2020;16:34:00;COM VÍTIMA;FINALIZADA;TORRÕES;RUA CLARICE LISPECTOR;10;;PROXIMO A ESCOLA PINTOR LAURO VILARES;TORRÕES;;SUBURBIO;ATROPELAMENTO;1.0;0.0;0.0;0.0;1.0;0.0;0.0;0.0;0.0;1.0;0.0;Longo da via;Chuvoso;Não existe;Não existente;Molhada;Perfeito estado;Não existe;Não há placas;;Dupla;Não existe;;;Tarde
2348;29/06/2020;07:25:00;COM VÍTIMA;FINALIZADA;ESPINHEIRO;RUA CONS PORTELA;504;RUA QUARENTA E OITO;SOB O SEMÁFORO 011;ESPINHEIRO;11.0;CIDADE;ABALROAMENTO LONGITUDINAL;1.0;1.0;0.0;0.0;0.0;0.0;0.0;0.0;0.0;1.0;0.0;Longo da via;Bom;Sem defeito;Perfeito estado;Seca;Perfeito estado;Agente;Não há placas;;Única;Faixa contínua;;;Manhã
2349;29/06/2020;07:39:00;COM VÍTIMA;FINALIZADA;VÁRZEA;AV CAXANGA;5775;AV AFONSO OLINDENSE;PROX AO TERMINAL INTEGRADO DA CAXANGÁ. SUPER CENTER CAXANGÁ.;VÁRZEA;568.0;CIDADE;ABALROAMENTO LONGITUDINAL;1.0;1.0;0.0;0.0;0.0;0.0;0.0;0.0;0.0;2.0;0.0;Longo da via;Chuvoso;Sem defeito;Incompleta;Molhada;Perfeito estado;Faixa de pedestre;R-6a;60 km/h;Única;Não existe;;;Manhã
2350;29/06/2020;10:37:00;COM VÍTIMA;FINALIZADA;SAN MARTIN;RUA COMENDADOR FRANCO FERREIRA;460;RUA DUARTE FILHO;AO LADO DA GALERIA JARDIM;SAN MARTIN;;;ABALROAMENTO TRANSVERSAL;1.0;1.0;0.0;0.0;0.0;0.0;0.0;0.0;0.0;1.0;0.0;Cruzamento;Bom;Não existe;Ilegível;Seca;Perfeito estado;Não existe;Placas Pare;;Dupla;Não existe;;;Manhã
2351;29/06/2020;11:21:00;COM VÍTIMA;FINALIZADA;VÁRZEA;AV CAXANGA;;;FINAL DA CAXANGA SENTIDO CAMARAGIBE PROX A UPA DA CAXANGA- SOBRE A PONTE DA CAXANGÁ.;VÁRZEA;;SUBURBIO;COLISÃO TRASEIRA;1.0;1.0;0.0;0.0;0.0;0.0;0.0;0.0;0.0;1.0;0.0;Ponte;Bom;Sem defeito;Perfeito estado;Seca;Perfeito estado;Não existe;Não há placas;60 km/h;Única;Faixa seccionada;;;Manhã
2352;29/06/2020;11:48:00;SEM VÍTIMA;FINALIZADA;IMBIRIBEIRA;RUA DEZ DE JULHO;;AV VINTE DE JANEIRO;PROX A ESTACAO DO METRO AEROPORTO;IMBIRIBEIRA;572.0;CIDADE;COLISÃO;0.0;1.0;0.0;0.0;0.0;1.0;0.0;0.0;0.0;0.0;0.0;Cruzamento;Bom;Sem defeito;Perfeito estado;Seca;Perfeito estado;;Não há placas;60 km/h;Única;;;;Manhã
2353;29/06/2020;15:46:00;SEM VÍTIMA;FINALIZADA;IPSEP;RUA SANTOS COSME E DAMIAO;31;;EM FRENTE AO N 31;IPSEP;;;COLISÃO;1.0;0.0;0.0;0.0;1.0;0.0;0.0;0.0;0.0;0.0;0.0;Longo da via;Bom;Não existe;Perfeito estado;Seca;Perfeito estado;Não existe;Outras;40 km/h;Única;Não existe;;;Tarde
2354;29/06/2020;18:31:00;COM VÍTIMA;FINALIZADA;IMBIRIBEIRA;AV SUL;;;ÁREA INTERNA DO TERMINAL INTEGRADO TANCREDO NEVES.;IMBIRIBEIRA;;SUBURBIO;ATROPELAMENTO;0.0;0.0;0.0;0.0;1.0;1.0;0.0;0.0;0.0;1.0;0.0;Outros;Bom;Não existe;;Seca;Mal iluminada;Agente;Não há placas;20 km/h;Única;Faixa contínua;;;Noite
2355;30/06/2020;12:14:00;COM VÍTIMA;FINALIZADA;PINA;AV ENGENHEIRO DOMINGOS FERREIRA;;RUA TOME GIBSON;EM FRENTE A ESCOLA OSWALDO LIMA FILHO/ PISTA DA ESQUERDA;PINA;200.0;SUBURBIO;COLISÃO COM CICLISTA;1.0;0.0;0.0;1.0;0.0;0.0;0.0;0.0;0.0;1.0;0.0;Cruzamento;Bom;Sem defeito;Perfeito estado;Seca;Perfeito estado;Faixa de pedestre;;60 km/h;Única;Faixa contínua;Canteiro central;;Tarde
2356;30/06/2020;13:38:00;COM VÍTIMA;FINALIZADA;TAMARINEIRA;AV NORTE;;RUA CONEGO BARATA;;TAMARINEIRA;62.0;;COLISÃO COM CICLISTA;1.0;0.0;0.0;1.0;0.0;0.0;0.0;0.0;0.0;1.0;0.0;Cruzamento;Bom;Sem defeito;Perfeito estado;Seca;Perfeito estado;Agente;Outras;;Dupla;Blocos;;;Tarde
2357;30/06/2020;19:50:00;SEM VÍTIMA;FINALIZADA;ENCRUZILHADA;AV BEBERIBE;167;RUA PEDRO ALVES;NO POSTO DE GASOLINA SHELL AO LADO DA FARMACIA DROGASIL;ENCRUZILHADA;;;COLISÃO;1.0;1.0;0.0;0.0;0.0;0.0;0.0;0.0;0.0;0.0;0.0;Cruzamento;Bom;Sem defeito;Perfeito estado;Seca;Perfeito estado;Faixa de retenção;R-6a;40KM;Dupla;Faixa contínua;;;Noite
2358;30/06/2020;20:44:00;COM VÍTIMA;FINALIZADA;IMBIRIBEIRA;AV MARECHAL MASCARENHAS DE MORAES;2169;;E/F A FACULDADE UNIVERSO- LADO OPOSTO A FIAT ITALIANA.;IMBIRIBEIRA;501.0;CIDADE;COLISÃO TRASEIRA;3.0;0.0;0.0;0.0;0.0;0.0;0.0;0.0;0.0;2.0;0.0;Longo da via;Bom;Sem defeito;Perfeito estado;Seca;Perfeito estado;Faixa de pedestre;R-32;60 km/h;Dupla;Canteiro central;;;Noite
2359;01/07/2020;01:58:00;COM VÍTIMA;FINALIZADA;CAXANGÁ;AV CAXANGA;;;E/F AO TERMINAL DA CAXANGÁ - SENT. SUBURBIO;CAXANGÁ;;SUBURBIO;COLISÃO TRASEIRA;1.0;1.0;0.0;0.0;0.0;0.0;0.0;0.0;0.0;1.0;0.0;Longo da via;Bom;Sem defeito;Perfeito estado;Seca;Perfeito estado;;Não há placas;40 km/h;Dupla;Canteiro central;;;Madrugada
2360;01/07/2020;08:30:00;SEM VÍTIMA;FINALIZADA;CORDEIRO;RUA GREGORIO JUNIOR;;;EM FRENTE A MG CHAVES;CORDEIRO;;CIDADE;COLISÃO;2.0;0.0;0.0;0.0;0.0;0.0;0.0;0.0;0.0;0.0;0.0;Longo da via;Bom;Não existe;Perfeito estado;Seca;Perfeito estado;Não existe;Não há placas;;Única;Faixa seccionada;;;Manhã
2361;01/07/2020;11:22:00;COM VÍTIMA;FINALIZADA;SAN MARTIN;AV JOAO CABRAL DE MELO NETO;;AV RECIFE;AO LADO DO LABORATORIO CERPE;SAN MARTIN;259.0;CIDADE;ABALROAMENTO LONGITUDINAL;1.0;1.0;0.0;0.0;0.0;0.0;0.0;0.0;0.0;1.0;0.0;Longo da via;Bom;Sem defeito;Perfeito estado;Seca;Perfeito estado;Faixa de pedestre;Outras;;Única;Faixa;Canteiro central;;Manhã
2362;01/07/2020;11:42:00;COM VÍTIMA;FINALIZADA;VASCO DA GAMA;AV NORTE;S/N;;EM FRENTE A MATERNIDADE BARROS LIMA;VASCO DA GAMA;256.0;;ABALROAMENTO LONGITUDINAL;1.0;1.0;0.0;0.0;0.0;0.0;0.0;0.0;0.0;1.0;0.0;Longo da via;Bom;Sem defeito;Perfeito estado;Seca;Perfeito estado;Não existe;Outras;;Dupla;Faixa seccionada;Canteiro central;;Manhã
2363;01/07/2020;11:50:00;COM VÍTIMA;FINALIZADA;IMBIRIBEIRA;AV MARECHAL MASCARENHAS DE MORAES;291;RUA MANOEL SERAFIM DO COUTO;EM FRENTE A FLOR E ARTE;IMBIRIBEIRA;;CIDADE;ABALROAMENTO TRANSVERSAL;1.0;1.0;0.0;0.0;0.0;0.0;0.0;0.0;0.0;1.0;0.0;Longo da via;Bom;Não existe;Perfeito estado;Seca;Perfeito estado;Não existe;Não há placas;;Dupla;Canteiro central;;;Manhã
2364;01/07/2020;12:42:00;SEM VÍTIMA;FINALIZADA;ALTO JOSÉ DO PINHO;RUA VALERIANO LOBO;5192;;AO LADO PADARIA ANDREA;ALTO JOSÉ DO PINHO;79.0;SUBURBIO;COLISÃO;2.0;0.0;0.0;0.0;0.0;0.0;0.0;0.0;0.0;0.0;0.0;Longo da via;Bom;Não existe;Perfeito estado;Seca;Perfeito estado;Não existe;R-6a;;Única;Não existe;;;Tarde
2365;01/07/2020;16:51:00;COM VÍTIMA;FINALIZADA;AREIAS;RUA JOSE NATARIO;38;AV DR JOSE RUFINO;AO LADO DA DROGASIL;AREIAS;44.0;;ABALROAMENTO TRANSVERSAL;2.0;0.0;0.0;0.0;0.0;0.0;0.0;0.0;0.0;1.0;0.0;Cruzamento;Bom;Sem defeito;Perfeito estado;Seca;Perfeito estado;Faixa de pedestre;Outras;30 km/h;Dupla;Faixa contínua;;;Tarde
2366;01/07/2020;17:43:00;SEM VÍTIMA;FINALIZADA;ÁGUA FRIA;AV BEBERIBE;2454;;AUTO ESCOLA PILOTO;ÁGUA FRIA;;SUBURBIO;COLISÃO;1.0;0.0;0.0;0.0;0.0;1.0;0.0;0.0;0.0;0.0;0.0;Longo da via;Bom;Não existe;Perfeito estado;Seca;Perfeito estado;Agente;Não há placas;;Dupla;Faixa contínua;;;Tarde
2367;02/07/2020;08:57:00;COM VÍTIMA;FINALIZADA;IPSEP;AV RECIFE;3460;AV RAIMUNDO DINIZ;EM FRENTE A LOJA JJK AUTOS;IPSEP;247.0;CIDADE;ABALROAMENTO TRANSVERSAL;1.0;1.0;0.0;0.0;0.0;0.0;0.0;0.0;0.0;2.0;0.0;Esquina;Bom;Desligado;Perfeito estado;Seca;Perfeito estado;Faixa de pedestre;Outras;60 km/h;Única;Faixa seccionada;;;Manhã
2368;02/07/2020;09:48:00;COM VÍTIMA;FINALIZADA;ESTÂNCIA;AV DR JOSE RUFINO;1428;;EM FRENTE A JR MOTOS;ESTÂNCIA;;SUBURBIO;COLISÃO FRONTAL;1.0;1.0;0.0;0.0;0.0;0.0;0.0;0.0;0.0;1.0;0.0;Longo da via;Bom;Sem defeito;Perfeito estado;Seca;Perfeito estado;Faixa de pedestre;;;Dupla;Faixa contínua;Faixa seccionada;;Manhã
2369;02/07/2020;10:09:00;SEM VÍTIMA;FINALIZADA;CABANGA;AV CAXANGA;;;PROX A UPA DA CAXANGA;CABANGA;;;COLISÃO;1.0;0.0;0.0;0.0;0.0;1.0;0.0;0.0;0.0;0.0;0.0;Ponte;Bom;Sem defeito;Perfeito estado;Seca;Perfeito estado;Faixa de retenção;R-6a;60KM;Única;Faixa seccionada;;;Manhã
2370;02/07/2020;11:27:00;COM VÍTIMA;FINALIZADA;MADALENA;RUA BENFICA;;RUA ARLINDO GOUVEIA;EM FRENTE AO INTERNACIONAL;MADALENA;629.0;CIDADE;COLISÃO COM CICLISTA;1.0;0.0;0.0;1.0;0.0;0.0;0.0;0.0;0.0;1.0;0.0;Longo da via;Bom;Sem defeito;Perfeito estado;Seca;Perfeito estado;Faixa de pedestre;;30 km/h;Única;;;;Manhã
2371;02/07/2020;13:39:00;COM VÍTIMA;FINALIZADA;ENCRUZILHADA;AV BEBERIBE;433;RUA PROFESSOR OTAVIO DE FREITAS;PROX AO BANCO DO BRASIL;ENCRUZILHADA;;CIDADE;ABALROAMENTO LONGITUDINAL;2.0;0.0;0.0;0.0;0.0;0.0;0.0;0.0;0.0;1.0;0.0;Longo da via;Bom;Sem defeito;Perfeito estado;Seca;Perfeito estado;Não existe;Não há placas;;Dupla;Faixa contínua;;;Tarde
2372;02/07/2020;14:52:00;COM VÍTIMA;FINALIZADA;TEJIPIÓ;AV LIBERDADE;1427;;E/F AO PRESIDIO ANIBAL BRUNO;TEJIPIÓ;;CIDADE;ABALROAMENTO TRANSVERSAL;0.0;2.0;0.0;0.0;0.0;0.0;0.0;0.0;0.0;1.0;0.0;Longo da via;Bom;Não existe;Perfeito estado;Seca;Perfeito estado;Não existe;Não há placas;;Dupla;Faixa contínua;;;Tarde
2373;03/07/2020;07:43:00;SEM VÍTIMA;FINALIZADA;BONGI;AV ENGENHEIRO ABDIAS DE CARVALHO;;AV GENERAL SAN MARTIN;FUNASE/COMPAZ;BONGI;58.0;SUBURBIO;ABALROAMENTO LONGITUDINAL;1.0;0.0;0.0;0.0;0.0;0.0;1.0;0.0;0.0;0.0;0.0;Longo da via;Chuvoso;Sem defeito;Perfeito estado;Molhada;Perfeito estado;Agente;R-6a;60 km/h;Única;Faixa seccionada;;;Manhã
2374;03/07/2020;08:20:00;SEM VÍTIMA;FINALIZADA;IMBIRIBEIRA;AV MARECHAL MASCARENHAS DE MORAES;;;LADO OPOSTO AO NÚCLEO DE AVIAÇÃO CIVIL DE RECIFE;IMBIRIBEIRA;;;CHOQUE OBJETO FIXO;1.0;0.0;0.0;0.0;0.0;0.0;0.0;0.0;0.0;0.0;0.0;;Chuvoso;Sem defeito;Perfeito estado;Molhada;Perfeito estado;Não existe;Não há placas;60 km/h;Única;Faixa seccionada;;;Manhã
2375;03/07/2020;08:42:00;COM VÍTIMA;FINALIZADA;SÃO JOSÉ;C SANTA RITA;;;EM FRENTE A GRANDE RECIFE;SÃO JOSÉ;;SUBURBIO;TOMBAMENTO;0.0;1.0;0.0;0.0;0.0;0.0;0.0;0.0;0.0;1.0;0.0;Longo da via;Chuvoso;Não existe;Perfeito estado;Molhada;Perfeito estado;Outros;Outras;60 km/h;Dupla;Canteiro central;;;Manhã
2376;03/07/2020;08:44:00;COM VÍTIMA;FINALIZADA;ARRUDA;AV BEBERIBE;1021;AV PROFESSOR JOSE DOS ANJOS;EM FRENTE AO POSTO BR;ARRUDA;;CIDADE;ABALROAMENTO TRANSVERSAL;1.0;1.0;0.0;0.0;0.0;0.0;0.0;0.0;0.0;1.0;0.0;Longo da via;Bom;Sem defeito;Perfeito estado;Seca;Perfeito estado;Não existe;R-6a;60 km/h;Dupla;Faixa seccionada;;;Manhã
2377;03/07/2020;09:12:00;COM VÍTIMA;FINALIZADA;SÃO JOSÉ;PRC SERGIO LORETO;;AV SUL;EM FRENTE A PRAÇA SERGIO LORETO;SÃO JOSÉ;311.0;CIDADE;COLISÃO TRASEIRA;1.0;1.0;0.0;0.0;0.0;0.0;0.0;0.0;0.0;1.0;0.0;Longo da via;Bom;Sem defeito;Perfeito estado;Seca;Perfeito estado;;;60 km/h;Única;Faixa contínua;Faixa seccionada;;Manhã
2378;03/07/2020;14:03:00;SEM VÍTIMA;FINALIZADA;PAISSANDU;AV GOVERNADOR AGAMENON MAGALHAES;;;HOSPITAL REAL PORTUGUÊS;PAISSANDU;;SUBURBIO;COLISÃO TRASEIRA;1.0;1.0;0.0;0.0;0.0;0.0;0.0;0.0;0.0;0.0;0.0;Longo da via;Bom;Sem defeito;Perfeito estado;Seca;Perfeito estado;Não existe;Não há placas;60 km/h;Única;Faixa seccionada;;;Tarde
2379;03/07/2020;18:51:00;COM VÍTIMA;FINALIZADA;TORREÃO;AV NORTE;1725;;EM FRENTE A CHEVROLLET PEDRAGON;TORREÃO;376.0;CIDADE;ABALROAMENTO LONGITUDINAL;1.0;1.0;0.0;0.0;0.0;0.0;0.0;0.0;0.0;1.0;0.0;Longo da via;Bom;Sem defeito;Perfeito estado;Seca;Perfeito estado;Agente;Não há placas;60 km/h;Dupla;Canteiro central;Blocos;;Noite
2380;03/07/2020;21:43:00;COM VÍTIMA;FINALIZADA;GRAÇAS;RUA ALBERTO PAIVA;;RUA ANTONIO NOVAIS;EM FRENTE MINDS ESCOLA DE INGLES;GRAÇAS;360.0;;ABALROAMENTO TRANSVERSAL;1.0;1.0;0.0;0.0;0.0;0.0;0.0;0.0;0.0;1.0;0.0;Cruzamento;Bom;Sem defeito;Perfeito estado;Seca;Perfeito estado;Não existe;Não há placas;;Única;;;;Noite
2381;04/07/2020;13:27:00;COM VÍTIMA;FINALIZADA;BOA VIAGEM;AV ENGENHEIRO DOMINGOS FERREIRA;2774;RUA PROFESSOR JOSE BRANDAO;E/F A FARMACIA INDEPENDENTE;BOA VIAGEM;551.0;SUBURBIO;ABALROAMENTO TRANSVERSAL;1.0;1.0;0.0;0.0;0.0;0.0;0.0;0.0;0.0;1.0;0.0;Cruzamento;Bom;Sem defeito;Perfeito estado;Seca;Perfeito estado;Faixa de pedestre;Outras;;Única;Faixa seccionada;Canteiro central;;Tarde
2382;04/07/2020;18:14:00;SEM VÍTIMA;FINALIZADA;SANTO AMARO;RUA DO POMBAL;;;E/F A ESCOLA ANIBAL FERNANDES;SANTO AMARO;;SUBURBIO;CHOQUE OBJETO FIXO;0.0;0.0;0.0;0.0;0.0;0.0;1.0;0.0;0.0;0.0;0.0;Longo da via;Bom;Não existe;Perfeito estado;Seca;Perfeito estado;Não existe;Não há placas;;Dupla;Faixa seccionada;;;Noite