indice;data;hora;natureza_acidente;situacao;bairro;endereco;numero;detalhe_endereco_acidente;complemento;bairro_cruzamento;num_semaforo;sentido_via;tipo;auto;moto;ciclom;ciclista;pedestre;onibus;caminhao;viatura;outros;vitimas;vitimasfatais;acidente_verificado;tempo_clima;situacao_semaforo;sinalizacao;condicao_via;conservacao_via;ponto_controle;situacao_placa;velocidade_max_via;mao_direcao;divisao_via1;divisao_via2;divisao_via3;turno
2383;04/07/2020;19:18:00;COM VÍTIMA;FINALIZADA;SANTO AMARO;AV GOVERNADOR AGAMENON MAGALHAES;;;AO LADO DO POSTO DESLURBE SENTIDO OLINDA VIA PRINCIPAL ANTES DO CAMPO DO 11. PARADA DE ÔNIBUS Nº 180191.;SANTO AMARO;;OLINDA;COLISÃO TRASEIRA;1.0;1.0;0.0;0.0;0.0;0.0;0.0;0.0;0.0;1.0;0.0;Longo da via;Bom;Não existe;Perfeito estado;Seca;Perfeito estado;Não existe;Não há placas;60 km/h;Dupla;Canteiro central;Canal;;Noite
2384;05/07/2020;05:36:00;SEM VÍTIMA;FINALIZADA;IMBIRIBEIRA;RUA ARQUITETO LUIZ NUNES;277;;;IMBIRIBEIRA;;SUBURBIO;CHOQUE VEÍCULO PARADO;2.0;0.0;0.0;0.0;0.0;0.0;0.0;0.0;0.0;0.0;0.0;Longo da via;Bom;Não existe;Perfeito estado;Seca;Perfeito estado;Não existe;;40 km/h;Dupla;Faixa contínua;;;Madrugada
2385;05/07/2020;06:45:00;SEM VÍTIMA;FINALIZADA;SÃO JOSÉ;C SANTA RITA;595;;EM FRENTE AS TORRES GEMÊAS;SÃO JOSÉ;;SUBURBIO;CHOQUE OBJETO FIXO;1.0;0.0;0.0;0.0;0.0;0.0;0.0;0.0;0.0;0.0;0.0;Longo da via;Chuvoso;Não existe;Perfeito estado;Molhada;Perfeito estado;Não existe;Não há placas;;Dupla;Canteiro central;;;Manhã
2386;05/07/2020;07:17:00;COM VÍTIMA;FINALIZADA;CASA AMARELA;AV NORTE;6500;;LADO OPOSTO A POLICLÍNICA PROFESSOR BARROS LIMA;CASA AMARELA;256.0;SUBURBIO;COLISÃO TRASEIRA;0.0;1.0;0.0;0.0;0.0;1.0;0.0;0.0;0.0;1.0;0.0;Longo da via;Chuvoso;Intermitente;Perfeito estado;Molhada;Perfeito estado;Faixa de pedestre;R-6a;;Dupla;Canteiro central;;;Manhã
2387;05/07/2020;23:04:00;COM VÍTIMA;FINALIZADA;MADALENA;RUA DOM MANOEL DA COSTA;146;RUA PIO IX;APOS O BAR DO AJENOR;MADALENA;;CIDADE;ABALROAMENTO TRANSVERSAL;1.0;1.0;0.0;0.0;0.0;0.0;0.0;0.0;0.0;2.0;0.0;Cruzamento;Chuvoso;Não existe;Incompleta;Molhada;Perfeito estado;Não existe;Não há placas;;Única;Faixa seccionada;;;Noite
2388;05/07/2020;23:05:00;SEM VÍTIMA;FINALIZADA;LINHA DO TIRO;RUA URIEL DE HOLANDA;613;;EM FRENTE AO Nº 613 E Nº 619;LINHA DO TIRO;;SUBURBIO;CHOQUE VEÍCULO PARADO;2.0;0.0;0.0;0.0;0.0;0.0;0.0;0.0;0.0;0.0;0.0;Longo da via;Bom;Não existe;Perfeito estado;Seca;Perfeito estado;Não existe;Não há placas;;Dupla;Faixa seccionada;;;Noite
2389;06/07/2020;07:18:00;COM VÍTIMA;FINALIZADA;BOA VISTA;RUA PRINCESA IZABEL;;RUA DA UNIAO;PRÓXIMO A DELEGACIA DE CRIMES CIBERNÉTICOS;BOA VISTA;167.0;CIDADE;COLISÃO TRASEIRA;1.0;1.0;0.0;0.0;0.0;0.0;0.0;0.0;0.0;1.0;0.0;Longo da via;Chuvoso;Sem defeito;Perfeito estado;Molhada;Perfeito estado;Faixa de pedestre;Não há placas;40 km/h;Única;Faixa contínua;;;Manhã
2390;06/07/2020;09:28:00;SEM VÍTIMA;FINALIZADA;IMBIRIBEIRA;AV GENERAL MAC ARTHUR;1653;;EM FRENTE A GIOVANNI SONDA MOVEIS DESIGN;IMBIRIBEIRA;;;COLISÃO;1.0;0.0;0.0;0.0;0.0;0.0;0.0;1.0;0.0;0.0;0.0;Longo da via;Bom;Sem defeito;Perfeito estado;Seca;Perfeito estado;Faixa de pedestre;R-6a;40KM;Única;Faixa seccionada;;;Manhã
2391;06/07/2020;11:04:00;COM VÍTIMA;FINALIZADA;IBURA;AV DOIS RIOS;;RUA RIO XINGU;;IBURA;351.0;SUBURBIO;ABALROAMENTO TRANSVERSAL;1.0;1.0;0.0;0.0;0.0;0.0;0.0;0.0;0.0;1.0;0.0;Cruzamento;Bom;Sem defeito;Perfeito estado;Seca;Perfeito estado;Faixa de pedestre;Não há placas;;Dupla;Faixa contínua;;;Manhã
2392;06/07/2020;15:39:00;COM VÍTIMA;FINALIZADA;IPUTINGA;AV CAXANGA;;AV LUIZ DE LACERDA;E/F A CHEVROLET AO LADO DA FORD GRANVIA S/T CAMARAGIBE;IPUTINGA;;SUBURBIO;ABALROAMENTO TRANSVERSAL;0.0;2.0;0.0;0.0;0.0;0.0;0.0;0.0;0.0;2.0;0.0;Longo da via;Bom;;Perfeito estado;Seca;Perfeito estado;;;;Única;;;;Tarde
2393;06/07/2020;15:56:00;COM VÍTIMA;FINALIZADA;JARDIM SÃO PAULO;RUA GUARULHOS;;RUA BRAGANCA;PROX AO VIADUTO DE JARDIM SAO PAULO NA RUA DA IGREJA PAULO HORTENCIO. POSTE B072999.;JARDIM SÃO PAULO;;BR 101;ABALROAMENTO TRANSVERSAL;2.0;0.0;0.0;0.0;0.0;0.0;0.0;0.0;0.0;1.0;0.0;Cruzamento;Bom;Não existe;Não existente;Seca;Perfeito estado;Não existe;Não há placas;;Dupla;Não existe;;;Tarde
2394;06/07/2020;17:10:00;COM VÍTIMA;FINALIZADA;MANGABEIRA;AV PROFESSOR JOSE DOS ANJOS;;EST VELHA DE AGUA FRIA;;MANGABEIRA;;SUBURBIO;CHOQUE VEÍCULO PARADO;0.0;1.0;0.0;0.0;0.0;0.0;1.0;0.0;0.0;1.0;0.0;Longo da via;Bom;Sem defeito;Perfeito estado;Seca;Perfeito estado;Não existe;R-6a;40 km/h;Dupla;Canteiro central;;;Tarde
2395;06/07/2020;17:27:00;COM VÍTIMA;FINALIZADA;BOA VIAGEM;RUA VISCONDE DE JEQUITINHONHA;;RUA CAPITAO ZUZINHA;NO SEMAFORO 433 GM JORGE ANDERSON E MARCIA NO LOCAL. PISTA LOCAL.;BOA VIAGEM;433.0;SUBURBIO;ABALROAMENTO LONGITUDINAL;1.0;1.0;0.0;0.0;0.0;0.0;0.0;0.0;0.0;1.0;0.0;Cruzamento;Bom;Sem defeito;Perfeito estado;Seca;Perfeito estado;Faixa de pedestre;R-4a;60 km/h;Única;Canteiro central;;;Tarde
2396;06/07/2020;21:15:00;COM VÍTIMA;FINALIZADA;BEBERIBE;AV BEBERIBE;2132;;PROX AO MERCADO DE AGUA FRIA. LOJÃO DOS PRESENTES.;BEBERIBE;187.0;CIDADE;COLISÃO FRONTAL;0.0;1.0;0.0;0.0;0.0;0.0;0.0;1.0;0.0;1.0;0.0;Longo da via;Chuvoso;Sem defeito;Perfeito estado;Molhada;Perfeito estado;Não existe;Outras;;Dupla;Faixa contínua;;;Noite
2397;07/07/2020;07:11:00;COM VÍTIMA;FINALIZADA;DOIS UNIDOS;RUA VARZEA DO GILO;;RUA VISCONDE DE GARRETT;PROX A VILA MIGUEL ARRAIS;DOIS UNIDOS;;SUBURBIO;TOMBAMENTO;0.0;0.0;0.0;1.0;0.0;0.0;0.0;0.0;0.0;1.0;0.0;;;;;;;;;;;;;;Manhã
2398;07/07/2020;07:43:00;COM VÍTIMA;FINALIZADA;SANTO AMARO;AV GOVERNADOR AGAMENON MAGALHAES;2885;;EM FRENTE A CONCEISIONARA DA JEEP- NA SUBIDA DO VIADUTO DE JOÃO DE BARROS;SANTO AMARO;;CIDADE;ABALROAMENTO LONGITUDINAL;1.0;1.0;0.0;0.0;0.0;0.0;0.0;0.0;0.0;1.0;0.0;Longo da via;Bom;Não existe;Perfeito estado;Seca;Perfeito estado;Não existe;Não há placas;60 km/h;Dupla;Canteiro central;;;Manhã
2399;07/07/2020;09:23:00;SEM VÍTIMA;FINALIZADA;BONGI;AV ENGENHEIRO ABDIAS DE CARVALHO;;AV GENERAL SAN MARTIN;FUNASE;BONGI;58.0;;COLISÃO TRASEIRA;3.0;0.0;0.0;0.0;0.0;0.0;0.0;0.0;0.0;0.0;0.0;Longo da via;Bom;Sem defeito;Perfeito estado;Seca;Perfeito estado;Agente;R-6a;60 km/h;Única;Faixa seccionada;;;Manhã
2400;07/07/2020;10:15:00;COM VÍTIMA;FINALIZADA;ÁGUA FRIA;RUA LADEIRA DE PEDRA;116;;SUBIDA DO ALTO PASQUAL;ÁGUA FRIA;;CIDADE;COLISÃO FRONTAL;1.0;1.0;0.0;0.0;0.0;0.0;1.0;0.0;0.0;5.0;0.0;Longo da via;Bom;Não existe;Incompleta;Seca;Perfeito estado;Não existe;Não há placas;;Dupla;Não existe;;;Manhã
2401;07/07/2020;11:11:00;SEM VÍTIMA;FINALIZADA;PARNAMIRIM;AV RUI BARBOSA;;RUA LEONARDO BEZERRA CAVALCANTE;;PARNAMIRIM;460.0;CIDADE;ABALROAMENTO TRANSVERSAL;2.0;0.0;0.0;0.0;0.0;0.0;0.0;0.0;0.0;0.0;0.0;Cruzamento;Bom;Com defeito;Perfeito estado;Seca;Perfeito estado;Faixa de pedestre;R-6a;;Única;Faixa contínua;;;Manhã
2402;07/07/2020;13:11:00;COM VÍTIMA;FINALIZADA;AFOGADOS;EST DOS REMEDIOS;1127;RUA MAGUARI;EM FRENTE A BELO AUTO PEÇAS AO LADO DO RESTAURANTE BODE DO MATUTO. CUNHA PNEUS.;AFOGADOS;;CIDADE;ABALROAMENTO TRANSVERSAL;1.0;1.0;0.0;0.0;0.0;0.0;0.0;0.0;0.0;1.0;0.0;Esquina;Bom;Não existe;Incompleta;Seca;Perfeito estado;Não existe;Não há placas;;Única;Faixa seccionada;;;Tarde
2403;07/07/2020;13:55:00;SEM VÍTIMA;FINALIZADA;BARRO;RUA CAPITAO PONCIANO;54;;EM FRENTE A IGREJA CATOLICA DO BARRO- AO LADO DO BJ AUTO PEÇAS;BARRO;;CIDADE;COLISÃO;2.0;0.0;0.0;0.0;0.0;0.0;0.0;0.0;0.0;0.0;0.0;Longo da via;Bom;Sem defeito;Perfeito estado;Seca;;Faixa de pedestre;R-6a;;Dupla;Faixa contínua;Faixa seccionada;;Tarde
2404;07/07/2020;15:27:00;SEM VÍTIMA;FINALIZADA;SANTO AMARO;AV NORTE;;RUA VINTE E QUATRO DE AGOSTO;SEMÁFORO 463 ( SOB);SANTO AMARO;463.0;CIDADE;COLISÃO FRONTAL;1.0;0.0;0.0;0.0;0.0;0.0;0.0;1.0;0.0;0.0;0.0;Cruzamento;Bom;Sem defeito;Perfeito estado;Seca;Perfeito estado;Faixa de retenção;Não há placas;;Única;Faixa seccionada;;;Tarde
2405;07/07/2020;16:28:00;SEM VÍTIMA;FINALIZADA;SANTO AMARO;PTE DO LIMOEIRO;;RUA DA AURORA;;SANTO AMARO;243.0;CIDADE;CHOQUE OBJETO FIXO;0.0;0.0;0.0;0.0;0.0;0.0;1.0;0.0;0.0;0.0;0.0;Ponte;Bom;Sem defeito;Perfeito estado;Seca;Perfeito estado;Agente;Não há placas;;Dupla;Faixa contínua;;;Tarde
2406;07/07/2020;16:34:00;SEM VÍTIMA;FINALIZADA;ENCRUZILHADA;RUA DR JOSE MARIA;;;EM FRENTE AO MERCADO DA ENCRUZILHADA;ENCRUZILHADA;;CIDADE;ABALROAMENTO LONGITUDINAL;2.0;0.0;0.0;0.0;0.0;0.0;0.0;0.0;0.0;0.0;0.0;Longo da via;Bom;Não existe;Incompleta;Seca;Perfeito estado;Faixa de pedestre;;;Única;Não existe;;;Tarde
2407;07/07/2020;18:32:00;SEM VÍTIMA;FINALIZADA;SANTO AMARO;AV VISCONDE DE SUASSUNA;;AV CRUZ CABUGA;AO LADO CAIXA ECONÔMICA;SANTO AMARO;32.0;SUBURBIO;COLISÃO TRASEIRA;1.0;1.0;0.0;0.0;0.0;0.0;0.0;0.0;0.0;0.0;0.0;Cruzamento;Bom;Sem defeito;Perfeito estado;Seca;Perfeito estado;Faixa de pedestre;Não há placas;40 km/h;Única;Faixa seccionada;;;Noite
2408;07/07/2020;18:58:00;COM VÍTIMA;FINALIZADA;CASA FORTE;RUA AFONSO DE ALBUQUERQUE MELO;;;POR TRAS DO BOMPREÇO DE CASA FORTE E EM FRENTE AO RESTAURANTE TITO;CASA FORTE;;CIDADE;COLISÃO COM CICLISTA;1.0;0.0;0.0;1.0;0.0;0.0;0.0;0.0;0.0;1.0;0.0;Longo da via;Bom;Não existe;;;;;;;Única;;;;Noite
2409;07/07/2020;20:13:00;COM VÍTIMA;FINALIZADA;GRAÇAS;RUA ESMERALDINO BANDEIRA;395;;PRÓX AO BAR TRADIÇÃO;GRAÇAS;;SUBURBIO;CAPOTAMENTO;1.0;1.0;0.0;0.0;0.0;0.0;0.0;0.0;0.0;1.0;0.0;Longo da via;Bom;Não existe;Não existente;Seca;Perfeito estado;Não existe;Não há placas;;Única;Não existe;;;Noite
2410;07/07/2020;22:25:00;SEM VÍTIMA;FINALIZADA;DERBY;RUA BENFICA;;;PRÓX AO CLUBE INTERNACIONAL DO RECIFE;DERBY;590.0;;COLISÃO;1.0;0.0;0.0;0.0;0.0;0.0;0.0;1.0;0.0;0.0;0.0;Outros;Chuvoso;Sem defeito;Incompleta;Molhada;Outros;Não existe;Não há placas;N/I;Única;Faixa seccionada;;;Noite
2411;08/07/2020;11:39:00;COM VÍTIMA;FINALIZADA;SANTO AMARO;RUA DO HOSPICIO;;RUA PRINCESA IZABEL;AO LADO DO PARQUE TREZE DE MAIO. CAMARA DOS VEREADORES.;SANTO AMARO;31.0;CIDADE;ABALROAMENTO LONGITUDINAL;1.0;1.0;0.0;0.0;0.0;0.0;0.0;0.0;0.0;1.0;0.0;Longo da via;Bom;Sem defeito;Perfeito estado;Seca;Perfeito estado;;Outras;;Dupla;Não existe;;;Manhã
2412;08/07/2020;15:25:00;SEM VÍTIMA;FINALIZADA;TAMARINEIRA;EST VELHA DE AGUA FRIA;;;;TAMARINEIRA;;;COLISÃO;0.0;0.0;0.0;0.0;0.0;0.0;0.0;0.0;0.0;0.0;0.0;Cruzamento;Bom;Não existe;Não existente;Seca;Perfeito estado;Não existe;Não há placas;N/I;;Faixa contínua;;;Tarde
2413;08/07/2020;20:18:00;SEM VÍTIMA;FINALIZADA;JOANA BEZERRA;PTE JOSE DE BARROS LIMA;;;SOB A PASSARELA DO FORUM JOANA BEZERRA;JOANA BEZERRA;;;COLISÃO;2.0;0.0;0.0;0.0;0.0;0.0;0.0;0.0;0.0;0.0;0.0;Ponte;Bom;Não existe;Perfeito estado;Seca;Perfeito estado;Não existe;Não há placas;60KM;Dupla;Faixa seccionada;Canteiro central;;Noite
2414;09/07/2020;08:20:00;COM VÍTIMA;FINALIZADA;BOA VIAGEM;RUA RIBEIRO DE BRITO;1084;RUA GENERAL AMERICANO FREIRE;EM FRENTE AO POSTO BR;BOA VIAGEM;;SUBURBIO;ABALROAMENTO LONGITUDINAL;2.0;1.0;0.0;0.0;0.0;0.0;0.0;0.0;0.0;2.0;0.0;Cruzamento;Chuvoso;Não existe;Perfeito estado;Molhada;Perfeito estado;Não existe;R-6a;;Única;Faixa seccionada;;;Manhã
2415;09/07/2020;11:48:00;COM VÍTIMA;FINALIZADA;IPSEP;AV RECIFE;;;APÓS O SAL E BRASA. PONTO DE ÔNIBUS Nº 020133.;IPSEP;393.0;CEASA;COLISÃO COM CICLISTA;0.0;0.0;0.0;1.0;0.0;1.0;0.0;0.0;0.0;1.0;0.0;Longo da via;Bom;Sem defeito;Perfeito estado;Seca;Perfeito estado;Faixa de pedestre;R-32;60 km/h;Dupla;Canteiro central;;;Manhã
2416;09/07/2020;11:58:00;SEM VÍTIMA;FINALIZADA;PINA;AV REPUBLICA DO LIBANO;40;;LADO OPOSTO AO N 40;PINA;;SUBURBIO;COLISÃO;2.0;0.0;0.0;0.0;0.0;0.0;0.0;0.0;0.0;0.0;0.0;Longo da via;Bom;Não existe;Não existente;Seca;Perfeito estado;Não existe;Não há placas;;Dupla;Não existe;;;Manhã
2417;09/07/2020;16:24:00;COM VÍTIMA;FINALIZADA;BAIRRO DO RECIFE;PTE BUARQUE DE MACEDO;;;EM FRENTE AO BANCO DO BRASIL;BAIRRO DO RECIFE;19.0;;ABALROAMENTO LONGITUDINAL;2.0;0.0;0.0;0.0;0.0;0.0;0.0;0.0;0.0;1.0;0.0;Ponte;Bom;Sem defeito;Perfeito estado;Seca;Perfeito estado;Outros;Outras;;;Faixa contínua;Faixa seccionada;;Tarde
2418;09/07/2020;17:31:00;COM VÍTIMA;FINALIZADA;BOA VIAGEM;RUA SA E SOUZA;;RUA BALTAZAR PASSOS;E/F A CULTURA INGLESA;BOA VIAGEM;;SUBURBIO;ABALROAMENTO LONGITUDINAL;1.0;0.0;0.0;0.0;0.0;0.0;1.0;0.0;0.0;1.0;0.0;Cruzamento;Chuvoso;Não existe;Perfeito estado;Molhada;Perfeito estado;;Placas Pare;;Única;Faixa seccionada;;;Tarde
2419;09/07/2020;17:44:00;COM VÍTIMA;FINALIZADA;CASA AMARELA;EST DO ARRAIAL;;RUA DES GOIS CAVALCANTE;EM FRENTE AO HOSPITAL AGAMENON MAGALHAES;CASA AMARELA;;;ABALROAMENTO LONGITUDINAL;0.0;2.0;0.0;0.0;0.0;0.0;0.0;0.0;0.0;1.0;0.0;Esquina;Bom;Sem defeito;Perfeito estado;Seca;Perfeito estado;;Outras;;Única;Faixa seccionada;;;Tarde
2420;10/07/2020;08:46:00;SEM VÍTIMA;FINALIZADA;NOVA DESCOBERTA;RUA NOVA DESCOBERTA;1017;;EM FRENTE AO ECOPONTO;NOVA DESCOBERTA;;;ENGAVETAMENTO;3.0;0.0;0.0;0.0;0.0;0.0;0.0;0.0;0.0;0.0;0.0;;;;;;;;;;;;;;Manhã
2421;10/07/2020;13:39:00;COM VÍTIMA;FINALIZADA;SANTO AMARO;AV CRUZ CABUGA;;RUA CAPITAO LIMA;EM FRENTE A IGREJA UNIVERSAL.;SANTO AMARO;;SUBURBIO;ABALROAMENTO LONGITUDINAL;1.0;1.0;0.0;0.0;0.0;0.0;0.0;0.0;0.0;1.0;0.0;Longo da via;Bom;;Perfeito estado;Seca;Perfeito estado;Outros;Outras;;Dupla;Faixa contínua;Faixa seccionada;;Tarde
2422;11/07/2020;09:16:00;SEM VÍTIMA;FINALIZADA;BOA VIAGEM;RUA DOM JOSE LOPES;;AV FERNANDO SIMOES BARBOSA;;BOA VIAGEM;;JABOATÃO;CHOQUE OBJETO FIXO;0.0;0.0;0.0;0.0;0.0;0.0;1.0;0.0;0.0;0.0;0.0;Cruzamento;Bom;Não existe;Perfeito estado;Seca;Perfeito estado;Faixa de pedestre;R-6a;;Dupla;Canal;;;Manhã
2423;11/07/2020;10:55:00;COM VÍTIMA;FINALIZADA;IMBIRIBEIRA;AV MARECHAL MASCARENHAS DE MORAES;6345;;EM FRENTE A SUCESSO LOCADORA DE VEÍCULOS;IMBIRIBEIRA;;CIDADE;COLISÃO TRASEIRA;1.0;1.0;0.0;0.0;0.0;0.0;0.0;0.0;0.0;1.0;0.0;Longo da via;Bom;Não existe;Perfeito estado;Seca;Perfeito estado;Não existe;Outras;60 km/h;Dupla;Canteiro central;;;Manhã
2424;11/07/2020;11:56:00;COM VÍTIMA;FINALIZADA;TORRE;AV BEIRA RIO;;RUA JANUARIO BARBOSA;;TORRE;;;CHOQUE;2.0;0.0;0.0;0.0;0.0;0.0;0.0;0.0;0.0;1.0;0.0;Cruzamento;Chuvoso;Não existe;Perfeito estado;Seca;Perfeito estado;Faixa de pedestre;R-6a;;Dupla;Faixa seccionada;;;Manhã
2425;11/07/2020;13:31:00;COM VÍTIMA;FINALIZADA;NOVA DESCOBERTA;AV JOSE AMERICO DE ALMEIDA;151;;E/F AO EDF. RESIDENCIAL AQUARELA;NOVA DESCOBERTA;;CIDADE;ABALROAMENTO TRANSVERSAL;1.0;1.0;0.0;0.0;0.0;0.0;0.0;0.0;0.0;1.0;0.0;Longo da via;Chuvoso;Não existe;Não existente;Molhada;Perfeito estado;Não existe;Não há placas;;Dupla;Canteiro central;;;Tarde
2426;11/07/2020;14:20:00;COM VÍTIMA;FINALIZADA;IPSEP;RUA PINTOR ANTONIO ALBUQUERQUE;525;;EM FRENTE A OFICINA R13/PROX A ENTRADA DO BAR DE LUCIANO;IPSEP;;CIDADE;COLISÃO FRONTAL;1.0;1.0;0.0;0.0;0.0;0.0;0.0;0.0;0.0;1.0;0.0;Longo da via;Chuvoso;Não existe;Perfeito estado;Molhada;Perfeito estado;Não existe;;;Dupla;Não existe;;;Tarde
2427;11/07/2020;15:19:00;COM VÍTIMA;FINALIZADA;SANTO ANTÔNIO;AV GUARARAPES;;AV DANTAS BARRETO;EM FRENTE AO PREDIO DO INSS;SANTO ANTÔNIO;15.0;SUBURBIO;ATROPELAMENTO;0.0;0.0;0.0;0.0;1.0;1.0;0.0;0.0;0.0;1.0;0.0;Cruzamento;Chuvoso;Sem defeito;Perfeito estado;Molhada;Perfeito estado;Faixa de pedestre;Outras;;;Faixa seccionada;Canteiro central;;Tarde
2428;11/07/2020;17:38:00;COM VÍTIMA;FINALIZADA;MONTEIRO;AV DEZESSETE DE AGOSTO;2290;RUA PIAUI;AO LADO DO CENTRO OFTAMOLOGICO SENADOR ERMIRIO DE MORAES/ AO LADO DO POSTO DISLUB;MONTEIRO;251.0;CIDADE;COLISÃO FRONTAL;1.0;1.0;0.0;0.0;0.0;0.0;0.0;0.0;0.0;1.0;0.0;Cruzamento;Chuvoso;Sem defeito;Perfeito estado;Molhada;Perfeito estado;Faixa de pedestre;Outras;;Dupla;Faixa contínua;;;Tarde
2429;11/07/2020;21:32:00;COM VÍTIMA;FINALIZADA;BOA VIAGEM;AV ENGENHEIRO DOMINGOS FERREIRA;3175;RUA MAMANGUAPE;DROGARIA SÃO PAULO;BOA VIAGEM;;SUBURBIO;COLISÃO TRASEIRA;1.0;1.0;0.0;0.0;0.0;0.0;0.0;0.0;0.0;1.0;0.0;Longo da via;Chuvoso;Não existe;Perfeito estado;Molhada;Perfeito estado;Não existe;Não há placas;;Única;Faixa seccionada;Canteiro central;;Noite
2430;12/07/2020;00:18:00;COM VÍTIMA;FINALIZADA;TORRÕES;RUA PROFESSOR JOAQUIM XAVIER DE BRITO;166;RUA OCIDENTAL;TÉRMINAL SÍTIO DAS PALMEIRAS;TORRÕES;;SUBURBIO;ABALROAMENTO TRANSVERSAL;1.0;1.0;0.0;0.0;0.0;0.0;0.0;0.0;0.0;1.0;0.0;Cruzamento;Chuvoso;Não existe;Ilegível;Molhada;Perfeito estado;Não existe;Placas Pare;;Dupla;Não existe;;;Madrugada
2431;12/07/2020;09:38:00;COM VÍTIMA;FINALIZADA;CASA FORTE;EST DO ENCANAMENTO;;EST DAS UBAIAS-;PROX A FARMACIA DROGASIL;CASA FORTE;593.0;CIDADE;ABALROAMENTO LONGITUDINAL;2.0;0.0;0.0;0.0;0.0;0.0;0.0;0.0;0.0;1.0;0.0;Cruzamento;Bom;Sem defeito;Perfeito estado;Seca;Perfeito estado;;;40 km/h;Única;Faixa;;;Manhã
2432;12/07/2020;16:40:00;SEM VÍTIMA;FINALIZADA;BOA VIAGEM;RUA JOAO CARDOSO AIRES;;AV MARECHAL JUAREZ TAVORA;NO SEMAFORO 478;BOA VIAGEM;;;COLISÃO;2.0;0.0;0.0;0.0;0.0;0.0;0.0;0.0;0.0;0.0;0.0;;;;;;;;;;;;;;Tarde
2433;12/07/2020;18:31:00;COM VÍTIMA;FINALIZADA;SANCHO;AV LIBERDADE;102;;ENF. AO CEMITERIO PARQUE DAS FLORES.;SANCHO;;SUBURBIO;COLISÃO FRONTAL;1.0;1.0;0.0;0.0;0.0;0.0;0.0;0.0;0.0;1.0;0.0;Longo da via;Bom;Não existe;Não existente;Seca;Perfeito estado;Não existe;Não há placas;40 km/h;Dupla;Faixa contínua;;;Noite
2434;12/07/2020;19:18:00;COM VÍTIMA;FINALIZADA;SANTANA;RUA ASTERIO RUFINO ALVES;238;RUA AGRESTINA;E/F A PRC COMPOSITOR ANTONIO MARIA E AO EDF. BARONESA DE GURJAHÚ - APÓS O CPRH // PRÓX AO PARQUE SANTANA;SANTANA;;SUBURBIO;ABALROAMENTO LONGITUDINAL;0.0;2.0;0.0;0.0;0.0;0.0;0.0;0.0;0.0;1.0;0.0;Esquina;Bom;Não existe;Não existente;Seca;Perfeito estado;Não existe;Não há placas;;Dupla;Não existe;;;Noite
2435;12/07/2020;19:59:00;SEM VÍTIMA;FINALIZADA;PINA;VDO PAPA JOAO PAULO II;;;POR CIMA DA PONTE ENTRE O CABANGA E FORUM SENTIDO CIDADE;PINA;;;ENGAVETAMENTO;3.0;0.0;0.0;0.0;0.0;0.0;0.0;0.0;0.0;0.0;0.0;;;;;;;;;;;;;;Noite
2436;12/07/2020;20:30:00;COM VÍTIMA;FINALIZADA;ÁGUA FRIA;RUA JOAQUIM GONCALVES TORREIRO;113;;PRÓX A BODEGA BAR E PADARIA SANTO ANTONIO;ÁGUA FRIA;;SUBURBIO;CHOQUE VEÍCULO PARADO;1.0;1.0;0.0;0.0;0.0;0.0;0.0;0.0;0.0;1.0;0.0;Longo da via;Bom;Não existe;Não existente;Seca;Mal iluminada;Não existe;Não há placas;;Dupla;Não existe;;;Noite
2437;13/07/2020;07:27:00;COM VÍTIMA;FINALIZADA;MADALENA;AV BEIRA RIO;51;RUA PADRE ANCHIETA;EM FRENTE A ACADEMIA DA CIDADE. AO LADO DA PRAÇA DOMINGOS GIOVANETTI.;MADALENA;;SUBURBIO;COLISÃO COM CICLISTA;1.0;0.0;0.0;1.0;0.0;0.0;0.0;0.0;0.0;1.0;0.0;Cruzamento;Bom;Sem defeito;Ilegível;Seca;Perfeito estado;Não existe;R-6a;;Dupla;Faixa;;;Manhã
2438;13/07/2020;08:01:00;SEM VÍTIMA;FINALIZADA;SÃO JOSÉ;VDO PAPA JOAO PAULO II;;;SOBRE AV SUL GOVERNADOR CID SAMPAIO;SÃO JOSÉ;;;COLISÃO TRASEIRA;3.0;0.0;0.0;0.0;0.0;0.0;0.0;0.0;0.0;0.0;0.0;Viaduto;Bom;Não existe;Perfeito estado;Seca;Perfeito estado;Não existe;Não há placas;60 km/h;Dupla;Faixa contínua;Faixa seccionada;;Manhã
2439;13/07/2020;08:05:00;SEM VÍTIMA;FINALIZADA;BOA VIAGEM;RUA JOAO CARDOSO AIRES;;AV MARECHAL JUAREZ TAVORA;;BOA VIAGEM;478.0;SUBURBIO;ABALROAMENTO TRANSVERSAL;2.0;0.0;0.0;0.0;0.0;0.0;0.0;0.0;0.0;0.0;0.0;Cruzamento;Bom;Sem defeito;Perfeito estado;Seca;Perfeito estado;Faixa de pedestre;Não há placas;;Única;;;;Manhã
2440;13/07/2020;08:07:00;SEM VÍTIMA;FINALIZADA;NOVA DESCOBERTA;RUA NOVA DESCOBERTA;1051;;;NOVA DESCOBERTA;;CIDADE;COLISÃO TRASEIRA;3.0;0.0;0.0;0.0;0.0;0.0;0.0;0.0;0.0;0.0;0.0;Longo da via;Bom;Não existe;Perfeito estado;Seca;Perfeito estado;Não existe;Não há placas;40 km/h;Dupla;Faixa seccionada;;;Manhã