indice;data;hora;natureza_acidente;situacao;bairro;endereco;numero;detalhe_endereco_acidente;complemento;bairro_cruzamento;num_semaforo;sentido_via;tipo;auto;moto;ciclom;ciclista;pedestre;onibus;caminhao;viatura;outros;vitimas;vitimasfatais;acidente_verificado;tempo_clima;situacao_semaforo;sinalizacao;condicao_via;conservacao_via;ponto_controle;situacao_placa;velocidade_max_via;mao_direcao;divisao_via1;divisao_via2;divisao_via3;turno
2441;13/07/2020;08:44:00;SEM VÍTIMA;FINALIZADA;BOA VIAGEM;RUA ERNESTO DE PAULA SANTOS;940;RUA DR JOAO GUILHERME DE P SOBRINHO;EM FRENTE A UNIMED BOA VIAGEM;BOA VIAGEM;;;ENGAVETAMENTO;4.0;0.0;0.0;0.0;0.0;0.0;0.0;0.0;0.0;0.0;0.0;Longo da via;Bom;Sem defeito;Perfeito estado;Seca;Perfeito estado;Faixa de pedestre;Não há placas;;Única;Faixa contínua;Faixa seccionada;;Manhã
2442;13/07/2020;08:54:00;COM VÍTIMA;FINALIZADA;AREIAS;AV RECIFE;;;PROX AO MAKRO. LADO OPOSTO AO POSTO BR;AREIAS;620.0;AEROPORTO;ABALROAMENTO LONGITUDINAL;0.0;1.0;0.0;0.0;0.0;0.0;0.0;0.0;0.0;1.0;0.0;Longo da via;Bom;Sem defeito;Incompleta;Seca;Perfeito estado;Faixa de retenção;Outras;60 km/h;Dupla;Canteiro central;;;Manhã
2443;13/07/2020;09:37:00;COM VÍTIMA;FINALIZADA;JAQUEIRA;AV RUI BARBOSA;;RUA DEPUTADO PEDRO PIRES FERREIRA;PRÓXIMO AO PARQUE DA JAQUEIRA;JAQUEIRA;;SUBURBIO;ABALROAMENTO TRANSVERSAL;1.0;1.0;0.0;0.0;0.0;0.0;0.0;0.0;0.0;1.0;0.0;Longo da via;Bom;Não existe;Perfeito estado;Seca;Perfeito estado;;Outras;;Única;Faixa contínua;;;Manhã
2444;13/07/2020;10:21:00;COM VÍTIMA;FINALIZADA;CORDEIRO;AV INACIO MONTEIRO;;RUA ITABORA;COLÉGIO ALBERT SABIN;CORDEIRO;;CIDADE;ABALROAMENTO TRANSVERSAL;1.0;1.0;0.0;0.0;0.0;0.0;0.0;0.0;0.0;1.0;0.0;Cruzamento;Bom;Não existe;Ilegível;Seca;Perfeito estado;Não existe;Placas Pare;;Dupla;Faixa contínua;;;Manhã
2445;13/07/2020;10:24:00;SEM VÍTIMA;FINALIZADA;MADALENA;RUA NOBRE DE LACERDA;;RUA MONSENHOR JULIO MARIA;;MADALENA;;SUBURBIO;COLISÃO;2.0;0.0;0.0;0.0;0.0;0.0;0.0;0.0;0.0;0.0;0.0;Cruzamento;Bom;Sem defeito;Perfeito estado;Seca;Perfeito estado;Não existe;R-4a;;Única;Não existe;;;Manhã
2446;13/07/2020;10:54:00;SEM VÍTIMA;FINALIZADA;IPSEP;AV PRESIDENTE DUTRA;105;;EM FRENTE A CHURRASCARIA SAL E BRASA;IPSEP;;SUBURBIO;COLISÃO;1.0;0.0;0.0;0.0;0.0;0.0;0.0;1.0;0.0;0.0;0.0;Longo da via;Bom;Sem defeito;Perfeito estado;Seca;Perfeito estado;;Não há placas;;Dupla;Canteiro central;;;Manhã
2447;13/07/2020;11:04:00;SEM VÍTIMA;FINALIZADA;BOA VIAGEM;AV CONSELHEIRO AGUIAR;3572;;SEMAF 115;BOA VIAGEM;115.0;CIDADE;COLISÃO;1.0;0.0;0.0;0.0;0.0;1.0;0.0;0.0;0.0;0.0;0.0;Longo da via;Bom;Sem defeito;Perfeito estado;Seca;Perfeito estado;Faixa de pedestre;R-6a;;Única;Faixa contínua;Faixa seccionada;;Manhã
2448;13/07/2020;12:39:00;SEM VÍTIMA;FINALIZADA;IMBIRIBEIRA;AV MARECHAL MASCARENHAS DE MORAES;533;;EM FRENTE AO ARMAZEM CORAL LADO OPOSTO;IMBIRIBEIRA;286.0;CIDADE;COLISÃO;1.0;1.0;0.0;0.0;0.0;0.0;0.0;0.0;0.0;0.0;0.0;Cruzamento;Bom;Sem defeito;Perfeito estado;Seca;Perfeito estado;Faixa de pedestre;Não há placas;;Dupla;Canteiro central;;;Tarde
2449;13/07/2020;13:16:00;COM VÍTIMA;FINALIZADA;ILHA JOANA BEZERRA;RUA IMPERIAL;1217;RUA BOM SUCESSO;ANTES DO VIADUTO DA JOANA BEZERRA /PROX AO COLEGIO JOAQUIM NABUCO. PANIFICADORA PÃO PÃO.;ILHA JOANA BEZERRA;;SUBURBIO;ABALROAMENTO LONGITUDINAL;1.0;1.0;0.0;0.0;0.0;0.0;0.0;0.0;0.0;2.0;0.0;Esquina;Bom;Não existe;Perfeito estado;Seca;Perfeito estado;Não existe;R-6a;;Única;Faixa seccionada;;;Tarde
2450;13/07/2020;13:39:00;COM VÍTIMA;FINALIZADA;AFOGADOS;RUA SAO MIGUEL;2027;;EM FRENTE A FÁBRICA DA IOLANDA. POSTO PETROISA.;AFOGADOS;;SUBURBIO;ABALROAMENTO TRANSVERSAL;1.0;2.0;0.0;0.0;0.0;0.0;0.0;0.0;0.0;1.0;0.0;Longo da via;Bom;Não existe;Incompleta;Seca;Perfeito estado;Não existe;Não há placas;;Dupla;Faixa seccionada;;;Tarde
2451;13/07/2020;15:55:00;COM VÍTIMA;FINALIZADA;IMBIRIBEIRA;AV MARECHAL MASCARENHAS DE MORAES;417;;EM FRENTE A FLOR E ARTE;IMBIRIBEIRA;;CIDADE;ABALROAMENTO TRANSVERSAL;1.0;1.0;0.0;0.0;0.0;0.0;0.0;0.0;0.0;1.0;0.0;Longo da via;Bom;Sem defeito;Perfeito estado;Seca;Perfeito estado;Faixa de pedestre;R-6a;60 km/h;Dupla;Canteiro central;;;Tarde
2452;13/07/2020;16:06:00;COM VÍTIMA;FINALIZADA;ARRUDA;RUA ZEFERINO AGRA;933;RUA DEZESSEIS DE JULHO;APÓS A ESCOLA ALFREDO FREIRE -PROX A DESTRIBUIDORA DE GÁS;ARRUDA;;SUBURBIO;ABALROAMENTO LONGITUDINAL;1.0;1.0;0.0;0.0;0.0;0.0;0.0;0.0;0.0;1.0;0.0;Cruzamento;Bom;Não existe;Não existente;Seca;Perfeito estado;Não existe;Não há placas;;Dupla;Faixa seccionada;;;Tarde
2453;13/07/2020;16:56:00;COM VÍTIMA;FINALIZADA;MACAXEIRA;AV NORTE;;RUA MARIA CANDIDA;EM FRENTE A ESCOLA TECNICA MIGUEL BATISTA. ANTIGA FÁBRICA DA MACAXEIRA.;MACAXEIRA;296.0;CIDADE;ATROPELAMENTO;1.0;0.0;0.0;0.0;1.0;0.0;0.0;0.0;0.0;1.0;0.0;Longo da via;Bom;Sem defeito;Perfeito estado;Seca;Perfeito estado;Faixa de pedestre;Não há placas;60 km/h;Dupla;Canteiro central;;;Tarde
2454;13/07/2020;17:02:00;SEM VÍTIMA;FINALIZADA;AFOGADOS;RUA RUBIACEA;150;;PROX A CRECHE MUNICIPAL;AFOGADOS;;;COLISÃO;2.0;0.0;0.0;0.0;0.0;0.0;0.0;0.0;0.0;0.0;0.0;Longo da via;Bom;Não existe;Não existente;Seca;Perfeito estado;Não existe;Não há placas;30 km/h;Dupla;Não existe;;;Tarde
2455;13/07/2020;17:30:00;SEM VÍTIMA;FINALIZADA;IMBIRIBEIRA;RUA ARQUITETO LUIZ NUNES;;;DESCIDA DA PONTE MOTOCOLOMBO;IMBIRIBEIRA;;SUBURBIO;COLISÃO;2.0;0.0;0.0;0.0;0.0;0.0;0.0;0.0;0.0;0.0;0.0;Longo da via;Chuvoso;Não existe;Perfeito estado;Molhada;Perfeito estado;Não existe;R-6a;40 km/h;Única;Faixa seccionada;;;Tarde
2456;13/07/2020;18:21:00;COM VÍTIMA;FINALIZADA;CORDEIRO;AV CAXANGA;;AV GENERAL SAN MARTIN;AO LADO DA ESTAÇÃO BRT. INTEGRAÇÃO GETÚLIO VARGAS.;CORDEIRO;266.0;CIDADE;ATROPELAMENTO;0.0;1.0;0.0;0.0;1.0;0.0;0.0;0.0;0.0;1.0;0.0;Longo da via;Bom;Sem defeito;Perfeito estado;Seca;Perfeito estado;Faixa de pedestre;Outras;;Dupla;Canteiro central;;;Noite
2457;13/07/2020;19:07:00;COM VÍTIMA;FINALIZADA;MADALENA;AV BEIRA RIO;650;RUA JANUARIO BARBOSA;EM FRENTE AO EDF PASARGADA;MADALENA;;;ABALROAMENTO TRANSVERSAL;1.0;1.0;0.0;0.0;0.0;0.0;0.0;0.0;0.0;1.0;0.0;Esquina;Chuvoso;Não existe;Perfeito estado;Molhada;Perfeito estado;Não existe;R-6a;;Dupla;Faixa seccionada;;;Noite
2458;13/07/2020;21:40:00;SEM VÍTIMA;FINALIZADA;JARDIM SÃO PAULO;RUA LEANDRO BARRETO;1025;RUA LORENA;EM FRENTE 1025;JARDIM SÃO PAULO;;SUBURBIO;ABALROAMENTO TRANSVERSAL;1.0;1.0;0.0;0.0;0.0;0.0;0.0;0.0;0.0;0.0;0.0;Cruzamento;Chuvoso;Não existe;;Seca;Mal conservada;Não existe;Não há placas;;Dupla;Não existe;;;Noite
2459;14/07/2020;02:11:00;COM VÍTIMA;FINALIZADA;BOA VIAGEM;AV DES JOSE NEVES;309;;SENTIDO PIEDADE- CERCA DE 500 METROS APÓS O TÚNEL;BOA VIAGEM;;SUBURBIO;ABALROAMENTO LONGITUDINAL;1.0;1.0;0.0;0.0;0.0;0.0;0.0;0.0;0.0;1.0;0.0;Longo da via;Bom;Não existe;Perfeito estado;Seca;Perfeito estado;Não existe;Não há placas;;Dupla;Canal;;;Madrugada
2460;14/07/2020;06:25:00;COM VÍTIMA;FINALIZADA;DERBY;AV GOVERNADOR AGAMENON MAGALHAES;;RUA HENRIQUE DIAS;EM FRENTE AO ANTIGO RESTAURANTE SPETTUS;DERBY;68.0;CIDADE;ABALROAMENTO TRANSVERSAL;1.0;2.0;0.0;0.0;0.0;0.0;0.0;0.0;0.0;2.0;0.0;Cruzamento;Bom;Sem defeito;Perfeito estado;Seca;Perfeito estado;Faixa de pedestre;R-6a;60 km/h;Única;Faixa;;;Manhã
2461;14/07/2020;11:42:00;SEM VÍTIMA;FINALIZADA;AFOGADOS;RUA NICOLAU PEREIRA;129;;PRÓXIMO AO PONTILHÃO DO METRÔ;AFOGADOS;;CIDADE;COLISÃO TRASEIRA;2.0;0.0;0.0;0.0;0.0;0.0;0.0;0.0;0.0;0.0;0.0;Longo da via;Bom;Não existe;Perfeito estado;Seca;Perfeito estado;Não existe;Não há placas;60 km/h;Única;Faixa seccionada;;;Manhã
2462;14/07/2020;17:48:00;COM VÍTIMA;FINALIZADA;MADALENA;RUA PADRE LANDIM;;RUA DOM MANOEL DA COSTA;E/F A ESCOLA MUNICIPAL CRISTO REI;MADALENA;252.0;CIDADE;COLISÃO COM CICLISTA;1.0;0.0;0.0;1.0;0.0;0.0;0.0;0.0;0.0;1.0;0.0;Cruzamento;Bom;Não existe;Perfeito estado;Seca;Perfeito estado;Faixa de pedestre;Outras;;Única;Faixa seccionada;;;Tarde
2463;14/07/2020;18:36:00;COM VÍTIMA;FINALIZADA;DERBY;AV GOVERNADOR AGAMENON MAGALHAES;;;ENF. AO HAPIVIDA PROX AO BANCO DO BRASIL;DERBY;;SUBURBIO;ABALROAMENTO LONGITUDINAL;1.0;1.0;0.0;0.0;0.0;0.0;0.0;0.0;0.0;1.0;0.0;Longo da via;Bom;Não existe;Perfeito estado;Seca;Perfeito estado;Outros;Não há placas;;Única;Faixa seccionada;;;Noite
2464;14/07/2020;20:20:00;COM VÍTIMA;FINALIZADA;BOA VIAGEM;RUA JOAO CARDOSO AIRES;647;RUA ALMIRANTE BATISTA LEAO;E/F AO HAPVIDA;BOA VIAGEM;;SUBURBIO;COLISÃO FRONTAL;1.0;1.0;0.0;0.0;0.0;0.0;0.0;0.0;0.0;1.0;0.0;Cruzamento;Bom;Não existe;Incompleta;Seca;Mal iluminada;Não existe;Placas Pare;;Única;;;;Noite
2465;14/07/2020;22:46:00;COM VÍTIMA;FINALIZADA;MANGUEIRA;RUA SAO MIGUEL;1347;;ENF. A DROGARIA BONGI PROX AO RESTAURANTE BODE DO NO;MANGUEIRA;;CIDADE;ABALROAMENTO TRANSVERSAL;1.0;1.0;0.0;0.0;0.0;0.0;0.0;0.0;0.0;2.0;0.0;Longo da via;Bom;Não existe;Perfeito estado;Seca;Perfeito estado;Não existe;Não há placas;;Dupla;Faixa contínua;Faixa seccionada;;Noite
2466;15/07/2020;07:30:00;SEM VÍTIMA;FINALIZADA;BOA VIAGEM;AV BOA VIAGEM;3650;;;BOA VIAGEM;;;COLISÃO;3.0;0.0;0.0;0.0;0.0;0.0;0.0;0.0;0.0;0.0;0.0;Longo da via;Bom;Não existe;Perfeito estado;Seca;Perfeito estado;Não existe;Não há placas;60KM;Única;Faixa seccionada;;;Manhã
2467;15/07/2020;09:21:00;SEM VÍTIMA;FINALIZADA;DOIS IRMÃOS;RUA DOIS IRMAOS;;RUA BLANDINA PHILLIPINI FERREIRA;SOB O PONTILHÃO DA BR 101 - KM 64;DOIS IRMÃOS;;;COLISÃO;1.0;0.0;0.0;0.0;0.0;0.0;1.0;0.0;0.0;0.0;0.0;Cruzamento;Bom;Sem defeito;Perfeito estado;Seca;Perfeito estado;Faixa de pedestre;Não há placas;N/I;Dupla;Faixa contínua;;;Manhã
2468;15/07/2020;10:58:00;SEM VÍTIMA;FINALIZADA;IMBIRIBEIRA;AV MARECHAL MASCARENHAS DE MORAES;;;EM FRENTE AO BANCO ITAU;IMBIRIBEIRA;;AEROPORTO;COLISÃO;2.0;0.0;0.0;0.0;0.0;0.0;0.0;0.0;0.0;0.0;0.0;Longo da via;Bom;Não existe;Perfeito estado;Seca;Perfeito estado;Não existe;R-6a;60KM;Dupla;Canteiro central;;;Manhã
2469;15/07/2020;14:23:00;COM VÍTIMA;FINALIZADA;PAISSANDU;AV GOVERNADOR AGAMENON MAGALHAES;4581;RUA PAISSANDU;EM FRENTE AO BANCO SAFRA;PAISSANDU;;CIDADE;COLISÃO TRASEIRA;1.0;1.0;0.0;0.0;0.0;0.0;0.0;0.0;0.0;1.0;0.0;Longo da via;Bom;Sem defeito;Perfeito estado;Seca;Perfeito estado;Faixa de pedestre;Não há placas;60 km/h;Única;Faixa seccionada;;;Tarde
2470;16/07/2020;05:31:00;SEM VÍTIMA;FINALIZADA;IMBIRIBEIRA;AV MARECHAL MASCARENHAS DE MORAES;;RUA PAMPULHA;EM FRENTE A LOJA LASER;IMBIRIBEIRA;;;COLISÃO;1.0;0.0;0.0;0.0;0.0;1.0;0.0;0.0;0.0;0.0;0.0;Longo da via;Chuvoso;Sem defeito;Perfeito estado;Molhada;Perfeito estado;Faixa de pedestre;Não há placas;60KM;Dupla;Canteiro central;;;Madrugada
2471;16/07/2020;08:04:00;COM VÍTIMA;FINALIZADA;VÁRZEA;RUA MARIO CAMPELO;302;;EM FRENTE A MINHA DOCE VIDA BOLO E CIA;VÁRZEA;;;TOMBAMENTO;0.0;1.0;0.0;0.0;0.0;0.0;0.0;0.0;0.0;1.0;0.0;Longo da via;Chuvoso;Não existe;Não existente;Molhada;Perfeito estado;Não existe;Não há placas;;Dupla;Não existe;;;Manhã
2472;16/07/2020;19:34:00;COM VÍTIMA;FINALIZADA;PINA;AV ENGENHEIRO DOMINGOS FERREIRA;703;;LADO OPOSTO AO CLINICAL CENTER. IBIS HOTEL.;PINA;;SUBURBIO;CAPOTAMENTO;2.0;0.0;0.0;0.0;0.0;0.0;0.0;0.0;0.0;3.0;0.0;Longo da via;Bom;Não existe;Perfeito estado;Seca;Perfeito estado;;Não há placas;50 km/h;Única;Canteiro central;;;Noite
2473;17/07/2020;04:59:00;SEM VÍTIMA;FINALIZADA;BOA VIAGEM;AV BOA VIAGEM;;;LADO OPSTO AO EDFº GRAND MERCURY;BOA VIAGEM;;CIDADE;CHOQUE OBJETO FIXO;1.0;0.0;0.0;0.0;0.0;0.0;0.0;0.0;0.0;0.0;0.0;Longo da via;Chuvoso;Sem defeito;Perfeito estado;Molhada;Perfeito estado;Faixa de pedestre;Outras;60KM;Única;Faixa contínua;Faixa seccionada;;Madrugada
2474;17/07/2020;06:05:00;COM VÍTIMA;FINALIZADA;IMBIRIBEIRA;AV MARECHAL MASCARENHAS DE MORAES;;RUA JOAQUIM BANDEIRA;EM FRENTE A RENAULT;IMBIRIBEIRA;534.0;CIDADE;COLISÃO COM CICLISTA;0.0;0.0;0.0;1.0;0.0;1.0;0.0;0.0;0.0;1.0;0.0;Cruzamento;Bom;Sem defeito;Perfeito estado;Seca;Perfeito estado;Faixa de pedestre;;;Dupla;Canteiro central;;;Manhã
2475;17/07/2020;09:11:00;COM VÍTIMA;FINALIZADA;JOANA BEZERRA;VDO PAPA JOAO PAULO II;;;SOBRE O VIADUTO CAPITÃO TEMUDO. ALÇA DE ENTRADA DO SHOPPING RIO MAR.;JOANA BEZERRA;;SUBURBIO;ABALROAMENTO LONGITUDINAL;1.0;1.0;0.0;0.0;0.0;0.0;0.0;0.0;0.0;1.0;0.0;Viaduto;Chuvoso;Não existe;Perfeito estado;Molhada;Perfeito estado;Não existe;Não há placas;;Única;Faixa seccionada;;;Manhã
2476;17/07/2020;13:21:00;SEM VÍTIMA;FINALIZADA;IMBIRIBEIRA;AV MARECHAL MASCARENHAS DE MORAES;945;;SEMÁFORO 396;IMBIRIBEIRA;396.0;CIDADE;COLISÃO TRASEIRA;2.0;0.0;0.0;0.0;0.0;0.0;1.0;0.0;0.0;0.0;0.0;Longo da via;Chuvoso;Sem defeito;Perfeito estado;Molhada;Perfeito estado;Faixa de pedestre;R-6a;;Dupla;Canteiro central;;;Tarde
2477;18/07/2020;01:41:00;COM VÍTIMA;FINALIZADA;MADALENA;AV VISCONDE DE ALBUQUERQUE;;RUA JOSE OSORIO;FÁMACIA EXTRAFARMA;MADALENA;50.0;SUBURBIO;COLISÃO FRONTAL;2.0;0.0;0.0;0.0;0.0;0.0;0.0;0.0;0.0;1.0;0.0;Cruzamento;Chuvoso;Sem defeito;Perfeito estado;Molhada;Perfeito estado;;Não há placas;;Única;Faixa seccionada;;;Madrugada
2478;18/07/2020;08:14:00;COM VÍTIMA;FINALIZADA;VÁRZEA;AV CAXANGA;5335;;LADO OPOSTO AO CAXANGÁ GOLF E COUNTRY CLUB.;VÁRZEA;;CIDADE;COLISÃO COM CICLISTA;0.0;1.0;0.0;1.0;0.0;0.0;0.0;0.0;0.0;1.0;0.0;Longo da via;Chuvoso;Não existe;Não existente;Molhada;Perfeito estado;Não existe;Não há placas;;Única;Canteiro central;;;Manhã
2479;18/07/2020;10:58:00;COM VÍTIMA;FINALIZADA;ARRUDA;AV BEBERIBE;848;RUA PROFESSORA ANTONIA RIBEIRO CAMPOS;DE ESQUINA COM A LOJA LOJÃO DO PETROLEO;ARRUDA;;;ABALROAMENTO LONGITUDINAL;1.0;1.0;0.0;0.0;0.0;0.0;0.0;0.0;0.0;1.0;0.0;Esquina;Bom;Não existe;Perfeito estado;Seca;Perfeito estado;Não existe;Outras;;Dupla;Faixa contínua;Faixa seccionada;;Manhã
2480;18/07/2020;11:14:00;COM VÍTIMA;FINALIZADA;CASA AMARELA;RUA DA HARMONIA;210;;EM FRENTE EM FRENTE AO BAR DO CANARIO;CASA AMARELA;;SUBURBIO;ABALROAMENTO TRANSVERSAL;1.0;1.0;0.0;0.0;0.0;0.0;0.0;0.0;0.0;1.0;0.0;Longo da via;Bom;Não existe;Perfeito estado;Seca;Perfeito estado;Não existe;Placas Pare;;Dupla;Faixa;;;Manhã
2481;18/07/2020;13:24:00;SEM VÍTIMA;FINALIZADA;AREIAS;AV CAPITAO GREGORIO DE CALDAS;;RUA CAPITAO GREGORIO DE ALBUQUERQUE;LADO OPOSTO AO Nº 215;AREIAS;;SUBURBIO;ABALROAMENTO LONGITUDINAL;2.0;0.0;0.0;0.0;0.0;0.0;0.0;0.0;0.0;0.0;0.0;;Bom;Não existe;Não existente;Seca;Perfeito estado;Não existe;Não há placas;;Dupla;Não existe;;;Tarde
2482;18/07/2020;15:13:00;COM VÍTIMA;FINALIZADA;CASA AMARELA;AV NORTE;5010;;EM FRENTE À HONDA MOTO PARTS;CASA AMARELA;;CIDADE;COLISÃO COM CICLISTA;1.0;0.0;0.0;1.0;0.0;0.0;0.0;0.0;0.0;1.0;0.0;Longo da via;Bom;Não existe;Perfeito estado;Seca;Perfeito estado;Não existe;Outras;;Dupla;Canteiro central;;;Tarde
2483;18/07/2020;15:27:00;COM VÍTIMA;FINALIZADA;IMBIRIBEIRA;AV MARECHAL MASCARENHAS DE MORAES;2567;;EM FRENTE A FERREIRA COSTA.;IMBIRIBEIRA;386.0;CIDADE;ABALROAMENTO LONGITUDINAL;1.0;1.0;0.0;0.0;0.0;0.0;0.0;0.0;0.0;1.0;0.0;Longo da via;Bom;Sem defeito;Perfeito estado;Seca;Perfeito estado;Faixa de pedestre;Não há placas;60 km/h;Única;Faixa seccionada;;;Tarde
2484;18/07/2020;20:11:00;SEM VÍTIMA;FINALIZADA;ESPINHEIRO;RUA DO ESPINHEIRO;;RUA SANTO ELIAS;POSTO IPIRANGA;ESPINHEIRO;;;ABALROAMENTO TRANSVERSAL;1.0;1.0;0.0;0.0;0.0;0.0;0.0;0.0;0.0;0.0;0.0;Cruzamento;Bom;Não existe;Perfeito estado;Seca;Mal iluminada;Faixa de pedestre;R-6a;30 km/h;Única;;;;Noite
2485;18/07/2020;20:21:00;COM VÍTIMA;FINALIZADA;ALTO JOSÉ BONIFÁCIO;RUA ALTO JOSE BONIFACIO;1146;;PROX DA LINHA DO TIRO NA LADEIRA DA VACA;ALTO JOSÉ BONIFÁCIO;;SUBURBIO;ABALROAMENTO LONGITUDINAL;1.0;1.0;0.0;0.0;0.0;0.0;0.0;0.0;0.0;1.0;0.0;Longo da via;Bom;Não existe;Ilegível;Seca;Mal iluminada;Não existe;Não há placas;;Dupla;Faixa seccionada;;;Noite
2486;18/07/2020;21:40:00;COM VÍTIMA;FINALIZADA;TORRE;RUA JOSE BONIFACIO;;RUA CONDE DE IRAJA;ENF. A PADARIA NOVA ARMADA;TORRE;191.0;;COLISÃO TRASEIRA;2.0;1.0;0.0;0.0;0.0;0.0;0.0;0.0;0.0;1.0;0.0;Cruzamento;Bom;Sem defeito;Perfeito estado;Seca;Perfeito estado;Faixa de pedestre;R-6a;40 km/h;Única;;;;Noite
2487;18/07/2020;23:17:00;COM VÍTIMA;FINALIZADA;IMBIRIBEIRA;RUA ARQUITETO LUIZ NUNES;1900;;POR TRAS DO AÇAI DA IMBIRIBEIRA. FARMÁCIA DROGASIL.;IMBIRIBEIRA;;SUBURBIO;ABALROAMENTO LONGITUDINAL;1.0;1.0;0.0;0.0;0.0;0.0;0.0;0.0;0.0;2.0;0.0;Longo da via;Bom;Não existe;Incompleta;Seca;Mal iluminada;Não existe;Outras;;Dupla;Faixa contínua;;;Noite
2488;19/07/2020;11:08:00;COM VÍTIMA;FINALIZADA;MANGUEIRA;RUA VINTE E UM DE ABRIL;1884;;PROX AO CLUBE ESMERALDA E ASSEMBLEIA DE DEUS.;MANGUEIRA;;SUBURBIO;ABALROAMENTO TRANSVERSAL;1.0;1.0;0.0;0.0;0.0;0.0;0.0;0.0;0.0;1.0;0.0;Cruzamento;Bom;Não existe;Incompleta;Seca;Perfeito estado;Não existe;Não há placas;;Dupla;Não existe;;;Manhã
2489;19/07/2020;11:50:00;COM VÍTIMA;FINALIZADA;ÁGUA FRIA;RUA DR EUDES COSTA;;RUA BELO JARDIM;PROX AO MERCADO DE AGUA FRIA;ÁGUA FRIA;;;COLISÃO COM CICLISTA;1.0;0.0;0.0;1.0;0.0;0.0;0.0;0.0;0.0;1.0;0.0;;;;;;;;;;;;;;Manhã
2490;19/07/2020;12:52:00;COM VÍTIMA;FINALIZADA;CASA AMARELA;AV NORTE;5600;;E/F AO CAPES;CASA AMARELA;676.0;CIDADE;ABALROAMENTO TRANSVERSAL;1.0;1.0;0.0;0.0;0.0;0.0;0.0;0.0;0.0;2.0;0.0;Longo da via;Bom;Sem defeito;Perfeito estado;Seca;Perfeito estado;Faixa de pedestre;Outras;;Única;Faixa contínua;;;Tarde
2491;20/07/2020;09:06:00;COM VÍTIMA;FINALIZADA;IMBIRIBEIRA;AV MARECHAL MASCARENHAS DE MORAES;2160;RUA PAMPULHA;EM FRENTE A CONCESSIONARIA RENAULT EUROVIA;IMBIRIBEIRA;534.0;SUBURBIO;ABALROAMENTO LONGITUDINAL;1.0;1.0;0.0;0.0;0.0;0.0;0.0;0.0;0.0;1.0;0.0;Cruzamento;Chuvoso;Sem defeito;Perfeito estado;Seca;Perfeito estado;Faixa de pedestre;Não há placas;60 km/h;Dupla;Canteiro central;;;Manhã
2492;20/07/2020;14:29:00;COM VÍTIMA;FINALIZADA;CASA AMARELA;AV NORTE;;;E/F A UPINHA 24 HORAS S/T CID;CASA AMARELA;;CIDADE;ABALROAMENTO LONGITUDINAL;1.0;1.0;0.0;0.0;0.0;0.0;0.0;0.0;0.0;1.0;0.0;Longo da via;Bom;Não existe;Perfeito estado;Seca;Perfeito estado;Não existe;Outras;60 km/h;Dupla;Canteiro central;;;Tarde
2493;20/07/2020;20:31:00;SEM VÍTIMA;FINALIZADA;PINA;AV ANTONIO DE GOES;194;;ENF A SECRETARIA DE ADMINISTRAÇAO;PINA;;;COLISÃO;0.0;0.0;0.0;0.0;0.0;0.0;0.0;2.0;0.0;0.0;0.0;Longo da via;Bom;Sem defeito;Perfeito estado;Seca;Perfeito estado;Não existe;Outras;N/I;Única;Faixa seccionada;;;Noite
2494;21/07/2020;05:00:00;SEM VÍTIMA;FINALIZADA;CASA AMARELA;EST DO ARRAIAL;;;OPOSTO AO Nº 4826;CASA AMARELA;;SUBURBIO;CHOQUE OBJETO FIXO;1.0;0.0;0.0;0.0;0.0;0.0;0.0;0.0;0.0;0.0;0.0;Longo da via;Bom;Não existe;Perfeito estado;Seca;Perfeito estado;;;40 km/h;Única;;;;Madrugada
2495;21/07/2020;08:04:00;COM VÍTIMA;FINALIZADA;VÁRZEA;RUA GENERAL POLIDORO;;AV PROFESSOR ARTUR DE SA;AO LADO HOSPITAL DAS CLINICAS;VÁRZEA;;CIDADE;COLISÃO COM CICLISTA;0.0;0.0;0.0;1.0;0.0;1.0;0.0;0.0;0.0;1.0;0.0;Esquina;Bom;Não existe;Não existente;Seca;Perfeito estado;Não existe;Placas Pare;;Dupla;Faixa contínua;;;Manhã
2496;21/07/2020;11:25:00;COM VÍTIMA;FINALIZADA;BONGI;AV GENERAL SAN MARTIN;1000;;E/F AOS CORREIOS;BONGI;;SUBURBIO;ABALROAMENTO LONGITUDINAL;1.0;1.0;0.0;0.0;0.0;0.0;0.0;0.0;0.0;1.0;0.0;Longo da via;Bom;Não existe;Perfeito estado;Seca;Perfeito estado;Não existe;R-6a;60 km/h;Dupla;Faixa contínua;;;Manhã
2497;21/07/2020;11:48:00;SEM VÍTIMA;FINALIZADA;BOA VISTA;RUA GERVASIO PIRES;;;POR TRAS DO SHOPPING BOA VISTA NA RUA DAS OTICAS;BOA VISTA;;;COLISÃO;1.0;0.0;0.0;0.0;0.0;0.0;1.0;0.0;0.0;0.0;0.0;Longo da via;Bom;Não existe;;Seca;Perfeito estado;Não existe;;;Única;Faixa seccionada;;;Manhã
2498;21/07/2020;16:51:00;COM VÍTIMA;FINALIZADA;FUNDÃO;AV BEBERIBE;2572;;EM FRENTE A CASA DE BOLO E A LORD BABEARIA;FUNDÃO;;SUBURBIO;ATROPELAMENTO;0.0;1.0;0.0;0.0;1.0;0.0;0.0;0.0;0.0;2.0;0.0;Longo da via;Bom;Sem defeito;Perfeito estado;Seca;Perfeito estado;Não existe;Não há placas;;Dupla;Faixa contínua;;;Tarde