indice;data;hora;natureza_acidente;situacao;bairro;endereco;numero;detalhe_endereco_acidente;complemento;bairro_cruzamento;num_semaforo;sentido_via;tipo;auto;moto;ciclom;ciclista;pedestre;onibus;caminhao;viatura;outros;vitimas;vitimasfatais;acidente_verificado;tempo_clima;situacao_semaforo;sinalizacao;condicao_via;conservacao_via;ponto_controle;situacao_placa;velocidade_max_via;mao_direcao;divisao_via1;divisao_via2;divisao_via3;turno
2499;21/07/2020;17:51:00;COM VÍTIMA;FINALIZADA;BOA VIAGEM;RUA COSMORAMA;262;;EM FRENTE A EPS LOGISTICA E NÚCLEO DA PM;BOA VIAGEM;;CIDADE;COLISÃO FRONTAL;1.0;1.0;0.0;0.0;0.0;0.0;0.0;0.0;0.0;1.0;0.0;Longo da via;Bom;Não existe;Perfeito estado;Seca;Perfeito estado;Não existe;Outras;;Dupla;Faixa seccionada;;;Tarde
2500;21/07/2020;21:23:00;COM VÍTIMA;FINALIZADA;IMBIRIBEIRA;VIADUTO TANCREDO NEVES;;;SENTIDO ESTAÇÃO TANCREDO NEVES.;IMBIRIBEIRA;;CIDADE;COLISÃO TRASEIRA;2.0;0.0;0.0;0.0;0.0;0.0;0.0;0.0;0.0;1.0;0.0;Viaduto;Bom;Não existe;Perfeito estado;Seca;Mal iluminada;Não existe;Não há placas;;Única;;;;Noite
2501;22/07/2020;08:46:00;COM VÍTIMA;FINALIZADA;LINHA DO TIRO;RUA URIEL DE HOLANDA;1414;RUA ELADIO CAMBOIM;PROX. A PADARIA PÃO DE OURO;LINHA DO TIRO;;SUBURBIO;COLISÃO COM CICLISTA;0.0;0.0;0.0;1.0;0.0;1.0;0.0;0.0;0.0;1.0;0.0;Cruzamento;Bom;Não existe;Não existente;Seca;Mal iluminada;Não existe;Não há placas;;Dupla;Não existe;;;Manhã
2502;22/07/2020;09:13:00;COM VÍTIMA;FINALIZADA;IMBIRIBEIRA;AV MARECHAL MASCARENHAS DE MORAES;4745;;EM FRENTE AO MARTELINHO DE OURO E À IGREJA ASSEMBLEIA DE DEUS.;IMBIRIBEIRA;;CIDADE;ABALROAMENTO LONGITUDINAL;1.0;2.0;0.0;0.0;0.0;0.0;0.0;0.0;0.0;2.0;0.0;Longo da via;Bom;Não existe;Perfeito estado;Seca;Perfeito estado;Não existe;R-6a;60 km/h;Dupla;Faixa seccionada;Canteiro central;;Manhã
2503;22/07/2020;14:57:00;COM VÍTIMA;FINALIZADA;BOA VIAGEM;RUA DOS NAVEGANTES;785;RUA ERNESTO DE PAULA SANTOS;NA RUA DO ANTIGO HOTEL RECIFE PALAS- PROX HOTEL GRAN MERCURI;BOA VIAGEM;;SUBURBIO;ABALROAMENTO TRANSVERSAL;1.0;1.0;0.0;0.0;0.0;0.0;0.0;0.0;0.0;2.0;0.0;Cruzamento;Bom;Não existe;Perfeito estado;Seca;Perfeito estado;Faixa de retenção;Placas Pare;;Única;Faixa seccionada;;;Tarde
2504;23/07/2020;07:57:00;COM VÍTIMA;FINALIZADA;SÃO JOSÉ;RUA FLORIANO PEIXOTO;417A;RUA TOBIAS BARRETO;E/F A CASA DA CULTURA. EM FRENTE A PRAÇA VISCONDE DE MAUÁ.;SÃO JOSÉ;;SUBURBIO;ABALROAMENTO TRANSVERSAL;1.0;1.0;0.0;0.0;0.0;0.0;0.0;0.0;0.0;1.0;0.0;Cruzamento;Bom;Não existe;Perfeito estado;Seca;Perfeito estado;Não existe;Outras;;Única;Faixa seccionada;;;Manhã
2505;23/07/2020;08:15:00;SEM VÍTIMA;FINALIZADA;DERBY;RUA JENER DE SOUZA;206;RUA AMAURI DE MEDEIROS;AO LADO DO MEMORIAL DE MEDICINA DA UPE;DERBY;;CIDADE;ABALROAMENTO TRANSVERSAL;2.0;0.0;0.0;0.0;0.0;0.0;0.0;0.0;0.0;0.0;0.0;Longo da via;Bom;Não existe;Perfeito estado;Seca;Perfeito estado;Agente;Placas Pare;;Única;Canteiro central;;;Manhã
2506;23/07/2020;08:27:00;COM VÍTIMA;FINALIZADA;BOA VISTA;AV GOVERNADOR CARLOS DE LIMA CAVALCANTI;141;;LADO OPOSTO AO LABORATORIO LUCILO MARANHÃO.;BOA VISTA;;SUBURBIO;ABALROAMENTO TRANSVERSAL;1.0;0.0;0.0;0.0;0.0;1.0;0.0;0.0;0.0;1.0;0.0;Longo da via;Bom;Não existe;Perfeito estado;Seca;Perfeito estado;Não existe;Não há placas;;Dupla;Canteiro central;;;Manhã
2507;23/07/2020;14:17:00;COM VÍTIMA;FINALIZADA;TORRÕES;RUA ZUMBI DOS PALMARES;145;;RUA DO MERCADO DO NALDO;TORRÕES;;SUBURBIO;COLISÃO COM CICLISTA;0.0;1.0;0.0;1.0;0.0;0.0;0.0;0.0;0.0;1.0;0.0;Longo da via;Bom;Não existe;Não existente;Seca;Perfeito estado;Não existe;R-6c;30 km/h;Dupla;Não existe;;;Tarde
2508;24/07/2020;07:06:00;COM VÍTIMA;FINALIZADA;COELHOS;RUA FRANCISCO ALVES;107;RUA CAPITAO JOSE DA LUZ;EM FRENTE AO EMPRESARIAL RIO CAPIBARIBE;COELHOS;;;ABALROAMENTO LONGITUDINAL;1.0;1.0;0.0;0.0;0.0;0.0;0.0;0.0;0.0;1.0;0.0;Cruzamento;Bom;Não existe;Perfeito estado;Seca;Perfeito estado;Não existe;Outras;;Dupla;Faixa contínua;Faixa seccionada;;Manhã
2509;24/07/2020;08:02:00;COM VÍTIMA;FINALIZADA;SANTO AMARO;AV CRUZ CABUGA;;;EM FRENTE AO CEMITÉRIO DOS INGLESES;SANTO AMARO;34.0;CIDADE;ATROPELAMENTO;0.0;1.0;0.0;0.0;1.0;0.0;0.0;0.0;0.0;1.0;0.0;Longo da via;Bom;Sem defeito;Perfeito estado;Seca;Perfeito estado;Agente;Não há placas;60 km/h;Dupla;Faixa contínua;;;Manhã
2510;24/07/2020;10:20:00;SEM VÍTIMA;FINALIZADA;DERBY;AV GOVERNADOR AGAMENON MAGALHAES;;;EM FRENTE AO SEMÁFORO Nº 075;DERBY;75.0;;COLISÃO TRASEIRA;1.0;0.0;0.0;0.0;0.0;0.0;1.0;0.0;0.0;0.0;0.0;Longo da via;Bom;Sem defeito;Perfeito estado;Seca;Perfeito estado;Faixa de pedestre;Outras;60 km/h;Dupla;Canteiro central;;;Manhã
2511;24/07/2020;10:33:00;SEM VÍTIMA;FINALIZADA;IMBIRIBEIRA;RUA DR TAVARES CORREIA;120;RUA ALLAN KARDEC;;IMBIRIBEIRA;;SUBURBIO;CHOQUE OBJETO FIXO;0.0;0.0;0.0;0.0;0.0;0.0;1.0;0.0;1.0;0.0;0.0;Cruzamento;Bom;Não existe;Perfeito estado;Seca;Perfeito estado;Faixa de retenção;Placas Pare;30 km/h;Única;Faixa contínua;;;Manhã
2512;24/07/2020;11:12:00;SEM VÍTIMA;FINALIZADA;TORRÕES;RUA ONZE DE FEVEREIRO;680;;LADO OPOSTO SUPER PÃO;TORRÕES;;SUBURBIO;CHOQUE VEÍCULO PARADO;1.0;0.0;0.0;0.0;0.0;0.0;1.0;0.0;0.0;0.0;0.0;Cruzamento;Bom;Não existe;Não existente;Seca;Mal conservada;Não existe;Não há placas;;Dupla;Não existe;;;Manhã
2513;24/07/2020;14:23:00;COM VÍTIMA;FINALIZADA;SANCHO;AV LIBERDADE;;AV TEMPO FELIZ;E/F AO CEMITERIO PARQUE DAS FLORES  NA ENTRADA DO CONDOMINIO JARDIM PLANALTO;SANCHO;;;COLISÃO TRASEIRA;1.0;1.0;0.0;0.0;0.0;0.0;0.0;0.0;0.0;1.0;0.0;Cruzamento;Bom;Não existe;Perfeito estado;Seca;Perfeito estado;Faixa de pedestre;R-6c;;Dupla;Faixa contínua;;;Tarde
2514;24/07/2020;21:14:00;COM VÍTIMA;FINALIZADA;BOA VIAGEM;RUA DEZ DE JULHO;210;RUA CAMBOIM;E/F A I GREJA CRISTAL // PRÓX A ESTAÇÃO AEROPORTO- SNT BV;BOA VIAGEM;;SUBURBIO;ABALROAMENTO TRANSVERSAL;1.0;1.0;0.0;0.0;0.0;0.0;0.0;0.0;0.0;1.0;0.0;Cruzamento;Bom;Não existe;Incompleta;Seca;Perfeito estado;Não existe;Placas Pare;30 km/h;Única;;;;Noite
2515;25/07/2020;10:53:00;COM VÍTIMA;FINALIZADA;AFLITOS;RUA SAMUEL CAMPELO;260;RUA QUARENTA E OITO;E/F AO EDF. PRAIA DE ITAOCA E GALERIA 218 CENTER.;AFLITOS;;SUBURBIO;ABALROAMENTO LONGITUDINAL;2.0;1.0;0.0;0.0;0.0;0.0;0.0;0.0;0.0;1.0;0.0;Cruzamento;Bom;Não existe;Perfeito estado;Seca;Perfeito estado;Faixa de pedestre;R-6a;;Única;Faixa seccionada;;;Manhã
2516;25/07/2020;11:37:00;COM VÍTIMA;FINALIZADA;BARRO;AV DR JOSE RUFINO;1808;RUA PADRE NOBREGA;E/F A CRECHE ESCOLA MUNICIPAL DO RECIFE PRES. TANCREDO NEVES;BARRO;;SUBURBIO;ABALROAMENTO LONGITUDINAL;1.0;1.0;0.0;0.0;0.0;0.0;0.0;0.0;0.0;1.0;0.0;Longo da via;Bom;Não existe;Perfeito estado;Seca;Perfeito estado;Não existe;Não há placas;;Dupla;Faixa contínua;;;Manhã
2517;25/07/2020;12:26:00;COM VÍTIMA;FINALIZADA;PRADO;RUA GOMES TABORDA;926;;PRÓXIMO A PADARIA PLANETA PÃO;PRADO;;;COLISÃO COM CICLISTA;1.0;0.0;0.0;1.0;0.0;0.0;1.0;0.0;0.0;1.0;0.0;Longo da via;Bom;Não existe;Incompleta;Seca;Perfeito estado;Não existe;R-6a;;Dupla;Faixa seccionada;;;Tarde
2518;25/07/2020;17:57:00;COM VÍTIMA;FINALIZADA;CAJUEIRO;RUA CORONEL URBANO RIBEIRO DE SENA;930;RUA SUDESTE;PROX A ANTIGA RADIO CAPIBARIBE/ EM FRENTE AO MERCADINHO CAPIBARIBE. AO LADO DA DELICATESSEN CAPIBARIBE.;CAJUEIRO;;SUBURBIO;ABALROAMENTO TRANSVERSAL;1.0;1.0;0.0;0.0;0.0;0.0;0.0;0.0;0.0;1.0;0.0;Cruzamento;Bom;Não existe;Perfeito estado;Seca;Perfeito estado;Faixa de pedestre;R-6a;20 km/h;Dupla;Faixa contínua;Faixa seccionada;;Tarde
2519;25/07/2020;22:03:00;COM VÍTIMA;FINALIZADA;BOA VIAGEM;AV ENGENHEIRO DOMINGOS FERREIRA;;RUA HENRIQUE CAPITULINO;FAIXA DA ESQUERDA // PROX A CORRETORA PAULO MIRANDA- AO LADO DO POSTO BR.;BOA VIAGEM;484.0;ORLA DE BOA VIAGEM;ABALROAMENTO TRANSVERSAL;1.0;1.0;0.0;0.0;0.0;0.0;0.0;0.0;0.0;1.0;0.0;Cruzamento;Bom;Sem defeito;Perfeito estado;Seca;Perfeito estado;Não existe;Outras;;Única;;;;Noite
2520;26/07/2020;04:16:00;SEM VÍTIMA;FINALIZADA;VÁRZEA;RUA TENENTE ROLAND RITTMISTER;224;;AO LADO DO Nº224;VÁRZEA;;;CAPOTAMENTO;2.0;0.0;0.0;0.0;0.0;0.0;0.0;0.0;0.0;0.0;0.0;Longo da via;Chuvoso;Não existe;Não existente;Molhada;Perfeito estado;Não existe;Não há placas;;Dupla;Não existe;;;Madrugada
2521;26/07/2020;12:58:00;COM VÍTIMA;FINALIZADA;CÓRREGO DO JENIPAPO;AV NORTE;;;E/F A INTEGRAÇAO DA MACAXEIRA VT 31 E POSTE B033524.;CÓRREGO DO JENIPAPO;;SUBURBIO;COLISÃO COM CICLISTA;0.0;1.0;0.0;1.0;0.0;0.0;0.0;0.0;0.0;1.0;0.0;Longo da via;Chuvoso;Não existe;Perfeito estado;Molhada;Perfeito estado;Não existe;Não há placas;60 km/h;Única;Faixa seccionada;;;Tarde
2522;26/07/2020;16:24:00;COM VÍTIMA;FINALIZADA;BOA VIAGEM;AV BOA VIAGEM;2198;RUA HENRIQUE CAPITULINO;EM FRENTE AO BANHEIRO PUBLICO NUMERO 5;BOA VIAGEM;;CIDADE;ABALROAMENTO LONGITUDINAL;1.0;1.0;0.0;0.0;0.0;0.0;0.0;0.0;0.0;1.0;0.0;Longo da via;Bom;Sem defeito;Perfeito estado;Seca;Perfeito estado;Faixa de pedestre;Não há placas;;Única;Não existe;;;Tarde
2523;27/07/2020;07:21:00;COM VÍTIMA;FINALIZADA;BOA VIAGEM;AV DES JOSE NEVES;;RUA DES JOAO PAES;;BOA VIAGEM;567.0;SUBURBIO;ABALROAMENTO TRANSVERSAL;0.0;1.0;0.0;0.0;0.0;0.0;0.0;0.0;0.0;1.0;0.0;Cruzamento;Chuvoso;Sem defeito;Perfeito estado;Molhada;Perfeito estado;Faixa de pedestre;;;Dupla;Canal;;;Manhã
2524;27/07/2020;07:58:00;COM VÍTIMA;FINALIZADA;TAMARINEIRA;EST VELHA DE AGUA FRIA;647;;EM FRENTE A PANIFICADORA MANÁ;TAMARINEIRA;;CIDADE;CHOQUE VEÍCULO PARADO;1.0;1.0;0.0;0.0;0.0;0.0;0.0;0.0;0.0;2.0;0.0;Longo da via;Bom;Sem defeito;Perfeito estado;Seca;Perfeito estado;Outros;Outras;;Dupla;Faixa contínua;;;Manhã
2525;27/07/2020;10:05:00;SEM VÍTIMA;FINALIZADA;GRAÇAS;AV GOVERNADOR AGAMENON MAGALHAES;;RUA DR BANDEIRA FILHO;EM FRENTE A  ANTIGA EMBRATEL;GRAÇAS;173.0;SUBURBIO;COLISÃO;0.0;1.0;0.0;0.0;0.0;0.0;0.0;1.0;0.0;0.0;0.0;Cruzamento;Chuvoso;Sem defeito;Perfeito estado;Seca;Perfeito estado;Agente;;60 km/h;Dupla;Canteiro central;;;Manhã
2526;27/07/2020;12:35:00;SEM VÍTIMA;FINALIZADA;IMBIRIBEIRA;AV PRESIDENTE DUTRA;600;RUA GONCALVES DE MAGALHAES;EM FRENTE AO POSTO BR;IMBIRIBEIRA;393.0;SUBURBIO;COLISÃO;2.0;0.0;0.0;0.0;0.0;0.0;0.0;0.0;0.0;0.0;0.0;;;;;;;;;;;;;;Tarde
2527;28/07/2020;10:02:00;COM VÍTIMA;FINALIZADA;BOA VISTA;AV GOVERNADOR AGAMENON MAGALHAES;;RUA DR BANDEIRA FILHO;SUPER BOMPREÇO;BOA VISTA;173.0;SUBURBIO;COLISÃO COM CICLISTA;1.0;0.0;0.0;1.0;0.0;0.0;0.0;0.0;0.0;1.0;0.0;Cruzamento;Bom;Sem defeito;Perfeito estado;Seca;Perfeito estado;Outros;Outras;60 km/h;;Faixa seccionada;;;Manhã
2528;28/07/2020;11:49:00;COM VÍTIMA;FINALIZADA;ILHA DO RETIRO;EST DOS REMEDIOS;2024;RUA ASTORGA;PROX A O  SPORT CLUBE DO RECIFE  AO LADO DA FARMACIA DROGASIL;ILHA DO RETIRO;;SUBURBIO;ABALROAMENTO TRANSVERSAL;1.0;0.0;0.0;0.0;0.0;1.0;0.0;0.0;0.0;1.0;0.0;Longo da via;Bom;Não existe;Perfeito estado;Seca;Perfeito estado;;Placas Pare;40 km/h;;Faixa contínua;;;Manhã
2529;28/07/2020;14:07:00;COM VÍTIMA;FINALIZADA;SÃO JOSÉ;RUA IMPERIAL;86;RUA DO PEIXOTO;NO SEMAFORO 207 E/F AIGREJA MATRIZ DE SAO JOSE AO LADO DO TRE;SÃO JOSÉ;207.0;SUBURBIO;ABALROAMENTO TRANSVERSAL;4.0;0.0;0.0;0.0;0.0;1.0;0.0;0.0;0.0;1.0;0.0;Cruzamento;Bom;Sem defeito;Perfeito estado;Seca;Perfeito estado;Não existe;Outras;40 km/h;Única;Faixa seccionada;;;Tarde
2530;28/07/2020;14:31:00;COM VÍTIMA;FINALIZADA;CAMPO GRANDE;RUA ODORICO MENDES;165;RUA VISCONDE DE CAIRU;PROX AO CLUBE DAS PAS;CAMPO GRANDE;;SUBURBIO;ABALROAMENTO TRANSVERSAL;0.0;2.0;0.0;0.0;0.0;0.0;0.0;0.0;0.0;1.0;0.0;Cruzamento;Bom;Não existe;Perfeito estado;Seca;Perfeito estado;Não existe;Placas Pare;40 km/h;Dupla;Faixa seccionada;;;Tarde
2531;28/07/2020;14:45:00;COM VÍTIMA;FINALIZADA;DOIS UNIDOS;AV HILDEBRANDO DE VASCONCELOS;563;;ANTES DA FABRICA DA MINERVA- PRÓXIMO A CIP CÃES.;DOIS UNIDOS;;SUBURBIO;COLISÃO TRASEIRA;1.0;0.0;0.0;0.0;0.0;1.0;0.0;0.0;0.0;1.0;0.0;Longo da via;Bom;Não existe;Perfeito estado;Seca;Perfeito estado;Não existe;Não há placas;;Dupla;Não existe;;;Tarde
2532;28/07/2020;16:13:00;SEM VÍTIMA;FINALIZADA;BOA VIAGEM;AV BOA VIAGEM;704;;EM FRENTE AO EDF. NÁPOLIS;BOA VIAGEM;;CIDADE;ABALROAMENTO LONGITUDINAL;2.0;0.0;0.0;0.0;0.0;0.0;0.0;0.0;1.0;0.0;0.0;Longo da via;Bom;Não existe;Perfeito estado;Seca;Perfeito estado;Não existe;Não há placas;;Única;Faixa contínua;;;Tarde
2533;28/07/2020;17:23:00;SEM VÍTIMA;FINALIZADA;GRAÇAS;RUA JOAQUIM NABUCO;;;;GRAÇAS;;SUBURBIO;COLISÃO TRASEIRA;2.0;0.0;0.0;0.0;0.0;0.0;0.0;0.0;0.0;0.0;0.0;Longo da via;Bom;Sem defeito;Perfeito estado;Seca;Perfeito estado;Outros;;;Única;Faixa seccionada;;;Tarde
2534;28/07/2020;19:41:00;COM VÍTIMA;FINALIZADA;ÁGUA FRIA;RUA SAO SEBASTIAO;694;;PRÓX A ENTRADA DA BOMBA DO HEMETERIO E POSTO DA BOMBA;ÁGUA FRIA;;;ABALROAMENTO LONGITUDINAL;0.0;2.0;0.0;0.0;0.0;0.0;0.0;0.0;0.0;1.0;0.0;Longo da via;Bom;Não existe;;Seca;Perfeito estado;Não existe;Não há placas;;Dupla;Faixa contínua;;;Noite
2535;29/07/2020;06:33:00;SEM VÍTIMA;FINALIZADA;JOANA BEZERRA;VDO PAPA JOAO PAULO II;;;NA DESCIDA DA PONTE SENTIDO AGAMENON MAGALHÃES;JOANA BEZERRA;;;COLISÃO;2.0;0.0;0.0;0.0;0.0;0.0;0.0;0.0;0.0;0.0;0.0;Viaduto;Bom;Não existe;Perfeito estado;Seca;Perfeito estado;Não existe;Não há placas;;Dupla;Faixa seccionada;;;Manhã
2536;29/07/2020;07:50:00;COM VÍTIMA;FINALIZADA;ENCRUZILHADA;RUA FERNANDO CESAR;242;RUA AMARO COUTINHO;E/F A JDA EQUIPAMENTOS E PRAÇA DOM MIGUEL VALVERDE.;ENCRUZILHADA;;CIDADE;ABALROAMENTO LONGITUDINAL;0.0;1.0;1.0;0.0;0.0;0.0;0.0;0.0;0.0;2.0;0.0;Cruzamento;Chuvoso;Não existe;Perfeito estado;Seca;Perfeito estado;Faixa de pedestre;Placas Pare;30 km/h;Única;Faixa contínua;Faixa seccionada;;Manhã
2537;29/07/2020;07:55:00;COM VÍTIMA;FINALIZADA;SANTO AMARO;AV CRUZ CABUGA;1419;;EM FRENTE AO SEFAZ;SANTO AMARO;344.0;CIDADE;ABALROAMENTO LONGITUDINAL;1.0;1.0;0.0;0.0;0.0;0.0;0.0;0.0;0.0;1.0;0.0;Longo da via;Bom;Sem defeito;Perfeito estado;Seca;Perfeito estado;Não existe;Outras;;Dupla;Faixa contínua;;;Manhã
2538;29/07/2020;08:21:00;SEM VÍTIMA;FINALIZADA;SANTO AMARO;RUA TREZE DE MAIO;330;AV VISCONDE DE SUASSUNA;E/F A LINS ADVOCACIA;SANTO AMARO;172.0;;COLISÃO;1.0;1.0;0.0;0.0;0.0;0.0;0.0;0.0;0.0;0.0;0.0;Longo da via;Chuvoso;Sem defeito;Perfeito estado;Molhada;Perfeito estado;Faixa de pedestre;Outras;;Única;Não existe;;;Manhã
2539;29/07/2020;08:46:00;COM VÍTIMA;FINALIZADA;BOA VISTA;RUA JOSE DE ALENCAR;;RUA BARAO DE SAO BORJA;EM FRENTE AO HOTEL BOA VISTA;BOA VISTA;;CDE BOA VISTA;ABALROAMENTO LONGITUDINAL;1.0;1.0;0.0;0.0;0.0;0.0;0.0;0.0;0.0;1.0;0.0;Cruzamento;Chuvoso;Não existe;Perfeito estado;Molhada;Outros;Faixa de pedestre;Placas Pare;;Única;Não existe;;;Manhã
2540;29/07/2020;09:28:00;COM VÍTIMA;FINALIZADA;IPSEP;AV RECIFE;1088;;EM FRENTE A CENTRAL DAS BATERIAS;IPSEP;;AEROPORTO;ABALROAMENTO LONGITUDINAL;0.0;2.0;0.0;0.0;0.0;0.0;0.0;0.0;0.0;1.0;0.0;Longo da via;Chuvoso;Não existe;Perfeito estado;Molhada;Perfeito estado;Não existe;Não há placas;60 km/h;Dupla;Faixa contínua;Faixa seccionada;;Manhã
2541;29/07/2020;09:58:00;COM VÍTIMA;FINALIZADA;SAN MARTIN;AV GENERAL SAN MARTIN;1450;;EM FRENTE A O IPA;SAN MARTIN;;SUBURBIO;ABALROAMENTO TRANSVERSAL;1.0;1.0;0.0;0.0;0.0;0.0;0.0;0.0;0.0;1.0;0.0;Longo da via;Nublado;Não existe;Incompleta;Seca;Perfeito estado;Faixa de pedestre;R-6a;40 km/h;Dupla;Faixa contínua;Faixa seccionada;;Manhã
2542;29/07/2020;11:18:00;COM VÍTIMA;FINALIZADA;CAMPINA DO BARRETO;RUA EXP JAMIL DAGLI;40;;RUA TRANSVERSAL A AV. PROF. JOSE DOS ANJOS // NA RUA DA BARRACA DO KAUAN;CAMPINA DO BARRETO;;SUBURBIO;ATROPELAMENTO;1.0;0.0;0.0;0.0;1.0;0.0;0.0;0.0;0.0;1.0;0.0;Longo da via;Chuvoso;Não existe;Não existente;Seca;Perfeito estado;Não existe;Não há placas;;Dupla;Canal;;;Manhã
2543;29/07/2020;11:21:00;SEM VÍTIMA;FINALIZADA;SANTO AMARO;AV GOVERNADOR AGAMENON MAGALHAES;;AV DR JAYME DA FONTE;EM FRENTE AO IC;SANTO AMARO;;OLINDA;COLISÃO;1.0;0.0;0.0;0.0;0.0;0.0;0.0;1.0;0.0;0.0;0.0;Cruzamento;Chuvoso;Sem defeito;Perfeito estado;Molhada;Perfeito estado;Faixa de pedestre;Outras;60KM;Dupla;Faixa contínua;Canteiro central;;Manhã
2544;29/07/2020;12:39:00;COM VÍTIMA;FINALIZADA;CASA AMARELA;RUA TAQUARITINGA;;RUA PADRE LEMOS;EM FRENTE AO CENTRO COMERCIAL DE CASA AMARELA AO LADO DA CAIXA ECONÔMICA- EM FRENTE AO POSTE DE ILUMINAÇÃO B023429.;CASA AMARELA;;CIDADE;ATROPELAMENTO;0.0;0.0;0.0;0.0;1.0;1.0;0.0;0.0;0.0;1.0;0.0;Esquina;Bom;Não existe;Perfeito estado;Seca;Perfeito estado;Não existe;Não há placas;;Única;Faixa seccionada;;;Tarde
2545;29/07/2020;13:04:00;COM VÍTIMA;FINALIZADA;BOA VISTA;RUA BARAO DE SAO BORJA;116;RUA JOSE DE ALENCAR;EM FRENTE A BANCA DE BICHO E O HOTEL BOA VISTA;BOA VISTA;;CIDADE;ABALROAMENTO TRANSVERSAL;1.0;1.0;0.0;0.0;0.0;0.0;0.0;0.0;0.0;1.0;0.0;Cruzamento;Bom;Não existe;Perfeito estado;Seca;Perfeito estado;Faixa de pedestre;Placas Pare;;Única;Não existe;;;Tarde
2546;29/07/2020;13:43:00;SEM VÍTIMA;FINALIZADA;VASCO DA GAMA;RUA DOIS DE FEVEREIRO;;;PROX A SUBIDA DO ALTO NOSSA SENHORA DE FATIMA;VASCO DA GAMA;;;COLISÃO;1.0;1.0;0.0;0.0;0.0;1.0;0.0;0.0;0.0;0.0;0.0;Longo da via;Chuvoso;Não existe;Não existente;Molhada;Mal conservada;Não existe;Não há placas;;Dupla;Não existe;;;Tarde
2547;29/07/2020;13:57:00;COM VÍTIMA;FINALIZADA;CASA AMARELA;RUA PADRE LEMOS;58;;MERCADO DE CASA AMARELA;CASA AMARELA;;CIDADE;ATROPELAMENTO;0.0;1.0;0.0;0.0;1.0;0.0;0.0;0.0;0.0;1.0;0.0;Longo da via;Bom;Não existe;Perfeito estado;Seca;Perfeito estado;Não existe;Outras;;Dupla;Faixa seccionada;;;Tarde
2548;29/07/2020;16:25:00;SEM VÍTIMA;FINALIZADA;BOA VIAGEM;AV ENGENHEIRO DOMINGOS FERREIRA;;RUA BRUNO VELOSO;PROX A DROGAZIL;BOA VIAGEM;;;COLISÃO;2.0;0.0;0.0;0.0;0.0;0.0;0.0;0.0;0.0;0.0;0.0;Longo da via;Bom;Sem defeito;Perfeito estado;Seca;Perfeito estado;Não existe;Outras;60km;Única;Faixa contínua;;;Tarde
2549;29/07/2020;18:43:00;VÍTIMA FATAL;FINALIZADA;CASA AMARELA;AV NORTE;;COR DO BARTOLOMEU;E/ F AO REI DA PICANHA E FARMÁCIA PAGUE MENOS;CASA AMARELA;79.0;CIDADE;ABALROAMENTO LONGITUDINAL;0.0;1.0;0.0;0.0;0.0;1.0;0.0;0.0;0.0;0.0;1.0;Cruzamento;Bom;Sem defeito;Perfeito estado;Molhada;Perfeito estado;Faixa de pedestre;;60 km/h;;Canteiro central;;;Noite
2550;29/07/2020;20:53:00;COM VÍTIMA;FINALIZADA;BOA VIAGEM;RUA BALTAZAR PASSOS;;RUA SA E SOUZA;AO LADO DA CULTURA INGLESA.;BOA VIAGEM;;ORLA DE BOA VIAGEM;ABALROAMENTO TRANSVERSAL;1.0;1.0;0.0;0.0;0.0;0.0;0.0;0.0;0.0;1.0;0.0;Cruzamento;Bom;Não existe;Perfeito estado;Seca;Perfeito estado;Faixa de retenção;Placas Pare;;Única;Não existe;;;Noite
2551;30/07/2020;12:31:00;COM VÍTIMA;FINALIZADA;CAMPO GRANDE;AV PROFESSOR JOSE DOS ANJOS;116;;E/F A COMPESA S/T SUB;CAMPO GRANDE;;SUBURBIO;ABALROAMENTO TRANSVERSAL;1.0;1.0;0.0;0.0;0.0;0.0;0.0;0.0;0.0;2.0;0.0;Longo da via;Bom;Não existe;Incompleta;Seca;Perfeito estado;Não existe;Não há placas;;Dupla;Não existe;;;Tarde
2552;30/07/2020;14:33:00;COM VÍTIMA;FINALIZADA;TORREÃO;AV NORTE;;;SOBRE O VIADUTO VT 13 NO LOCAL. LADO OPOSTO AO EMPRESARIAL TACARUNA.;TORREÃO;;CIDADE;COLISÃO TRASEIRA;1.0;1.0;0.0;0.0;0.0;0.0;0.0;0.0;0.0;1.0;0.0;Viaduto;Bom;Não existe;Perfeito estado;Seca;Perfeito estado;Não existe;Outras;;Dupla;Faixa seccionada;Canteiro central;;Tarde
2553;30/07/2020;15:53:00;COM VÍTIMA;FINALIZADA;SAN MARTIN;AV GENERAL SAN MARTIN;1973;;PRÓXIMO A ACADEMIA DA CIDADE. EM FRENTE A PET'S.;SAN MARTIN;;CIDADE;COLISÃO COM CICLISTA;0.0;1.0;0.0;1.0;0.0;0.0;0.0;0.0;0.0;2.0;0.0;Longo da via;Bom;Não existe;Perfeito estado;Seca;Perfeito estado;;;;Dupla;Faixa contínua;;;Tarde
2554;30/07/2020;19:00:00;COM VÍTIMA;FINALIZADA;CASA AMARELA;AV NORTE;6061;;ENF. AO DESKONTAO ATACADISTA;CASA AMARELA;;CIDADE;ATROPELAMENTO;0.0;1.0;0.0;0.0;1.0;0.0;0.0;0.0;0.0;2.0;0.0;Longo da via;Bom;Não existe;Perfeito estado;Seca;Perfeito estado;Faixa de pedestre;Não há placas;60 km/h;Dupla;Canteiro central;;;Noite