indice;data;hora;natureza_acidente;situacao;bairro;endereco;numero;detalhe_endereco_acidente;complemento;bairro_cruzamento;num_semaforo;sentido_via;tipo;auto;moto;ciclom;ciclista;pedestre;onibus;caminhao;viatura;outros;vitimas;vitimasfatais;acidente_verificado;tempo_clima;situacao_semaforo;sinalizacao;condicao_via;conservacao_via;ponto_controle;situacao_placa;velocidade_max_via;mao_direcao;divisao_via1;divisao_via2;divisao_via3;turno
2555;30/07/2020;21:48:00;VÍTIMA FATAL;FINALIZADA;IBURA;AV DOM HELDER CAMARA;257;;PROX AO NUCLEO DA AV RECIFE. LADO OPOSTO AO NÚMERO INFORMADO.;IBURA;;SUBURBIO;CHOQUE OBJETO FIXO;0.0;1.0;0.0;0.0;0.0;0.0;0.0;0.0;0.0;0.0;1.0;Longo da via;Chuvoso;Não existe;Não existente;Molhada;Mal iluminada;;Não há placas;50 km/h;Dupla;Canteiro central;;;Noite
2556;31/07/2020;00:32:00;COM VÍTIMA;FINALIZADA;VÁRZEA;RUA VALE DO SIRIJI;;;LADEIRA DA UR-7 - E/F À ESCOLA MUNICIPAL JOÃO FRANCISCO DE SOUZA;VÁRZEA;;CIDADE;ATROPELAMENTO ANIMAL;1.0;0.0;0.0;0.0;0.0;0.0;0.0;0.0;1.0;1.0;0.0;Longo da via;Chuvoso;Não existe;Não existente;Molhada;Perfeito estado;Não existe;Não há placas;;Dupla;Faixa seccionada;;;Madrugada
2557;31/07/2020;08:48:00;COM VÍTIMA;FINALIZADA;IPSEP;RUA JEAN EMILE FAVRE;;RUA ARACATUBA;EM FRENTE A PRAÇA DA MAURICEA;IPSEP;;CIDADE;ABALROAMENTO LONGITUDINAL;0.0;2.0;0.0;0.0;0.0;0.0;0.0;0.0;0.0;1.0;0.0;Cruzamento;Chuvoso;Não existe;Ilegível;Molhada;Perfeito estado;Não existe;Placas Pare;60 km/h;;Não existe;;;Manhã
2558;31/07/2020;14:03:00;COM VÍTIMA;FINALIZADA;SANTO ANTÔNIO;RUA DO SOL;;AV GUARARAPES;EM FRENTE A PONTE DUARTE COELHO;SANTO ANTÔNIO;14.0;;ABALROAMENTO LONGITUDINAL;1.0;0.0;0.0;0.0;0.0;1.0;0.0;0.0;0.0;1.0;0.0;Cruzamento;Bom;Sem defeito;Perfeito estado;Seca;Perfeito estado;Outros;Outras;;Dupla;Faixa contínua;Faixa seccionada;Canteiro central;Tarde
2559;31/07/2020;15:16:00;COM VÍTIMA;FINALIZADA;BOA VIAGEM;RUA PADRE CARAPUCEIRO;777;;NO ESTACIONAMENTO INTERNO DO SHOPPING RECIFE- ENTRADA 5 PROX A C&A.;BOA VIAGEM;;;CHOQUE OBJETO FIXO;1.0;0.0;0.0;0.0;0.0;0.0;0.0;0.0;0.0;1.0;0.0;Longo da via;Bom;Não existe;Perfeito estado;Seca;Perfeito estado;Não existe;R-5b;20 km/h;Dupla;Canteiro central;;;Tarde
2560;31/07/2020;18:02:00;COM VÍTIMA;FINALIZADA;CASA AMARELA;EST DO ARRAIAL;3765;;PROX AO BANCO DO BRADESCO. PRÓXIMO AO CRUZAMENTO COM A RUA PAULA BATISTA.;CASA AMARELA;283.0;SUBURBIO;ABALROAMENTO LONGITUDINAL;1.0;1.0;0.0;0.0;0.0;0.0;0.0;0.0;0.0;2.0;0.0;Longo da via;Bom;Sem defeito;Perfeito estado;Seca;Perfeito estado;Faixa de pedestre;R-3;;Única;Faixa contínua;Faixa seccionada;;Noite
2561;31/07/2020;18:14:00;COM VÍTIMA;FINALIZADA;BOA VISTA;AV CONDE DA BOA VISTA;;RUA DOM BOSCO;;BOA VISTA;27.0;SUBURBIO;ABALROAMENTO LONGITUDINAL;0.0;2.0;0.0;0.0;0.0;0.0;0.0;0.0;0.0;1.0;0.0;Cruzamento;Bom;Sem defeito;Perfeito estado;Seca;Perfeito estado;Não existe;Não há placas;;Dupla;Canteiro central;;;Noite
2562;01/08/2020;18:34:00;COM VÍTIMA;FINALIZADA;CASA AMARELA;AV NORTE;5956;;PRÓX AO DESCONTÃO / E/F A IGREJA ADVENTISTA ---- **VT 13 NO LOCAL**;CASA AMARELA;;CIDADE;COLISÃO TRASEIRA;0.0;2.0;0.0;0.0;0.0;0.0;0.0;0.0;0.0;1.0;0.0;Longo da via;Chuvoso;Não existe;Perfeito estado;Molhada;Perfeito estado;Não existe;Não há placas;60 km/h;Única;Faixa seccionada;;;Noite
2563;02/08/2020;00:30:00;SEM VÍTIMA;FINALIZADA;BOA VIAGEM;RUA GENERAL AMERICANO FREIRE;528;;;BOA VIAGEM;;SUBURBIO;CHOQUE VEÍCULO PARADO;3.0;0.0;0.0;0.0;0.0;0.0;0.0;0.0;0.0;0.0;0.0;Longo da via;Bom;Não existe;;Seca;Perfeito estado;Não existe;;;Única;Não existe;;;Madrugada
2564;02/08/2020;00:40:00;COM VÍTIMA;FINALIZADA;CAMPO GRANDE;RUA JERONIMO VILELA;40A;EST DE BELEM;COM A ESTRADA DE BELÉM;CAMPO GRANDE;26.0;SUBURBIO;ABALROAMENTO TRANSVERSAL;1.0;1.0;0.0;0.0;0.0;0.0;0.0;0.0;0.0;1.0;0.0;Cruzamento;Bom;Sem defeito;Ilegível;Molhada;Mal iluminada;Faixa de pedestre;Não há placas;;Dupla;Faixa seccionada;;;Madrugada
2565;02/08/2020;07:14:00;COM VÍTIMA;FINALIZADA;MONTEIRO;AV DEZESSETE DE AGOSTO;50;;PRAÇA DO MONTEIRO;MONTEIRO;;SUBURBIO;ABALROAMENTO TRANSVERSAL;2.0;0.0;0.0;0.0;0.0;0.0;0.0;0.0;0.0;1.0;0.0;Longo da via;Bom;Não existe;Perfeito estado;Seca;Perfeito estado;Não existe;Outras;;Dupla;;;;Manhã
2566;02/08/2020;09:16:00;COM VÍTIMA;FINALIZADA;ÁGUA FRIA;RUA ALEGRE;206;RUA ZEFERINO AGRA;PRÓXIMO À DELEGACIA DE ÁGUA FRIA.;ÁGUA FRIA;;SUBURBIO;COLISÃO TRASEIRA;1.0;1.0;0.0;0.0;0.0;0.0;0.0;0.0;0.0;1.0;0.0;Longo da via;Bom;Sem defeito;Perfeito estado;Seca;Perfeito estado;Faixa de pedestre;;;Única;Faixa seccionada;;;Manhã
2567;02/08/2020;14:34:00;COM VÍTIMA;FINALIZADA;BOA VIAGEM;RUA SA E SOUZA;;RUA PADRE CABRAL;LABORATORIO GILSON CIDRIM;BOA VIAGEM;;;ABALROAMENTO LONGITUDINAL;1.0;1.0;0.0;0.0;0.0;0.0;0.0;0.0;0.0;1.0;0.0;Esquina;Bom;Não existe;Perfeito estado;Seca;Perfeito estado;Não existe;R-6a;30 km/h;Dupla;Faixa contínua;Faixa seccionada;;Tarde
2568;02/08/2020;14:38:00;COM VÍTIMA;FINALIZADA;AFOGADOS;RUA SAO MIGUEL;1816;;RENASCER DISTRIBUIDORA;AFOGADOS;425.0;SUBURBIO;CHOQUE OBJETO FIXO;1.0;0.0;0.0;0.0;0.0;0.0;0.0;0.0;0.0;1.0;0.0;Longo da via;Chuvoso;;Incompleta;Seca;Perfeito estado;Faixa de pedestre;Outras;;Dupla;Faixa contínua;;;Tarde
2569;03/08/2020;07:50:00;COM VÍTIMA;FINALIZADA;GRAÇAS;AV GOVERNADOR AGAMENON MAGALHAES;;AV RUI BARBOSA;EM FRENTE AO TRIBUNAL REGIONAL ELEITORAL PE;GRAÇAS;37.0;BOA VIAGEM;ABALROAMENTO TRANSVERSAL;1.0;1.0;0.0;0.0;0.0;0.0;0.0;0.0;0.0;1.0;0.0;Cruzamento;Bom;Sem defeito;Perfeito estado;Seca;Perfeito estado;Agente;Outras;60 km/h;Dupla;Canteiro central;;;Manhã
2570;03/08/2020;16:02:00;COM VÍTIMA;FINALIZADA;SÃO JOSÉ;AV SUL;;;NA ENTRADA DO CAIS SANTA RITA- EM FRENTE AO AGEMAR.;SÃO JOSÉ;76.0;CIDADE;COLISÃO TRASEIRA;0.0;0.0;0.0;0.0;0.0;3.0;0.0;0.0;0.0;4.0;0.0;Longo da via;Bom;Sem defeito;Perfeito estado;Seca;Perfeito estado;Outros;Outras;;Dupla;;;;Tarde
2571;03/08/2020;19:19:00;SEM VÍTIMA;FINALIZADA;AFOGADOS;AV SUL;;;PRÓXIMO À PONTE DE ADOGADOS - SENTIDO CIDADE;AFOGADOS;;;CAPOTAMENTO;0.0;0.0;0.0;0.0;0.0;0.0;0.0;0.0;0.0;0.0;0.0;;;;;;;;;;;;;;Noite
2572;03/08/2020;22:07:00;COM VÍTIMA;FINALIZADA;TAMARINEIRA;EST DO ARRAIAL;2385;;APOS O POSTO IPIRANGA;TAMARINEIRA;;SUBURBIO;ABALROAMENTO TRANSVERSAL;1.0;1.0;0.0;0.0;0.0;0.0;0.0;0.0;0.0;1.0;0.0;Longo da via;Bom;Não existe;Perfeito estado;Seca;Perfeito estado;Não existe;Não há placas;;Única;Faixa seccionada;;;Noite
2573;04/08/2020;06:45:00;COM VÍTIMA;FINALIZADA;PASSARINHO;RUA CORONEL PILAR;313A;;PROX AO CAMPO DE FUTEBOL DE PASSARINHO- LADO OPOSTO A COMPRA DE SUCATAS.;PASSARINHO;;;COLISÃO FRONTAL;1.0;0.0;0.0;0.0;0.0;0.0;1.0;0.0;0.0;1.0;0.0;Longo da via;Bom;Não existe;Não existente;Seca;;Não existe;Não há placas;;Dupla;Não existe;;;Manhã
2574;04/08/2020;08:17:00;COM VÍTIMA;FINALIZADA;ESTÂNCIA;AV RECIFE;5583;;EM FRENTE AO POSTO BR- PROX A ENTRADA DE SAN MARTIM;ESTÂNCIA;;;COLISÃO TRASEIRA;1.0;1.0;0.0;0.0;0.0;0.0;0.0;0.0;0.0;1.0;0.0;Longo da via;Bom;Não existe;Não existente;Seca;Perfeito estado;;Não há placas;60 km/h;Única;Canteiro central;;;Manhã
2575;04/08/2020;20:21:00;COM VÍTIMA;FINALIZADA;IBURA;RUA RIO XINGU;273;;E/F A CASA DO HAMBURGUER. EM FRENTE AO LAVA JATO.;IBURA;;CIDADE;COLISÃO FRONTAL;1.0;1.0;0.0;0.0;0.0;0.0;0.0;0.0;0.0;1.0;0.0;Longo da via;Bom;Não existe;Não existente;Seca;Perfeito estado;Não existe;R-19;30 km/h;Dupla;Faixa seccionada;;;Noite
2576;05/08/2020;05:14:00;SEM VÍTIMA;FINALIZADA;BOA VISTA;RUA AURORA;;RUA DO RIACHUELO;;BOA VISTA;579.0;;COLISÃO;1.0;0.0;0.0;0.0;0.0;1.0;0.0;0.0;0.0;0.0;0.0;;;;;;;;;;;;;;Madrugada
2577;05/08/2020;08:13:00;COM VÍTIMA;FINALIZADA;ARRUDA;RUA DAS MOCAS;1271;;RESIDENCIA PROX  A PIZZARIA ATLANTICO;ARRUDA;;CIDADE;COLISÃO;1.0;1.0;0.0;0.0;0.0;0.0;0.0;0.0;0.0;2.0;0.0;Longo da via;Bom;Não existe;Não existente;Seca;Perfeito estado;Não existe;Não há placas;;Dupla;Faixa seccionada;;;Manhã
2578;05/08/2020;10:33:00;COM VÍTIMA;FINALIZADA;CASA AMARELA;RUA DO MARQUES;;EST DO ENCANAMENTO;PROX. A ESCOLA ESTADUAL JOSE VILELA;CASA AMARELA;462.0;CIDADE;COLISÃO FRONTAL;1.0;1.0;0.0;0.0;0.0;0.0;0.0;0.0;0.0;2.0;0.0;Cruzamento;Bom;Com defeito;Perfeito estado;Seca;Perfeito estado;Faixa de pedestre;;60 km/h;;;;;Manhã
2579;05/08/2020;11:45:00;COM VÍTIMA;FINALIZADA;MADALENA;RUA BENFICA;411;RUA EUCLIDES DA CUNHA;SEMAFORO 590;MADALENA;590.0;CIDADE;TOMBAMENTO;0.0;1.0;0.0;0.0;0.0;0.0;0.0;0.0;0.0;1.0;0.0;Cruzamento;Bom;Sem defeito;Perfeito estado;Seca;Perfeito estado;Faixa de pedestre;;60 km/h;Única;;;;Manhã
2580;05/08/2020;13:51:00;COM VÍTIMA;FINALIZADA;ARRUDA;AV PROFESSOR JOSE DOS ANJOS;;;EM FRENTE AO PAI DO ARRUDA- POR TRAS DO CAMPO DO ARRUDA;ARRUDA;;SUBURBIO;COLISÃO TRASEIRA;1.0;1.0;0.0;0.0;0.0;0.0;0.0;0.0;0.0;1.0;0.0;Longo da via;Bom;Não existe;Perfeito estado;Seca;Perfeito estado;Não existe;Outras;40 km/h;Única;Faixa seccionada;;;Tarde
2581;05/08/2020;18:17:00;COM VÍTIMA;FINALIZADA;CORDEIRO;AV CAXANGA;2811;;CANAL DO CAVOUCO. EM FRENTE AO RESTAURANTE MASSARELA.;CORDEIRO;;CIDADE;COLISÃO COM CICLISTA;0.0;1.0;0.0;1.0;0.0;0.0;0.0;0.0;0.0;1.0;0.0;Longo da via;Bom;Sem defeito;Perfeito estado;Seca;Perfeito estado;;;;Dupla;Faixa contínua;Faixa seccionada;Canteiro central;Noite
2582;05/08/2020;18:45:00;COM VÍTIMA;FINALIZADA;CASA FORTE;AV FLOR DE SANTANA;48;AV DEZESSETE DE AGOSTO;ENF. A BURGE KING. LADO OPOSTO AO NÚMERO INFORMADO.;CASA FORTE;;PARNAMIRIM;ABALROAMENTO TRANSVERSAL;1.0;1.0;0.0;0.0;0.0;0.0;0.0;0.0;0.0;1.0;0.0;Longo da via;Bom;Não existe;Ilegível;Seca;Perfeito estado;Não existe;Outras;;Dupla;;;;Noite
2583;05/08/2020;19:35:00;COM VÍTIMA;FINALIZADA;TORRE;RUA JOSE BONIFACIO;;;LADO OPOSTO AO CARREFOUR.;TORRE;;SUBURBIO;COLISÃO TRASEIRA;2.0;1.0;0.0;0.0;0.0;0.0;0.0;0.0;0.0;1.0;0.0;Longo da via;Bom;Não existe;Não existente;Seca;Perfeito estado;Não existe;Não há placas;;Dupla;Canteiro central;;;Noite
2584;06/08/2020;13:05:00;COM VÍTIMA;FINALIZADA;IMBIRIBEIRA;AV MARECHAL MASCARENHAS DE MORAES;;;LADO OPOSTO A INFRAERO CARGO;IMBIRIBEIRA;;SUBURBIO;ATROPELAMENTO;1.0;0.0;0.0;0.0;1.0;0.0;0.0;0.0;0.0;1.0;0.0;;;;;;;;;;;;;;Tarde
2585;06/08/2020;07:34:00;COM VÍTIMA;FINALIZADA;CASA AMARELA;RUA DES GOIS CAVALCANTE;154;EST DO ARRAIAL;EM FRENTE AO HOSPITAL AGAMENON MAGALHAES;CASA AMARELA;;SUBURBIO;ABALROAMENTO LONGITUDINAL;1.0;1.0;0.0;0.0;0.0;0.0;0.0;0.0;0.0;1.0;0.0;Longo da via;Bom;Não existe;Perfeito estado;Seca;Perfeito estado;Não existe;Outras;;Única;Faixa seccionada;;;Manhã
2586;06/08/2020;09:56:00;COM VÍTIMA;FINALIZADA;GRAÇAS;RUA JOAO RAMOS;50;RUA BRUNO MAIA;E/F AO EMPRESARIAL MANGUINHOS;GRAÇAS;;SUBURBIO;ABALROAMENTO TRANSVERSAL;1.0;1.0;0.0;0.0;0.0;0.0;0.0;0.0;0.0;2.0;0.0;Cruzamento;Bom;Não existe;Perfeito estado;Seca;Perfeito estado;Faixa de pedestre;Placas Pare;;Única;Não existe;;;Manhã
2587;06/08/2020;12:29:00;VÍTIMA FATAL;FINALIZADA;CAMPO GRANDE;AV CORREIA DE BRITO;699;AV PROFESSOR JOSE DOS ANJOS;SENTIDO CENTRO DE CONVENÇÕES/SOBRE A PONTE MANOEL DE BRITO.;CAMPO GRANDE;563.0;CIDADE;COLISÃO COM CICLISTA;0.0;0.0;0.0;1.0;0.0;0.0;1.0;0.0;0.0;0.0;1.0;Ponte;Bom;Sem defeito;Perfeito estado;Seca;Perfeito estado;Não existe;Não há placas;;Dupla;Faixa contínua;;;Tarde
2588;06/08/2020;17:51:00;COM VÍTIMA;FINALIZADA;JORDÃO;AV MARIA IRENE;500;;EM FRENTE A CAPELA SÃO JOÃO BATISTA;JORDÃO;;SUBURBIO;ABALROAMENTO LONGITUDINAL;1.0;1.0;0.0;0.0;0.0;0.0;0.0;0.0;0.0;1.0;0.0;Longo da via;Bom;Não existe;Perfeito estado;Seca;Perfeito estado;Não existe;Não há placas;;Dupla;Faixa contínua;;;Tarde
2589;06/08/2020;23:43:00;SEM VÍTIMA;FINALIZADA;BOA VIAGEM;AV CONSELHEIRO AGUIAR;;RUA BRUNO VELOSO;BANCA DE REVISTA;BOA VIAGEM;146.0;CIDADE;COLISÃO TRASEIRA;2.0;0.0;0.0;0.0;0.0;0.0;0.0;0.0;0.0;0.0;0.0;Longo da via;Bom;Sem defeito;Perfeito estado;Seca;Perfeito estado;Faixa de pedestre;R-6a;60 km/h;Única;Não existe;;;Noite
2590;07/08/2020;06:23:00;COM VÍTIMA;FINALIZADA;BOA VIAGEM;AV MARECHAL JUAREZ TAVORA;;RUA JOAO CARDOSO AIRES;;BOA VIAGEM;478.0;;ABALROAMENTO TRANSVERSAL;0.0;0.0;0.0;0.0;0.0;1.0;0.0;1.0;0.0;1.0;0.0;Longo da via;Bom;Sem defeito;Perfeito estado;Seca;Perfeito estado;Faixa de pedestre;Não há placas;30 km/h;Única;Não existe;;;Manhã
2591;07/08/2020;08:33:00;COM VÍTIMA;FINALIZADA;PINA;AV ANTONIO DE GOES;;;SAÍDA DO TÚNEL. EM FRENTE AO EMPRESARIAL JOPIM.;PINA;103.0;CIDADE;COLISÃO FRONTAL;2.0;1.0;0.0;0.0;0.0;0.0;0.0;0.0;0.0;1.0;0.0;Cruzamento;Bom;Sem defeito;Perfeito estado;Seca;Perfeito estado;Agente;Não há placas;60 km/h;Única;Faixa seccionada;;;Manhã
2592;07/08/2020;13:07:00;COM VÍTIMA;FINALIZADA;SANCHO;AV LIBERDADE;;;EM FRENTE AO CIMITERIO PARQUE DAS FLORES E PONTO DE ÔNIBUS DE Nº 070013;SANCHO;;SUBURBIO;ATROPELAMENTO;1.0;0.0;0.0;0.0;1.0;0.0;0.0;0.0;0.0;1.0;0.0;Longo da via;Bom;Não existe;Perfeito estado;Seca;Perfeito estado;Não existe;Não há placas;;Dupla;Faixa contínua;;;Tarde
2593;07/08/2020;14:53:00;COM VÍTIMA;FINALIZADA;BOA VISTA;AV VISCONDE DE SUASSUNA;775;RUA GOUVEIA DE BARROS;EID;BOA VISTA;;CIDADE;ABALROAMENTO TRANSVERSAL;1.0;0.0;0.0;0.0;0.0;0.0;0.0;1.0;0.0;1.0;0.0;Longo da via;Bom;Não existe;Perfeito estado;Seca;Perfeito estado;;Não há placas;;Única;Faixa seccionada;;;Tarde
2594;07/08/2020;18:00:00;COM VÍTIMA;FINALIZADA;ILHA DO RETIRO;RUA JOAO ELISIO RAMOS;140;RUA DR JOAO MARQUES;;ILHA DO RETIRO;;CIDADE;COLISÃO COM CICLISTA;1.0;0.0;0.0;1.0;0.0;0.0;0.0;0.0;0.0;1.0;0.0;Esquina;Bom;Não existe;Perfeito estado;Seca;Perfeito estado;Não existe;Placas Pare;30 km/h;Dupla;Não existe;;;Noite
2595;07/08/2020;19:55:00;COM VÍTIMA;FINALIZADA;SANTO AMARO;AV GOVERNADOR AGAMENON MAGALHAES;;;ENF. A UPE // SENTIDO OLINDA VIA PRINCIPAL;SANTO AMARO;465.0;SUBURBIO;ABALROAMENTO LONGITUDINAL;1.0;1.0;0.0;0.0;0.0;0.0;0.0;0.0;0.0;2.0;0.0;Longo da via;Chuvoso;Sem defeito;Incompleta;Molhada;Mal conservada;Faixa de pedestre;R-19;60 km/h;Dupla;Canal;;;Noite
2596;07/08/2020;21:58:00;COM VÍTIMA;FINALIZADA;AREIAS;RUA DR GIL RODRIGUES DOS SANTOS;10;;PROX AO TERMINAL DO ONIBUS VILA TAMANDARE;AREIAS;;SUBURBIO;ABALROAMENTO LONGITUDINAL;1.0;1.0;0.0;0.0;0.0;0.0;0.0;0.0;0.0;1.0;0.0;Longo da via;Chuvoso;Não existe;Perfeito estado;Molhada;Perfeito estado;Não existe;Não há placas;;Dupla;Não existe;;;Noite
2597;08/08/2020;06:21:00;SEM VÍTIMA;FINALIZADA;ARRUDA;AV BEBERIBE;1253;RUA DAS MOCAS;ESTÁDIO AO SANTA CRUZ;ARRUDA;;CIDADE;CHOQUE OBJETO FIXO;1.0;0.0;0.0;0.0;0.0;0.0;0.0;0.0;0.0;0.0;0.0;Cruzamento;Chuvoso;Sem defeito;Perfeito estado;Molhada;Perfeito estado;Não existe;;60 km/h;Dupla;Faixa contínua;Faixa seccionada;;Manhã
2598;08/08/2020;07:35:00;SEM VÍTIMA;FINALIZADA;CAMPO GRANDE;EST DE BELEM;316;RUA ANTONIO RANGEL;AO LADO DA PADARIA EXPRESS MAMAE ONE;CAMPO GRANDE;201.0;;ABALROAMENTO LONGITUDINAL;1.0;0.0;0.0;0.0;0.0;0.0;1.0;0.0;0.0;0.0;0.0;;Bom;Sem defeito;Perfeito estado;Seca;Perfeito estado;Faixa de pedestre;R-6a;;Dupla;Faixa contínua;Faixa seccionada;;Manhã
2599;08/08/2020;13:25:00;COM VÍTIMA;FINALIZADA;MADALENA;AV CAXANGA;612;;ALEMAO AUTOMOVEIS;MADALENA;;SUBURBIO;ABALROAMENTO LONGITUDINAL;1.0;1.0;0.0;0.0;0.0;0.0;0.0;0.0;0.0;2.0;0.0;Longo da via;Bom;Não existe;Perfeito estado;Seca;Perfeito estado;Não existe;R-6a;;Dupla;Canteiro central;;;Tarde
2600;08/08/2020;16:38:00;SEM VÍTIMA;FINALIZADA;BOA VIAGEM;RUA BALTAZAR PASSOS;;RUA PROFESSOR AUGUSTO LINS E SILVA;PAN JOVEM DELICATESSEN;BOA VIAGEM;;;ABALROAMENTO TRANSVERSAL;2.0;0.0;0.0;0.0;0.0;0.0;0.0;0.0;0.0;0.0;0.0;Cruzamento;Bom;Não existe;Incompleta;Seca;Perfeito estado;Faixa de retenção;R-6a;30 km/h;Única;Não existe;;;Tarde
2601;08/08/2020;19:33:00;COM VÍTIMA;FINALIZADA;ÁGUA FRIA;RUA DO MACHADO;790;;PROXIMO DOS IRREPONSAVEIS- PROXIMO DO CALDINHO DO PORTUGA;ÁGUA FRIA;;SUBURBIO;COLISÃO COM CICLISTA;0.0;1.0;0.0;1.0;0.0;0.0;0.0;0.0;0.0;2.0;0.0;Longo da via;Bom;Não existe;Perfeito estado;Seca;Perfeito estado;Não existe;Não há placas;;Dupla;Faixa seccionada;;;Noite
2602;08/08/2020;19:52:00;COM VÍTIMA;FINALIZADA;BOA VIAGEM;RUA ANTONIO FALCAO;;RUA FRANCISCO DA CUNHA;EM FRENTE A ZE DO CALDO DE CANA- EM FRENTE AO FALCÃO COMERCIAL CONSTRUÇÃO;BOA VIAGEM;227.0;CIDADE;ABALROAMENTO TRANSVERSAL;1.0;1.0;0.0;0.0;0.0;0.0;0.0;0.0;0.0;1.0;0.0;Cruzamento;Bom;Sem defeito;Perfeito estado;Seca;Perfeito estado;Faixa de pedestre;Não há placas;;Única;Não existe;;;Noite
2603;08/08/2020;21:59:00;COM VÍTIMA;FINALIZADA;BOA VIAGEM;AV ENGENHEIRO DOMINGOS FERREIRA;;RUA BRUNO VELOSO;AO LADO DA FARMÁCIA DROGASIL // FAIXA ESQUERDA;BOA VIAGEM;338.0;;ABALROAMENTO TRANSVERSAL;1.0;1.0;0.0;0.0;0.0;0.0;0.0;0.0;0.0;1.0;0.0;Cruzamento;Chuvoso;Sem defeito;Perfeito estado;Molhada;Perfeito estado;Faixa de pedestre;R-6a;;Única;Canteiro central;;;Noite
2604;08/08/2020;22:41:00;COM VÍTIMA;FINALIZADA;BARRO;AV DR JOSE RUFINO;;RUA JOSE NATARIO;PRÓX AO SENAI;BARRO;44.0;CIDADE;ABALROAMENTO TRANSVERSAL;1.0;1.0;0.0;0.0;0.0;0.0;0.0;0.0;0.0;2.0;0.0;Cruzamento;Chuvoso;Sem defeito;Incompleta;Seca;Mal conservada;Faixa de pedestre;;;Dupla;;;;Noite
2605;09/08/2020;15:29:00;COM VÍTIMA;FINALIZADA;IBURA;AV DOIS RIOS;;;AO LADO DA POLICLINICA DO IBURA. POSTE B041617.;IBURA;;CIDADE;ABALROAMENTO LONGITUDINAL;1.0;1.0;0.0;0.0;0.0;0.0;0.0;0.0;0.0;1.0;0.0;Longo da via;Bom;Não existe;Incompleta;Seca;Perfeito estado;Não existe;Placas Pare;;Dupla;Faixa contínua;;;Tarde
2606;09/08/2020;18:46:00;COM VÍTIMA;FINALIZADA;SANTO AMARO;AV MARIO MELO;;RUA DA AURORA;PROX A ESCOLA DE CONTA PUBLICA PROF. BARRETO GUIMARAES;SANTO AMARO;90.0;SUBURBIO;CHOQUE OBJETO FIXO;0.0;1.0;0.0;0.0;0.0;0.0;0.0;0.0;0.0;1.0;0.0;Longo da via;Bom;Sem defeito;Perfeito estado;Seca;Perfeito estado;Faixa de retenção;;;Única;Faixa contínua;;;Noite
2607;09/08/2020;21:26:00;SEM VÍTIMA;FINALIZADA;IMBIRIBEIRA;AV MARECHAL MASCARENHAS DE MORAES;2666;RUA JATICY;PROX AO POSTO DE GASOLINA BR E GERALDAO;IMBIRIBEIRA;289.0;CIDADE;COLISÃO;2.0;0.0;0.0;0.0;0.0;0.0;0.0;0.0;0.0;0.0;0.0;Longo da via;Chuvoso;Sem defeito;Perfeito estado;Molhada;Perfeito estado;Faixa de pedestre;Outras;;Dupla;Faixa contínua;Faixa seccionada;Canteiro central;Noite
2608;10/08/2020;15:51:00;SEM VÍTIMA;FINALIZADA;IPSEP;RUA MACHADO DE ASSIS;187B;RUA JEAN EMILE FAVRE;NA TRANSVERSAL DA RUA JEAN EMILE FAVRE CONCECIONARIA VITORIANO VEICULOS;IPSEP;;CIDADE;COLISÃO;1.0;0.0;0.0;0.0;0.0;0.0;0.0;1.0;0.0;0.0;0.0;Longo da via;Bom;Não existe;Ilegível;Seca;Mal conservada;Não existe;Não há placas;;Dupla;Não existe;;;Tarde
2609;11/08/2020;08:58:00;COM VÍTIMA;FINALIZADA;SÃO JOSÉ;AV SUL;1022;;PROX. AO POSTO DE GASOLINA BR DESATIVADO. EM FRENTE A OFICINA CABILEIRA;SÃO JOSÉ;205.0;CIDADE;COLISÃO TRASEIRA;2.0;1.0;0.0;0.0;0.0;0.0;0.0;0.0;0.0;2.0;0.0;Longo da via;Bom;Sem defeito;Perfeito estado;Seca;Perfeito estado;Faixa de pedestre;Não há placas;;Dupla;Canteiro central;;;Manhã
2610;11/08/2020;15:58:00;COM VÍTIMA;FINALIZADA;AFOGADOS;RUA JOAO IVO DA SILVA;220;;EM FRENTE A BREMEN/ SENTIDO AFOGADOS;AFOGADOS;;SUBURBIO;COLISÃO TRASEIRA;1.0;1.0;0.0;0.0;0.0;0.0;0.0;0.0;0.0;1.0;0.0;Longo da via;Bom;Não existe;Perfeito estado;Seca;Perfeito estado;Não existe;Não há placas;40 km/h;Única;Faixa contínua;Faixa seccionada;;Tarde
2611;12/08/2020;18:28:00;COM VÍTIMA;FINALIZADA;PARNAMIRIM;AV DEZESSETE DE AGOSTO;125;RUA JOAO DA SILVA TELES;EM FRENTE AO BANCO BRADESCO E DA FRUTARIA.;PARNAMIRIM;;SUBURBIO;ATROPELAMENTO;0.0;1.0;0.0;0.0;1.0;0.0;0.0;0.0;0.0;2.0;0.0;Longo da via;Bom;Não existe;Perfeito estado;Seca;Perfeito estado;Não existe;Outras;;Dupla;Faixa contínua;;;Noite
2612;13/08/2020;10:38:00;COM VÍTIMA;FINALIZADA;TORREÃO;AV NORTE;1702;;APÓS A PRAÇA DA PICANHA;TORREÃO;;CIDADE;TOMBAMENTO;0.0;1.0;0.0;0.0;0.0;0.0;0.0;0.0;0.0;1.0;0.0;Longo da via;Bom;Não existe;Perfeito estado;;Perfeito estado;Não existe;Outras;;Dupla;Canteiro central;;;Manhã