indice;data;hora;natureza_acidente;situacao;bairro;endereco;numero;detalhe_endereco_acidente;complemento;bairro_cruzamento;num_semaforo;sentido_via;tipo;auto;moto;ciclom;ciclista;pedestre;onibus;caminhao;viatura;outros;vitimas;vitimasfatais;acidente_verificado;tempo_clima;situacao_semaforo;sinalizacao;condicao_via;conservacao_via;ponto_controle;situacao_placa;velocidade_max_via;mao_direcao;divisao_via1;divisao_via2;divisao_via3;turno
2613;13/08/2020;11:09:00;SEM VÍTIMA;FINALIZADA;CORDEIRO;AV ENGENHEIRO ABDIAS DE CARVALHO;;;;CORDEIRO;375.0;;COLISÃO;0.0;0.0;0.0;0.0;0.0;0.0;0.0;0.0;0.0;0.0;0.0;Longo da via;Chuvoso;Sem defeito;Perfeito estado;Molhada;Perfeito estado;Faixa de pedestre;Não há placas;;Dupla;Canteiro central;;;Manhã
2614;13/08/2020;11:59:00;COM VÍTIMA;FINALIZADA;MADALENA;AV CAXANGA;303;;PRÓXIMO AO SANTANDER;MADALENA;;CIDADE;COLISÃO TRASEIRA;0.0;2.0;0.0;0.0;0.0;0.0;0.0;0.0;0.0;1.0;0.0;Longo da via;Chuvoso;Não existe;Perfeito estado;Molhada;Perfeito estado;Não existe;Outras;;Dupla;Faixa contínua;Faixa seccionada;Canteiro central;Manhã
2615;13/08/2020;12:42:00;COM VÍTIMA;FINALIZADA;IBURA;AV DOIS RIOS;443;;IGREJA DE JESUS CRISTO DOS SANTOS DOS ÚLTIMOS DIAS.;IBURA;;CIDADE;ABALROAMENTO LONGITUDINAL;1.0;1.0;0.0;0.0;0.0;0.0;0.0;0.0;0.0;1.0;0.0;Longo da via;Bom;Não existe;Perfeito estado;Seca;Perfeito estado;Não existe;Não há placas;60 km/h;Dupla;Faixa contínua;;;Tarde
2616;13/08/2020;16:08:00;COM VÍTIMA;FINALIZADA;SANTO AMARO;AV GOVERNADOR AGAMENON MAGALHAES;;;DESCIDA DO VIADUTO DA JOÃO DE BARROS.;SANTO AMARO;;SUBURBIO;TOMBAMENTO;0.0;1.0;0.0;0.0;0.0;0.0;0.0;0.0;0.0;1.0;0.0;Ponte;Bom;Não existe;Perfeito estado;Molhada;Perfeito estado;Não existe;Não há placas;60 km/h;Dupla;Canal;;;Tarde
2617;13/08/2020;23:39:00;COM VÍTIMA;FINALIZADA;CASA FORTE;AV DEZESSETE DE AGOSTO;1950;RUA MARECHAL RONDON;PROXIMO A LABORATÓRIO ROBERTO MAGALHÃES;CASA FORTE;;;COLISÃO FRONTAL;2.0;0.0;0.0;0.0;0.0;0.0;0.0;0.0;0.0;1.0;0.0;Cruzamento;Bom;;Perfeito estado;Seca;Perfeito estado;Não existe;;;Dupla;Faixa contínua;;;Noite
2618;14/08/2020;09:11:00;COM VÍTIMA;FINALIZADA;CAJUEIRO;AV CIDADE DE MONTEIRO;159;;PROX AO ARMAZEM CORAL;CAJUEIRO;;SUBURBIO;COLISÃO FRONTAL;1.0;1.0;0.0;0.0;0.0;0.0;0.0;0.0;0.0;1.0;0.0;Longo da via;Bom;Não existe;Perfeito estado;Seca;Perfeito estado;Não existe;R-6a;40 km/h;Única;Faixa contínua;;;Manhã
2619;14/08/2020;14:30:00;COM VÍTIMA;FINALIZADA;MADALENA;AV VISCONDE DE ALBUQUERQUE;401;RUA LOPES DE CARVALHO;LADO OPOSTO AO MADALENA CENTER;MADALENA;;SUBURBIO;COLISÃO TRASEIRA;1.0;1.0;0.0;0.0;0.0;0.0;0.0;0.0;0.0;1.0;0.0;Longo da via;Bom;Não existe;Perfeito estado;Seca;Perfeito estado;Não existe;Não há placas;;Única;Faixa;;;Tarde
2620;14/08/2020;17:58:00;COM VÍTIMA;FINALIZADA;MANGUEIRA;RUA SAO MIGUEL;1357;RUA MANOEL DE ALBUQUERQUE FERNANDES;E/F AO BODE DO NO;MANGUEIRA;392.0;CIDADE;ABALROAMENTO TRANSVERSAL;1.0;1.0;0.0;0.0;0.0;0.0;0.0;0.0;0.0;1.0;0.0;Longo da via;Bom;Sem defeito;Perfeito estado;Seca;Perfeito estado;Faixa de pedestre;Placas Dê a preferência;;Dupla;Faixa contínua;;;Tarde
2621;14/08/2020;18:12:00;COM VÍTIMA;FINALIZADA;IMBIRIBEIRA;AV PRESIDENTE DUTRA;451;;EM FRENTE AO SAL E BRASA- SENTIDO BOA VIAGEM.;IMBIRIBEIRA;;BOA VIAGEM;CHOQUE OBJETO FIXO;0.0;1.0;0.0;0.0;0.0;0.0;0.0;0.0;0.0;1.0;0.0;Longo da via;Bom;Não existe;Perfeito estado;Seca;Perfeito estado;Não existe;Não há placas;;Única;Não existe;;;Noite
2622;15/08/2020;15:37:00;COM VÍTIMA;FINALIZADA;BOA VIAGEM;AV ENGENHEIRO DOMINGOS FERREIRA;4367;RUA CORONEL BENEDITO CHAVES;EM FRENTE AO MUNDO DO CABELEIREIRO;BOA VIAGEM;128.0;SUBURBIO;TOMBAMENTO;0.0;1.0;0.0;0.0;0.0;0.0;0.0;0.0;0.0;1.0;0.0;Cruzamento;Bom;Sem defeito;Perfeito estado;Seca;Perfeito estado;Faixa de retenção;R-6a;;Única;Não existe;;;Tarde
2623;15/08/2020;21:07:00;COM VÍTIMA;FINALIZADA;CAMPO GRANDE;AV GOVERNADOR AGAMENON MAGALHAES;;RUA ODORICO MENDES;ENF. AO IC INSTITUTO CRIMINALISTICA;CAMPO GRANDE;49.0;SUBURBIO;ABALROAMENTO TRANSVERSAL;1.0;1.0;0.0;0.0;0.0;0.0;0.0;0.0;0.0;1.0;0.0;Cruzamento;Bom;Sem defeito;Perfeito estado;Seca;Perfeito estado;Faixa de pedestre;;60 km/h;Única;Faixa contínua;Faixa seccionada;;Noite
2624;16/08/2020;10:47:00;SEM VÍTIMA;FINALIZADA;BOA VIAGEM;RUA CORONEL ANIZIO RODRIGUES COELHO;618;;EM FRENTE AO Nº 618;BOA VIAGEM;;SUBURBIO;CHOQUE VEÍCULO PARADO;4.0;0.0;0.0;0.0;0.0;0.0;0.0;0.0;0.0;0.0;0.0;Longo da via;Bom;Não existe;Perfeito estado;Seca;Perfeito estado;Não existe;Placas Pare;;Única;Não existe;;;Manhã
2625;16/08/2020;11:36:00;COM VÍTIMA;FINALIZADA;CASA FORTE;AV DEZESSETE DE AGOSTO;312;;E/F A BURGUER KING E PET SHOP PETLAND;CASA FORTE;;;ABALROAMENTO TRANSVERSAL;1.0;1.0;0.0;0.0;0.0;0.0;0.0;0.0;0.0;1.0;0.0;Longo da via;Bom;Não existe;Perfeito estado;Seca;Perfeito estado;Outros;R-6a;;Dupla;Faixa contínua;;;Manhã
2626;16/08/2020;14:56:00;COM VÍTIMA;FINALIZADA;MACAXEIRA;AV JOSE AMERICO DE ALMEIDA;1202;;PROXIMO DA ESCOLA PERNAMBUCANA DE CIRCO- PROXIMO DO RESTAURANTE BOI NO PRATO. AO LADO DA FENIX BARBEARIA.;MACAXEIRA;;SUBURBIO;CHOQUE VEÍCULO PARADO;1.0;1.0;0.0;0.0;0.0;0.0;0.0;0.0;0.0;1.0;0.0;Longo da via;Bom;Não existe;Perfeito estado;Seca;Perfeito estado;Não existe;R-19;30 km/h;Única;Não existe;;;Tarde
2627;16/08/2020;16:09:00;COM VÍTIMA;FINALIZADA;VÁRZEA;AV AFONSO OLINDENSE;1090;;AO LADO DO BAR PARAIBANO- PROX A LOMBADA ELETRONICA DA VARZEA. EM FRENTE A ACADEMIA ACTO.;VÁRZEA;;;ABALROAMENTO TRANSVERSAL;1.0;1.0;0.0;0.0;0.0;0.0;0.0;0.0;0.0;1.0;0.0;Longo da via;Bom;Não existe;Perfeito estado;Seca;Perfeito estado;Não existe;Outras;30 km/h;Dupla;Faixa contínua;;;Tarde
2628;16/08/2020;22:07:00;SEM VÍTIMA;FINALIZADA;TEJIPIÓ;AV DR JOSE RUFINO;;RUA MAJOR CHAGAS DE OLIVEIRA;LADO OPOSTO A SERRALHARIA GUEDES;TEJIPIÓ;;CIDADE;ABALROAMENTO TRANSVERSAL;1.0;1.0;0.0;0.0;0.0;0.0;0.0;0.0;0.0;0.0;0.0;;Bom;Não existe;Ilegível;Seca;Mal iluminada;Não existe;Não há placas;;Dupla;Não existe;;;Noite
2629;17/08/2020;12:27:00;COM VÍTIMA;FINALIZADA;MADALENA;RUA BENFICA;;;NO SEMÁFORO 590;MADALENA;590.0;;COLISÃO;1.0;1.0;0.0;0.0;0.0;0.0;0.0;0.0;0.0;2.0;0.0;Cruzamento;Bom;Sem defeito;Perfeito estado;Seca;Perfeito estado;Faixa de pedestre;;60 km/h;;;;;Tarde
2630;17/08/2020;15:36:00;COM VÍTIMA;FINALIZADA;ÁGUA FRIA;AV BEBERIBE;1769;;EM FRENTE A JORGE SUPLEMENTOS / SENTIDO CENTRO;ÁGUA FRIA;;SUBURBIO;ABALROAMENTO TRANSVERSAL;1.0;1.0;0.0;0.0;0.0;0.0;0.0;0.0;0.0;1.0;0.0;Longo da via;Bom;Não existe;Perfeito estado;Seca;Perfeito estado;Faixa de pedestre;Não há placas;40 km/h;Dupla;Faixa contínua;;;Tarde
2631;17/08/2020;21:20:00;COM VÍTIMA;FINALIZADA;SANTO AMARO;AV CRUZ CABUGA;;AV NORTE;AO LADA DA CASA DA INDUSTRIA;SANTO AMARO;;SUBURBIO;ABALROAMENTO TRANSVERSAL;1.0;0.0;0.0;0.0;0.0;1.0;0.0;0.0;0.0;1.0;0.0;Cruzamento;Bom;Sem defeito;Perfeito estado;Seca;Perfeito estado;Faixa de pedestre;;;Dupla;Canteiro central;;;Noite
2632;17/08/2020;21:26:00;COM VÍTIMA;FINALIZADA;BOA VIAGEM;AV CONSELHEIRO AGUIAR;4200;RUA RIBEIRO DE BRITO;SEMÁFORO 147 / E/F AO EDF HOLIDAY;BOA VIAGEM;147.0;CIDADE;ABALROAMENTO TRANSVERSAL;1.0;1.0;0.0;0.0;0.0;0.0;0.0;0.0;0.0;1.0;0.0;Cruzamento;Chuvoso;Sem defeito;Perfeito estado;Molhada;Perfeito estado;Faixa de pedestre;R-6a;;Única;Faixa contínua;;;Noite
2633;18/08/2020;10:19:00;COM VÍTIMA;FINALIZADA;SANTO ANTÔNIO;RUA FLORIANO PEIXOTO;;RUA TOBIAS BARRETO;EM FRENTE A CASA DA CULTIURA;SANTO ANTÔNIO;;SUBURBIO;ABALROAMENTO LONGITUDINAL;0.0;1.0;0.0;0.0;0.0;1.0;0.0;0.0;0.0;1.0;0.0;Cruzamento;Bom;Não existe;Perfeito estado;Seca;Perfeito estado;Não existe;Outras;;Única;Faixa seccionada;;;Manhã
2634;18/08/2020;11:36:00;SEM VÍTIMA;FINALIZADA;BOA VIAGEM;AV ENGENHEIRO DOMINGOS FERREIRA;;RUA FELIX DE BRITO E MELO;SOB O SEMÁFORO Nº 545;BOA VIAGEM;545.0;SUBURBIO;ABALROAMENTO TRANSVERSAL;1.0;0.0;0.0;0.0;0.0;0.0;1.0;0.0;0.0;0.0;0.0;Cruzamento;Bom;Sem defeito;Perfeito estado;Seca;Perfeito estado;Faixa de pedestre;R-6a;;Única;Faixa seccionada;Canteiro central;;Manhã
2635;18/08/2020;14:52:00;COM VÍTIMA;FINALIZADA;BOA VISTA;RUA JOAO FERNANDES VIEIRA;;RUA DR BANDEIRA FILHO;E/F A PRAÇA;BOA VISTA;;SUBURBIO;ABALROAMENTO LONGITUDINAL;2.0;1.0;0.0;0.0;0.0;0.0;0.0;0.0;0.0;1.0;0.0;Longo da via;Bom;Não existe;Ilegível;Seca;Perfeito estado;Não existe;Não há placas;60 km/h;Única;Não existe;;;Tarde
2636;18/08/2020;17:45:00;COM VÍTIMA;FINALIZADA;MADALENA;AV BEIRA RIO;591;;E/F AO EDF RIO CAPIBARIBE;MADALENA;;CIDADE;ABALROAMENTO LONGITUDINAL;1.0;1.0;0.0;0.0;0.0;0.0;0.0;0.0;0.0;2.0;0.0;Longo da via;Bom;Não existe;Perfeito estado;Seca;Perfeito estado;Não existe;Não há placas;40 km/h;;Faixa seccionada;;;Tarde
2637;18/08/2020;21:57:00;COM VÍTIMA;FINALIZADA;BOA VIAGEM;RUA ANTONIO LUMACK DO MONTE;203;;EM FRENTE AO HOTEL IMPERIAL SUITE- PROXIMO AO SHOPPING RECIFE;BOA VIAGEM;;SENT. RUA PADRE CARAPUCEIRO;CHOQUE VEÍCULO PARADO;1.0;1.0;0.0;0.0;0.0;0.0;0.0;0.0;0.0;1.0;0.0;Longo da via;Bom;Não existe;Perfeito estado;Seca;Perfeito estado;Não existe;Outras;;Única;Não existe;;;Noite
2638;19/08/2020;07:23:00;COM VÍTIMA;FINALIZADA;IPUTINGA;AV CAXANGA;;;EM FRENTE À CAXANGÁ VEÍCULOS;IPUTINGA;270.0;SUBURBIO;ATROPELAMENTO;0.0;0.0;0.0;0.0;1.0;0.0;0.0;0.0;0.0;1.0;0.0;Longo da via;Bom;Sem defeito;Perfeito estado;Seca;Perfeito estado;Faixa de pedestre;Não há placas;60 km/h;Dupla;Canteiro central;;;Manhã
2639;19/08/2020;10:39:00;SEM VÍTIMA;FINALIZADA;MANGUEIRA;RUA MANDARI;;;PROX. À ESTAÇÃO MANGUEIRA;MANGUEIRA;;;COLISÃO;2.0;0.0;0.0;0.0;0.0;0.0;0.0;1.0;0.0;0.0;0.0;;;;;;;;;;;;;;Manhã
2640;19/08/2020;13:23:00;SEM VÍTIMA;FINALIZADA;IPUTINGA;AV CAXANGA;;EST DO BARBALHO;NO SEMÁFORO 533;IPUTINGA;533.0;CIDADE;COLISÃO;1.0;1.0;0.0;0.0;0.0;0.0;0.0;0.0;0.0;0.0;0.0;;;;;;;;;;;;;;Tarde
2641;24/08/2020;07:28:00;SEM VÍTIMA;FINALIZADA;IBURA;AV CHAPADA DO ARARIPE;57;;EM FRENTE AO Nº 57;IBURA;;;COLISÃO FRONTAL;2.0;0.0;0.0;0.0;0.0;0.0;0.0;0.0;0.0;0.0;0.0;Longo da via;Bom;Não existe;Não existente;Seca;Perfeito estado;Não existe;Não há placas;;Dupla;Não existe;;;Manhã
2642;19/08/2020;14:45:00;SEM VÍTIMA;FINALIZADA;ESPINHEIRO;AV CONSELHEIRO AGUIAR;431;;;ESPINHEIRO;;SUBURBIO;CHOQUE OBJETO FIXO;1.0;0.0;0.0;0.0;0.0;0.0;0.0;0.0;0.0;0.0;0.0;Longo da via;Bom;Não existe;Perfeito estado;Seca;Perfeito estado;Não existe;;;Única;Faixa contínua;Faixa seccionada;;Tarde
2643;19/08/2020;14:45:00;SEM VÍTIMA;FINALIZADA;BOA VISTA;AV CONDE DA BOA VISTA;;;EM FRENTE AO SEMÁFORO Nº 025;BOA VISTA;;;ABALROAMENTO TRANSVERSAL;2.0;0.0;0.0;0.0;0.0;0.0;0.0;0.0;0.0;0.0;0.0;Longo da via;Chuvoso;Sem defeito;Perfeito estado;Molhada;Perfeito estado;Não existe;Não há placas;;Dupla;Canteiro central;;;Tarde
2644;19/08/2020;14:30:00;COM VÍTIMA;FINALIZADA;BOA VISTA;AV GOVERNADOR AGAMENON MAGALHAES;;RUA JOAO FERNANDES VIEIRA;COMEÇO DA PRAÇA PARQUE AMORIM.;BOA VISTA;;;ABALROAMENTO LONGITUDINAL;0.0;1.0;0.0;0.0;0.0;1.0;0.0;0.0;0.0;1.0;0.0;;;;;;;;;;;;;;Tarde
2645;19/08/2020;17:07:00;COM VÍTIMA;FINALIZADA;MANGABEIRA;AV NORTE;4578;RUA DA MANGABEIRA;NO SEMÁFORO 096;MANGABEIRA;96.0;SUBURBIO;CHOQUE OBJETO FIXO;1.0;1.0;0.0;0.0;0.0;0.0;0.0;0.0;0.0;2.0;0.0;Longo da via;Bom;Sem defeito;Perfeito estado;Seca;Perfeito estado;Faixa de pedestre;Não há placas;;Única;Canteiro central;;;Tarde
2646;19/08/2020;18:38:00;COM VÍTIMA;FINALIZADA;BEBERIBE;AV BEBERIBE;4575;;EM FRENTE A LOJA MAGAZINE LUIZA;BEBERIBE;;CIDADE;COLISÃO FRONTAL;1.0;1.0;0.0;0.0;0.0;0.0;0.0;0.0;0.0;1.0;0.0;Longo da via;Bom;Não existe;Não existente;Seca;Perfeito estado;Não existe;Não há placas;;Dupla;Não existe;;;Noite
2647;19/08/2020;18:53:00;COM VÍTIMA;FINALIZADA;ALTO JOSÉ DO PINHO;AV NORTE;4861;;EM FRENTE AO ARMAZÉM CORAL;ALTO JOSÉ DO PINHO;;CIDADE;ATROPELAMENTO;1.0;1.0;0.0;0.0;1.0;0.0;0.0;0.0;0.0;1.0;0.0;Longo da via;Bom;Não existe;Perfeito estado;Seca;Perfeito estado;Não existe;Não há placas;40 km/h;Dupla;Canteiro central;;;Noite
2648;19/08/2020;19:32:00;COM VÍTIMA;FINALIZADA;VÁRZEA;RUA PROFESSOR ANTONIO COELHO;447;RUA MARECHAL MANOEL LUIS OSORIO;E/F AO COLÉGIO PONTUAL E HOSPITAL HAPVIDA;VÁRZEA;;;ABALROAMENTO TRANSVERSAL;0.0;1.0;0.0;0.0;0.0;1.0;0.0;0.0;0.0;1.0;0.0;Cruzamento;Bom;Não existe;Perfeito estado;Seca;Perfeito estado;Faixa de pedestre;Placas Pare;30 km/h;Dupla;Faixa seccionada;;;Noite
2649;20/08/2020;07:24:00;COM VÍTIMA;FINALIZADA;CASA AMARELA;RUA DA ESTRELA;183;RUA ASTRONAUTA NEIL ARMSTRONG;;CASA AMARELA;;SUBURBIO;ABALROAMENTO TRANSVERSAL;1.0;1.0;0.0;0.0;0.0;0.0;0.0;0.0;0.0;1.0;0.0;Longo da via;Bom;Não existe;Incompleta;Seca;Perfeito estado;Não existe;Não há placas;;Dupla;Não existe;;;Manhã
2650;20/08/2020;08:08:00;COM VÍTIMA;FINALIZADA;BOA VISTA;RUA PRINCESA IZABEL;;RUA DA AURORA;SECRETARIA DE DEFESA SOCIAL. POLÍCIA CIVIL DE PERNAMBUCO.;BOA VISTA;22.0;SUBURBIO;ABALROAMENTO LONGITUDINAL;2.0;1.0;0.0;0.0;0.0;0.0;0.0;0.0;0.0;1.0;0.0;Cruzamento;Bom;Sem defeito;Perfeito estado;Seca;Perfeito estado;Agente;Não há placas;;Única;Não existe;;;Manhã
2651;20/08/2020;11:15:00;COM VÍTIMA;FINALIZADA;ALTO JOSÉ DO PINHO;COR DO BARTOLOMEU;124;;LADO OPOSTO A PADARIA ANDRÉA;ALTO JOSÉ DO PINHO;;CIDADE;ATROPELAMENTO;0.0;1.0;0.0;0.0;1.0;0.0;0.0;0.0;0.0;1.0;0.0;Longo da via;Bom;Não existe;Incompleta;Seca;Mal conservada;Não existe;Não há placas;;Dupla;Faixa seccionada;;;Manhã
2652;20/08/2020;11:57:00;COM VÍTIMA;FINALIZADA;IBURA;RUA PINTOR AGENOR DE ALBUQUERQUE CESAR;369;;PROX AO SESI DO BARRO;IBURA;;;COLISÃO;1.0;1.0;0.0;0.0;0.0;0.0;0.0;0.0;0.0;1.0;0.0;;;;;;;;;;;;;;Manhã
2653;20/08/2020;12:33:00;COM VÍTIMA;FINALIZADA;BOA VIAGEM;AV ENGENHEIRO DOMINGOS FERREIRA;;RUA ARTUR MUNIZ;PROX A O EXTRA. EM FRENTE AO CERPE DIAGNÓSTICO.;BOA VIAGEM;380.0;SUBURBIO;ABALROAMENTO TRANSVERSAL;1.0;1.0;0.0;0.0;0.0;0.0;0.0;0.0;0.0;1.0;0.0;Cruzamento;Bom;Sem defeito;Perfeito estado;Seca;Perfeito estado;Faixa de pedestre;;60 km/h;Única;Canteiro central;;;Tarde
2654;20/08/2020;15:20:00;COM VÍTIMA;FINALIZADA;CAXANGÁ;RUA RIBEIRO PESSOA;931;;PROX UPA DA CAXANGA E HOTEL TURQUESA.;CAXANGÁ;;;ABALROAMENTO LONGITUDINAL;2.0;0.0;0.0;0.0;0.0;0.0;1.0;0.0;0.0;1.0;0.0;Longo da via;Bom;Não existe;Incompleta;Seca;Mal conservada;Não existe;Outras;;Dupla;Faixa seccionada;;;Tarde
2655;20/08/2020;17:01:00;SEM VÍTIMA;FINALIZADA;VASCO DA GAMA;RUA VASCO DA GAMA;464;;EM FRENTE A IGREJA CATOLICA;VASCO DA GAMA;;SUBURBIO;COLISÃO;2.0;0.0;0.0;0.0;0.0;0.0;0.0;0.0;0.0;0.0;0.0;Longo da via;Bom;Não existe;Não existente;Seca;Perfeito estado;Agente;R-6a;30 km/h;Dupla;Não existe;;;Tarde
2656;21/08/2020;07:08:00;COM VÍTIMA;FINALIZADA;BOA VIAGEM;RUA PROFESSOR JOAO MEDEIROS;;RUA RIBEIRO DE BRITO;EM FRENTE AO RESTAURANTE MISTER FIT;BOA VIAGEM;332.0;CIDADE;ABALROAMENTO TRANSVERSAL;1.0;1.0;0.0;0.0;0.0;0.0;0.0;0.0;0.0;1.0;0.0;Cruzamento;Chuvoso;Com defeito;Perfeito estado;Molhada;Perfeito estado;Faixa de pedestre;Outras;;Única;Faixa;;;Manhã
2657;21/08/2020;09:10:00;COM VÍTIMA;FINALIZADA;BONGI;AV ENGENHEIRO ABDIAS DE CARVALHO;;;LADO OPOSTO AO ARENA DO CAMARÃO. EM FRENTE A CHESF.;BONGI;;CIDADE;COLISÃO TRASEIRA;2.0;0.0;0.0;0.0;0.0;0.0;0.0;0.0;0.0;1.0;0.0;Longo da via;Bom;Não existe;Perfeito estado;Seca;Perfeito estado;Não existe;R-6a;60 km/h;Dupla;Faixa seccionada;Canteiro central;;Manhã
2658;21/08/2020;13:22:00;COM VÍTIMA;FINALIZADA;TAMARINEIRA;RUA JUNDIA;;RUA IBIAPABA;EM FRENTE A FERREIRA COSTA;TAMARINEIRA;;;ABALROAMENTO TRANSVERSAL;1.0;1.0;0.0;0.0;0.0;0.0;0.0;0.0;0.0;1.0;0.0;Cruzamento;Bom;Não existe;Perfeito estado;Seca;Perfeito estado;Não existe;Placas Pare;;Dupla;Não existe;;;Tarde
2659;21/08/2020;19:44:00;COM VÍTIMA;FINALIZADA;TORRE;RUA LEONARDO BEZERRA CAVALCANTE;340;;ENF. AO EDF PORTAL DE CAPIBARIBE E MUSEU MIRILO LAGREGA.;TORRE;;CIDADE;ABALROAMENTO TRANSVERSAL;1.0;1.0;0.0;0.0;0.0;0.0;0.0;0.0;0.0;1.0;0.0;Longo da via;Bom;Não existe;Perfeito estado;Seca;Perfeito estado;Não existe;Não há placas;;Dupla;Faixa contínua;;;Noite
2660;22/08/2020;04:25:00;COM VÍTIMA;FINALIZADA;BOA VIAGEM;AVENIDA CELSO FURTADO (VIA MANGUE);;;PRÓXIMO AO BOMPREÇO - SENTIDO BOA VIAGEM;BOA VIAGEM;;;ACID. DE PERCURSO;0.0;0.0;0.0;0.0;0.0;0.0;0.0;0.0;0.0;1.0;0.0;;;;;;;;;;;;;;Madrugada
2661;22/08/2020;08:19:00;COM VÍTIMA;FINALIZADA;IMBIRIBEIRA;RUA ARQUITETO LUIZ NUNES;1113;;EM FRENTE A IGREJA DOS MORMOS / PROX AO RESIDENCIAL PINHEIROS;IMBIRIBEIRA;;CIDADE;ABALROAMENTO TRANSVERSAL;1.0;1.0;0.0;0.0;0.0;0.0;0.0;0.0;0.0;1.0;0.0;Longo da via;Bom;Sem defeito;Perfeito estado;Seca;Perfeito estado;Não existe;Outras;;Dupla;Faixa contínua;;;Manhã
2662;22/08/2020;11:21:00;COM VÍTIMA;FINALIZADA;BEBERIBE;AV BEBERIBE;;;EM FRENTE AO ESTADIO DO ARRUDA E PROX AO ARMAZEM CORAL;BEBERIBE;;SUBURBIO;ABALROAMENTO TRANSVERSAL;1.0;1.0;0.0;0.0;0.0;0.0;0.0;0.0;0.0;1.0;0.0;Longo da via;Bom;Não existe;Perfeito estado;Seca;Perfeito estado;;R-6a;;Dupla;Faixa contínua;;;Manhã
2663;22/08/2020;13:28:00;COM VÍTIMA;FINALIZADA;PRADO;AV ENGENHEIRO ABDIAS DE CARVALHO;;RUA SANTA EDWIRGES;NO CRUZAMENTO DO SEMAFO 354;PRADO;354.0;CIDADE;ABALROAMENTO LONGITUDINAL;1.0;1.0;0.0;0.0;0.0;0.0;0.0;0.0;0.0;1.0;0.0;Cruzamento;Bom;Sem defeito;Perfeito estado;Seca;Perfeito estado;Faixa de pedestre;Outras;;Dupla;Canteiro central;;;Tarde
2664;22/08/2020;13:30:00;COM VÍTIMA;FINALIZADA;BOA VIAGEM;VIADUTO TANCREDO NEVES;;;EM CIMA DO VIADUTO TANCREDO NEVES. NA ALÇA DO ATACADÃO.;BOA VIAGEM;;SUBURBIO;CHOQUE OBJETO FIXO;1.0;1.0;0.0;0.0;0.0;0.0;0.0;0.0;0.0;1.0;0.0;Longo da via;Bom;Não existe;Incompleta;Seca;Perfeito estado;Não existe;Não há placas;;Única;Canteiro central;;;Tarde
2665;22/08/2020;17:25:00;COM VÍTIMA;FINALIZADA;IBURA;RUA EXP FRANCISCO VITORIANO;83A;RUA POETA MARIO DE ALENCAR;DEPOIS DO MERCADINHO QUE ECONOMIA;IBURA;;SUBURBIO;ATROPELAMENTO;1.0;0.0;0.0;0.0;5.0;0.0;0.0;0.0;0.0;5.0;0.0;Cruzamento;Chuvoso;Não existe;Incompleta;Molhada;Mal conservada;Não existe;Não há placas;30 km/h;Dupla;Não existe;;;Tarde
2666;22/08/2020;17:50:00;SEM VÍTIMA;FINALIZADA;BOA VISTA;AV CONDE DA BOA VISTA;;;EM FRENTE AO SEMÁFORO Nº 025;BOA VISTA;;;ABALROAMENTO TRANSVERSAL;2.0;0.0;0.0;0.0;0.0;0.0;0.0;0.0;0.0;0.0;0.0;Longo da via;Chuvoso;Sem defeito;Perfeito estado;Molhada;Perfeito estado;Não existe;Não há placas;;Dupla;Canteiro central;;;Tarde
2667;23/08/2020;03:20:00;COM VÍTIMA;FINALIZADA;BOA VIAGEM;AV CONSELHEIRO AGUIAR;;RUA SEVERINO BERNARDINO PEREIRA;;BOA VIAGEM;125.0;CIDADE;ABALROAMENTO TRANSVERSAL;1.0;1.0;0.0;0.0;0.0;0.0;0.0;0.0;0.0;1.0;0.0;Cruzamento;Bom;Sem defeito;Perfeito estado;Seca;Perfeito estado;Faixa de pedestre;Outras;;Única;Faixa seccionada;;;Madrugada
2668;23/08/2020;10:39:00;SEM VÍTIMA;FINALIZADA;IBURA;AV CHAPADA DO ARARIPE;57;;EM FRENTE AO Nº 57;IBURA;;;COLISÃO FRONTAL;2.0;0.0;0.0;0.0;0.0;0.0;0.0;0.0;0.0;0.0;0.0;Longo da via;Bom;Não existe;Não existente;Seca;Perfeito estado;Não existe;Não há placas;;Dupla;Não existe;;;Manhã
2669;23/08/2020;13:41:00;COM VÍTIMA;FINALIZADA;IMBIRIBEIRA;AV PRESIDENTE DUTRA;;;NA SUBIDA DO VIADUTO TANCREDO NEVES S/T CEASA.;IMBIRIBEIRA;;CEASA;ABALROAMENTO LONGITUDINAL;0.0;1.0;0.0;0.0;0.0;0.0;0.0;0.0;0.0;1.0;0.0;Longo da via;Bom;Não existe;Ilegível;Seca;Perfeito estado;Não existe;Não há placas;;Dupla;Blocos;;;Tarde
2670;23/08/2020;14:57:00;COM VÍTIMA;FINALIZADA;BOA VIAGEM;RUA CAMBOIM;210;RUA DEZ DE JULHO;EM FRENTE A MAISON CHRISTAL RECEPÇÕES;BOA VIAGEM;;CIDADE;ABALROAMENTO TRANSVERSAL;2.0;0.0;0.0;0.0;0.0;0.0;0.0;0.0;0.0;1.0;0.0;Cruzamento;Bom;Não existe;Perfeito estado;Seca;Perfeito estado;Não existe;Placas Pare;;Única;Faixa seccionada;;;Tarde