indice;data;hora;natureza_acidente;situacao;bairro;endereco;numero;detalhe_endereco_acidente;complemento;bairro_cruzamento;num_semaforo;sentido_via;tipo;auto;moto;ciclom;ciclista;pedestre;onibus;caminhao;viatura;outros;vitimas;vitimasfatais;acidente_verificado;tempo_clima;situacao_semaforo;sinalizacao;condicao_via;conservacao_via;ponto_controle;situacao_placa;velocidade_max_via;mao_direcao;divisao_via1;divisao_via2;divisao_via3;turno
2671;23/08/2020;19:39:00;SEM VÍTIMA;FINALIZADA;ESPINHEIRO;AV CONS ROSA E SILVA;431;;;ESPINHEIRO;;SUBURBIO;CHOQUE OBJETO FIXO;1.0;0.0;0.0;0.0;0.0;0.0;0.0;0.0;0.0;0.0;0.0;Longo da via;Bom;Não existe;Perfeito estado;Seca;Perfeito estado;Não existe;;;Única;Faixa contínua;Faixa seccionada;;Noite
2672;24/08/2020;06:45:00;COM VÍTIMA;FINALIZADA;IMBIRIBEIRA;AV MARECHAL MASCARENHAS DE MORAES;4861;;EM FRENTE A FACULDADE FPS;IMBIRIBEIRA;;CIDADE;ABALROAMENTO LONGITUDINAL;0.0;1.0;0.0;0.0;0.0;1.0;1.0;0.0;0.0;2.0;0.0;Longo da via;Bom;Sem defeito;Perfeito estado;Seca;Perfeito estado;Não existe;R-6a;;Dupla;Faixa seccionada;Canteiro central;;Manhã
2673;24/08/2020;07:53:00;COM VÍTIMA;FINALIZADA;DOIS IRMÃOS;RUA MANUEL DE MEDEIROS;2022;AV LUIZ ANTONIO DE ARAUJO;EM FRENTE A BORRACHARIA DO NADO.;DOIS IRMÃOS;;SUBURBIO;ABALROAMENTO LONGITUDINAL;0.0;2.0;0.0;0.0;0.0;0.0;0.0;0.0;0.0;1.0;0.0;Esquina;Bom;Não existe;Perfeito estado;Seca;Perfeito estado;Não existe;R-6a;;Dupla;Faixa seccionada;;;Manhã
2674;24/08/2020;10:41:00;SEM VÍTIMA;FINALIZADA;TORRE;RUA REAL DA TORRE;1645;RUA VISCONDE DE ITAPARICA;EM FRENTE A ESCOLA DESPERTAR;TORRE;;;COLISÃO;1.0;0.0;0.0;0.0;0.0;0.0;0.0;1.0;0.0;0.0;0.0;Cruzamento;Bom;Não existe;Incompleta;Seca;Perfeito estado;Não existe;Outras;n/i;Única;Não existe;;;Manhã
2675;24/08/2020;12:21:00;COM VÍTIMA;FINALIZADA;TEJIPIÓ;RUA DO SANCHO;79;RUA SARGENTO JUVENCIO;DEPOIS DA ESTACÃO DO METRO DE TEJIPIO;TEJIPIÓ;;;ABALROAMENTO LONGITUDINAL;2.0;1.0;0.0;0.0;0.0;0.0;0.0;0.0;0.0;1.0;0.0;Esquina;Bom;Não existe;Não existente;Seca;Mal conservada;Não existe;Não há placas;;Dupla;Não existe;;;Tarde
2676;24/08/2020;15:10:00;COM VÍTIMA;FINALIZADA;ESPINHEIRO;RUA BUENOS AYRES;166;;PROX AO BANCO DO NORDESTE;ESPINHEIRO;;;COLISÃO;1.0;0.0;1.0;0.0;0.0;0.0;0.0;0.0;0.0;1.0;0.0;;;;;;;;;;;;;;Tarde
2677;24/08/2020;22:40:00;COM VÍTIMA;FINALIZADA;CAJUEIRO;AV CIDADE DE MONTEIRO;;;PROXIMO DO ARMAZEM CORAL- PROXIMO DO MARTELINHO DE OURO;CAJUEIRO;;OLINDA;ABALROAMENTO LONGITUDINAL;1.0;1.0;0.0;0.0;0.0;0.0;0.0;0.0;0.0;2.0;0.0;Longo da via;Bom;Sem defeito;Perfeito estado;Seca;Mal iluminada;Não existe;Não há placas;60 km/h;Dupla;Faixa contínua;;;Noite
2678;25/08/2020;06:45:00;COM VÍTIMA;FINALIZADA;IPSEP;AV RECIFE;3021;;LADO OPOSTO AO POSTO FEDERAL SENTIDO AEROPORTO;IPSEP;;;ATROPELAMENTO;1.0;0.0;0.0;0.0;2.0;0.0;0.0;0.0;0.0;2.0;0.0;Longo da via;Bom;Não existe;Perfeito estado;Seca;Perfeito estado;Não existe;Não há placas;;Dupla;Canteiro central;;;Manhã
2679;25/08/2020;07:34:00;COM VÍTIMA;FINALIZADA;TORRÕES;AV ENGENHEIRO ABDIAS DE CARVALHO;3068;;EM BAIXO DO SEMAFORO 272 EM FRENTE AO SOS AUTO PEÇAS;TORRÕES;272.0;CIDADE;COLISÃO TRASEIRA;1.0;1.0;0.0;0.0;0.0;0.0;0.0;0.0;0.0;1.0;0.0;Longo da via;Bom;Sem defeito;Perfeito estado;Seca;Perfeito estado;Faixa de pedestre;Outras;;Dupla;Faixa contínua;Faixa seccionada;Canteiro central;Manhã
2680;25/08/2020;08:05:00;COM VÍTIMA;FINALIZADA;BOA VIAGEM;RUA DEZ DE JULHO;;RUA WALDEMAR NERY CARNEIRO MONTEIRO;EM FRENTE AO EDIFICIO  TANGARA;BOA VIAGEM;573.0;CIDADE;COLISÃO TRASEIRA;0.0;1.0;0.0;0.0;0.0;1.0;0.0;0.0;0.0;1.0;0.0;Longo da via;Bom;Sem defeito;Incompleta;Seca;Perfeito estado;Faixa de pedestre;Não há placas;;Única;Faixa seccionada;;;Manhã
2681;25/08/2020;09:01:00;COM VÍTIMA;FINALIZADA;VÁRZEA;AV AFONSO OLINDENSE;690;RUA AMOROSO COSTA;;VÁRZEA;;SUBURBIO;ABALROAMENTO LONGITUDINAL;1.0;1.0;0.0;0.0;0.0;0.0;0.0;0.0;0.0;1.0;0.0;Longo da via;Bom;Não existe;Perfeito estado;Seca;Perfeito estado;Não existe;Outras;30 km/h;Dupla;Faixa contínua;Faixa seccionada;;Manhã
2682;25/08/2020;09:59:00;COM VÍTIMA;FINALIZADA;MADALENA;AV VISCONDE DE ALBUQUERQUE;;;EM FRENTE AO HOSPITAL D'AVILA;MADALENA;413.0;SUBURBIO;CHOQUE VEÍCULO PARADO;1.0;1.0;0.0;0.0;0.0;0.0;0.0;0.0;0.0;1.0;0.0;Longo da via;Bom;Sem defeito;Perfeito estado;Seca;Perfeito estado;Faixa de pedestre;R-6a;;Única;Faixa contínua;;;Manhã
2683;25/08/2020;13:07:00;COM VÍTIMA;FINALIZADA;SANTO AMARO;RUA DO PROGRESSO;71;;EM FRENTE AO ALTINO VENTURA;SANTO AMARO;;CIDADE;CHOQUE OBJETO FIXO;1.0;1.0;0.0;0.0;0.0;0.0;0.0;0.0;0.0;1.0;0.0;Longo da via;Bom;Não existe;Perfeito estado;Seca;Perfeito estado;Não existe;Não há placas;;Única;Não existe;;;Tarde
2684;25/08/2020;13:22:00;COM VÍTIMA;FINALIZADA;AREIAS;RUA AURORA CACOTE;;;EM FRENTE A FARMÁCIA FARMAVIDA;AREIAS;;SUBURBIO;COLISÃO FRONTAL;0.0;2.0;0.0;0.0;0.0;0.0;0.0;0.0;0.0;1.0;0.0;Longo da via;Bom;Não existe;Incompleta;Seca;Mal conservada;Não existe;R-6a;;Dupla;Não existe;;;Tarde
2685;25/08/2020;15:40:00;COM VÍTIMA;FINALIZADA;PINA;AV ANTONIO DE GOES;275;;EM FRENTE AO ITC;PINA;;CIDADE;COLISÃO TRASEIRA;1.0;1.0;0.0;0.0;0.0;0.0;0.0;0.0;0.0;1.0;0.0;Longo da via;Bom;Sem defeito;Perfeito estado;Seca;Perfeito estado;Não existe;Outras;40 km/h;Única;Faixa seccionada;Canteiro central;;Tarde
2686;25/08/2020;15:54:00;SEM VÍTIMA;FINALIZADA;PINA;AV ANTONIO DE GOES;;;LADO OPOSTO DNIT;PINA;;CIDADE;ABALROAMENTO LONGITUDINAL;1.0;1.0;0.0;0.0;0.0;0.0;0.0;0.0;0.0;0.0;0.0;Longo da via;Bom;Não existe;Perfeito estado;Seca;Perfeito estado;Não existe;Outras;60 km/h;Única;Canteiro central;;;Tarde
2687;25/08/2020;18:26:00;COM VÍTIMA;FINALIZADA;MADALENA;AV CAXANGA;171;RUA RODOLFO RANGEL MOREIRA;ESQUINA COM A PAGUE MENOS // VT 20 NO LOCAL;MADALENA;;CIDADE;TOMBAMENTO;0.0;1.0;0.0;0.0;0.0;0.0;0.0;0.0;0.0;1.0;0.0;Longo da via;Bom;Sem defeito;Perfeito estado;Seca;Perfeito estado;Faixa de pedestre;Outras;60 km/h;Dupla;Faixa contínua;Faixa seccionada;Canteiro central;Noite
2688;26/08/2020;06:10:00;COM VÍTIMA;FINALIZADA;CABANGA;AV SUL;;RUA CARLOS COELHO LEAL VALENTE;ENTRADA DO CABANGA;CABANGA;260.0;CIDADE;ABALROAMENTO TRANSVERSAL;0.0;0.0;1.0;0.0;0.0;1.0;0.0;0.0;0.0;1.0;0.0;Cruzamento;Chuvoso;Sem defeito;Ilegível;Molhada;Perfeito estado;Não existe;Não há placas;;Dupla;Canteiro central;;;Manhã
2689;26/08/2020;08:36:00;COM VÍTIMA;FINALIZADA;ROSARINHO;AV NORTE;3311;;;ROSARINHO;;CIDADE;ABALROAMENTO LONGITUDINAL;0.0;2.0;0.0;0.0;0.0;0.0;0.0;0.0;0.0;2.0;0.0;Longo da via;Bom;Não existe;Perfeito estado;Seca;Perfeito estado;Não existe;R-6a;;Dupla;Canteiro central;;;Manhã
2690;26/08/2020;10:09:00;COM VÍTIMA;FINALIZADA;IPUTINGA;EST DO BARBALHO;889;;E/F AO DETRAN;IPUTINGA;;SUBURBIO;ABALROAMENTO LONGITUDINAL;1.0;1.0;0.0;0.0;0.0;0.0;0.0;0.0;0.0;1.0;0.0;Longo da via;Bom;Não existe;Perfeito estado;Seca;Perfeito estado;Faixa de pedestre;R-6c;;Dupla;Faixa contínua;;;Manhã
2691;26/08/2020;23:34:00;COM VÍTIMA;FINALIZADA;PARNAMIRIM;RUA JOAO TUDE DE MELO;;;PROXIMO AO SHOPPING PARNAMIRIM- NA PONTE QUE LIGA O BAIRRO DA TORRE A PARNAMIRIM;PARNAMIRIM;;SUBURBIO;CHOQUE OBJETO FIXO;0.0;1.0;0.0;0.0;0.0;0.0;0.0;0.0;0.0;2.0;0.0;Ponte;Bom;Não existe;Perfeito estado;Seca;Perfeito estado;Não existe;Não há placas;40 km/h;Única;Faixa seccionada;;;Noite
2692;27/08/2020;08:17:00;COM VÍTIMA;FINALIZADA;ILHA JOANA BEZERRA;VIADUTO CAPITAO TEMUDO;;;EM CIMA DO VIADUTO CAPITÃO TEMUDO NO SENTIDO BOA VIAGEM;ILHA JOANA BEZERRA;;SUBURBIO;COLISÃO TRASEIRA;0.0;1.0;0.0;0.0;0.0;1.0;0.0;0.0;0.0;2.0;0.0;Ponte;Bom;Não existe;Perfeito estado;Seca;Perfeito estado;Não existe;Não há placas;;Dupla;Canteiro central;;;Manhã
2693;27/08/2020;12:15:00;COM VÍTIMA;FINALIZADA;BOA VIAGEM;AV DOM JOAO VI;;;NA SAIDA DO TUNEL S/T CID;BOA VIAGEM;580.0;CIDADE;COLISÃO TRASEIRA;1.0;1.0;0.0;0.0;0.0;0.0;0.0;0.0;0.0;1.0;0.0;Longo da via;Bom;Sem defeito;Perfeito estado;Seca;Perfeito estado;Faixa de pedestre;Outras;50 km/h;Dupla;Não existe;;;Tarde
2694;27/08/2020;13:27:00;COM VÍTIMA;FINALIZADA;CAMPO GRANDE;RUA PROFESSOR FRANCISCO DA TRINDADE;;RUA SAO CAETANO;PROX AO CLUBE DAS PAS;CAMPO GRANDE;;SUBURBIO;ABALROAMENTO TRANSVERSAL;1.0;1.0;0.0;0.0;0.0;0.0;0.0;0.0;0.0;1.0;0.0;Cruzamento;Bom;Não existe;Incompleta;Seca;Perfeito estado;Faixa de retenção;Placas Pare;30 km/h;Dupla;Faixa seccionada;;;Tarde
2695;27/08/2020;14:08:00;COM VÍTIMA;FINALIZADA;BOA VISTA;AV GOVERNADOR AGAMENON MAGALHAES;;AV RUI BARBOSA;NO SEMÁFORO 037;BOA VISTA;37.0;OLINDA;ABALROAMENTO LONGITUDINAL;1.0;1.0;0.0;0.0;0.0;0.0;0.0;0.0;0.0;1.0;0.0;Cruzamento;Bom;Sem defeito;Perfeito estado;Seca;Perfeito estado;Agente;Outras;60 km/h;Única;;;;Tarde
2696;27/08/2020;14:38:00;COM VÍTIMA;FINALIZADA;MADALENA;AV CAXANGA;481;;EM FRENTE AO NUCLEO SAÚDE- LADO OPOSTO AO COLÉGIO FORMAÇÃO INTEGRAL.;MADALENA;;CIDADE;COLISÃO TRASEIRA;1.0;1.0;0.0;0.0;0.0;0.0;0.0;0.0;0.0;1.0;0.0;Longo da via;Bom;Não existe;Perfeito estado;Seca;Perfeito estado;Não existe;Não há placas;;Única;Faixa seccionada;;;Tarde
2697;27/08/2020;16:41:00;COM VÍTIMA;FINALIZADA;ESPINHEIRO;RUA BARAO DE ITAMARACA;209;;;ESPINHEIRO;;CIDADE;ATROPELAMENTO;0.0;1.0;0.0;0.0;1.0;0.0;0.0;0.0;0.0;1.0;0.0;Longo da via;Bom;Não existe;Perfeito estado;Seca;Perfeito estado;Não existe;Outras;30 km/h;Dupla;Faixa contínua;;;Tarde
2698;27/08/2020;17:34:00;SEM VÍTIMA;FINALIZADA;SÃO JOSÉ;RUA IMPERIAL;;RUA ITABIRA;PROX AO VIADUTO CABO EUTROPIO;SÃO JOSÉ;;;COLISÃO;1.0;0.0;0.0;0.0;0.0;0.0;0.0;1.0;0.0;0.0;0.0;Longo da via;Bom;Não existe;Não existente;Seca;Perfeito estado;Não existe;Não há placas;N/I;Única;Não existe;;;Tarde
2699;27/08/2020;18:56:00;COM VÍTIMA;FINALIZADA;ESTÂNCIA;AV RECIFE;880;;ENF A IGREJA BATISTA DA ESTANCIA SENTIDO CAXANGA;ESTÂNCIA;261.0;CIDADE;COLISÃO TRASEIRA;1.0;1.0;0.0;0.0;0.0;0.0;0.0;0.0;0.0;1.0;0.0;Longo da via;Bom;Sem defeito;Perfeito estado;Seca;Perfeito estado;Faixa de pedestre;;60 km/h;Única;Faixa contínua;;;Noite
2700;28/08/2020;12:22:00;SEM VÍTIMA;FINALIZADA;BOA VIAGEM;RUA BARAO DE SOUZA LEAO;698;RUA PADRE LUIZ MARQUES TEIXEIRA;RESTAURANTE COSTA BRAVA;BOA VIAGEM;;;ABALROAMENTO LONGITUDINAL;1.0;0.0;0.0;0.0;0.0;0.0;0.0;0.0;0.0;0.0;0.0;Longo da via;Bom;Não existe;Perfeito estado;Seca;Perfeito estado;Não existe;R-6a;;Única;Faixa seccionada;;;Tarde
2701;28/08/2020;12:24:00;COM VÍTIMA;FINALIZADA;BOA VIAGEM;AV ENGENHEIRO DOMINGOS FERREIRA;2574;;PROX A FARMACIA INDEPENDENTE;BOA VIAGEM;;CIDADE /SUB;COLISÃO;1.0;1.0;0.0;0.0;0.0;0.0;0.0;0.0;0.0;1.0;0.0;;;;;;;;;;;;;;Tarde
2702;28/08/2020;12:35:00;COM VÍTIMA;FINALIZADA;MADALENA;AV VISCONDE DE ALBUQUERQUE;75;;LADO OPOSTO AO BOMPREÇO;MADALENA;;SUBURBIO;COLISÃO TRASEIRA;1.0;1.0;0.0;0.0;0.0;0.0;0.0;0.0;0.0;1.0;0.0;Longo da via;Bom;Sem defeito;Perfeito estado;Seca;Perfeito estado;;Outras;;Única;Faixa seccionada;;;Tarde
2703;28/08/2020;14:36:00;COM VÍTIMA;FINALIZADA;BOA VIAGEM;RUA BALTAZAR PASSOS;;RUA VISCONDE DE JEQUITINHONHA;PROX A PADARIA PAN JOVEM- PROX AO PARQUE DONA LINDU SENTIDO PIEDADE;BOA VIAGEM;154.0;;ABALROAMENTO LONGITUDINAL;1.0;1.0;0.0;0.0;0.0;0.0;0.0;0.0;0.0;1.0;0.0;Cruzamento;Bom;Sem defeito;Perfeito estado;Seca;Perfeito estado;Faixa de pedestre;;40 km/h;;Faixa seccionada;;;Tarde
2704;28/08/2020;17:39:00;COM VÍTIMA;FINALIZADA;MACAXEIRA;RUA CARLOS MARIGHELLA;306;;PROX A BARRACA DO SPOK;MACAXEIRA;;;ATROPELAMENTO;0.0;0.0;0.0;0.0;1.0;1.0;0.0;0.0;0.0;1.0;0.0;Longo da via;Bom;Não existe;Não existente;Seca;Perfeito estado;Não existe;Não há placas;;Dupla;Não existe;;;Tarde
2705;29/08/2020;15:21:00;COM VÍTIMA;FINALIZADA;DOIS UNIDOS;AV HILDEBRANDO DE VASCONCELOS;27;;EN FRENTE A ALBUQUERQUE BEBIBAS. ESCOLA BRILHO DE JESUS.;DOIS UNIDOS;;BR 101;ATROPELAMENTO;1.0;0.0;0.0;0.0;1.0;0.0;0.0;0.0;0.0;1.0;0.0;Longo da via;Bom;Não existe;Incompleta;Seca;Perfeito estado;Não existe;R-6a;40 km/h;Dupla;Faixa seccionada;;;Tarde
2706;29/08/2020;15:58:00;COM VÍTIMA;FINALIZADA;FUNDÃO;AV BEBERIBE;;RUA CORONEL URBANO RIBEIRO DE SENA;NO SEMÁFORO 307 / SENTIDO BEBERIBE;FUNDÃO;307.0;SUBURBIO;ABALROAMENTO TRANSVERSAL;1.0;1.0;0.0;0.0;0.0;0.0;0.0;0.0;0.0;1.0;0.0;Cruzamento;Bom;Sem defeito;Perfeito estado;Seca;Perfeito estado;Faixa de pedestre;Outras;;Dupla;;;;Tarde
2707;29/08/2020;19:29:00;COM VÍTIMA;FINALIZADA;SAN MARTIN;AV GENERAL SAN MARTIN;134;;PROX AO COLEGIO ADVENTISTA;SAN MARTIN;;SUBURBIO;COLISÃO TRASEIRA;1.0;1.0;0.0;0.0;0.0;0.0;0.0;0.0;0.0;1.0;0.0;Longo da via;Bom;Não existe;Ilegível;Seca;Mal conservada;Não existe;Não há placas;40 km/h;Dupla;Faixa contínua;Faixa seccionada;;Noite
2708;30/08/2020;13:16:00;SEM VÍTIMA;FINALIZADA;CAMPINA DO BARRETO;RUA DOS PEIXINHOS;958;;EM FRENTE AO NÚMERO 958;CAMPINA DO BARRETO;;;CHOQUE OBJETO FIXO;1.0;0.0;0.0;0.0;0.0;0.0;0.0;0.0;0.0;0.0;0.0;Longo da via;Bom;Não existe;Perfeito estado;Seca;Perfeito estado;Não existe;Não há placas;;Dupla;Não existe;;;Tarde
2709;31/08/2020;03:46:00;COM VÍTIMA;FINALIZADA;IPSEP;AV RECIFE;165-C;;PRÓXIMO AO SAL E BRASA. AO LADO DA LOJA GILVAN DOS PARABRISAS.;IPSEP;319.0;IPSEP;ABALROAMENTO TRANSVERSAL;1.0;1.0;0.0;0.0;0.0;0.0;0.0;0.0;0.0;1.0;0.0;Longo da via;Chuvoso;Sem defeito;;Molhada;Perfeito estado;;Outras;;Dupla;Canteiro central;;;Madrugada
2710;31/08/2020;12:20:00;COM VÍTIMA;FINALIZADA;PINA;AV CONSELHEIRO AGUIAR;960;RUA TOME GIBSON;EM FRENTE A PADARIA MIRAMAR;PINA;2.0;CIDADE;ABALROAMENTO LONGITUDINAL;1.0;1.0;0.0;0.0;0.0;0.0;0.0;0.0;0.0;1.0;0.0;Cruzamento;Bom;Sem defeito;Perfeito estado;Seca;Perfeito estado;Faixa de pedestre;R-6a;;Única;Faixa contínua;Faixa seccionada;;Tarde
2711;31/08/2020;16:51:00;SEM VÍTIMA;FINALIZADA;GRAÇAS;RUA GUILHERME PINTO;360;;ENTRE A PRAÇA GUILHERME PINTO E O RESTAURANTE PORTAL DO DERBY;GRAÇAS;;;COLISÃO;2.0;0.0;0.0;0.0;0.0;0.0;0.0;0.0;0.0;0.0;0.0;Esquina;Bom;Não existe;Perfeito estado;Seca;Perfeito estado;Faixa de pedestre;R-6a;20km;Única;Faixa contínua;Faixa seccionada;;Tarde
2712;31/08/2020;17:22:00;COM VÍTIMA;FINALIZADA;CASA AMARELA;AV NORTE;;RUA BELA VISTA;E/F AO REI DA PICANHA S/T CID;CASA AMARELA;677.0;CIDADE;ABALROAMENTO TRANSVERSAL;1.0;1.0;0.0;0.0;0.0;0.0;0.0;0.0;0.0;1.0;0.0;Cruzamento;Bom;Sem defeito;Perfeito estado;Seca;Perfeito estado;Faixa de pedestre;Outras;;Dupla;Blocos;;;Tarde
2713;31/08/2020;23:16:00;VÍTIMA FATAL;FINALIZADA;IPSEP;RUA SAO NICOLAU;;RUA ABDIAS CABRAL DE MOURA;PRÓXIMO À ENTRADA DO IBURA E CASA DAS BATERIAS;IPSEP;315.0;SUBURBIO;ABALROAMENTO TRANSVERSAL;0.0;1.0;0.0;0.0;0.0;1.0;0.0;0.0;0.0;0.0;1.0;Cruzamento;Bom;Sem defeito;Perfeito estado;Seca;Perfeito estado;Não existe;Não há placas;;Única;Não existe;;;Noite
2714;31/08/2020;23:43:00;COM VÍTIMA;FINALIZADA;PINA;PTE AGAMENON MAGALHAES;;AV ANTONIO DE GOES;NA SAÍDA DA AV ANTONIO DE GÓES. IATE CLUBE.;PINA;;CIDADE;ABALROAMENTO LONGITUDINAL;1.0;1.0;0.0;0.0;0.0;0.0;0.0;0.0;0.0;2.0;0.0;Ponte;Bom;Não existe;Perfeito estado;Seca;Perfeito estado;Não existe;Outras;60 km/h;Única;Faixa contínua;;;Noite
2715;01/09/2020;02:15:00;COM VÍTIMA;FINALIZADA;MADALENA;AV ENGENHEIRO ABDIAS DE CARVALHO;;RUA JOAO IVO DA SILVA;COM A RUA JOÃO IVO DA SILVA;MADALENA;132.0;SUBURBIO;ABALROAMENTO TRANSVERSAL;1.0;1.0;0.0;0.0;0.0;0.0;0.0;0.0;0.0;1.0;0.0;Cruzamento;Bom;Sem defeito;Perfeito estado;Seca;Perfeito estado;Faixa de pedestre;Outras;60 km/h;Dupla;Faixa contínua;Faixa seccionada;;Madrugada
2716;01/09/2020;08:19:00;COM VÍTIMA;FINALIZADA;ÁGUA FRIA;AV BEBERIBE;2406;RUA SAO JOAQUIM DO MONTE;;ÁGUA FRIA;153.0;;ABALROAMENTO LONGITUDINAL;1.0;1.0;0.0;0.0;0.0;0.0;0.0;0.0;0.0;1.0;0.0;Longo da via;Bom;Sem defeito;Perfeito estado;Seca;Perfeito estado;Faixa de pedestre;Não há placas;;Dupla;;;;Manhã
2717;01/09/2020;10:53:00;COM VÍTIMA;FINALIZADA;TORRE;RUA CONDE DE IRAJA;109;;E/F AO CENTRO COMUNITÁRIO INTEGRAÇÃO;TORRE;;SUBURBIO;ABALROAMENTO LONGITUDINAL;1.0;1.0;0.0;0.0;0.0;0.0;0.0;0.0;0.0;1.0;0.0;Longo da via;Bom;Sem defeito;Perfeito estado;Seca;Perfeito estado;Não existe;Outras;;Única;Faixa seccionada;;;Manhã
2718;01/09/2020;11:51:00;SEM VÍTIMA;FINALIZADA;BOA VIAGEM;RUA GENERAL EDSON AMANCIO RAMALHO;18;;LOJA FINO DESIGN;BOA VIAGEM;;CIDADE;CHOQUE OBJETO FIXO;1.0;0.0;0.0;0.0;0.0;0.0;0.0;0.0;0.0;0.0;0.0;Longo da via;Bom;Não existe;Perfeito estado;Seca;Perfeito estado;Não existe;Não há placas;60 km/h;Única;Faixa contínua;;;Manhã
2719;02/09/2020;07:46:00;COM VÍTIMA;FINALIZADA;VÁRZEA;AV CAXANGA;;;EM FRENTE À UPA;VÁRZEA;281.0;CIDADE;COLISÃO TRASEIRA;1.0;1.0;0.0;0.0;0.0;0.0;0.0;0.0;0.0;1.0;0.0;Longo da via;Bom;Sem defeito;Perfeito estado;Seca;Perfeito estado;Agente;Não há placas;60 km/h;Única;Canteiro central;;;Manhã
2720;02/09/2020;13:56:00;COM VÍTIMA;FINALIZADA;SÃO JOSÉ;AV SUL;1022;;NO SEMÁFORO 205;SÃO JOSÉ;205.0;CIDADE;COLISÃO TRASEIRA;1.0;1.0;0.0;0.0;0.0;0.0;0.0;0.0;0.0;1.0;0.0;Longo da via;Bom;Sem defeito;Perfeito estado;Seca;Perfeito estado;;;;Dupla;Canteiro central;;;Tarde
2721;02/09/2020;18:17:00;COM VÍTIMA;FINALIZADA;BOA VIAGEM;AVENIDA CELSO FURTADO (VIA MANGUE);;;FINAL DA VIA MANGUE. PRÓXIMO A AV. FERNANDO SIMÕES BARBOSA. LADO OPOSTO AO POSTE 2/17.;BOA VIAGEM;;SUBURBIO;ABALROAMENTO LONGITUDINAL;1.0;1.0;0.0;0.0;0.0;0.0;0.0;0.0;0.0;2.0;0.0;Longo da via;Bom;Não existe;Ilegível;Seca;Mal iluminada;Não existe;Outras;60 km/h;Dupla;Blocos;;;Noite
2722;02/09/2020;18:48:00;COM VÍTIMA;FINALIZADA;PINA;AV ANTONIO DE GOES;124;;E/F AO GRUPO R1 AUTOS- FAIXA DA DIREITA / APÓS A LOMBADA ELETRONICA;PINA;;CIDADE;COLISÃO TRASEIRA;1.0;1.0;0.0;0.0;0.0;0.0;0.0;0.0;0.0;1.0;0.0;Longo da via;Bom;Não existe;Perfeito estado;Seca;Perfeito estado;Outros;Outras;;Única;Faixa seccionada;;;Noite
2723;03/09/2020;13:01:00;COM VÍTIMA;FINALIZADA;BONGI;AV ENGENHEIRO ABDIAS DE CARVALHO;;EST DOS REMEDIOS;EM FRENTE AO BOB'S;BONGI;52.0;CIDADE;ABALROAMENTO LONGITUDINAL;1.0;1.0;0.0;0.0;0.0;0.0;0.0;0.0;0.0;1.0;0.0;Cruzamento;Bom;Sem defeito;Perfeito estado;Seca;Perfeito estado;Faixa de pedestre;Outras;;Dupla;Canteiro central;;;Tarde
2724;03/09/2020;17:43:00;COM VÍTIMA;FINALIZADA;CASA AMARELA;RUA CONS PERETTI;234;RUA MAJOR AFONSO LEAL;NA MESMA RUA DA BIBLIOTECA PUBLICA DE CASA AMARELA;CASA AMARELA;;;COLISÃO COM CICLISTA;1.0;0.0;0.0;1.0;0.0;0.0;0.0;0.0;0.0;1.0;0.0;Cruzamento;Bom;Não existe;Perfeito estado;Seca;Perfeito estado;Não existe;Placas Pare;;;Não existe;;;Tarde
2725;03/09/2020;19:14:00;COM VÍTIMA;FINALIZADA;BOA VISTA;RUA DO RIACHUELO;;RUA GERVASIO PIRES;;BOA VISTA;175.0;SUBURBIO;ABALROAMENTO TRANSVERSAL;1.0;1.0;0.0;0.0;0.0;0.0;0.0;0.0;0.0;1.0;0.0;Cruzamento;Bom;Sem defeito;Perfeito estado;Seca;Perfeito estado;Faixa de pedestre;Não há placas;;Única;Faixa contínua;;;Noite
2726;03/09/2020;20:07:00;COM VÍTIMA;FINALIZADA;IMBIRIBEIRA;AV SUL;;;AO LADO DA INTEGRAÇÃO TANCREDO NEVES- SENTIDO BOA VIAGEM. ALÇA DE RETORNO.;IMBIRIBEIRA;;SUBURBIO;COLISÃO TRASEIRA;2.0;0.0;0.0;0.0;0.0;0.0;0.0;0.0;0.0;1.0;0.0;Longo da via;Bom;Não existe;Perfeito estado;Seca;Perfeito estado;Não existe;Não há placas;;Dupla;Blocos;;;Noite
2727;03/09/2020;21:46:00;COM VÍTIMA;FINALIZADA;BOA VIAGEM;AV DOM JOAO VI;;;NA DESCIDA- SENTIDO AV ANTÔNIO FALCÃO- NA ALÇA DO VIADUTO. DECLIVE.;BOA VIAGEM;;SUBURBIO;COLISÃO TRASEIRA;2.0;0.0;0.0;0.0;0.0;0.0;0.0;0.0;0.0;2.0;0.0;Viaduto;Chuvoso;Não existe;Perfeito estado;Molhada;Perfeito estado;Não existe;Não há placas;;Única;Não existe;;;Noite
2728;04/09/2020;00:49:00;SEM VÍTIMA;FINALIZADA;BOA VIAGEM;AV ENGENHEIRO DOMINGOS FERREIRA;3856;RUA BRUNO VELOSO;PISTA DA ESQUERDA;BOA VIAGEM;338.0;SUBURBIO;COLISÃO;2.0;0.0;0.0;0.0;0.0;0.0;0.0;0.0;0.0;0.0;0.0;Longo da via;Bom;;;;;Não existe;Não há placas;;Única;Canteiro central;;;Madrugada