indice;data;hora;natureza_acidente;situacao;bairro;endereco;numero;detalhe_endereco_acidente;complemento;bairro_cruzamento;num_semaforo;sentido_via;tipo;auto;moto;ciclom;ciclista;pedestre;onibus;caminhao;viatura;outros;vitimas;vitimasfatais;acidente_verificado;tempo_clima;situacao_semaforo;sinalizacao;condicao_via;conservacao_via;ponto_controle;situacao_placa;velocidade_max_via;mao_direcao;divisao_via1;divisao_via2;divisao_via3;turno
2729;04/09/2020;07:26:00;COM VÍTIMA;FINALIZADA;SANTO AMARO;AV GOVERNADOR AGAMENON MAGALHAES;;;NO SENTIDO DERBY  AO LADO DO SHOPPING TACARUNA- LADO OPOSTO A FÁBRICA TACARUNA.;SANTO AMARO;;CIDADE;ATROPELAMENTO;1.0;0.0;0.0;0.0;1.0;0.0;0.0;0.0;0.0;1.0;0.0;Longo da via;Bom;Não existe;Não existente;Seca;Perfeito estado;Não existe;Não há placas;;Dupla;Canteiro central;;;Manhã
2730;04/09/2020;07:54:00;COM VÍTIMA;FINALIZADA;CAJUEIRO;AV CIDADE DE MONTEIRO;159;;PROX AO ARMAZEM CORAL EM FRENTE AO INOCOOP.;CAJUEIRO;;CIDADE;ABALROAMENTO LONGITUDINAL;1.0;1.0;0.0;0.0;0.0;0.0;0.0;0.0;0.0;2.0;0.0;Longo da via;Bom;Não existe;Perfeito estado;Seca;Perfeito estado;Não existe;Outras;40 km/h;Dupla;Faixa contínua;;;Manhã
2731;04/09/2020;10:20:00;COM VÍTIMA;FINALIZADA;CAMPO GRANDE;RUA SAO CAETANO;394;RUA GUAICURUS;PROX. AO SUPERMERCADO STYLLO;CAMPO GRANDE;;SUBURBIO;ABALROAMENTO TRANSVERSAL;1.0;1.0;0.0;0.0;0.0;0.0;0.0;0.0;0.0;1.0;0.0;Cruzamento;Bom;Não existe;Não existente;Seca;Perfeito estado;Não existe;Não há placas;;Dupla;Não existe;;;Manhã
2732;04/09/2020;12:51:00;COM VÍTIMA;FINALIZADA;BOA VIAGEM;AV VINTE DE JANEIRO;1041;;PROX ANTIGA SADIA;BOA VIAGEM;;SUBURBIO;CHOQUE VEÍCULO PARADO;1.0;1.0;0.0;0.0;0.0;0.0;1.0;0.0;0.0;1.0;0.0;Longo da via;Bom;Não existe;Não existente;Seca;Perfeito estado;Não existe;Não há placas;;Dupla;Não existe;;;Tarde
2733;04/09/2020;15:30:00;SEM VÍTIMA;FINALIZADA;BARRO;AV DR JOSE RUFINO;2288;;EM FRENTE A IGREJA DO BARRO;BARRO;539.0;SUBURBIO;COLISÃO;1.0;0.0;0.0;0.0;0.0;0.0;0.0;1.0;0.0;0.0;0.0;Longo da via;Bom;Não existe;Perfeito estado;Seca;Perfeito estado;Não existe;Não há placas;40 km/h;Dupla;Não existe;;;Tarde
2734;04/09/2020;15:56:00;COM VÍTIMA;FINALIZADA;ESTÂNCIA;RUA SAO MIGUEL;;;PROXIMO AO POSTO IPIRANGA- EM FRENTE AO POSTO PETROISA.;ESTÂNCIA;;CIDADE;COLISÃO TRASEIRA;2.0;0.0;0.0;0.0;0.0;0.0;0.0;0.0;0.0;1.0;0.0;Longo da via;Bom;Não existe;Incompleta;Seca;Mal conservada;Não existe;R-6a;;Dupla;Faixa contínua;;;Tarde
2735;04/09/2020;16:14:00;SEM VÍTIMA;FINALIZADA;ENCRUZILHADA;AV NORTE;;RUA AUGUSTO RODRIGUES;AO LADO DA PRACA DA PICANHA;ENCRUZILHADA;376.0;SUBURBIO;COLISÃO;1.0;0.0;0.0;0.0;0.0;0.0;0.0;0.0;1.0;0.0;0.0;Cruzamento;Bom;Sem defeito;Perfeito estado;Seca;Perfeito estado;Faixa de pedestre;;;;Canteiro central;;;Tarde
2736;04/09/2020;16:21:00;COM VÍTIMA;FINALIZADA;CAMPO GRANDE;EST DE BELEM;;RUA FONSECA OLIVEIRA;E/F ACADEMIA HI;CAMPO GRANDE;504.0;CIDADE;ATROPELAMENTO;0.0;0.0;0.0;0.0;1.0;0.0;0.0;1.0;0.0;1.0;0.0;Longo da via;Bom;Sem defeito;Perfeito estado;Seca;Perfeito estado;Faixa de pedestre;Outras;50 km/h;Dupla;Faixa contínua;;;Tarde
2737;04/09/2020;17:12:00;COM VÍTIMA;FINALIZADA;MANGUEIRA;RUA VINTE E UM DE ABRIL;1757;;PROX AO SUPERMERCADO BARATEIRO;MANGUEIRA;;;COLISÃO COM CICLISTA;0.0;1.0;0.0;1.0;0.0;0.0;0.0;0.0;0.0;2.0;0.0;Longo da via;Chuvoso;Não existe;Não existente;Molhada;Perfeito estado;Não existe;Não há placas;40 km/h;Dupla;Não existe;;;Tarde
2738;05/09/2020;07:53:00;SEM VÍTIMA;FINALIZADA;BOA VISTA;RUA CAPITAO RUY LUCENA;71;RUA DOM BOSCO;NA LATERAL DO BATALHÃO DA RADIO PATRULHA;BOA VISTA;;;CHOQUE OBJETO FIXO;0.0;0.0;0.0;0.0;0.0;0.0;0.0;1.0;0.0;0.0;0.0;Longo da via;Bom;Não existe;Perfeito estado;Seca;Perfeito estado;Não existe;Outras;;Dupla;Faixa seccionada;;;Manhã
2739;05/09/2020;10:18:00;COM VÍTIMA;FINALIZADA;CIDADE UNIVERSITÁRIA;RUA MAURICEIA;515;RUA GENERAL VARGAS;AO LADO DA SUDENE;CIDADE UNIVERSITÁRIA;;SUBURBIO;CHOQUE VEÍCULO PARADO;2.0;0.0;0.0;0.0;0.0;0.0;0.0;0.0;0.0;2.0;0.0;Longo da via;Bom;Não existe;Ilegível;Seca;Perfeito estado;Faixa de pedestre;Não há placas;30 km/h;Dupla;Faixa seccionada;;;Manhã
2740;05/09/2020;16:37:00;VÍTIMA FATAL;FINALIZADA;PINA;AVENIDA CELSO FURTADO (VIA MANGUE);;;SENTIDO PINA. ANTES DO SHOPPING RIO MAR.;PINA;;CIDADE;CHOQUE OBJETO FIXO;0.0;1.0;0.0;0.0;0.0;0.0;0.0;0.0;0.0;0.0;1.0;Longo da via;Bom;Não existe;Perfeito estado;Seca;Perfeito estado;Não existe;;60 km/h;Dupla;Faixa seccionada;Canteiro central;Outros;Tarde
2741;07/09/2020;19:29:00;COM VÍTIMA;FINALIZADA;JARDIM SÃO PAULO;AV SAO PAULO;376;RUA OSORIO BORBA;EM FRENTE AO SUPERMERCADO RENDE MAIS. LADO OPOSTO AO ABRIGO ESPÍRITA BATISTA DE CARVALHO.;JARDIM SÃO PAULO;;CIDADE;ABALROAMENTO TRANSVERSAL;1.0;1.0;0.0;0.0;0.0;0.0;0.0;0.0;0.0;1.0;0.0;Esquina;Bom;Não existe;Perfeito estado;Seca;Perfeito estado;Não existe;Outras;30 km/h;Dupla;Faixa seccionada;;;Noite
2742;06/09/2020;11:08:00;COM VÍTIMA;FINALIZADA;CASA FORTE;AV DEZESSETE DE AGOSTO;;;NA ENTRADA DO SHOPPING PLAZA EM FRENTE AO MC DONALD´S;CASA FORTE;;SUBURBIO;ABALROAMENTO LONGITUDINAL;1.0;1.0;0.0;0.0;0.0;0.0;0.0;0.0;0.0;2.0;0.0;Longo da via;Bom;Não existe;Perfeito estado;Seca;Perfeito estado;Não existe;Outras;50 km/h;Dupla;Faixa contínua;;;Manhã
2743;06/09/2020;14:58:00;COM VÍTIMA;FINALIZADA;PASSARINHO;RUA SANTA TEREZA;96;;PROXIMO A DELEGACIA DA MACAXEIRA;PASSARINHO;;SUBURBIO;ABALROAMENTO TRANSVERSAL;1.0;1.0;0.0;0.0;0.0;0.0;0.0;0.0;0.0;1.0;0.0;Longo da via;Bom;Não existe;Não existente;Seca;Perfeito estado;Não existe;Não há placas;30 km/h;Dupla;Não existe;;;Tarde
2744;06/09/2020;17:33:00;COM VÍTIMA;FINALIZADA;BOA VIAGEM;RUA BALTAZAR PASSOS;1280;RUA VISCONDE DE JEQUITINHONHA;POR TRÁS DO PARQUE DONA LINDU / SEMÁFORO 154;BOA VIAGEM;154.0;SUBURBIO;ABALROAMENTO LONGITUDINAL;0.0;2.0;0.0;0.0;0.0;0.0;0.0;0.0;0.0;1.0;0.0;Cruzamento;Bom;Sem defeito;Perfeito estado;Seca;Perfeito estado;Faixa de pedestre;;;Dupla;Faixa contínua;;;Tarde
2745;06/09/2020;20:06:00;COM VÍTIMA;FINALIZADA;BOA VIAGEM;RUA VISCONDE DE JEQUITINHONHA;1280;;VT 13 NO LOCAL. LADO OPOSTO AO Nº 1280.;BOA VIAGEM;;SUBURBIO;ABALROAMENTO LONGITUDINAL;1.0;1.0;0.0;0.0;0.0;0.0;0.0;0.0;0.0;1.0;0.0;Longo da via;Bom;Não existe;Perfeito estado;Seca;Perfeito estado;Faixa de pedestre;Outras;;Única;Faixa seccionada;;;Noite
2746;07/09/2020;03:27:00;COM VÍTIMA;FINALIZADA;JOANA BEZERRA;PTE JOSE DE BARROS LIMA;;;APÓS A PASSARELA DO FORUM- SENTIDO DERBY;JOANA BEZERRA;;CIDADE;COLISÃO;2.0;0.0;0.0;0.0;0.0;0.0;0.0;0.0;0.0;1.0;0.0;;;;;;;;;;;;;;Madrugada
2747;07/09/2020;15:43:00;COM VÍTIMA;FINALIZADA;VÁRZEA;RUA GASTAO VIDIGAL;935;;APÓS A CAPELA SANTA CLARA- PROXIMO DA ASSEMBLEIA DE DEUS;VÁRZEA;;;ABALROAMENTO TRANSVERSAL;1.0;1.0;0.0;0.0;0.0;0.0;0.0;0.0;0.0;1.0;0.0;Longo da via;Bom;Não existe;;Seca;Perfeito estado;Não existe;;;Dupla;Faixa seccionada;;;Tarde
2748;07/09/2020;19:59:00;COM VÍTIMA;FINALIZADA;TORREÃO;AV GOVERNADOR AGAMENON MAGALHAES;;;EM FRENTE AO POSTO PETROBRAS- PROXIMO DA ACADEMIA DA CIDADE- SENTIDO RECIFE;TORREÃO;379.0;CIDADE;ABALROAMENTO TRANSVERSAL;1.0;1.0;0.0;0.0;0.0;0.0;0.0;0.0;0.0;1.0;0.0;Longo da via;Bom;Sem defeito;Perfeito estado;Seca;Perfeito estado;Não existe;Não há placas;;Única;Faixa seccionada;;;Noite
2749;07/09/2020;20:27:00;COM VÍTIMA;FINALIZADA;BOA VIAGEM;AV ENGENHEIRO DOMINGOS FERREIRA;2600;RUA PROFESSOR JOSE BRANDAO;AO LADO DA FARMÁCIA INDEPENDENTE;BOA VIAGEM;550.0;SUBURBIO;ABALROAMENTO TRANSVERSAL;2.0;0.0;0.0;0.0;0.0;0.0;0.0;0.0;0.0;2.0;0.0;Cruzamento;Bom;Sem defeito;Perfeito estado;Seca;Perfeito estado;Faixa de pedestre;Outras;;Única;Canteiro central;;;Noite
2750;08/09/2020;02:24:00;COM VÍTIMA;FINALIZADA;CAMPO GRANDE;EST DE BELEM;436;;APÓS A SECRETARIA DA FAZENDA;CAMPO GRANDE;;SUBURBIO;COLISÃO TRASEIRA;0.0;2.0;0.0;0.0;0.0;0.0;0.0;0.0;0.0;2.0;0.0;Longo da via;Bom;Sem defeito;Perfeito estado;Seca;Mal conservada;;;;Dupla;Faixa contínua;;;Madrugada
2751;08/09/2020;03:15:00;COM VÍTIMA;FINALIZADA;PINA;AVENIDA CELSO FURTADO (VIA MANGUE);;;APÓS O SHOPPING RIO MAR.;PINA;;SUBURBIO;ABALROAMENTO LONGITUDINAL;1.0;1.0;0.0;0.0;0.0;0.0;0.0;0.0;0.0;1.0;0.0;Longo da via;Bom;Não existe;Perfeito estado;Seca;Perfeito estado;Não existe;Não há placas;;Única;Faixa seccionada;;;Madrugada
2752;08/09/2020;07:27:00;COM VÍTIMA;FINALIZADA;MADALENA;AV ENGENHEIRO ABDIAS DE CARVALHO;1771;;LADO OPOSTO A FACULDADE ESTÁCIO;MADALENA;327.0;CIDADE;COLISÃO TRASEIRA;1.0;1.0;0.0;0.0;0.0;0.0;0.0;0.0;0.0;1.0;0.0;Longo da via;Bom;Sem defeito;Perfeito estado;Seca;Perfeito estado;Faixa de pedestre;Não há placas;;Única;Canteiro central;;;Manhã
2753;08/09/2020;09:01:00;COM VÍTIMA;FINALIZADA;BOA VISTA;AV GOVERNADOR AGAMENON MAGALHAES;1387;RUA DOM BOSCO;;BOA VISTA;174.0;OLINDA;ABALROAMENTO LONGITUDINAL;1.0;1.0;0.0;0.0;0.0;0.0;0.0;0.0;0.0;1.0;0.0;Cruzamento;Bom;Sem defeito;Perfeito estado;Seca;Perfeito estado;Agente;R-4a;60 km/h;Dupla;Canteiro central;;;Manhã
2754;08/09/2020;10:56:00;COM VÍTIMA;FINALIZADA;BAIRRO DO RECIFE;CAIS DO APOLO;;;EM BAIXO DO SEMAFORO 436  EM FRENTE A PREFEITURA DO RECIFE;BAIRRO DO RECIFE;;SUBURBIO;ABALROAMENTO LONGITUDINAL;0.0;1.0;0.0;0.0;0.0;0.0;0.0;1.0;0.0;1.0;0.0;Longo da via;Bom;Sem defeito;Perfeito estado;Seca;Perfeito estado;Faixa de pedestre;Outras;40 km/h;Dupla;Canteiro central;;;Manhã
2755;08/09/2020;13:19:00;COM VÍTIMA;FINALIZADA;SANTO AMARO;RUA DO HOSPICIO;;RUA JOAO LIRA;E/F A PRAÇA TREZE DE MAIO NO SEMAFORO 032;SANTO AMARO;32.0;SUBURBIO;COLISÃO TRASEIRA;0.0;1.0;0.0;0.0;0.0;1.0;0.0;0.0;0.0;2.0;0.0;Longo da via;Bom;Sem defeito;Perfeito estado;Seca;Perfeito estado;;;;;;;;Tarde
2756;08/09/2020;14:10:00;COM VÍTIMA;FINALIZADA;IBURA;AV DOIS RIOS;3;;EM FRENTE A KM GESSO E PROXIMO AO SEMAFORO 561;IBURA;561.0;SUBURBIO;ABALROAMENTO TRANSVERSAL;1.0;0.0;0.0;0.0;0.0;0.0;0.0;0.0;1.0;1.0;0.0;Longo da via;Bom;Sem defeito;Perfeito estado;Seca;Perfeito estado;Não existe;Não há placas;;Dupla;Faixa contínua;;;Tarde
2757;08/09/2020;14:19:00;COM VÍTIMA;FINALIZADA;PINA;AV ANTONIO DE GOES;570;;PROXIMO A SAMSUNG;PINA;;CIDADE;COLISÃO TRASEIRA;1.0;1.0;0.0;0.0;0.0;0.0;0.0;0.0;0.0;1.0;0.0;Longo da via;Bom;Sem defeito;Perfeito estado;Seca;Perfeito estado;Outros;Outras;;Única;Faixa seccionada;;;Tarde
2758;08/09/2020;18:30:00;COM VÍTIMA;FINALIZADA;AFOGADOS;RUA VINTE E UM DE ABRIL;983;;E/F A FÁBRICA DE CAFÉ PETINHO;AFOGADOS;;SUBURBIO;ABALROAMENTO LONGITUDINAL;1.0;1.0;0.0;0.0;0.0;0.0;0.0;0.0;0.0;1.0;0.0;Longo da via;Bom;Não existe;Ilegível;Seca;Mal iluminada;Não existe;;;Dupla;Não existe;;;Noite
2759;09/09/2020;07:00:00;COM VÍTIMA;FINALIZADA;CASA FORTE;AV DEZESSETE DE AGOSTO;2541;EST DO ARRAIAL;E/F A COMPESA. LIVRARIA E CAFÉ 17;CASA FORTE;107.0;CIDADE;COLISÃO COM CICLISTA;0.0;0.0;0.0;1.0;0.0;1.0;0.0;0.0;0.0;1.0;0.0;Cruzamento;Chuvoso;Sem defeito;Perfeito estado;Molhada;Perfeito estado;Faixa de pedestre;R-6c;60 km/h;Dupla;Faixa contínua;;;Manhã
2760;09/09/2020;09:26:00;COM VÍTIMA;FINALIZADA;CASA AMARELA;AV NORTE;6500;;LADO OPOSTO A POLICLÍNICA PROFESSOR BARROS LIMA.;CASA AMARELA;256.0;SUBURBIO;COLISÃO TRASEIRA;0.0;2.0;0.0;0.0;0.0;0.0;0.0;0.0;0.0;1.0;0.0;Longo da via;Chuvoso;Sem defeito;Perfeito estado;Seca;Perfeito estado;Faixa de pedestre;R-6a;;Dupla;Faixa contínua;Canteiro central;;Manhã
2761;09/09/2020;09:53:00;SEM VÍTIMA;FINALIZADA;BOA VIAGEM;AV BOA VIAGEM;1998;;EM FRENTE;BOA VIAGEM;;CIDADE;COLISÃO TRASEIRA;1.0;1.0;0.0;0.0;0.0;0.0;0.0;0.0;0.0;0.0;0.0;Longo da via;Bom;Sem defeito;Perfeito estado;Seca;Perfeito estado;Agente;Não há placas;60 km/h;Única;Faixa seccionada;;;Manhã
2762;09/09/2020;15:34:00;COM VÍTIMA;FINALIZADA;GRAÇAS;RUA BRUNO MAIA;50;RUA JOAO RAMOS;EM FRENTE A GALERIA JOAO RAMOS;GRAÇAS;;SUBURBIO;COLISÃO;1.0;0.0;0.0;0.0;0.0;0.0;1.0;0.0;0.0;1.0;0.0;Cruzamento;Bom;Não existe;Perfeito estado;Seca;Perfeito estado;Não existe;Placas Pare;;Única;Não existe;;;Tarde
2763;09/09/2020;18:42:00;COM VÍTIMA;FINALIZADA;JAQUEIRA;AV RUI BARBOSA;;RUA MUNIZ TAVARES;EM FRENTE AO HOSPITAL MARIA LUCINDA;JAQUEIRA;460.0;CIDADE;ABALROAMENTO LONGITUDINAL;1.0;1.0;0.0;0.0;0.0;0.0;0.0;0.0;0.0;1.0;0.0;Cruzamento;Bom;Sem defeito;Perfeito estado;Seca;Perfeito estado;Faixa de pedestre;Outras;;Dupla;Faixa contínua;;;Noite
2764;11/09/2020;08:35:00;SEM VÍTIMA;FINALIZADA;PINA;AV ANTONIO DE GOES;;RUA DAS OFICINAS;;PINA;;CIDADE;COLISÃO TRASEIRA;2.0;0.0;0.0;0.0;0.0;0.0;0.0;0.0;0.0;0.0;0.0;Cruzamento;Bom;Não existe;Perfeito estado;Seca;Perfeito estado;Não existe;Placas Pare;;Única;Canteiro central;;;Manhã
2765;11/09/2020;08:52:00;COM VÍTIMA;FINALIZADA;AFLITOS;AV CONS ROSA E SILVA;;RUA EDGAR D'AMORIM;EM FRENTE AO BOMPREÇO;AFLITOS;459.0;;CHOQUE OBJETO FIXO;1.0;0.0;0.0;0.0;0.0;0.0;0.0;0.0;0.0;1.0;0.0;Cruzamento;Bom;Sem defeito;Perfeito estado;Seca;Perfeito estado;Faixa de pedestre;R-6a;;Única;Não existe;;;Manhã
2766;11/09/2020;11:32:00;COM VÍTIMA;FINALIZADA;BOA VISTA;RUA DO HOSPICIO;98;;E/F AO IEP. ESCOLA SIZENANDO SILVEIRA.;BOA VISTA;;SUBURBIO;ABALROAMENTO LONGITUDINAL;0.0;1.0;0.0;0.0;0.0;1.0;0.0;0.0;0.0;1.0;0.0;Longo da via;Bom;Não existe;Perfeito estado;Seca;Perfeito estado;Não existe;Não há placas;;Dupla;Faixa contínua;;;Manhã
2767;11/09/2020;12:47:00;COM VÍTIMA;FINALIZADA;BOA VIAGEM;RUA BARAO DE SOUZA LEAO;1000;;E/F A CLINICA VETERINARIA DOG MANIA.;BOA VIAGEM;;;ABALROAMENTO LONGITUDINAL;1.0;1.0;0.0;0.0;0.0;0.0;0.0;0.0;0.0;1.0;0.0;Longo da via;Bom;Não existe;Perfeito estado;Seca;Perfeito estado;Não existe;;;;;;;Tarde
2768;11/09/2020;13:51:00;COM VÍTIMA;FINALIZADA;ROSARINHO;RUA DR JOSE MARIA;485;RUA GOMES DE MATOS JUNIOR;E/F AO EDF. VILA VELHA COLONIAL;ROSARINHO;;CIDADE;ABALROAMENTO TRANSVERSAL;1.0;1.0;0.0;0.0;0.0;0.0;0.0;0.0;0.0;1.0;0.0;Cruzamento;Bom;Não existe;Perfeito estado;Seca;Perfeito estado;Faixa de pedestre;Placas Pare;;Dupla;Faixa seccionada;;;Tarde
2769;11/09/2020;14:39:00;COM VÍTIMA;FINALIZADA;LINHA DO TIRO;RUA URIEL DE HOLANDA;417;RUA BARAO DE CARUARU;APÓS A UPINHA DA LINHA DO TIRO;LINHA DO TIRO;;SUBURBIO;ABALROAMENTO TRANSVERSAL;1.0;1.0;0.0;0.0;0.0;0.0;0.0;0.0;0.0;1.0;0.0;Cruzamento;Bom;Não existe;Perfeito estado;Seca;Perfeito estado;Não existe;Outras;;Dupla;Não existe;;;Tarde
2770;11/09/2020;14:54:00;COM VÍTIMA;FINALIZADA;ENCRUZILHADA;RUA AMARO COUTINHO;372;RUA FORTALEZA;AO LADO DO BAR E RESTAURANTE DO TONHAO;ENCRUZILHADA;;CIDADE;ABALROAMENTO TRANSVERSAL;1.0;1.0;0.0;0.0;0.0;0.0;0.0;0.0;0.0;1.0;0.0;Cruzamento;Bom;Não existe;Perfeito estado;Seca;Perfeito estado;;Placas Pare;;Dupla;Não existe;;;Tarde
2771;11/09/2020;18:17:00;COM VÍTIMA;FINALIZADA;BOA VIAGEM;AV BOA VIAGEM;;RUA RIBEIRO DE BRITO;;BOA VIAGEM;;CIDADE;ABALROAMENTO LONGITUDINAL;1.0;1.0;0.0;0.0;0.0;0.0;0.0;0.0;0.0;1.0;0.0;Cruzamento;Bom;Sem defeito;;Seca;Mal iluminada;Faixa de pedestre;Outras;60 km/h;Única;Faixa contínua;;;Noite
2772;11/09/2020;19:22:00;COM VÍTIMA;FINALIZADA;CORDEIRO;AV MAURICIO DE NASSAU;;;PROX AO PORTAO DO EXPRESSO CIDADAO- EM FRENTE A CRECHE MUNICIPAL É LUTANDO QUE SE CONQUISTA.;CORDEIRO;;SUBURBIO;COLISÃO COM CICLISTA;0.0;1.0;0.0;1.0;0.0;0.0;0.0;0.0;0.0;2.0;0.0;Longo da via;Bom;Não existe;Perfeito estado;Seca;Perfeito estado;Não existe;Não há placas;;Dupla;Faixa contínua;;;Noite
2773;11/09/2020;19:50:00;COM VÍTIMA;FINALIZADA;IPUTINGA;RUA MAURICEIA;;RUA GENERAL VARGAS;AO LADO DO ESTACIONAMENTO DOS PRÉDIOS DA ANTIGA SUDENE / PRÓX AO RHODES HOTEL;IPUTINGA;;SUBURBIO;ABALROAMENTO TRANSVERSAL;1.0;1.0;0.0;0.0;0.0;0.0;0.0;0.0;0.0;1.0;0.0;Cruzamento;Bom;Não existe;Perfeito estado;Seca;Perfeito estado;Não existe;Placas Pare;30 km/h;Dupla;Não existe;;;Noite
2774;11/09/2020;20:00:00;COM VÍTIMA;FINALIZADA;IPUTINGA;RUA BOM PASTOR;100;;AO LADO DO PRESÍDIO // EM FRENTE AO PETSHOP HS // PRÓX A PRAÇA DO BOM PASTOR. LIDER JATO.;IPUTINGA;;SUBURBIO;ABALROAMENTO TRANSVERSAL;1.0;1.0;0.0;0.0;0.0;0.0;0.0;0.0;0.0;1.0;0.0;Longo da via;Bom;Não existe;Perfeito estado;Seca;Perfeito estado;Não existe;Outras;;Dupla;Faixa seccionada;;;Noite
2775;12/09/2020;08:04:00;COM VÍTIMA;FINALIZADA;CASA AMARELA;AV NORTE;;COR DO BARTOLOMEU;EM FRENTE A BIKE NORTE;CASA AMARELA;79.0;CIDADE;COLISÃO TRASEIRA;1.0;0.0;0.0;0.0;0.0;1.0;0.0;0.0;0.0;1.0;0.0;Longo da via;Bom;Sem defeito;Perfeito estado;Seca;Perfeito estado;Faixa de pedestre;Outras;;Dupla;Faixa contínua;;;Manhã
2776;12/09/2020;11:29:00;SEM VÍTIMA;FINALIZADA;AFOGADOS;EST DOS REMEDIOS;126;;EM FRENTE AO SUPERMERCADO DULAR;AFOGADOS;;;ABALROAMENTO LONGITUDINAL;1.0;0.0;0.0;0.0;0.0;0.0;0.0;1.0;0.0;0.0;0.0;Longo da via;Bom;Não existe;Perfeito estado;Seca;Perfeito estado;;;;Dupla;Faixa contínua;;;Manhã
2777;12/09/2020;12:13:00;COM VÍTIMA;FINALIZADA;BOA VIAGEM;AVENIDA CELSO FURTADO (VIA MANGUE);;;PROX AO EXTRA NA VIA MANGUE S/T CID;BOA VIAGEM;;CIDADE;COLISÃO TRASEIRA;1.0;1.0;0.0;0.0;0.0;0.0;0.0;0.0;0.0;1.0;0.0;Longo da via;Bom;Não existe;Perfeito estado;Seca;Perfeito estado;Não existe;Não há placas;;Dupla;Canteiro central;;;Tarde
2778;12/09/2020;12:31:00;COM VÍTIMA;FINALIZADA;ESPINHEIRO;RUA DO ESPINHEIRO;;RUA QUARENTA E OITO;NO SEMAFORO 166;ESPINHEIRO;166.0;CIDADE;ABALROAMENTO TRANSVERSAL;0.0;1.0;0.0;0.0;0.0;1.0;0.0;0.0;0.0;1.0;0.0;Cruzamento;Bom;Sem defeito;Perfeito estado;Seca;Perfeito estado;Faixa de pedestre;R-6a;;Única;Não existe;;;Tarde
2779;12/09/2020;18:41:00;COM VÍTIMA;FINALIZADA;PRADO;AV ENGENHEIRO ABDIAS DE CARVALHO;1373B;;PRÓX AO POSTO BR- AO LADO DA FACULDADE NASSAU;PRADO;;SUBURBIO;ABALROAMENTO LONGITUDINAL;1.0;1.0;0.0;0.0;0.0;0.0;0.0;0.0;0.0;1.0;0.0;Longo da via;Bom;Não existe;Incompleta;Seca;Mal iluminada;Não existe;Não há placas;60 km/h;Dupla;Canteiro central;;;Noite
2780;12/09/2020;21:57:00;COM VÍTIMA;FINALIZADA;CAMPO GRANDE;RUA FRANKLIN TAVORA;888;RUA FARIAS NEVES;ENF A MADEREIRA MADECOL. ALCOÓLICOS ANÔNIMOS.;CAMPO GRANDE;;SUBURBIO;ABALROAMENTO TRANSVERSAL;1.0;1.0;0.0;0.0;0.0;0.0;0.0;0.0;0.0;1.0;0.0;Cruzamento;Bom;Não existe;Incompleta;Seca;Mal conservada;Não existe;Não há placas;;Dupla;Não existe;;;Noite
2781;13/09/2020;05:01:00;COM VÍTIMA;FINALIZADA;TAMARINEIRA;AV CONS ROSA E SILVA;;;COM A RUA CÔNEGO BARATA;TAMARINEIRA;61.0;;COLISÃO;2.0;0.0;0.0;0.0;0.0;0.0;0.0;0.0;0.0;1.0;0.0;;;;;;;;;;;;;;Madrugada
2782;13/09/2020;07:24:00;COM VÍTIMA;FINALIZADA;BOA VIAGEM;RUA ERNESTO DE PAULA SANTOS;;RUA PROFESSOR JOAO MEDEIROS;EM FRENTE AO POSTO SHELL E FARMÁCIA DROGASIL.;BOA VIAGEM;329.0;CIDADE;ABALROAMENTO LONGITUDINAL;1.0;1.0;0.0;0.0;0.0;0.0;0.0;0.0;0.0;1.0;0.0;Cruzamento;Bom;Sem defeito;Perfeito estado;Seca;Perfeito estado;Faixa de retenção;R-6a;;Única;Não existe;;;Manhã
2783;13/09/2020;16:45:00;COM VÍTIMA;FINALIZADA;SAN MARTIN;AV GENERAL SAN MARTIN;;RUA GOMES TABORDA;EM FRENTE AO DROGASIL;SAN MARTIN;67.0;;COLISÃO COM CICLISTA;0.0;1.0;0.0;1.0;0.0;0.0;0.0;0.0;0.0;1.0;0.0;Cruzamento;Bom;Sem defeito;Perfeito estado;Seca;Perfeito estado;Faixa de pedestre;Outras;40 km/h;Dupla;Faixa contínua;;;Tarde
2784;13/09/2020;19:07:00;COM VÍTIMA;FINALIZADA;SANTO AMARO;AV CRUZ CABUGA;;RUA DOS PALMARES;EM FRENTE A ESTAÇÃO BRT.;SANTO AMARO;171.0;SUBURBIO;ABALROAMENTO TRANSVERSAL;1.0;1.0;0.0;0.0;0.0;0.0;0.0;0.0;0.0;1.0;0.0;Cruzamento;Bom;Sem defeito;Perfeito estado;Seca;Perfeito estado;Faixa de pedestre;R-6a;;Dupla;Faixa seccionada;;;Noite
2785;14/09/2020;10:11:00;COM VÍTIMA;FINALIZADA;VÁRZEA;AV PROFESSOR ARTUR DE SA;850;;PROXIMO AO CEMITÁRIO DA VÁRZEA E A UFPE.;VÁRZEA;;VÁRZEA;ABALROAMENTO LONGITUDINAL;1.0;1.0;0.0;0.0;0.0;0.0;0.0;0.0;0.0;1.0;0.0;Longo da via;Bom;Não existe;Perfeito estado;Seca;Perfeito estado;Não existe;Não há placas;;Dupla;Faixa contínua;;;Manhã
2786;14/09/2020;12:43:00;COM VÍTIMA;FINALIZADA;AFOGADOS;RUA DA PAZ;;;E/F A FABRICA DA ASA.;AFOGADOS;;SUBURBIO;ABALROAMENTO LONGITUDINAL;0.0;1.0;0.0;0.0;0.0;0.0;2.0;0.0;0.0;1.0;0.0;Longo da via;Bom;Sem defeito;Perfeito estado;Seca;Perfeito estado;Faixa de pedestre;Não há placas;;Única;Não existe;;;Tarde