indice;data;hora;natureza_acidente;situacao;bairro;endereco;numero;detalhe_endereco_acidente;complemento;bairro_cruzamento;num_semaforo;sentido_via;tipo;auto;moto;ciclom;ciclista;pedestre;onibus;caminhao;viatura;outros;vitimas;vitimasfatais;acidente_verificado;tempo_clima;situacao_semaforo;sinalizacao;condicao_via;conservacao_via;ponto_controle;situacao_placa;velocidade_max_via;mao_direcao;divisao_via1;divisao_via2;divisao_via3;turno
2787;14/09/2020;13:09:00;COM VÍTIMA;FINALIZADA;BOA VIAGEM;AV ENGENHEIRO DOMINGOS FERREIRA;2655;;EM FRENTE AO POSTO BR E PROXIMO A FARMACIA INDEPENDENTE/ PISTA DA DIREITA;BOA VIAGEM;;SUBURBIO;ABALROAMENTO TRANSVERSAL;1.0;1.0;0.0;0.0;0.0;0.0;0.0;0.0;0.0;1.0;0.0;Longo da via;Bom;;Perfeito estado;Seca;Perfeito estado;Não existe;Não há placas;;Única;Canteiro central;;;Tarde
2788;14/09/2020;14:43:00;COM VÍTIMA;FINALIZADA;ROSARINHO;RUA TELES JUNIOR;350;;EM FRENTE AO EDIFICIO QUINTA DAS LARANJEIRAS. LADO OPOSTO AO NÚMERO INFORMADO.;ROSARINHO;;;CHOQUE VEÍCULO PARADO;1.0;1.0;0.0;0.0;0.0;0.0;0.0;0.0;0.0;1.0;0.0;Longo da via;Bom;Não existe;Perfeito estado;Seca;Perfeito estado;Não existe;Não há placas;;Dupla;Faixa contínua;;;Tarde
2789;14/09/2020;15:10:00;COM VÍTIMA;FINALIZADA;IPUTINGA;AV CAXANGA;2636;;E/F AO ANTIGO PERNAMBUCO DA SRTE S/T CID VT 25 E 19 NO LOCAL . LADO OPOSTO A IGREJA VERBO DA VIDA.;IPUTINGA;;CIDADE;ATROPELAMENTO;0.0;1.0;0.0;0.0;1.0;0.0;0.0;0.0;0.0;1.0;0.0;Longo da via;Bom;Sem defeito;Perfeito estado;Seca;Perfeito estado;Não existe;Não há placas;;Única;Canteiro central;;;Tarde
2790;14/09/2020;21:48:00;COM VÍTIMA;FINALIZADA;CAMPO GRANDE;RUA ODORICO MENDES;106;;PROX AO CLUBE DAS PÁS. RESIDENCIAL PREFEITO AUGUSTO LUCENA.;CAMPO GRANDE;;CIDADE;COLISÃO TRASEIRA;1.0;1.0;0.0;0.0;0.0;0.0;0.0;0.0;0.0;1.0;0.0;Longo da via;Bom;Não existe;Perfeito estado;Seca;Perfeito estado;Não existe;Outras;;Dupla;Faixa seccionada;;;Noite
2791;15/09/2020;06:07:00;COM VÍTIMA;FINALIZADA;SANTO AMARO;AV GOVERNADOR AGAMENON MAGALHAES;;;E/F AO INSTITUTO CRIMINALISTICO DO RECIFE // VIA PRINCIPAL // SENT. JOANA BEZERRA;SANTO AMARO;49.0;SUBURBIO;ABALROAMENTO LONGITUDINAL;0.0;1.0;0.0;0.0;0.0;1.0;0.0;0.0;0.0;2.0;0.0;Longo da via;Bom;Sem defeito;Perfeito estado;Seca;Perfeito estado;Não existe;Outras;60 km/h;Dupla;Canal;;;Manhã
2792;15/09/2020;07:39:00;COM VÍTIMA;FINALIZADA;BEBERIBE;AV BEBERIBE;3390;;E/F A ARENA SHOW BAR;BEBERIBE;388.0;SUBURBIO;COLISÃO COM CICLISTA;0.0;1.0;0.0;1.0;0.0;0.0;0.0;0.0;0.0;2.0;0.0;Longo da via;Bom;Sem defeito;Perfeito estado;Seca;Perfeito estado;Outros;Outras;;Dupla;Faixa contínua;;;Manhã
2793;15/09/2020;10:21:00;COM VÍTIMA;FINALIZADA;JOANA BEZERRA;AV CENTRAL;5;RUA REALEZA;PROX AO CLUBE MOCIDADE DO COQUE;JOANA BEZERRA;;;ABALROAMENTO TRANSVERSAL;1.0;1.0;0.0;0.0;0.0;0.0;0.0;0.0;0.0;1.0;0.0;Cruzamento;Bom;Não existe;Não existente;Seca;Perfeito estado;Não existe;Não há placas;;Dupla;Não existe;;;Manhã
2794;15/09/2020;12:20:00;COM VÍTIMA;FINALIZADA;BOA VISTA;RUA DO HOSPICIO;;RUA PRINCESA IZABEL;EM FRENTE DA CAMARA MUNICIPAL DO RECIFE;BOA VISTA;31.0;CIDADE;ABALROAMENTO LONGITUDINAL;1.0;1.0;0.0;0.0;0.0;0.0;0.0;0.0;0.0;1.0;0.0;Cruzamento;Bom;Sem defeito;Perfeito estado;Seca;Perfeito estado;Agente;Outras;60 km/h;Única;Outros;;;Tarde
2795;15/09/2020;14:31:00;COM VÍTIMA;FINALIZADA;AFOGADOS;RUA VINTE E UM DE ABRIL;566;RUA JOAO BARRETO DE ACIOLY LINS;PROX AO ANTIGO LEILAO. EM FRENTE AO CENTRO AUTOMOTIVO JLX.;AFOGADOS;;SUBURBIO;COLISÃO FRONTAL;0.0;2.0;0.0;0.0;0.0;0.0;0.0;0.0;0.0;2.0;0.0;Esquina;Bom;Não existe;Não existente;Seca;Perfeito estado;Não existe;Não há placas;;Dupla;Não existe;;;Tarde
2796;15/09/2020;19:40:00;COM VÍTIMA;FINALIZADA;IBURA;AV DOIS RIOS;;LAD DA COHAB;PRÓXIMO A LADEIRA. AO LADO DO HOTEL MALICE;IBURA;;SUBURBIO;ABALROAMENTO TRANSVERSAL;0.0;2.0;0.0;0.0;0.0;0.0;0.0;0.0;0.0;2.0;0.0;Longo da via;Bom;Não existe;Perfeito estado;Seca;Perfeito estado;Não existe;Outras;;Dupla;Faixa contínua;;;Noite
2797;15/09/2020;20:12:00;COM VÍTIMA;FINALIZADA;JORDÃO;AV DONA CARENTINA;33;;PRÓX AO TERMINAL DO JORDÃO ALTO // EM FRENTE AO POSTO DE SAÚDE DO JORDÃO ALTO;JORDÃO;;;ABALROAMENTO LONGITUDINAL;1.0;1.0;0.0;0.0;0.0;0.0;0.0;0.0;0.0;1.0;0.0;Longo da via;Bom;Não existe;Não existente;Seca;Perfeito estado;Não existe;Não há placas;;Dupla;Não existe;;;Noite
2798;15/09/2020;22:55:00;SEM VÍTIMA;FINALIZADA;MACAXEIRA;RUA MARIA AMALIA;422;;PROXIMO AO CAMPO DO UNIÃO- AO LADO DA LACASA DE PASTEL OFICIAL- PROXIMO DO MERCADINHO BRASILEIRINHO;MACAXEIRA;;;CHOQUE;1.0;0.0;0.0;0.0;0.0;0.0;0.0;0.0;0.0;0.0;0.0;;;;;;;;;;;;;;Noite
2799;16/09/2020;09:38:00;COM VÍTIMA;FINALIZADA;CORDEIRO;AV GENERAL SAN MARTIN;1208;;EM FRENTE AO COMPAZ;CORDEIRO;;NORTE/SUL;ABALROAMENTO LONGITUDINAL;0.0;1.0;0.0;0.0;0.0;0.0;1.0;0.0;0.0;1.0;0.0;Longo da via;Bom;Não existe;Perfeito estado;Seca;Perfeito estado;Não existe;Não há placas;;Dupla;Faixa contínua;;;Manhã
2800;16/09/2020;10:46:00;COM VÍTIMA;FINALIZADA;PINA;AV HERCULANO BANDEIRA;483;;EM FRENTE A IGREJA CATOLICA;PINA;137.0;SUBURBIO;COLISÃO TRASEIRA;1.0;1.0;0.0;0.0;0.0;0.0;0.0;0.0;0.0;1.0;0.0;Longo da via;Bom;Sem defeito;Perfeito estado;Seca;Perfeito estado;Não existe;Outras;60 km/h;Única;Faixa contínua;;;Manhã
2801;16/09/2020;11:16:00;SEM VÍTIMA;FINALIZADA;BOA VISTA;AV CRUZ CABUGA;;;EM FRENTE AO COLÉGIO SIZENANDO SILVEIRA- PRÓXIMO AO PARQUE 13 MAIO.;BOA VISTA;;;COLISÃO;0.0;1.0;0.0;0.0;0.0;0.0;0.0;1.0;0.0;0.0;0.0;;;;;;;;;;;;;;Manhã
2802;16/09/2020;12:31:00;COM VÍTIMA;FINALIZADA;TEJIPIÓ;AV DR JOSE RUFINO;2802;;PROXIMO A BR 101;TEJIPIÓ;;CIDADE;ABALROAMENTO TRANSVERSAL;1.0;1.0;0.0;0.0;0.0;0.0;0.0;0.0;0.0;1.0;0.0;Cruzamento;Bom;Não existe;Ilegível;Seca;Perfeito estado;Não existe;R-6a;;Dupla;Faixa contínua;;;Tarde
2803;16/09/2020;13:16:00;COM VÍTIMA;FINALIZADA;BOA VIAGEM;AV ENGENHEIRO DOMINGOS FERREIRA;1223;;EM FRENTE AO POSTO SHELL;BOA VIAGEM;;SUBURBIO;COLISÃO FRONTAL;1.0;1.0;0.0;0.0;0.0;0.0;0.0;0.0;0.0;1.0;0.0;Longo da via;Bom;Não existe;Perfeito estado;Seca;Perfeito estado;Não existe;Não há placas;60 km/h;Única;Faixa seccionada;;;Tarde
2804;16/09/2020;17:10:00;COM VÍTIMA;FINALIZADA;ESPINHEIRO;AV JOAO DE BARROS;1500;;E/F AO MERCADO EXTRA VT 18 NO LOCAL;ESPINHEIRO;;SUBURBIO;COLISÃO TRASEIRA;1.0;1.0;0.0;0.0;0.0;0.0;0.0;0.0;0.0;2.0;0.0;Longo da via;Bom;Sem defeito;Perfeito estado;Seca;Perfeito estado;Faixa de pedestre;;40 km/h;Única;;;;Tarde
2805;17/09/2020;11:49:00;COM VÍTIMA;FINALIZADA;BOA VISTA;RUA JOAO FERNANDES VIEIRA;405;;EM FRENTE AO CENTRO INTEGRADO DA CRIANÇA E DO ADOLESCENTE.;BOA VISTA;;CIDADE;COLISÃO TRASEIRA;1.0;1.0;0.0;0.0;0.0;0.0;0.0;0.0;0.0;1.0;0.0;Longo da via;Bom;Não existe;Perfeito estado;Seca;Perfeito estado;Faixa de pedestre;;;Única;Faixa contínua;;;Manhã
2806;17/09/2020;15:27:00;COM VÍTIMA;FINALIZADA;IPSEP;RUA PINTOR ANTONIO ALBUQUERQUE;322;;LADO OPOSTO AO Nº INFORMADO;IPSEP;;;ABALROAMENTO LONGITUDINAL;2.0;1.0;0.0;0.0;0.0;0.0;0.0;0.0;0.0;2.0;0.0;Longo da via;Bom;Não existe;;Seca;Perfeito estado;Não existe;;;Única;;;;Tarde
2807;17/09/2020;15:48:00;COM VÍTIMA;FINALIZADA;BOA VIAGEM;AVENIDA CELSO FURTADO (VIA MANGUE);;RUA PROFESSOR EDUARDO WANDERLEY FILHO;PRÓXIMO A RUA PROF. EDUARDO WANDERLEY FILHO;BOA VIAGEM;;CIDADE;COLISÃO TRASEIRA;1.0;1.0;0.0;0.0;0.0;0.0;0.0;0.0;0.0;1.0;0.0;Longo da via;Bom;Não existe;Perfeito estado;Seca;Perfeito estado;Outros;Outras;;Dupla;Canteiro central;;;Tarde
2808;17/09/2020;17:35:00;COM VÍTIMA;FINALIZADA;CORDEIRO;RUA GOMES TABORDA;;AV GENERAL SAN MARTIN;EM FRENTE AO ATACAREJO;CORDEIRO;67.0;SUBURBIO;ABALROAMENTO TRANSVERSAL;1.0;1.0;0.0;0.0;0.0;0.0;0.0;0.0;0.0;1.0;0.0;Cruzamento;Bom;Sem defeito;Incompleta;Seca;Perfeito estado;Faixa de pedestre;R-6a;;Dupla;Faixa seccionada;;;Tarde
2809;17/09/2020;22:56:00;COM VÍTIMA;FINALIZADA;IBURA;AV RIO LARGO;;AV DOZE DE JUNHO;AO LADO DO PROAB ALIMENTOS;IBURA;512.0;SUBURBIO;ABALROAMENTO LONGITUDINAL;0.0;1.0;0.0;0.0;0.0;1.0;0.0;0.0;0.0;1.0;0.0;Cruzamento;Bom;Sem defeito;Perfeito estado;Seca;Perfeito estado;Faixa de pedestre;Outras;;Dupla;Não existe;;;Noite
2810;18/09/2020;09:07:00;COM VÍTIMA;FINALIZADA;DERBY;RUA JENER DE SOUZA;449;RUA DA BAIXA VERDE;PRÓXIMO AO QUARTEL DO DERBY;DERBY;;MADALENA;ABALROAMENTO TRANSVERSAL;1.0;1.0;0.0;0.0;0.0;0.0;0.0;0.0;0.0;1.0;0.0;Cruzamento;Bom;Não existe;Perfeito estado;Seca;Perfeito estado;;R-6a;40 km/h;Dupla;Canteiro central;;;Manhã
2811;18/09/2020;13:16:00;COM VÍTIMA;FINALIZADA;ENGENHO DO MEIO;RUA FRANCISCO BEZERRA MONTEIRO;423;RUA GOVERNADOR LOPO GARRO;NAE - NÚCLEO DE APOIO AOS ESTUDANTES.;ENGENHO DO MEIO;;SUBURBIO;ABALROAMENTO LONGITUDINAL;1.0;1.0;0.0;0.0;0.0;0.0;0.0;0.0;0.0;1.0;0.0;Cruzamento;Bom;Não existe;;Seca;Perfeito estado;Não existe;Placas Pare;;Dupla;Não existe;;;Tarde
2812;18/09/2020;13:48:00;COM VÍTIMA;FINALIZADA;BOMBA DO HEMETÉRIO;RUA SAO BENTO;84;;NA ENTRADA DA BOMBA DO HEMETERIO;BOMBA DO HEMETÉRIO;;SUBURBIO;COLISÃO;1.0;1.0;0.0;0.0;0.0;0.0;0.0;0.0;0.0;1.0;0.0;Longo da via;Bom;Não existe;Perfeito estado;Seca;Perfeito estado;Não existe;Outras;;Única;Faixa seccionada;;;Tarde
2813;18/09/2020;15:21:00;COM VÍTIMA;FINALIZADA;BOA VIAGEM;RUA WALDEMAR NERY CARNEIRO MONTEIRO;628;RUA JOAO CARDOSO AIRES;EM FRENTE A CLINICA VETERINARIA VETCENTER;BOA VIAGEM;;SUBURBIO;ABALROAMENTO LONGITUDINAL;1.0;1.0;0.0;0.0;0.0;0.0;0.0;0.0;0.0;1.0;0.0;Cruzamento;Bom;Não existe;Perfeito estado;Seca;Perfeito estado;Faixa de pedestre;Placas Pare;;Dupla;Faixa seccionada;;;Tarde
2814;18/09/2020;16:22:00;COM VÍTIMA;FINALIZADA;PARNAMIRIM;EST DAS UBAIAS-;105;RUA RAIMUNDO FREIXEIRA;E/F AO SUPERMERCADO BOM DEMAIS;PARNAMIRIM;;SUBURBIO;COLISÃO COM CICLISTA;1.0;0.0;0.0;1.0;0.0;0.0;0.0;0.0;0.0;1.0;0.0;Longo da via;Bom;Não existe;Perfeito estado;Seca;Perfeito estado;Não existe;Outras;40 km/h;Dupla;Faixa seccionada;;;Tarde
2815;19/09/2020;13:58:00;COM VÍTIMA;FINALIZADA;ARRUDA;RUA DA REGENERACAO;312;;PROX A CLIMA GELAR;ARRUDA;;;COLISÃO;1.0;1.0;0.0;0.0;0.0;0.0;0.0;0.0;0.0;1.0;0.0;;;;;;;;;;;;;;Tarde
2816;19/09/2020;14:11:00;SEM VÍTIMA;FINALIZADA;MACAXEIRA;AV JOSE AMERICO DE ALMEIDA;;AV NORTE;PRÓXIMO A CHURRASCARIA NORTE GRILL;MACAXEIRA;;;COLISÃO TRASEIRA;2.0;0.0;0.0;0.0;0.0;0.0;0.0;0.0;0.0;0.0;0.0;Cruzamento;Bom;Não existe;Perfeito estado;Seca;;Faixa de pedestre;Placas Pare;;Dupla;Canteiro central;;;Tarde
2817;19/09/2020;16:37:00;COM VÍTIMA;FINALIZADA;CASA AMARELA;EST DO ARRAIAL;;RUA DA HARMONIA;EM FRENTE A IGREJA DA HARMONIA;CASA AMARELA;74.0;;ATROPELAMENTO;1.0;0.0;0.0;0.0;1.0;0.0;0.0;0.0;0.0;1.0;0.0;;;;;;;;;;;;;;Tarde
2818;19/09/2020;16:50:00;COM VÍTIMA;FINALIZADA;MADALENA;RUA BENFICA;;;PROX AO CAMPO DO SPORT. AO LADO DA PRAÇA DA BANDEIRA- APÓS O TÚNEL CHICO SCIENCE.;MADALENA;;SUBURBIO;COLISÃO;1.0;1.0;0.0;0.0;0.0;0.0;0.0;0.0;0.0;1.0;0.0;Outros;Bom;Não existe;Perfeito estado;Seca;Mal conservada;Não existe;Outras;;Única;;;;Tarde
2819;19/09/2020;17:20:00;COM VÍTIMA;FINALIZADA;IPSEP;AV RECIFE;2677;;NA FRENTE DA PIZZARIA ATLANTICO;IPSEP;;SUBURBIO;ABALROAMENTO LONGITUDINAL;1.0;1.0;0.0;0.0;0.0;0.0;0.0;0.0;0.0;1.0;0.0;Longo da via;Bom;Sem defeito;Perfeito estado;Seca;Perfeito estado;;;;;;;;Tarde
2820;19/09/2020;21:28:00;SEM VÍTIMA;FINALIZADA;COQUEIRAL;RUA ANANIAS CATANHO;431;;EM FRENTE AO Nº 431;COQUEIRAL;;SUBURBIO;CHOQUE VEÍCULO PARADO;2.0;0.0;0.0;0.0;0.0;0.0;0.0;0.0;0.0;0.0;0.0;Longo da via;Bom;Não existe;;Seca;Perfeito estado;Não existe;Não há placas;;Dupla;Não existe;;;Noite
2821;19/09/2020;22:24:00;COM VÍTIMA;FINALIZADA;ESPINHEIRO;RUA DO ESPINHEIRO;;RUA AMELIA;APÓS O HOSPTAL ESPINHEIRO;ESPINHEIRO;195.0;CIDADE;ABALROAMENTO TRANSVERSAL;1.0;1.0;0.0;0.0;0.0;0.0;0.0;0.0;0.0;2.0;0.0;Cruzamento;Bom;Desligado;Perfeito estado;Seca;Perfeito estado;Faixa de pedestre;Outras;;;;;;Noite
2822;20/09/2020;07:37:00;COM VÍTIMA;FINALIZADA;IMBIRIBEIRA;AV MARECHAL MASCARENHAS DE MORAES;2716;RUA JORNALISTA CLEOFHAS DE OLIVEIRA;EM FRENTE AO GERALDÃO- SENT. AEROPORTO;IMBIRIBEIRA;290.0;SUBURBIO;COLISÃO TRASEIRA;1.0;1.0;0.0;0.0;0.0;0.0;0.0;0.0;0.0;1.0;0.0;Cruzamento;Bom;Sem defeito;Perfeito estado;Seca;Perfeito estado;Faixa de pedestre;Não há placas;60 km/h;Dupla;Faixa contínua;Faixa seccionada;Canteiro central;Manhã
2823;20/09/2020;11:13:00;COM VÍTIMA;FINALIZADA;BOA VIAGEM;AV BOA VIAGEM;328;;EM FRENTE AS QUADRAS DE TÊNIS. EDF. ARAUCÁRIA.;BOA VIAGEM;;CIDADE;COLISÃO TRASEIRA;2.0;0.0;0.0;2.0;0.0;0.0;0.0;0.0;0.0;3.0;0.0;Longo da via;Bom;Sem defeito;Perfeito estado;Seca;Perfeito estado;Não existe;Outras;60 km/h;Única;Faixa seccionada;;;Manhã
2824;20/09/2020;16:39:00;COM VÍTIMA;FINALIZADA;IBURA;AV DOIS RIOS;704;RUA RIO DO OESTE;APOS O POSTO TOTAL AO LADO DA COPE S/T BR;IBURA;325.0;SUBURBIO;ABALROAMENTO TRANSVERSAL;1.0;1.0;0.0;0.0;0.0;0.0;0.0;0.0;0.0;2.0;0.0;Esquina;Bom;Sem defeito;Perfeito estado;Seca;Perfeito estado;Faixa de pedestre;R-6a;;Dupla;Faixa contínua;;;Tarde
2825;20/09/2020;18:57:00;SEM VÍTIMA;FINALIZADA;VÁRZEA;AV PREFEITO ANTONIO PEREIRA;;;TERMINAL INTEGRADO DE PASSAGEIRO;VÁRZEA;;CIDADE;ABALROAMENTO LONGITUDINAL;1.0;0.0;0.0;0.0;0.0;1.0;0.0;0.0;0.0;0.0;0.0;;Bom;Não existe;Não existente;Seca;Perfeito estado;Não existe;Não há placas;;Dupla;Canteiro central;;;Noite
2826;20/09/2020;19:20:00;SEM VÍTIMA;FINALIZADA;PINA;AV ANTONIO DE GOES;;PTE AGAMENON MAGALHAES;NA SUBIDA DA PONTE DO PINA;PINA;;;CHOQUE OBJETO FIXO;0.0;0.0;0.0;0.0;0.0;0.0;0.0;0.0;0.0;0.0;0.0;;;;;;;;;;;;;;Noite
2827;21/09/2020;01:01:00;SEM VÍTIMA;FINALIZADA;BOA VIAGEM;AV ENGENHEIRO DOMINGOS FERREIRA;2025;;E/F A LOJA PETLAND;BOA VIAGEM;;SUBURBIO;CHOQUE OBJETO FIXO;1.0;0.0;0.0;0.0;0.0;0.0;0.0;0.0;0.0;0.0;0.0;Longo da via;Bom;Não existe;Perfeito estado;Seca;Perfeito estado;Não existe;R-6a;60 km/h;Única;Faixa seccionada;Canteiro central;;Madrugada
2828;21/09/2020;08:54:00;SEM VÍTIMA;FINALIZADA;PINA;AV ANTONIO DE GOES;;;INÍCIO DA PONTE GOVERNADOR PAULO GUERRA;PINA;;CIDADE;CHOQUE OBJETO FIXO;1.0;0.0;0.0;0.0;0.0;0.0;0.0;0.0;0.0;0.0;0.0;Longo da via;Bom;Não existe;Ilegível;Seca;Mal iluminada;Não existe;;60 km/h;Única;Canteiro central;;;Manhã
2829;21/09/2020;09:10:00;COM VÍTIMA;FINALIZADA;IBURA;AV DOIS RIOS;1347;;EM FRENTE AO COSULTORIO MEDICO DO IBURA. PRÓXIMO AO CONSELHO TUTELAR.;IBURA;;CIDADE;ABALROAMENTO TRANSVERSAL;1.0;1.0;0.0;0.0;0.0;0.0;0.0;0.0;0.0;1.0;0.0;Longo da via;Bom;Não existe;Ilegível;Seca;Perfeito estado;Não existe;Não há placas;;Dupla;Não existe;;;Manhã
2830;21/09/2020;11:28:00;COM VÍTIMA;FINALIZADA;ENGENHO DO MEIO;RUA MAURICEIA;190;;E/F AO COLEGIO SABER;ENGENHO DO MEIO;652.0;;ABALROAMENTO LONGITUDINAL;1.0;1.0;0.0;0.0;0.0;0.0;0.0;0.0;0.0;1.0;0.0;Longo da via;Bom;Sem defeito;Incompleta;Seca;Perfeito estado;Faixa de pedestre;Outras;30 km/h;Dupla;Não existe;;;Manhã
2831;21/09/2020;19:30:00;COM VÍTIMA;FINALIZADA;IPUTINGA;AV CAXANGA;5362;;EM FRENTE AO CAXANGÁ GOLF CLUB;IPUTINGA;;SUBURBIO;ABALROAMENTO TRANSVERSAL;1.0;1.0;0.0;0.0;0.0;0.0;0.0;0.0;0.0;1.0;0.0;Longo da via;Bom;Não existe;Perfeito estado;Seca;Perfeito estado;Não existe;Não há placas;;Única;Faixa contínua;;;Noite
2832;22/09/2020;07:01:00;COM VÍTIMA;FINALIZADA;IMBIRIBEIRA;AV MARECHAL MASCARENHAS DE MORAES;2777;;NO SENTIDO CIDADE  EM FRENTE A GMAG ESTOFADOS.;IMBIRIBEIRA;;CIDADE;CHOQUE VEÍCULO PARADO;2.0;1.0;0.0;0.0;0.0;0.0;0.0;0.0;0.0;1.0;0.0;Longo da via;Bom;Não existe;Perfeito estado;Seca;Perfeito estado;Não existe;Não há placas;60 km/h;Única;Faixa contínua;Faixa seccionada;;Manhã
2833;22/09/2020;07:43:00;COM VÍTIMA;FINALIZADA;SAN MARTIN;RUA VINTE E UM DE ABRIL;2130;;EM FRENTE A  PADARIA VINTE UM DE ABRIL;SAN MARTIN;;SUBURBIO;ATROPELAMENTO;1.0;0.0;0.0;0.0;1.0;0.0;0.0;0.0;0.0;1.0;0.0;Longo da via;Bom;Sem defeito;Não existente;Seca;Perfeito estado;Não existe;Outras;40 km/h;Dupla;Não existe;;;Manhã
2834;22/09/2020;07:47:00;COM VÍTIMA;FINALIZADA;DERBY;AV GOVERNADOR AGAMENON MAGALHAES;;RUA DOM BOSCO;EM FRENTE AO HOSPITAL DA RESTAURAÇÃO. PISTA CENTRAL.;DERBY;174.0;BOA VIAGEM;COLISÃO TRASEIRA;1.0;1.0;0.0;0.0;0.0;0.0;0.0;0.0;0.0;1.0;0.0;Longo da via;Bom;Sem defeito;Perfeito estado;Seca;Perfeito estado;Agente;Outras;60 km/h;Dupla;Canteiro central;;;Manhã
2835;22/09/2020;08:00:00;COM VÍTIMA;FINALIZADA;VASCO DA GAMA;RUA VASCO DA GAMA;1688;RUA BREJO BONITO;NA SUBIDA DO VISGUEIRO;VASCO DA GAMA;;;COLISÃO FRONTAL;0.0;1.0;0.0;0.0;0.0;1.0;0.0;0.0;0.0;1.0;0.0;Longo da via;Bom;Não existe;Não existente;Seca;Mal conservada;Não existe;Não há placas;40 km/h;Dupla;Não existe;;;Manhã
2836;22/09/2020;08:43:00;COM VÍTIMA;FINALIZADA;IPSEP;RUA HELIO BRANDAO;135;RUA ADERBAL DE MELO;EM FRENTE AO CHAMBARIL E FEIJOADA DO JOÃO;IPSEP;;;ABALROAMENTO TRANSVERSAL;1.0;1.0;0.0;0.0;0.0;0.0;0.0;0.0;0.0;1.0;0.0;Cruzamento;Bom;Não existe;Perfeito estado;Seca;Perfeito estado;;Placas Pare;30 km/h;Única;Faixa seccionada;;;Manhã
2837;22/09/2020;09:23:00;COM VÍTIMA;FINALIZADA;TORRÕES;AV ENGENHEIRO ABDIAS DE CARVALHO;;RUA TIJUCAS;CHESF;TORRÕES;422.0;CIDADE;TOMBAMENTO;0.0;1.0;0.0;0.0;0.0;0.0;0.0;0.0;0.0;1.0;0.0;Longo da via;Bom;Sem defeito;Perfeito estado;Seca;Perfeito estado;Faixa de pedestre;Não há placas;;Única;Canteiro central;;;Manhã
2838;22/09/2020;15:10:00;COM VÍTIMA;FINALIZADA;PARNAMIRIM;RUA FERREIRA LOPES;141;RUA DA ESTRELA;CONSULADO;PARNAMIRIM;;;ABALROAMENTO TRANSVERSAL;0.0;2.0;0.0;0.0;0.0;0.0;0.0;0.0;0.0;1.0;0.0;Cruzamento;Bom;Não existe;Perfeito estado;Seca;Perfeito estado;;Outras;40 km/h;Dupla;Faixa seccionada;;;Tarde
2839;22/09/2020;16:07:00;COM VÍTIMA;FINALIZADA;SÃO JOSÉ;AV SUL;;;POR TRAS DO FORTE DAS CINCO PONTAS. POSTE B015690.;SÃO JOSÉ;;CIDADE;COLISÃO;3.0;0.0;0.0;0.0;0.0;0.0;0.0;0.0;0.0;1.0;0.0;Longo da via;Bom;Não existe;Perfeito estado;Seca;Perfeito estado;Não existe;Outras;60 km/h;Única;Faixa seccionada;;;Tarde
2840;23/09/2020;08:35:00;SEM VÍTIMA;FINALIZADA;SÃO JOSÉ;VDO DAS CINCO PONTAS;;;;SÃO JOSÉ;;;CHOQUE OBJETO FIXO;0.0;0.0;0.0;0.0;0.0;0.0;0.0;0.0;0.0;0.0;0.0;Viaduto;Bom;Não existe;Perfeito estado;Seca;Perfeito estado;Não existe;Não há placas;n/i;Única;Canteiro central;;;Manhã
2841;23/09/2020;11:15:00;COM VÍTIMA;FINALIZADA;PRADO;RUA CARLOS GOMES;;;EM FRENTE AO HOSPITAL NOSSA SENHORA DO Ó;PRADO;;;COLISÃO;1.0;1.0;0.0;0.0;0.0;0.0;0.0;0.0;0.0;1.0;0.0;;;;;;;;;;;;;;Manhã
2842;23/09/2020;14:41:00;COM VÍTIMA;FINALIZADA;ESTÂNCIA;AV RECIFE;;;APÓS O BIG BOM PREÇO. LADO OPOSTO A FARMÁCIA PAGUE MENOS.;ESTÂNCIA;;SUBURBIO;ABALROAMENTO LONGITUDINAL;1.0;1.0;0.0;0.0;0.0;0.0;0.0;0.0;0.0;1.0;0.0;Longo da via;Bom;Sem defeito;Perfeito estado;Seca;Perfeito estado;Não existe;Outras;;Dupla;Canteiro central;;;Tarde
2843;23/09/2020;15:41:00;SEM VÍTIMA;FINALIZADA;ILHA JOANA BEZERRA;VDO PAPA JOAO PAULO II;;;;ILHA JOANA BEZERRA;;BOA VIAGEM;COLISÃO;0.0;0.0;0.0;0.0;0.0;0.0;0.0;0.0;0.0;0.0;0.0;;;;;;;;;;;;;;Tarde
2844;23/09/2020;18:01:00;COM VÍTIMA;FINALIZADA;DERBY;AV GOVERNADOR AGAMENON MAGALHAES;;RUA HENRIQUE DIAS;;DERBY;68.0;CIDADE;ABALROAMENTO LONGITUDINAL;1.0;1.0;0.0;0.0;0.0;0.0;0.0;0.0;0.0;1.0;0.0;Cruzamento;Bom;Sem defeito;Perfeito estado;Seca;Perfeito estado;Faixa de pedestre;Não há placas;60 km/h;Única;;;;Noite
2845;23/09/2020;20:40:00;COM VÍTIMA;FINALIZADA;BEBERIBE;AV BEBERIBE;4250;;;BEBERIBE;;SUBURBIO;ATROPELAMENTO;0.0;1.0;0.0;0.0;1.0;0.0;0.0;0.0;0.0;2.0;0.0;Longo da via;Bom;Não existe;Perfeito estado;Seca;Perfeito estado;Não existe;Outras;40 km/h;Dupla;Faixa contínua;;;Noite
2846;24/09/2020;08:29:00;COM VÍTIMA;FINALIZADA;FUNDÃO;AV BEBERIBE;2584;;EM FRENTE AO ARMAZÉM LOJAS CONSTRUINDO.;FUNDÃO;;SUBURBIO;COLISÃO COM CICLISTA;0.0;1.0;0.0;1.0;0.0;0.0;0.0;0.0;0.0;3.0;0.0;Longo da via;Bom;Não existe;Perfeito estado;Seca;Perfeito estado;Não existe;Não há placas;;Dupla;Faixa contínua;;;Manhã