indice;data;hora;natureza_acidente;situacao;bairro;endereco;numero;detalhe_endereco_acidente;complemento;bairro_cruzamento;num_semaforo;sentido_via;tipo;auto;moto;ciclom;ciclista;pedestre;onibus;caminhao;viatura;outros;vitimas;vitimasfatais;acidente_verificado;tempo_clima;situacao_semaforo;sinalizacao;condicao_via;conservacao_via;ponto_controle;situacao_placa;velocidade_max_via;mao_direcao;divisao_via1;divisao_via2;divisao_via3;turno
2847;24/09/2020;09:48:00;COM VÍTIMA;FINALIZADA;IMBIRIBEIRA;AV MARECHAL MASCARENHAS DE MORAES;4075;RUA CORONEL FABRICIANO;PRÓX. AO ATACADO DOS PRESENTES;IMBIRIBEIRA;310.0;CIDADE;ABALROAMENTO LONGITUDINAL;0.0;1.0;0.0;0.0;0.0;0.0;1.0;0.0;0.0;1.0;0.0;Cruzamento;Bom;Sem defeito;Perfeito estado;Seca;Perfeito estado;Outros;Não há placas;60 km/h;Única;Faixa seccionada;Canteiro central;;Manhã
2848;24/09/2020;09:48:00;COM VÍTIMA;FINALIZADA;IMBIRIBEIRA;AV MARECHAL MASCARENHAS DE MORAES;;;ÁREA DE DESEMBARQUE DO AEROPORTO APÓS A PORTA A6. PORTÃO DE CARGA DO ANTIGO TERMINAL DO AEROPORTO.;IMBIRIBEIRA;;SUBURBIO;CHOQUE OBJETO FIXO;1.0;0.0;0.0;0.0;0.0;0.0;0.0;0.0;0.0;1.0;0.0;Longo da via;Bom;Não existe;Perfeito estado;Seca;Perfeito estado;Outros;Outras;;Única;Não existe;;;Manhã
2849;24/09/2020;13:37:00;SEM VÍTIMA;FINALIZADA;BOA VIAGEM;RUA DOM JOSE LOPES;747;;PANIFICADORA J. LORENA;BOA VIAGEM;;;COLISÃO;2.0;0.0;0.0;0.0;0.0;0.0;0.0;0.0;0.0;0.0;0.0;Longo da via;Bom;Não existe;Perfeito estado;Seca;Perfeito estado;Não existe;Não há placas;n/i;Única;Não existe;;;Tarde
2850;24/09/2020;19:42:00;COM VÍTIMA;FINALIZADA;DOIS IRMÃOS;RUA DOIS IRMAOS;;;E/F AO HORTO DE DOIS IRMÃOS E AO LAFEPE.;DOIS IRMÃOS;;SUBURBIO;COLISÃO TRASEIRA;1.0;1.0;0.0;0.0;0.0;0.0;0.0;0.0;0.0;1.0;0.0;Longo da via;Bom;Não existe;Perfeito estado;Seca;Perfeito estado;;R-19;60 km/h;Dupla;Não existe;;;Noite
2851;25/09/2020;16:32:00;COM VÍTIMA;FINALIZADA;CORDEIRO;AV CAXANGA;1845;;PROX A CENTROCAR;CORDEIRO;;CIDADE;ATROPELAMENTO;1.0;1.0;0.0;0.0;1.0;0.0;0.0;0.0;0.0;1.0;0.0;Longo da via;Bom;Não existe;Incompleta;Seca;Perfeito estado;Não existe;Não há placas;;Dupla;Faixa seccionada;;;Tarde
2852;25/09/2020;16:52:00;COM VÍTIMA;FINALIZADA;CAMPO GRANDE;AV PROFESSOR JOSE DOS ANJOS;116A;;E/F A SUB ESTAÇAO DA COMPESA;CAMPO GRANDE;;CAMPO GRANDE;COLISÃO FRONTAL;1.0;1.0;0.0;0.0;0.0;0.0;0.0;0.0;0.0;1.0;0.0;Longo da via;Bom;Não existe;Não existente;Seca;Perfeito estado;Não existe;Não há placas;;Inglesa;Não existe;;;Tarde
2853;25/09/2020;17:43:00;COM VÍTIMA;FINALIZADA;IPUTINGA;AV CAXANGA;3516;RUA SAO MATEUS;LOGO APOS O CRUZAMENTO DO POSTO PETROCAL - BR. LADO OPOSTO AO CARTÓRIO DA VÁRZEA.;IPUTINGA;229.0;CIDADE;ABALROAMENTO LONGITUDINAL;0.0;1.0;0.0;0.0;0.0;0.0;1.0;0.0;0.0;1.0;0.0;Longo da via;Bom;Sem defeito;Perfeito estado;Seca;Perfeito estado;Faixa de pedestre;Outras;;Dupla;Não existe;;;Tarde
2854;26/09/2020;04:50:00;COM VÍTIMA;FINALIZADA;AREIAS;AV RECIFE;97;;EM FRENTE AO MAKRO SENTIDO UFPE- NA SUBIDA DO VIADUTO ULISSES GUIMARÃES.;AREIAS;;CIDADE;COLISÃO TRASEIRA;1.0;1.0;0.0;0.0;0.0;0.0;0.0;0.0;0.0;1.0;0.0;Longo da via;Bom;Não existe;Perfeito estado;Seca;Mal conservada;Não existe;Não há placas;60 km/h;;Faixa seccionada;;;Madrugada
2855;26/09/2020;07:24:00;COM VÍTIMA;FINALIZADA;ÁGUA FRIA;RUA DA REGENERACAO;1122;;EM FRENTE A ANTIGA FABRICA DA COCA COLA;ÁGUA FRIA;;SUBURBIO;COLISÃO FRONTAL;1.0;1.0;0.0;0.0;0.0;0.0;0.0;0.0;0.0;1.0;0.0;Longo da via;Bom;Não existe;Incompleta;Seca;Mal conservada;Não existe;Não há placas;;Dupla;Não existe;;;Manhã
2856;26/09/2020;10:45:00;COM VÍTIMA;FINALIZADA;ILHA DO RETIRO;AV BEIRA RIO;400;;AO LADO DO SPORT CLUBE DO RECIFE NO SENTIDO TUNEL CHICO  SCIENCE. LADO OPOSTO AO Nº INFORMADO.;ILHA DO RETIRO;;ILHA DO RETIRO;COLISÃO TRASEIRA;1.0;1.0;0.0;0.0;0.0;0.0;0.0;0.0;0.0;1.0;0.0;Longo da via;Bom;Não existe;Perfeito estado;Seca;Perfeito estado;Não existe;R-6a;;Dupla;Faixa seccionada;;;Manhã
2857;26/09/2020;17:50:00;COM VÍTIMA;FINALIZADA;MANGABEIRA;AV NORTE;;RUA GUIMARAES PEIXOTO;PROXIMO AO SESC;MANGABEIRA;96.0;CIDADE;CHOQUE OBJETO FIXO;1.0;2.0;0.0;0.0;0.0;0.0;0.0;0.0;0.0;3.0;0.0;Longo da via;Bom;Sem defeito;Perfeito estado;Seca;Perfeito estado;Faixa de pedestre;Outras;;Dupla;Canteiro central;;;Tarde
2858;26/09/2020;22:19:00;COM VÍTIMA;FINALIZADA;ILHA JOANA BEZERRA;PTE JOSE DE BARROS LIMA;;;PROXIMO A PASSARELA;ILHA JOANA BEZERRA;;BOA VIAGEM;ATROPELAMENTO;0.0;1.0;0.0;0.0;2.0;0.0;0.0;0.0;0.0;3.0;0.0;Ponte;Bom;Não existe;Perfeito estado;Seca;Perfeito estado;;Não há placas;60 km/h;Dupla;Canteiro central;;;Noite
2859;27/09/2020;09:01:00;COM VÍTIMA;FINALIZADA;DOIS UNIDOS;RUA VISCONDE DE GARRETT;142;;EM FRENTE AO EDUCANDARIO JARDIM GETSEMANI. PRÓXIMO A ASSEMBLEIA DE DEUS.;DOIS UNIDOS;;;COLISÃO FRONTAL;0.0;2.0;0.0;0.0;0.0;0.0;0.0;0.0;0.0;2.0;0.0;Longo da via;Bom;Não existe;Perfeito estado;Seca;Perfeito estado;Não existe;Não há placas;;;Não existe;;;Manhã
2860;27/09/2020;09:24:00;COM VÍTIMA;FINALIZADA;BOA VIAGEM;RUA DEZ DE JULHO;210;RUA CAMBOIM;EM FRENTE A LOJA MAISON CRISTAL;BOA VIAGEM;;CIDADE;ABALROAMENTO TRANSVERSAL;1.0;1.0;0.0;0.0;0.0;0.0;0.0;0.0;0.0;1.0;0.0;Longo da via;Bom;Não existe;Perfeito estado;Seca;Perfeito estado;Não existe;Não há placas;40 km/h;Única;Faixa seccionada;;;Manhã
2861;27/09/2020;10:53:00;COM VÍTIMA;FINALIZADA;ARRUDA;RUA DA REGENERACAO;1147;RUA CLARA;E/F HYANNAH ESPAÇO DE EVENTOS;ARRUDA;;SUBURBIO;ABALROAMENTO LONGITUDINAL;1.0;1.0;0.0;0.0;0.0;0.0;0.0;0.0;0.0;1.0;0.0;Cruzamento;Bom;Não existe;Não existente;Seca;Perfeito estado;Não existe;Não há placas;;Dupla;Não existe;;;Manhã
2862;27/09/2020;19:25:00;COM VÍTIMA;FINALIZADA;IMBIRIBEIRA;AV SUL;;;AO LADO DA ESTAÇAO ANTONIO FALCAO;IMBIRIBEIRA;;SUBURBIO;ABALROAMENTO LONGITUDINAL;1.0;1.0;0.0;0.0;0.0;0.0;0.0;0.0;0.0;1.0;0.0;Longo da via;Chuvoso;Não existe;Perfeito estado;Molhada;Perfeito estado;Não existe;Não há placas;30 km/h;Dupla;Não existe;;;Noite
2863;27/09/2020;21:28:00;COM VÍTIMA;FINALIZADA;CASA AMARELA;RUA CONS NABUCO;292;;PROX AO BOMPREÇO;CASA AMARELA;;;ATROPELAMENTO;0.0;1.0;0.0;0.0;1.0;0.0;0.0;0.0;0.0;1.0;0.0;Longo da via;Chuvoso;Não existe;Perfeito estado;Molhada;Perfeito estado;Não existe;Não há placas;;Dupla;Não existe;;;Noite
2864;27/09/2020;21:49:00;COM VÍTIMA;FINALIZADA;SANTO AMARO;AV NORTE;754;3TR TREZE DE MAIO;NO CRUZAMENTO;SANTO AMARO;;SUBURBIO;COLISÃO TRASEIRA;1.0;1.0;0.0;0.0;0.0;0.0;0.0;0.0;0.0;1.0;0.0;Longo da via;Bom;Não existe;Perfeito estado;Seca;Perfeito estado;Não existe;Não há placas;;Única;Faixa seccionada;;;Noite
2865;28/09/2020;07:15:00;COM VÍTIMA;FINALIZADA;JORDÃO;AV MARIA IRENE;1064;RUA CRISTALIA;TERMINAL DA VAN;JORDÃO;;CIDADE;ABALROAMENTO LONGITUDINAL;0.0;1.0;0.0;0.0;0.0;1.0;0.0;0.0;0.0;1.0;0.0;Longo da via;Bom;Não existe;Perfeito estado;Seca;Perfeito estado;Não existe;Não há placas;60 km/h;Dupla;Faixa contínua;;;Manhã
2866;28/09/2020;10:13:00;SEM VÍTIMA;FINALIZADA;ENCRUZILHADA;RUA CASTRO ALVES;;;PROX A PRAÇA DA PICANHA  EM FRENTE A LOJA ENCRUZILHADA VIDROS;ENCRUZILHADA;;SUBURBIO;COLISÃO;2.0;0.0;0.0;0.0;0.0;0.0;0.0;0.0;0.0;0.0;0.0;;;;;;;;;;;;;;Manhã
2867;28/09/2020;11:05:00;COM VÍTIMA;FINALIZADA;IMBIRIBEIRA;AV MARECHAL MASCARENHAS DE MORAES;4745;;APOS O AEROPORTO- ANTES DO ATACADOL DOS PRESENTES;IMBIRIBEIRA;;CIDADE;COLISÃO COM CICLISTA;0.0;0.0;0.0;1.0;0.0;1.0;0.0;0.0;0.0;1.0;0.0;Longo da via;Bom;Sem defeito;Perfeito estado;Seca;Perfeito estado;Faixa de pedestre;Não há placas;;Dupla;Canteiro central;;;Manhã
2868;28/09/2020;13:19:00;COM VÍTIMA;FINALIZADA;IPSEP;RUA HELIO BRANDAO;135;RUA ADERBAL DE MELO;EM FRENTE AO CHAMBARIL DO JOÃO;IPSEP;;;ABALROAMENTO TRANSVERSAL;1.0;1.0;0.0;0.0;0.0;0.0;0.0;0.0;0.0;1.0;0.0;Cruzamento;Bom;Não existe;Perfeito estado;Seca;Perfeito estado;Outros;Placas Pare;;Única;Faixa seccionada;;;Tarde
2869;29/09/2020;00:28:00;SEM VÍTIMA;FINALIZADA;BOMBA DO HEMETÉRIO;RUA JACOB;;;IMÓVEL Nº 31;BOMBA DO HEMETÉRIO;;CIDADE;CHOQUE VEÍCULO PARADO;2.0;0.0;0.0;0.0;0.0;0.0;0.0;0.0;0.0;0.0;0.0;Longo da via;Bom;Não existe;Não existente;Seca;Perfeito estado;Não existe;Não há placas;30 km/h;Dupla;Faixa seccionada;;;Madrugada
2870;29/09/2020;04:14:00;COM VÍTIMA;FINALIZADA;NOVA DESCOBERTA;RUA NOVA DESCOBERTA;412;;EM FRENTE A IGREJA CONGRECIONAL. IGREJA DO EVANGELHO QUADRANGULAR.;NOVA DESCOBERTA;;CIDADE;CHOQUE VEÍCULO PARADO;4.0;0.0;0.0;0.0;0.0;0.0;0.0;0.0;0.0;1.0;0.0;Longo da via;Bom;Não existe;Perfeito estado;Seca;Perfeito estado;Não existe;Não há placas;;Dupla;Não existe;;;Madrugada
2871;29/09/2020;09:25:00;COM VÍTIMA;FINALIZADA;LINHA DO TIRO;RUA URIEL DE HOLANDA;893;;APÓS A CHURRASCARIA CACHOEIRA;LINHA DO TIRO;;CIDADE;COLISÃO FRONTAL;1.0;0.0;0.0;0.0;0.0;1.0;0.0;0.0;0.0;1.0;0.0;Longo da via;Bom;Não existe;Perfeito estado;Seca;Perfeito estado;Não existe;R-6a;;Dupla;Faixa seccionada;;;Manhã
2872;29/09/2020;10:37:00;COM VÍTIMA;FINALIZADA;IMBIRIBEIRA;AV MARECHAL MASCARENHAS DE MORAES;;;EM FRENTE A FERREIRA COSTA;IMBIRIBEIRA;386.0;CIDADE;ABALROAMENTO LONGITUDINAL;1.0;1.0;0.0;0.0;0.0;0.0;0.0;0.0;0.0;1.0;0.0;Longo da via;Bom;Sem defeito;Perfeito estado;Seca;Perfeito estado;Faixa de pedestre;Não há placas;60 km/h;Dupla;Canteiro central;;;Manhã
2873;29/09/2020;14:48:00;SEM VÍTIMA;FINALIZADA;BOA VIAGEM;RUA RIBEIRO DE BRITO;4121;;LADO OPOSTO AO BAR GRILL;BOA VIAGEM;;CIDADE;COLISÃO TRASEIRA;2.0;0.0;0.0;0.0;0.0;0.0;0.0;0.0;0.0;0.0;0.0;Longo da via;Bom;Sem defeito;Perfeito estado;Seca;Perfeito estado;Faixa de pedestre;;;Única;Faixa contínua;;;Tarde
2874;29/09/2020;21:30:00;COM VÍTIMA;FINALIZADA;VÁRZEA;RUA DIOGO DE VASCONCELOS;260;RUA GOVERNADOR LEOPOLDO NEVES;PROXIMO DA PIZZARIA PAULLYNE- PROXIMO DA PADARIA PÃO DE CRISTO DELLI;VÁRZEA;;SUBURBIO;ABALROAMENTO TRANSVERSAL;1.0;1.0;0.0;0.0;0.0;0.0;0.0;0.0;0.0;1.0;0.0;Longo da via;Bom;Não existe;Perfeito estado;Seca;Perfeito estado;Não existe;Não há placas;;Dupla;Faixa seccionada;;;Noite
2875;30/09/2020;14:09:00;COM VÍTIMA;FINALIZADA;ROSARINHO;AV NORTE;3109;;EM FRENTE À PADARIA ROSARINHO;ROSARINHO;;CIDADE;COLISÃO TRASEIRA;4.0;0.0;0.0;0.0;0.0;0.0;0.0;0.0;0.0;1.0;0.0;Longo da via;Bom;Sem defeito;Perfeito estado;Seca;Perfeito estado;Não existe;Não há placas;40 km/h;Dupla;Canteiro central;;;Tarde
2876;30/09/2020;14:44:00;SEM VÍTIMA;FINALIZADA;IPSEP;RUA HELIO BRANDAO;135;RUA ADERBAL DE MELO;;IPSEP;;;ABALROAMENTO TRANSVERSAL;2.0;0.0;0.0;0.0;0.0;0.0;0.0;0.0;0.0;0.0;0.0;Longo da via;Bom;Não existe;Perfeito estado;Seca;Perfeito estado;;Placas Pare;;Única;Faixa seccionada;;;Tarde
2877;30/09/2020;17:59:00;COM VÍTIMA;FINALIZADA;SÃO JOSÉ;AV DANTAS BARRETO;1246;RUA SAO JOAO;N 946 S/T PRAÇA SERGIO LORETO;SÃO JOSÉ;;;ATROPELAMENTO;0.0;0.0;0.0;0.0;1.0;1.0;0.0;0.0;0.0;1.0;0.0;Longo da via;Bom;Sem defeito;Ilegível;Seca;Mal iluminada;Não existe;Outras;;Dupla;Faixa contínua;Faixa seccionada;Canteiro central;Tarde
2878;30/09/2020;21:32:00;COM VÍTIMA;FINALIZADA;JARDIM SÃO PAULO;RUA SENADOR ALBERTO PASQUALINI;;;E/F AO RESTAURANTE SUBWAY / PRÓX A JOTA LANCHES;JARDIM SÃO PAULO;;SUBURBIO;COLISÃO COM CICLISTA;0.0;1.0;0.0;1.0;0.0;0.0;0.0;0.0;0.0;3.0;0.0;Longo da via;Bom;Não existe;Ilegível;Seca;Mal iluminada;Não existe;Placas Pare;;Única;Faixa seccionada;;;Noite
2879;30/09/2020;22:37:00;COM VÍTIMA;FINALIZADA;MADALENA;RUA ARLINDO GOUVEIA;145;;PRÓX AO CLUBE INTERNACIONAL. PRAÇA JOSÉ DA MOTA SILVEIRA.;MADALENA;;SUBURBIO;ABALROAMENTO TRANSVERSAL;1.0;1.0;0.0;0.0;0.0;0.0;0.0;0.0;0.0;1.0;0.0;Longo da via;Chuvoso;Não existe;Perfeito estado;Seca;Perfeito estado;Não existe;Não há placas;;Dupla;Faixa contínua;;;Noite
2880;01/10/2020;03:23:00;SEM VÍTIMA;FINALIZADA;JARDIM SÃO PAULO;RUA LEANDRO BARRETO;;;NA DESCIDA DO VIADUTO - SENTIDO LA ROCK;JARDIM SÃO PAULO;;;CHOQUE OBJETO FIXO;1.0;0.0;0.0;0.0;0.0;0.0;0.0;0.0;0.0;0.0;0.0;;;;;;;;;;;;;;Madrugada
2881;01/10/2020;09:38:00;SEM VÍTIMA;FINALIZADA;BAIRRO DO RECIFE;RUA JENER DE SOUZA;;PRC DO DERBY;SOB O SEMÁFORO Nº 418;BAIRRO DO RECIFE;418.0;CIDADE;ABALROAMENTO LONGITUDINAL;2.0;0.0;0.0;0.0;0.0;0.0;0.0;0.0;0.0;0.0;0.0;Cruzamento;Bom;Sem defeito;;Seca;Perfeito estado;;R-25b;40 km/h;Dupla;Faixa contínua;;;Manhã
2882;01/10/2020;12:44:00;COM VÍTIMA;FINALIZADA;ARRUDA;AV PROFESSOR JOSE DOS ANJOS;972;;PROX AO CRUZAMENTO DA EST VELHA DE ÁGUA FRIA;ARRUDA;;SUBURBIO;COLISÃO COM CICLISTA;0.0;1.0;0.0;1.0;0.0;0.0;0.0;0.0;0.0;1.0;0.0;Longo da via;Bom;Não existe;Perfeito estado;Seca;Perfeito estado;Não existe;Não há placas;60 km/h;Única;Faixa seccionada;;;Tarde
2883;01/10/2020;13:45:00;COM VÍTIMA;FINALIZADA;AFOGADOS;EST DOS REMEDIOS;1462;RUA BUGRE;EM FRENTE A TUPAN;AFOGADOS;;;COLISÃO;1.0;1.0;0.0;0.0;0.0;0.0;0.0;0.0;0.0;1.0;0.0;;;;;;;;;;;;;;Tarde
2884;01/10/2020;18:21:00;COM VÍTIMA;FINALIZADA;MACAXEIRA;AV NORTE;;RUA TIJUCAL;EM FRENTE A ESCOLA ESTADUAL MARIA AMÁLIA;MACAXEIRA;451.0;SUBURBIO;COLISÃO COM CICLISTA;0.0;0.0;0.0;1.0;0.0;1.0;0.0;0.0;0.0;1.0;0.0;Longo da via;Bom;Sem defeito;Incompleta;Seca;Mal iluminada;Faixa de pedestre;Outras;60 km/h;Dupla;;;;Noite
2885;01/10/2020;19:32:00;COM VÍTIMA;FINALIZADA;BONGI;EST DO BONGI;190;RUA COSME VIANA;AO LADO DO VAREJÃO DO POVO E WM GNV.;BONGI;100.0;SUBURBIO;ABALROAMENTO LONGITUDINAL;1.0;1.0;0.0;0.0;0.0;0.0;0.0;0.0;0.0;1.0;0.0;Longo da via;Bom;Sem defeito;Perfeito estado;Seca;Perfeito estado;Faixa de pedestre;Placas Dê a preferência;40 km/h;Dupla;Faixa contínua;;;Noite
2886;01/10/2020;21:49:00;SEM VÍTIMA;FINALIZADA;PARNAMIRIM;RUA SEBASTIAO MALTA ARCOVERDE;223;;EM FRENTE AO Nº 223;PARNAMIRIM;;SUBURBIO;ABALROAMENTO LONGITUDINAL;0.0;2.0;0.0;0.0;0.0;0.0;0.0;0.0;0.0;0.0;0.0;Longo da via;Bom;Sem defeito;Perfeito estado;Seca;Mal iluminada;Faixa de pedestre;Não há placas;;Única;Não existe;;;Noite
2887;02/10/2020;10:36:00;COM VÍTIMA;FINALIZADA;SANTO AMARO;RUA PEDRO AFONSO;318;RUA TREZE DE MAIO;DE ESQUINA COM O SESC  DE SANTO AMARO;SANTO AMARO;427.0;CIDADE;ABALROAMENTO TRANSVERSAL;1.0;1.0;0.0;0.0;0.0;0.0;0.0;0.0;0.0;1.0;0.0;Longo da via;Bom;Sem defeito;Perfeito estado;Seca;Perfeito estado;Não existe;Outras;40 km/h;Dupla;Faixa contínua;;;Manhã
2888;02/10/2020;11:18:00;SEM VÍTIMA;FINALIZADA;BOA VIAGEM;AV ENGENHEIRO DOMINGOS FERREIRA;;;LADO OPOSTO AO 3638;BOA VIAGEM;;;ABALROAMENTO LONGITUDINAL;2.0;0.0;0.0;0.0;0.0;0.0;0.0;0.0;0.0;0.0;0.0;;;;;;;;;;;;;;Manhã
2889;02/10/2020;14:34:00;COM VÍTIMA;FINALIZADA;ILHA DO RETIRO;RUA JOAO IVO DA SILVA;;;E/F A AUTO LINE HONDA . AO LADO DA RENAULT.;ILHA DO RETIRO;;SUBURBIO;COLISÃO TRASEIRA;1.0;0.0;0.0;0.0;0.0;0.0;0.0;0.0;1.0;1.0;0.0;Longo da via;Bom;Não existe;Incompleta;Seca;Perfeito estado;Não existe;R-6a;;Única;Faixa seccionada;;;Tarde
2890;02/10/2020;16:24:00;COM VÍTIMA;FINALIZADA;AREIAS;AV RECIFE;758;;EM FRENTE A BRASIL VEÍCULOS/ SENTIDO CABO;AREIAS;;SUBURBIO;COLISÃO;0.0;1.0;0.0;0.0;0.0;0.0;1.0;0.0;0.0;1.0;0.0;Longo da via;Bom;Não existe;Perfeito estado;Seca;Perfeito estado;Não existe;Não há placas;60 km/h;Dupla;Canteiro central;;;Tarde
2891;02/10/2020;20:28:00;COM VÍTIMA;FINALIZADA;BOA VIAGEM;AV CONSELHEIRO AGUIAR;;RUA SOUTO FILHO;PRÓX A ESCOLA ESTADUAL LANDELINO ROCHA;BOA VIAGEM;133.0;CIDADE;ABALROAMENTO LONGITUDINAL;1.0;1.0;0.0;0.0;0.0;0.0;0.0;0.0;0.0;1.0;0.0;Cruzamento;Bom;Sem defeito;Perfeito estado;Seca;Mal iluminada;Faixa de pedestre;R-6a;60 km/h;Única;Faixa seccionada;;;Noite
2892;02/10/2020;21:06:00;COM VÍTIMA;FINALIZADA;BARRO;AV DR JOSE RUFINO;2838;;PROX AO COLEGIO ALBERTO TORRES POR CIMA DO VIADUTO DO BARRO SENTIDO RECIFE. ALÇA QUE LIGA A BR-101.;BARRO;;;ABALROAMENTO TRANSVERSAL;0.0;1.0;0.0;0.0;0.0;1.0;0.0;0.0;0.0;1.0;0.0;Cruzamento;Bom;Não existe;Ilegível;Seca;Mal iluminada;Não existe;Não há placas;;Dupla;Faixa seccionada;;;Noite
2893;02/10/2020;22:25:00;COM VÍTIMA;FINALIZADA;MUSTARDINHA;RUA VINTE E UM DE ABRIL;1295;;PROX A FARMACIA COELHO E ROCK PIZZA. ESPETINHO E CALDINHO DOS AMIGOS.;MUSTARDINHA;;SUBURBIO;ATROPELAMENTO;0.0;0.0;0.0;0.0;1.0;0.0;1.0;0.0;0.0;1.0;0.0;Longo da via;Bom;Sem defeito;Perfeito estado;Seca;Perfeito estado;;Não há placas;30 km/h;Dupla;Não existe;;;Noite
2894;03/10/2020;07:04:00;SEM VÍTIMA;FINALIZADA;MACAXEIRA;AV NORTE;;;E/F AO PONTO DE TAXI TI MACAXEIRA;MACAXEIRA;;;COLISÃO;0.0;0.0;0.0;0.0;0.0;1.0;0.0;1.0;0.0;0.0;0.0;;;;;;;;;;;;;;Manhã
2895;03/10/2020;08:11:00;COM VÍTIMA;FINALIZADA;AFOGADOS;AV SUL;;PTE DE AFOGADOS;NO INICIO DA FAIXA EXCLUSIVA DE ONIBUS;AFOGADOS;320.0;CIDADE;COLISÃO COM CICLISTA;1.0;0.0;0.0;1.0;0.0;0.0;0.0;0.0;0.0;1.0;0.0;Ponte;Bom;Sem defeito;Perfeito estado;Seca;Perfeito estado;Não existe;Outras;;Dupla;Canteiro central;;;Manhã
2896;03/10/2020;10:17:00;COM VÍTIMA;FINALIZADA;SANTO AMARO;AV GOVERNADOR AGAMENON MAGALHAES;;;PRÓXIMO AO VIADUTO DA JOÃO DE BARROS.;SANTO AMARO;684.0;SUBURBIO;COLISÃO TRASEIRA;1.0;1.0;0.0;0.0;0.0;0.0;0.0;0.0;0.0;1.0;0.0;Longo da via;Bom;Sem defeito;Perfeito estado;Seca;Perfeito estado;Faixa de pedestre;Não há placas;60 km/h;Única;Faixa contínua;;;Manhã
2897;03/10/2020;14:16:00;COM VÍTIMA;FINALIZADA;CORDEIRO;AV GENERAL SAN MARTIN;625;RUA GOMES TABORDA;PROX AO POSTO DE GASOLINA MULTI POSTO;CORDEIRO;67.0;CIDADE;ABALROAMENTO TRANSVERSAL;0.0;2.0;0.0;0.0;0.0;0.0;0.0;0.0;0.0;1.0;0.0;Longo da via;Bom;Sem defeito;Perfeito estado;Seca;Perfeito estado;Faixa de pedestre;R-6a;;Dupla;Faixa contínua;;;Tarde
2898;03/10/2020;16:45:00;COM VÍTIMA;FINALIZADA;CAJUEIRO;RUA COUTO SOARES;454;RUA NOVA JALES;PROX AO TERMINAL DE ONIBUS CAJUEIRO NA SUBIDA DA LADEIRA;CAJUEIRO;;SUBURBIO;COLISÃO FRONTAL;1.0;1.0;0.0;0.0;0.0;0.0;0.0;0.0;0.0;1.0;0.0;Cruzamento;Bom;Não existe;Não existente;Seca;Perfeito estado;Não existe;Não há placas;;Dupla;Não existe;;;Tarde
2899;04/10/2020;07:16:00;COM VÍTIMA;FINALIZADA;SÃO JOSÉ;VDO DAS CINCO PONTAS;;;SOBRE O VIADUTO. AO LADO DO FORTE.;SÃO JOSÉ;;SUBURBIO;CHOQUE OBJETO FIXO;0.0;1.0;0.0;0.0;0.0;0.0;0.0;0.0;0.0;1.0;0.0;Viaduto;Bom;Não existe;Não existente;Seca;Mal conservada;Não existe;Não há placas;;Única;Não existe;;;Manhã
2900;04/10/2020;13:50:00;COM VÍTIMA;FINALIZADA;CAMPO GRANDE;RUA ODORICO MENDES;434;;EM FRENTE AO SUPERMERCADO STYLLUS;CAMPO GRANDE;;SUBURBIO;COLISÃO FRONTAL;1.0;1.0;0.0;0.0;0.0;0.0;0.0;0.0;0.0;1.0;0.0;Longo da via;Bom;Não existe;Perfeito estado;Seca;Perfeito estado;Não existe;;;Dupla;Faixa seccionada;;;Tarde
2901;04/10/2020;14:31:00;COM VÍTIMA;FINALIZADA;JARDIM SÃO PAULO;AV RECIFE;5635;RUA SENADOR ALBERTO PASQUALINI;EM FRENTE A ESQUINA DO GALETO/ SENTIDO CENTRO;JARDIM SÃO PAULO;259.0;AEROPORTO;COLISÃO COM CICLISTA;1.0;0.0;0.0;1.0;0.0;0.0;0.0;0.0;0.0;1.0;0.0;Cruzamento;Bom;Sem defeito;Perfeito estado;Seca;Perfeito estado;Faixa de pedestre;R-6a;;Dupla;Canteiro central;;;Tarde
2902;04/10/2020;17:13:00;SEM VÍTIMA;FINALIZADA;MACAXEIRA;AV VEREADOR OTACILIO AZEVEDO;4674;;PROX A DELEGACIA DA MACAXEIRA;MACAXEIRA;;;COLISÃO;3.0;0.0;0.0;0.0;0.0;0.0;0.0;0.0;0.0;0.0;0.0;;;;;;;;;;;;;;Tarde
2903;04/10/2020;21:17:00;COM VÍTIMA;FINALIZADA;BOA VIAGEM;RUA PARIS;630B;;PRÓX A FACULDADE BV;BOA VIAGEM;;CIDADE;ABALROAMENTO LONGITUDINAL;1.0;1.0;0.0;0.0;0.0;0.0;0.0;0.0;0.0;1.0;0.0;Longo da via;Bom;Sem defeito;Ilegível;Seca;Mal iluminada;Não existe;Não há placas;;Dupla;Faixa contínua;;;Noite
2904;05/10/2020;08:13:00;COM VÍTIMA;FINALIZADA;ARRUDA;AV PROFESSOR JOSE DOS ANJOS;;;EM BAIXO DA ESTRUTURA DO ESTADIO DO ARRUDA / PROX DO BOMPREÇO DA AV BEBERIBE;ARRUDA;;SUBURBIO;COLISÃO COM CICLISTA;1.0;0.0;0.0;1.0;0.0;0.0;0.0;0.0;0.0;1.0;0.0;Longo da via;Chuvoso;Não existe;Perfeito estado;Seca;Perfeito estado;Não existe;R-6a;;Única;Faixa seccionada;;;Manhã