indice;data;hora;natureza_acidente;situacao;bairro;endereco;numero;detalhe_endereco_acidente;complemento;bairro_cruzamento;num_semaforo;sentido_via;tipo;auto;moto;ciclom;ciclista;pedestre;onibus;caminhao;viatura;outros;vitimas;vitimasfatais;acidente_verificado;tempo_clima;situacao_semaforo;sinalizacao;condicao_via;conservacao_via;ponto_controle;situacao_placa;velocidade_max_via;mao_direcao;divisao_via1;divisao_via2;divisao_via3;turno
2905;05/10/2020;08:27:00;COM VÍTIMA;FINALIZADA;ARRUDA;RUA RAMIZ GALVAO;133;RUA RAUL POMPEIA;RUA DA FEIRA DO ARRUDA. EM FRENTE AO RESTAURANTE MISTUREBA.;ARRUDA;;CIDADE;ABALROAMENTO LONGITUDINAL;1.0;1.0;0.0;0.0;0.0;0.0;0.0;0.0;0.0;2.0;0.0;Cruzamento;Bom;Não existe;Perfeito estado;Seca;Perfeito estado;Faixa de pedestre;Placas Pare;30 km/h;;Faixa seccionada;;;Manhã
2906;05/10/2020;11:27:00;COM VÍTIMA;FINALIZADA;IBURA;RUA DOZE DE JUNHO;;;EM FRENTE AO RESIDENCIAL CAIQUE.;IBURA;;;ABALROAMENTO LONGITUDINAL;0.0;1.0;0.0;0.0;0.0;1.0;0.0;0.0;0.0;1.0;0.0;Longo da via;Bom;Não existe;Perfeito estado;Seca;Perfeito estado;Não existe;Não há placas;;Dupla;Faixa seccionada;;;Manhã
2907;05/10/2020;17:44:00;COM VÍTIMA;FINALIZADA;MADALENA;RUA LOPES DE CARVALHO;401;AV VISCONDE DE ALBUQUERQUE;E/F A MADALENA CENTER;MADALENA;;;ABALROAMENTO LONGITUDINAL;1.0;1.0;0.0;0.0;0.0;0.0;0.0;0.0;0.0;1.0;0.0;Cruzamento;Bom;Não existe;Perfeito estado;Seca;Perfeito estado;;Placas Pare;;Única;Não existe;;;Tarde
2908;05/10/2020;20:14:00;COM VÍTIMA;FINALIZADA;JARDIM SÃO PAULO;RUA LEANDRO BARRETO;239;;PROXIMO DO GALETOS E CIA- PROXIMO DE NATTOS DOCES E SALGADOS- PROXIMO DA IGREJA DE JESUS CRISTO;JARDIM SÃO PAULO;;CIDADE;COLISÃO COM CICLISTA;0.0;0.0;0.0;1.0;0.0;1.0;0.0;0.0;0.0;1.0;0.0;Longo da via;Bom;Não existe;Perfeito estado;Seca;Perfeito estado;Não existe;Não há placas;40 km/h;Dupla;Faixa seccionada;;;Noite
2909;06/10/2020;09:04:00;COM VÍTIMA;FINALIZADA;IBURA;AV DOM HELDER CAMARA;351;;IBURA DE BAIXO. CAPOTARIA VICTOR.;IBURA;;CIDADE;ABALROAMENTO LONGITUDINAL;1.0;1.0;0.0;0.0;0.0;0.0;0.0;0.0;0.0;1.0;0.0;Longo da via;Bom;Não existe;Perfeito estado;Seca;Perfeito estado;Não existe;Outras;40 km/h;Dupla;Canteiro central;;;Manhã
2910;06/10/2020;09:45:00;COM VÍTIMA;FINALIZADA;IPSEP;RUA PROFESSOR JOSE VICENTE;626;RUA SAO NICOLAU;PRÓXIMO A LOJA DE VEÍCULOS V8 MULT IMARCAS;IPSEP;;SUBURBIO;ABALROAMENTO LONGITUDINAL;0.0;1.0;0.0;0.0;0.0;0.0;1.0;0.0;0.0;2.0;0.0;Longo da via;Bom;Não existe;Perfeito estado;Seca;Perfeito estado;Outros;Outras;;Única;Faixa seccionada;;;Manhã
2911;06/10/2020;12:04:00;COM VÍTIMA;FINALIZADA;ÁGUA FRIA;AV BEBERIBE;2047;;E/F A FARMACIA PAGUE MENOS LADO OPOSTO AO MERCADO DE AGUA FRIA;ÁGUA FRIA;;CIDADE;ATROPELAMENTO;1.0;0.0;0.0;0.0;1.0;0.0;0.0;0.0;0.0;1.0;0.0;Longo da via;Bom;Não existe;Perfeito estado;Seca;Perfeito estado;;Outras;;Dupla;Faixa contínua;;;Tarde
2912;06/10/2020;12:07:00;COM VÍTIMA;FINALIZADA;IMBIRIBEIRA;AV GENERAL MAC ARTHUR;1846;;AO LADO DA ESTAÇAO DO METRO E/F A IGREJA ASSEMBLEIA DE DEUS;IMBIRIBEIRA;;OESTE;ABALROAMENTO LONGITUDINAL;1.0;1.0;0.0;0.0;0.0;0.0;0.0;0.0;0.0;1.0;0.0;Cruzamento;Bom;Não existe;Perfeito estado;Seca;Perfeito estado;Não existe;Não há placas;60 km/h;Única;Faixa seccionada;;;Tarde
2913;06/10/2020;14:34:00;COM VÍTIMA;FINALIZADA;MADALENA;AV VISCONDE DE ALBUQUERQUE;862;RUA JANUARIO BARBOSA;EM FRENTE A PRAÇA DE EÇA DE QUEIROZ;MADALENA;;SUBURBIO;ABALROAMENTO TRANSVERSAL;1.0;0.0;0.0;0.0;0.0;1.0;0.0;0.0;0.0;2.0;0.0;Cruzamento;Bom;Não existe;Perfeito estado;Seca;Perfeito estado;Não existe;Placas Pare;;Única;Faixa seccionada;;;Tarde
2914;06/10/2020;16:06:00;SEM VÍTIMA;FINALIZADA;;AV CENTRAL;;RUA LOURENCO DE SA;EM FRENTE AO COMPAZ DO COQUE;;;SUBURBIO;CHOQUE VEÍCULO PARADO;1.0;0.0;0.0;0.0;0.0;0.0;0.0;0.0;0.0;0.0;0.0;Longo da via;Bom;Não existe;Não existente;Seca;Mal conservada;Não existe;Não há placas;30 km/h;Dupla;Não existe;;;Tarde
2915;06/10/2020;19:13:00;SEM VÍTIMA;FINALIZADA;CAMPO GRANDE;AV PROFESSOR JOSE DOS ANJOS;;RUA FARIAS NEVES;;CAMPO GRANDE;;SUBURBIO;ABALROAMENTO LONGITUDINAL;2.0;0.0;0.0;0.0;0.0;0.0;0.0;0.0;0.0;0.0;0.0;Cruzamento;Bom;Não existe;Perfeito estado;Seca;Perfeito estado;Não existe;Não há placas;;Única;Faixa contínua;;;Noite
2916;06/10/2020;20:06:00;COM VÍTIMA;FINALIZADA;ESPINHEIRO;AV GOVERNADOR AGAMENON MAGALHAES;;AV JOAO DE BARROS;SOB O VIADUTO INDEPENDÊNCIA.;ESPINHEIRO;;SUBURBIO;TOMBAMENTO;0.0;1.0;0.0;0.0;0.0;0.0;0.0;0.0;0.0;1.0;0.0;Longo da via;Bom;Sem defeito;Perfeito estado;Seca;Perfeito estado;Não existe;Não há placas;;Única;Não existe;;;Noite
2917;07/10/2020;08:37:00;COM VÍTIMA;FINALIZADA;PINA;AV ANTONIO DE GOES;;;NA SAÍDA DO TUNEL DA VIA MANGUE (PISTA LESTE);PINA;103.0;CIDADE;COLISÃO TRASEIRA;1.0;1.0;0.0;0.0;0.0;0.0;0.0;0.0;0.0;1.0;0.0;Cruzamento;Bom;Sem defeito;Perfeito estado;Seca;Perfeito estado;Faixa de pedestre;Não há placas;60 km/h;Única;Faixa contínua;Canteiro central;;Manhã
2918;07/10/2020;10:47:00;COM VÍTIMA;FINALIZADA;IPUTINGA;AV MAURICIO DE NASSAU;276;RUA LAVRAS DO SUL;EM FRENTE AO REI DO BOLO E SUPERMERCADO RENDE MAIS.;IPUTINGA;109.0;CIDADE;ABALROAMENTO LONGITUDINAL;1.0;1.0;0.0;0.0;0.0;0.0;0.0;0.0;0.0;1.0;0.0;Esquina;Bom;Sem defeito;Perfeito estado;Seca;Perfeito estado;Outros;Outras;40 km/h;Dupla;Não existe;;;Manhã
2919;07/10/2020;11:27:00;COM VÍTIMA;FINALIZADA;CORDEIRO;RUA TIJUCA;166;RUA TABATINGA;EM FRENTE DO RESTAURANTE JOAO DA CARNE DE SOL;CORDEIRO;;SUBURBIO;ABALROAMENTO LONGITUDINAL;0.0;2.0;0.0;0.0;0.0;0.0;0.0;0.0;0.0;1.0;0.0;Cruzamento;Bom;Não existe;Perfeito estado;Seca;Perfeito estado;Não existe;Placas Pare;;Dupla;;;;Manhã
2920;07/10/2020;12:51:00;SEM VÍTIMA;FINALIZADA;BOA VIAGEM;AV BOA VIAGEM;6234;RUA JEAN MERMOZ;ED. PARQUE AVENIDA LIVING;BOA VIAGEM;;CIDADE;COLISÃO TRASEIRA;2.0;0.0;0.0;0.0;0.0;0.0;0.0;0.0;0.0;0.0;0.0;Longo da via;Bom;Sem defeito;Perfeito estado;Seca;Perfeito estado;Não existe;Não há placas;60 km/h;Única;Faixa contínua;;;Tarde
2921;07/10/2020;13:13:00;COM VÍTIMA;FINALIZADA;BOA VIAGEM;AV ENGENHEIRO DOMINGOS FERREIRA;3901;;EM FRENTE A ACADEMIA HI;BOA VIAGEM;;SUBURBIO;COLISÃO TRASEIRA;1.0;1.0;0.0;0.0;0.0;0.0;0.0;0.0;0.0;1.0;0.0;Longo da via;Bom;Não existe;Perfeito estado;Seca;Perfeito estado;Não existe;;60 km/h;Única;Faixa seccionada;;;Tarde
2922;07/10/2020;13:21:00;COM VÍTIMA;FINALIZADA;IPUTINGA;AV MAURICIO DE NASSAU;291;RUA ODILON ARAUJO;EM FRENTE A PADARIA E PASTELARIA ATLANTICA;IPUTINGA;;SUBURBIO;COLISÃO COM CICLISTA;1.0;0.0;0.0;1.0;0.0;0.0;0.0;0.0;0.0;1.0;0.0;Longo da via;Bom;Não existe;Perfeito estado;Seca;Perfeito estado;Outros;R-6a;40 km/h;Dupla;Faixa seccionada;;;Tarde
2923;07/10/2020;14:07:00;COM VÍTIMA;FINALIZADA;IPSEP;RUA VIRGINIA HERACLIO;155;RUA LANDELINO CAMARA;PROX A OFICINA DINAMICAR;IPSEP;;SUBURBIO;ABALROAMENTO TRANSVERSAL;1.0;1.0;0.0;0.0;0.0;0.0;0.0;0.0;0.0;1.0;0.0;Cruzamento;Bom;Não existe;Não existente;Seca;Perfeito estado;Não existe;Não há placas;;Dupla;Não existe;;;Tarde
2924;07/10/2020;15:56:00;COM VÍTIMA;FINALIZADA;BOA VISTA;RUA JOSE DE ALENCAR;264;RUA BARAO DE SAO BORJA;PROX AO HOTEL BOA VISTA;BOA VISTA;;CIDADE;ABALROAMENTO TRANSVERSAL;2.0;0.0;0.0;0.0;0.0;0.0;0.0;0.0;0.0;1.0;0.0;Longo da via;Bom;Não existe;Perfeito estado;Seca;Perfeito estado;Não existe;Não há placas;;Única;Não existe;;;Tarde
2925;07/10/2020;18:59:00;COM VÍTIMA;FINALIZADA;CASA AMARELA;AV NORTE;5400C;;PRÓXIMO A ESCOLA MUNICIPAL ROSEMAR DE MACEDO LIMA;CASA AMARELA;;SUBURBIO;ABALROAMENTO LONGITUDINAL;1.0;1.0;0.0;0.0;0.0;0.0;1.0;0.0;0.0;1.0;0.0;Longo da via;Bom;;Perfeito estado;Seca;Perfeito estado;;;;Dupla;Canteiro central;;;Noite
2926;07/10/2020;20:18:00;COM VÍTIMA;FINALIZADA;IBURA;AV RIO LARGO;275;;PRÓX A PROAB // NO SOBE/DESCE DO IBURA;IBURA;;SUBURBIO;ATROPELAMENTO;0.0;0.0;0.0;0.0;1.0;1.0;0.0;0.0;0.0;1.0;0.0;Longo da via;Chuvoso;Não existe;Perfeito estado;Molhada;Perfeito estado;Outros;Outras;;Dupla;Faixa;;;Noite
2927;07/10/2020;21:10:00;COM VÍTIMA;FINALIZADA;CASA AMARELA;RUA DA HARMONIA;109;RUA CONS NABUCO;AO LADO DA MERCEARIA NABUCO- AO LADO DA PIZZARIA HEROES;CASA AMARELA;;SUBURBIO;COLISÃO FRONTAL;1.0;1.0;0.0;0.0;0.0;0.0;0.0;0.0;0.0;1.0;0.0;Cruzamento;Bom;Não existe;Perfeito estado;Seca;Perfeito estado;Não existe;Não há placas;;Dupla;Faixa contínua;;;Noite
2928;07/10/2020;22:30:00;SEM VÍTIMA;FINALIZADA;MACAXEIRA;AV NORTE;;;PRÓX A INTEGRAÇÃO DA MACAXEIRA;MACAXEIRA;;;COLISÃO;1.0;0.0;0.0;0.0;0.0;0.0;1.0;0.0;0.0;0.0;0.0;Longo da via;Bom;Não existe;Perfeito estado;Seca;Perfeito estado;Não existe;Não há placas;n/i;Única;Faixa seccionada;;;Noite
2929;08/10/2020;08:18:00;COM VÍTIMA;FINALIZADA;IPUTINGA;RUA DR NINA RODRIGUES;280;RUA CORDISLANDIA;RESIDENCIA  NA RUA DO BANCO SANTANDER;IPUTINGA;;;ABALROAMENTO LONGITUDINAL;1.0;1.0;0.0;0.0;0.0;0.0;0.0;0.0;0.0;1.0;0.0;Cruzamento;Bom;Não existe;Perfeito estado;Seca;Perfeito estado;Não existe;Placas Pare;30 km/h;;;;;Manhã
2930;08/10/2020;08:25:00;COM VÍTIMA;FINALIZADA;VÁRZEA;RUA GENERAL POLIDORO;267A;;PROX AO RESIDENCIAL RESERVA POLIDORO;VÁRZEA;;SUBURBIO;ABALROAMENTO TRANSVERSAL;1.0;1.0;0.0;0.0;0.0;0.0;0.0;0.0;0.0;1.0;0.0;Longo da via;Bom;Não existe;Perfeito estado;Seca;Perfeito estado;Não existe;Não há placas;;Dupla;Faixa contínua;;;Manhã
2931;08/10/2020;09:43:00;COM VÍTIMA;FINALIZADA;BOA VIAGEM;AV MARECHAL MASCARENHAS DE MORAES;6211;;NO SENTIDO CIDADE EM FRENTE AO PREDIO DA JUSTIÇA FEDERAL;BOA VIAGEM;;CIDADE;ABALROAMENTO LONGITUDINAL;1.0;1.0;0.0;0.0;0.0;0.0;0.0;0.0;0.0;1.0;0.0;Longo da via;Bom;Não existe;Perfeito estado;Seca;Perfeito estado;;;;Dupla;Canteiro central;;;Manhã
2932;08/10/2020;10:02:00;COM VÍTIMA;FINALIZADA;IPSEP;RUA JAMAICA;188;RUA ITAJAI;PROX. DO BANCO ITAÚ- NO RETORNO DA IMBIRIBEIRA BOA VIAGEM. IGREJA PRESBITERIANA DO BRASIL.;IPSEP;;CIDADE;COLISÃO FRONTAL;2.0;1.0;0.0;0.0;0.0;0.0;0.0;0.0;0.0;2.0;0.0;Cruzamento;Bom;Não existe;Perfeito estado;Seca;Perfeito estado;Faixa de pedestre;Outras;;Única;Faixa contínua;;;Manhã
2933;08/10/2020;10:33:00;COM VÍTIMA;FINALIZADA;MADALENA;AV JOSE GONCALVES DE MEDEIROS;165;;EM FRENTE A LOJA BYE BYE VESTIDOS. LADO OPOSTO À MEU IPHONE ASSISTÊNCIA TÉCNICA.;MADALENA;;CIDADE;COLISÃO TRASEIRA;1.0;1.0;0.0;0.0;0.0;0.0;0.0;0.0;0.0;1.0;0.0;Longo da via;Bom;Não existe;Perfeito estado;Seca;Perfeito estado;;R-6a;40 km/h;Dupla;Faixa contínua;Faixa seccionada;;Manhã
2934;08/10/2020;12:26:00;COM VÍTIMA;FINALIZADA;PARNAMIRIM;RUA FERREIRA LOPES;;;E/F AO CONSULADO CHINES;PARNAMIRIM;;SUBURBIO;ABALROAMENTO LONGITUDINAL;1.0;1.0;0.0;0.0;0.0;0.0;0.0;0.0;0.0;1.0;0.0;Longo da via;Bom;Não existe;Perfeito estado;Seca;Perfeito estado;Não existe;Outras;30 km/h;Dupla;Faixa seccionada;;;Tarde
2935;08/10/2020;12:49:00;COM VÍTIMA;FINALIZADA;BOA VIAGEM;AV ENGENHEIRO DOMINGOS FERREIRA;2600;RUA PROFESSOR JOSE BRANDAO;AO LADO DA FARMACIA INDEPENDENTE;BOA VIAGEM;550.0;;COLISÃO;0.0;2.0;0.0;0.0;0.0;0.0;0.0;0.0;0.0;1.0;0.0;Cruzamento;Bom;Sem defeito;Perfeito estado;Seca;Perfeito estado;Faixa de pedestre;Não há placas;60 km/h;;Canteiro central;;;Tarde
2936;08/10/2020;20:12:00;SEM VÍTIMA;FINALIZADA;IMBIRIBEIRA;VIADUTO TANCREDO NEVES;;;SENTIDO DA INTEGRAÇAO TANCREDO NEVES;IMBIRIBEIRA;;;COLISÃO;1.0;1.0;0.0;0.0;0.0;0.0;0.0;0.0;0.0;0.0;0.0;;;;;;;;;;;;;;Noite
2937;09/10/2020;13:13:00;SEM VÍTIMA;FINALIZADA;BOA VIAGEM;AV DES JOSE NEVES;;;APOIS O TUNEL;BOA VIAGEM;;JABOATAO;COLISÃO;1.0;0.0;0.0;0.0;0.0;0.0;1.0;0.0;0.0;0.0;0.0;;;;;;;;;;;;;;Tarde
2938;09/10/2020;13:27:00;SEM VÍTIMA;FINALIZADA;SÃO JOSÉ;AV MARTINS DE BARROS;;;E/F AO CAIS DE SANTA RITA;SÃO JOSÉ;383.0;;COLISÃO;2.0;1.0;0.0;0.0;0.0;0.0;0.0;0.0;0.0;0.0;0.0;;;;;;;;;;;;;;Tarde
2939;09/10/2020;13:47:00;COM VÍTIMA;FINALIZADA;SANTO ANTÔNIO;RUA VINTE E QUATRO DE MAIO;83;;PROX A AGENCIA DOS CORREIOS;SANTO ANTÔNIO;;;COLISÃO COM CICLISTA;1.0;0.0;0.0;1.0;0.0;0.0;0.0;0.0;0.0;1.0;0.0;;;;;;;;;;;;;;Tarde
2940;09/10/2020;17:23:00;COM VÍTIMA;FINALIZADA;BOA VIAGEM;AV CONSELHEIRO AGUIAR;2034;RUA PROFESSOR OSIAS RIBEIRO;E/F AO SUPERMECARDO MINUTO;BOA VIAGEM;;SUBURBIO;ABALROAMENTO TRANSVERSAL;2.0;0.0;0.0;0.0;0.0;0.0;0.0;0.0;0.0;1.0;0.0;Cruzamento;Bom;Não existe;;Seca;Perfeito estado;Outros;Outras;;Única;Faixa seccionada;;;Tarde
2941;09/10/2020;19:14:00;COM VÍTIMA;FINALIZADA;CORDEIRO;RUA ODETE MONTEIRO;;;PROX AO GOE;CORDEIRO;;CIDADE;COLISÃO COM CICLISTA;0.0;1.0;0.0;1.0;0.0;0.0;0.0;0.0;0.0;1.0;0.0;Longo da via;Bom;Não existe;Perfeito estado;Seca;Perfeito estado;;Não há placas;;Dupla;Faixa contínua;;;Noite
2942;10/10/2020;09:25:00;COM VÍTIMA;FINALIZADA;BOA VIAGEM;AV FERNANDO SIMOES BARBOSA;266;RUA JACK AYRES;EM FRENTE  AO POSTO DE GASOLINA IPIRANGA. WECON VI EMPRESARIAL CENTER;BOA VIAGEM;183.0;SUBURBIO;ABALROAMENTO LONGITUDINAL;0.0;1.0;0.0;0.0;0.0;0.0;0.0;0.0;1.0;1.0;0.0;Longo da via;Bom;Sem defeito;Perfeito estado;Seca;Perfeito estado;Não existe;Outras;;Dupla;Canal;;;Manhã
2943;10/10/2020;16:07:00;COM VÍTIMA;FINALIZADA;ENGENHO DO MEIO;RUA GOVERNADOR LOPO GARRO;353;RUA LINDOLFO COLOR;EM FRENTE AO EDIFICIO PARQUE DOS NOBRES;ENGENHO DO MEIO;;SUBURBIO;ABALROAMENTO TRANSVERSAL;1.0;1.0;0.0;0.0;0.0;0.0;0.0;0.0;0.0;1.0;0.0;Cruzamento;Bom;Não existe;Perfeito estado;Seca;Perfeito estado;Faixa de retenção;Placas Pare;30 km/h;Dupla;Faixa contínua;;;Tarde
2944;10/10/2020;18:50:00;COM VÍTIMA;FINALIZADA;TEJIPIÓ;AV DR JOSE RUFINO;2839;;PRÓX AO TERMINAL DE ÔNIBUS- APÓS A BR. SNT JABOATÃO;TEJIPIÓ;;CIDADE;TOMBAMENTO;0.0;1.0;0.0;0.0;0.0;0.0;0.0;0.0;0.0;1.0;0.0;Viaduto;Bom;Sem defeito;Incompleta;Seca;Mal iluminada;Não existe;Outras;;Dupla;Faixa contínua;;;Noite
2945;11/10/2020;13:26:00;COM VÍTIMA;FINALIZADA;ESPINHEIRO;RUA DO ESPINHEIRO;;RUA TAMARA;EM FRENTE AO DROGASIL;ESPINHEIRO;;;COLISÃO;1.0;1.0;0.0;0.0;0.0;0.0;0.0;0.0;0.0;1.0;0.0;;;;;;;;;;;;;;Tarde
2946;11/10/2020;18:30:00;SEM VÍTIMA;FINALIZADA;PINA;RUA TOME GIBSON;;;EM FRENTE A BASE DO GTO;PINA;;;CHOQUE;1.0;0.0;0.0;0.0;0.0;0.0;0.0;0.0;0.0;0.0;0.0;;;;;;;;;;;;;;Noite
2947;12/10/2020;09:31:00;COM VÍTIMA;FINALIZADA;BOA VIAGEM;AV ENGENHEIRO DOMINGOS FERREIRA;;;LADO OPOSTO AO EXTRA;BOA VIAGEM;297.0;SUBURBIO;ATROPELAMENTO;1.0;0.0;0.0;0.0;1.0;0.0;0.0;0.0;0.0;1.0;0.0;Longo da via;Bom;Sem defeito;Perfeito estado;;;Faixa de pedestre;Outras;;Única;Canteiro central;;;Manhã
2948;12/10/2020;13:21:00;COM VÍTIMA;FINALIZADA;IBURA;RUA RIO XINGU;923;;APOS A PADARIA ZILDA;IBURA;;;COLISÃO;0.0;2.0;0.0;0.0;0.0;0.0;0.0;0.0;0.0;2.0;0.0;;;;;;;;;;;;;;Tarde
2949;12/10/2020;18:22:00;COM VÍTIMA;FINALIZADA;IPSEP;AV RECIFE;2856;;APÓS A ENTRADA DO IBURA. EM FRENTE A SÉRGIO'S MULTIMARCAS;IPSEP;;BR 101;COLISÃO TRASEIRA;0.0;2.0;0.0;0.0;0.0;0.0;0.0;0.0;0.0;2.0;0.0;Longo da via;Bom;Não existe;Perfeito estado;Seca;Perfeito estado;Não existe;Não há placas;;Dupla;Canteiro central;;;Noite
2950;12/10/2020;18:37:00;SEM VÍTIMA;FINALIZADA;VASCO DA GAMA;RUA MIGUEL CARNEIRO;425;;EM FRENTE A ESCOLA MUNICIPAL PROFESSOR ADERBAL GALVAO;VASCO DA GAMA;;;COLISÃO;2.0;0.0;0.0;0.0;0.0;0.0;0.0;0.0;0.0;0.0;0.0;;;;;;;;;;;;;;Noite
2951;12/10/2020;20:49:00;COM VÍTIMA;FINALIZADA;SÃO JOSÉ;RUA IMPERIAL;981;TRV DO RAPOSO;SEMÁFORO 510 / E/F A CM FERRO E AÇO;SÃO JOSÉ;510.0;SUBURBIO;ABALROAMENTO TRANSVERSAL;1.0;0.0;0.0;0.0;0.0;1.0;0.0;0.0;0.0;2.0;0.0;Cruzamento;Bom;Sem defeito;Perfeito estado;Seca;Mal iluminada;Faixa de pedestre;;;Única;;;;Noite
2952;13/10/2020;08:02:00;COM VÍTIMA;FINALIZADA;ENCRUZILHADA;AV JOAO DE BARROS;1904;;EM FRENTE AO BRADESCO E ARMAZÉM DE CONSTRUÇÃO CEMAFEL.;ENCRUZILHADA;;CIDADE;TOMBAMENTO;0.0;1.0;0.0;0.0;0.0;0.0;0.0;0.0;0.0;1.0;0.0;Longo da via;Bom;Não existe;Perfeito estado;Seca;Perfeito estado;Não existe;Outras;;Única;Faixa seccionada;;;Manhã
2953;13/10/2020;09:56:00;COM VÍTIMA;FINALIZADA;DOIS IRMÃOS;RUA MANUEL DE MEDEIROS;111;RUA BARAO DO CAPIBARIBE;PROX A ESCOLA LION.;DOIS IRMÃOS;;AV CAXANGÁ;ABALROAMENTO LONGITUDINAL;0.0;1.0;0.0;0.0;0.0;1.0;0.0;0.0;0.0;2.0;0.0;Longo da via;Bom;Não existe;Ilegível;Seca;Perfeito estado;Não existe;Outras;;Dupla;;;;Manhã
2954;13/10/2020;16:16:00;SEM VÍTIMA;FINALIZADA;JOANA BEZERRA;RUA MIRANDOPOLIS;;;AO LADO DO TERMINAL INTEGRADO JOANA BEZERRA;JOANA BEZERRA;;SUBURBIO;ABALROAMENTO LONGITUDINAL;1.0;0.0;0.0;0.0;0.0;1.0;0.0;0.0;0.0;0.0;0.0;Longo da via;Bom;Não existe;Não existente;Seca;Perfeito estado;Não existe;Não há placas;;Dupla;Não existe;;;Tarde
2955;13/10/2020;19:58:00;COM VÍTIMA;FINALIZADA;IPSEP;AV RECIFE;;AV DOM HELDER CAMARA;EM FRENTE A LOCADORA DE VANS DE RECIFE;IPSEP;16.0;SUBURBIO;ABALROAMENTO TRANSVERSAL;1.0;1.0;0.0;0.0;0.0;0.0;0.0;0.0;0.0;1.0;0.0;Cruzamento;Bom;Sem defeito;Perfeito estado;Seca;Perfeito estado;Faixa de pedestre;Outras;;Única;Faixa contínua;Faixa seccionada;Canteiro central;Noite
2956;14/10/2020;08:11:00;COM VÍTIMA;FINALIZADA;SÃO JOSÉ;C SANTA RITA;;;LADO OPOSTO AO 16° BATALHÃO.;SÃO JOSÉ;;CIDADE;TOMBAMENTO;0.0;1.0;0.0;0.0;0.0;0.0;0.0;0.0;0.0;1.0;0.0;Longo da via;Chuvoso;Não existe;Incompleta;Molhada;Perfeito estado;Não existe;R-6a;60 km/h;Única;Canteiro central;;;Manhã
2957;14/10/2020;09:11:00;COM VÍTIMA;FINALIZADA;VÁRZEA;AV AFONSO OLINDENSE;1147;RUA SITIO DOS COQUEIROS;ARMAZEM KIOSK;VÁRZEA;;SUBURBIO;ABALROAMENTO LONGITUDINAL;1.0;1.0;0.0;0.0;0.0;0.0;0.0;0.0;0.0;1.0;0.0;Esquina;Chuvoso;Não existe;Perfeito estado;Molhada;Perfeito estado;Não existe;Outras;;Dupla;Faixa contínua;;;Manhã
2958;14/10/2020;13:05:00;COM VÍTIMA;FINALIZADA;JORDÃO;RUA DR ALVARO FERRAZ;26;;PROXIMO AO SUPERMERCADO KI PREÇO;JORDÃO;;SUBURBIO;ABALROAMENTO LONGITUDINAL;1.0;1.0;0.0;0.0;0.0;0.0;0.0;0.0;0.0;1.0;0.0;Longo da via;Chuvoso;Não existe;Ilegível;Molhada;Mal iluminada;Não existe;Não há placas;;Única;Não existe;;;Tarde
2959;14/10/2020;13:10:00;COM VÍTIMA;FINALIZADA;ALTO JOSÉ BONIFÁCIO;RUA ALTO DA SERRINHA;17;;PROX AO TERMINAL;ALTO JOSÉ BONIFÁCIO;;SUBURBIO;COLISÃO FRONTAL;0.0;1.0;0.0;0.0;0.0;1.0;0.0;0.0;0.0;1.0;0.0;Longo da via;Bom;Não existe;Perfeito estado;Seca;Perfeito estado;Não existe;Não há placas;;Dupla;Não existe;;;Tarde
2960;14/10/2020;14:13:00;COM VÍTIMA;FINALIZADA;TAMARINEIRA;AV CONS ROSA E SILVA;;RUA CONEGO BARATA;EM FRENTE AO SEMÁFORO Nº 61- SENTIDO TAMARINEIRA / CASA AMARELA;TAMARINEIRA;61.0;SUBURBIO;ABALROAMENTO TRANSVERSAL;1.0;1.0;0.0;0.0;0.0;0.0;0.0;0.0;0.0;1.0;0.0;Cruzamento;Bom;Sem defeito;Perfeito estado;Seca;Perfeito estado;Faixa de pedestre;R-6a;;Única;Faixa contínua;;;Tarde
2961;14/10/2020;18:41:00;COM VÍTIMA;FINALIZADA;SANTO AMARO;PTE DO LIMOEIRO;;;SOBRE A PONTE;SANTO AMARO;;SUBURBIO;COLISÃO TRASEIRA;0.0;1.0;0.0;0.0;0.0;0.0;0.0;0.0;1.0;2.0;0.0;Ponte;Bom;Sem defeito;Perfeito estado;;Perfeito estado;;;;;Faixa contínua;;;Noite
2962;14/10/2020;22:19:00;COM VÍTIMA;FINALIZADA;IPSEP;AV RECIFE;;AV SENADOR ROBERT KENNEDY;PROX AO CARLOS FUME E GILVAN DOS PARABRISAS;IPSEP;319.0;CIDADE;ABALROAMENTO LONGITUDINAL;1.0;1.0;0.0;0.0;0.0;0.0;0.0;0.0;0.0;1.0;0.0;Longo da via;Bom;Sem defeito;Perfeito estado;Seca;Perfeito estado;Não existe;;;Única;;;;Noite
2963;15/10/2020;00:29:00;COM VÍTIMA;FINALIZADA;IMBIRIBEIRA;AV MARECHAL MASCARENHAS DE MORAES;;;EM FRENTE A FLORART;IMBIRIBEIRA;316.0;CIDADE;CHOQUE OBJETO FIXO;1.0;0.0;0.0;0.0;0.0;0.0;0.0;0.0;0.0;1.0;0.0;Longo da via;Chuvoso;Sem defeito;Perfeito estado;Molhada;Perfeito estado;Não existe;Não há placas;;Dupla;Canteiro central;;;Madrugada
2964;15/10/2020;07:03:00;COM VÍTIMA;FINALIZADA;IPUTINGA;AV CAXANGA;4068;;AO LADO DA SUPLANOR;IPUTINGA;;SUBURBIO;ACID. DE PERCURSO;0.0;1.0;0.0;0.0;0.0;0.0;0.0;0.0;0.0;1.0;0.0;;;;;;;;;;;;;;Manhã
2965;15/10/2020;07:32:00;COM VÍTIMA;FINALIZADA;DERBY;RUA JOAQUIM NABUCO;92;;EM FRENTE A O HOSPITAL DA RESTAURAÇÃO-NA RAMPA DE ACESSO DO HOSPITAL;DERBY;;SUBURBIO;COLISÃO TRASEIRA;1.0;1.0;0.0;0.0;0.0;0.0;0.0;0.0;0.0;1.0;0.0;Longo da via;Chuvoso;Sem defeito;Perfeito estado;Molhada;Perfeito estado;Faixa de pedestre;R-6a;;Única;Faixa seccionada;;;Manhã