indice;data;hora;natureza_acidente;situacao;bairro;endereco;numero;detalhe_endereco_acidente;complemento;bairro_cruzamento;num_semaforo;sentido_via;tipo;auto;moto;ciclom;ciclista;pedestre;onibus;caminhao;viatura;outros;vitimas;vitimasfatais;acidente_verificado;tempo_clima;situacao_semaforo;sinalizacao;condicao_via;conservacao_via;ponto_controle;situacao_placa;velocidade_max_via;mao_direcao;divisao_via1;divisao_via2;divisao_via3;turno
2966;15/10/2020;10:34:00;COM VÍTIMA;FINALIZADA;IMBIRIBEIRA;AV MARECHAL MASCARENHAS DE MORAES;4900;;EM FRENTE A LOCALIZA;IMBIRIBEIRA;531.0;SUBURBIO;COLISÃO TRASEIRA;0.0;2.0;0.0;0.0;0.0;0.0;0.0;0.0;0.0;2.0;0.0;Longo da via;Bom;Sem defeito;Perfeito estado;Seca;Perfeito estado;Faixa de pedestre;;60 km/h;Dupla;Canteiro central;;;Manhã
2967;15/10/2020;12:26:00;COM VÍTIMA;FINALIZADA;VÁRZEA;AV CAXANGA;;;NO CRUZAMENTO DO HOSPITAL SANTA TEREZINHA E DO BOI E BRASA;VÁRZEA;230.0;CIDADE;ABALROAMENTO LONGITUDINAL;1.0;1.0;0.0;0.0;0.0;0.0;0.0;0.0;0.0;2.0;0.0;Longo da via;Bom;Sem defeito;Perfeito estado;Seca;Perfeito estado;Outros;Não há placas;;Única;Não existe;;;Tarde
2968;15/10/2020;13:01:00;COM VÍTIMA;FINALIZADA;BOA VIAGEM;RUA RIO AZUL;;RUA BARAO DE SOUZA LEAO;E/F AO SUPERMERCADO TREVO;BOA VIAGEM;476.0;;ATROPELAMENTO;1.0;0.0;0.0;0.0;1.0;0.0;0.0;0.0;0.0;1.0;0.0;Longo da via;Bom;Sem defeito;Incompleta;Seca;Perfeito estado;Outros;Não há placas;;Única;Faixa seccionada;;;Tarde
2969;15/10/2020;13:58:00;COM VÍTIMA;FINALIZADA;BOA VISTA;RUA DO HOSPICIO;208;AV CONDE DA BOA VISTA;EM FRENTE AO MINI-EXTRA;BOA VISTA;23.0;;ATROPELAMENTO;0.0;1.0;0.0;0.0;1.0;0.0;0.0;0.0;0.0;1.0;0.0;Cruzamento;Bom;Sem defeito;Perfeito estado;Seca;Perfeito estado;Faixa de pedestre;Outras;;Única;Não existe;;;Tarde
2970;15/10/2020;15:15:00;COM VÍTIMA;FINALIZADA;IMBIRIBEIRA;AV MARECHAL MASCARENHAS DE MORAES;;;PRAÇA MINISTRO SALGADO FILHO. AEROPORTO INTERNACIONAL DO RECIFE.;IMBIRIBEIRA;;SUBURBIO;CHOQUE OBJETO FIXO;1.0;0.0;0.0;0.0;0.0;0.0;0.0;0.0;0.0;1.0;0.0;Longo da via;Bom;Sem defeito;Perfeito estado;Seca;Perfeito estado;Não existe;Não há placas;60 km/h;Única;Faixa seccionada;;;Tarde
2971;15/10/2020;16:15:00;COM VÍTIMA;FINALIZADA;ÁGUA FRIA;RUA CORREGO DO DEODATO;375;;PROX A ASSEMBLEIA DE DEUS;ÁGUA FRIA;;SUBURBIO;ABALROAMENTO LONGITUDINAL;1.0;1.0;0.0;0.0;0.0;0.0;0.0;0.0;0.0;1.0;0.0;Longo da via;Bom;Não existe;Não existente;Seca;Mal conservada;Não existe;Não há placas;;Dupla;Não existe;;;Tarde
2972;15/10/2020;18:25:00;COM VÍTIMA;FINALIZADA;SANTO ANTÔNIO;RUA IMPERADOR PEDRO SEGUNDO;;PRC DEZESSETE;EM FRENTE AO FORÚM THOMAZ DE AQUINO;SANTO ANTÔNIO;;;ATROPELAMENTO;1.0;0.0;0.0;0.0;1.0;0.0;0.0;0.0;0.0;1.0;0.0;Esquina;Bom;Não existe;Perfeito estado;Seca;Perfeito estado;Não existe;Não há placas;;Única;Faixa contínua;;;Noite
2973;15/10/2020;18:28:00;COM VÍTIMA;FINALIZADA;IPSEP;AV RECIFE;2273B;;EM FRENTE A PIZZARIA ATLÂNTICO;IPSEP;;SUBURBIO;ABALROAMENTO LONGITUDINAL;1.0;1.0;0.0;0.0;0.0;0.0;0.0;0.0;0.0;2.0;0.0;Longo da via;Bom;Sem defeito;Perfeito estado;Seca;Perfeito estado;Não existe;R-6a;;Dupla;Canteiro central;;;Noite
2974;15/10/2020;18:58:00;COM VÍTIMA;FINALIZADA;BEBERIBE;AV BEBERIBE;4355;;AO LADO DA ACADEMINA H5 / PRÓX A LOJA TECNONET;BEBERIBE;;SUBURBIO;COLISÃO TRASEIRA;1.0;1.0;0.0;0.0;0.0;0.0;0.0;0.0;0.0;1.0;0.0;Longo da via;Bom;Não existe;Perfeito estado;Seca;Perfeito estado;Não existe;Não há placas;30 km/h;Dupla;Faixa contínua;;;Noite
2975;15/10/2020;19:39:00;SEM VÍTIMA;FINALIZADA;BOA VIAGEM;RUA VISCONDE DE JEQUITINHONHA;2616;;EM FRENTE AO EDIFÍCIO MAR AZUL;BOA VIAGEM;;SUBURBIO;COLISÃO TRASEIRA;2.0;0.0;0.0;0.0;0.0;0.0;0.0;0.0;0.0;0.0;0.0;Longo da via;Bom;Não existe;Perfeito estado;Seca;Perfeito estado;Faixa de pedestre;Não há placas;60 km/h;Única;Faixa seccionada;;;Noite
2976;15/10/2020;20:06:00;COM VÍTIMA;FINALIZADA;ARRUDA;AV BEBERIBE;1478;;LADO OPOSTO AO CANAL DA CONSTRUÇÃO- PROXIMO DA DOCE SABOR DA N.C;ARRUDA;;SUBURBIO;COLISÃO TRASEIRA;2.0;1.0;0.0;0.0;0.0;0.0;0.0;0.0;0.0;2.0;0.0;Longo da via;Bom;Não existe;Perfeito estado;Seca;Perfeito estado;;Não há placas;;Dupla;;;;Noite
2977;16/10/2020;01:09:00;COM VÍTIMA;FINALIZADA;CAXANGÁ;AV CAXANGA;;RUA RODRIGUES FERREIRA;EM FRENTE A UPA;CAXANGÁ;232.0;SUBURBIO;ABALROAMENTO LONGITUDINAL;1.0;1.0;0.0;0.0;0.0;0.0;0.0;0.0;0.0;1.0;0.0;Cruzamento;Bom;Sem defeito;Perfeito estado;Seca;Perfeito estado;Faixa de pedestre;Outras;;Dupla;Canteiro central;;;Madrugada
2978;16/10/2020;07:31:00;VÍTIMA FATAL;FINALIZADA;PRADO;RUA CARLOS GOMES;;RUA HERCULES FLORENCE;EM FRENTE AO HOSPITAL NOSSA SENHORA DO Ó;PRADO;;SUBURBIO;ABALROAMENTO TRANSVERSAL;1.0;1.0;0.0;0.0;0.0;0.0;0.0;0.0;0.0;1.0;1.0;Cruzamento;Bom;Não existe;Incompleta;Seca;Perfeito estado;Não existe;Outras;40 km/h;Única;Faixa seccionada;Canteiro central;;Manhã
2979;16/10/2020;11:39:00;COM VÍTIMA;FINALIZADA;CASA AMARELA;AV NORTE;4681;RUA RODRIGUES SETE;AO LADO DA TOTAL CAR;CASA AMARELA;;CIDADE;ABALROAMENTO LONGITUDINAL;0.0;2.0;0.0;0.0;0.0;0.0;0.0;0.0;0.0;1.0;0.0;Esquina;Bom;Não existe;Perfeito estado;Seca;Perfeito estado;;Outras;;Dupla;Canteiro central;;;Manhã
2980;16/10/2020;11:54:00;COM VÍTIMA;FINALIZADA;CASA FORTE;AV DEZESSETE DE AGOSTO;939;;LADO OPOSTO A PZZARIA HURT;CASA FORTE;;SUBURBIO;COLISÃO TRASEIRA;1.0;1.0;0.0;0.0;0.0;0.0;0.0;0.0;0.0;1.0;0.0;Longo da via;Bom;Não existe;Perfeito estado;Seca;Perfeito estado;Não existe;Outras;;Dupla;Faixa contínua;;;Manhã
2981;16/10/2020;12:24:00;COM VÍTIMA;FINALIZADA;VÁRZEA;AV CAXANGA;;RUA GASTAO VIDIGAL;LADO OPOSTO DA UPA/ SENTIDO CIDADE;VÁRZEA;;CIDADE;ABALROAMENTO TRANSVERSAL;1.0;1.0;0.0;0.0;0.0;0.0;0.0;0.0;0.0;1.0;0.0;Cruzamento;Bom;Sem defeito;Incompleta;Seca;Perfeito estado;Agente;Não há placas;60 km/h;Única;Faixa contínua;Canteiro central;;Tarde
2982;16/10/2020;13:00:00;COM VÍTIMA;FINALIZADA;PINA;RUA JEMIL ASFORA;23;;POR TRÁS DO SHOPPING RIOMAR;PINA;;;ABALROAMENTO LONGITUDINAL;0.0;1.0;0.0;0.0;0.0;0.0;1.0;0.0;0.0;1.0;0.0;Longo da via;Bom;Não existe;Ilegível;Seca;Perfeito estado;Não existe;Outras;;Única;Não existe;;;Tarde
2983;16/10/2020;13:06:00;COM VÍTIMA;FINALIZADA;PINA;AV HERCULANO BANDEIRA;;;EM FRENTE A IGREJINHA DO PINA;PINA;137.0;SUBURBIO;ABALROAMENTO LONGITUDINAL;1.0;1.0;0.0;0.0;0.0;0.0;0.0;0.0;0.0;1.0;0.0;Longo da via;Bom;Sem defeito;Perfeito estado;Seca;Perfeito estado;Faixa de pedestre;Não há placas;;Única;Faixa seccionada;;;Tarde
2984;16/10/2020;15:59:00;COM VÍTIMA;FINALIZADA;JOANA BEZERRA;AV GOVERNADOR AGAMENON MAGALHAES;;;EM FRENTE AO FORUM JOANA BEZERRA;JOANA BEZERRA;;SUBURBIO;ABALROAMENTO LONGITUDINAL;1.0;1.0;0.0;0.0;0.0;0.0;0.0;0.0;0.0;1.0;0.0;Longo da via;Bom;Não existe;Perfeito estado;Seca;Perfeito estado;Não existe;R-6a;60 km/h;Dupla;Canteiro central;;;Tarde
2985;16/10/2020;19:36:00;COM VÍTIMA;FINALIZADA;GUABIRABA;AV DA RECUPERACAO;1032;RUA TRES MORROS;PROXIMO AO RECANTO DO LAU/ APÓS O A UPINHA;GUABIRABA;;SUBURBIO;ABALROAMENTO LONGITUDINAL;2.0;1.0;0.0;0.0;0.0;0.0;0.0;0.0;0.0;1.0;0.0;Longo da via;Bom;Não existe;Incompleta;Seca;Mal iluminada;Não existe;;;Dupla;Faixa seccionada;;;Noite
2986;16/10/2020;20:45:00;COM VÍTIMA;FINALIZADA;PARNAMIRIM;EST DO ARRAIAL;2949;;PRÓX AO CRUZAMENTO QUE DA NO HOSPITAL AGAMENON. COLÉGIO REINO MÁGICO.;PARNAMIRIM;446.0;SUBURBIO;CHOQUE OBJETO FIXO;1.0;0.0;0.0;0.0;0.0;0.0;0.0;0.0;0.0;1.0;0.0;Longo da via;Bom;Sem defeito;Perfeito estado;Seca;Perfeito estado;Faixa de pedestre;Outras;;Única;Faixa seccionada;;;Noite
2987;17/10/2020;09:02:00;COM VÍTIMA;FINALIZADA;JARDIM SÃO PAULO;AV RECIFE;5460;;;JARDIM SÃO PAULO;;SUBURBIO;COLISÃO TRASEIRA;0.0;1.0;0.0;0.0;0.0;0.0;1.0;0.0;0.0;1.0;0.0;Longo da via;Bom;Não existe;Perfeito estado;Seca;Perfeito estado;;Não há placas;;Única;Faixa seccionada;;;Manhã
2988;17/10/2020;12:59:00;COM VÍTIMA;FINALIZADA;ESPINHEIRO;AV CONS ROSA E SILVA;;RUA CONFEDERACAO DO EQUADOR;EM FRENTE AO HOSPITAL DOS SERVIDORES DO ESTADO.;ESPINHEIRO;;SUBURBIO;ABALROAMENTO LONGITUDINAL;1.0;1.0;0.0;0.0;0.0;0.0;0.0;0.0;0.0;1.0;0.0;Cruzamento;Bom;Sem defeito;Perfeito estado;Seca;Perfeito estado;Não existe;R-6a;60 km/h;Única;Faixa seccionada;;;Tarde
2989;17/10/2020;15:23:00;COM VÍTIMA;FINALIZADA;IBURA;AV DOIS RIOS;985;;EM FRENTE A FARMACIA PAGUE MENOS;IBURA;323.0;SUBURBIO;ABALROAMENTO TRANSVERSAL;1.0;1.0;0.0;0.0;0.0;0.0;0.0;0.0;0.0;2.0;0.0;Longo da via;Bom;Sem defeito;Perfeito estado;Seca;Perfeito estado;Faixa de pedestre;Não há placas;60 km/h;Dupla;Faixa contínua;;;Tarde
2990;17/10/2020;15:57:00;COM VÍTIMA;FINALIZADA;TEJIPIÓ;AV DR JOSE RUFINO;3538;;AO LADO DO ARMAZEM CORAL;TEJIPIÓ;;;CHOQUE OBJETO FIXO;1.0;0.0;0.0;0.0;0.0;0.0;0.0;0.0;0.0;1.0;0.0;Longo da via;Bom;Não existe;Incompleta;Seca;Perfeito estado;Não existe;Não há placas;;Dupla;Faixa contínua;;;Tarde
2991;17/10/2020;21:55:00;SEM VÍTIMA;FINALIZADA;BOA VIAGEM;AV BOA VIAGEM;2334;;POSTO 5 / EM FRENTE AO EDF CATAMARÃ;BOA VIAGEM;;;CHOQUE VEÍCULO PARADO;3.0;0.0;0.0;0.0;0.0;0.0;0.0;0.0;0.0;0.0;0.0;;;;;;;;;;;;;;Noite
2992;18/10/2020;08:28:00;COM VÍTIMA;FINALIZADA;SAN MARTIN;AV GENERAL SAN MARTIN;74;RUA FLORA RICA;PROX A ESCOLA ADVENTISTA;SAN MARTIN;;CIDADE;ABALROAMENTO LONGITUDINAL;1.0;1.0;0.0;0.0;0.0;0.0;0.0;0.0;0.0;1.0;0.0;Cruzamento;Bom;Não existe;Perfeito estado;Seca;Perfeito estado;Não existe;Outras;40 km/h;Dupla;Faixa contínua;Faixa seccionada;;Manhã
2993;18/10/2020;10:05:00;SEM VÍTIMA;FINALIZADA;PRADO;AV ENGENHEIRO ABDIAS DE CARVALHO;;;EM FRENTE AO POSTO DE GASOLINA IMPERIO;PRADO;;;COLISÃO;1.0;0.0;0.0;0.0;0.0;0.0;0.0;1.0;0.0;0.0;0.0;;;;;;;;;;;;;;Manhã
2994;18/10/2020;12:54:00;SEM VÍTIMA;FINALIZADA;AFOGADOS;RUA COSME VIANA;;;E/F A TUPAN;AFOGADOS;503.0;SUBURBIO;ABALROAMENTO LONGITUDINAL;2.0;0.0;0.0;0.0;0.0;0.0;0.0;0.0;0.0;0.0;0.0;Cruzamento;Bom;Sem defeito;Perfeito estado;Seca;;;;;Única;Faixa seccionada;;;Tarde
2995;18/10/2020;13:03:00;COM VÍTIMA;FINALIZADA;BAIRRO DO RECIFE;CAIS DO APOLO;;;EM FRENTE AO TRIBUNAL REGIONAL FEDERAL;BAIRRO DO RECIFE;;CIDADE;ABALROAMENTO LONGITUDINAL;1.0;1.0;0.0;0.0;0.0;0.0;0.0;0.0;0.0;1.0;0.0;Longo da via;Bom;Não existe;Perfeito estado;Seca;Perfeito estado;Não existe;Outras;60 km/h;Dupla;Faixa seccionada;Canteiro central;;Tarde
2996;18/10/2020;22:19:00;SEM VÍTIMA;FINALIZADA;DOIS UNIDOS;AV HILDEBRANDO DE VASCONCELOS;13;;PROX A IGRJA BRASIL PARA CRISTO // ENTRE O CANIL E O TERMINAL DE ONIBUS DOIS UNIDOS;DOIS UNIDOS;;;COLISÃO;0.0;1.0;0.0;0.0;0.0;0.0;0.0;1.0;0.0;0.0;0.0;;;;;;;;;;;;;;Noite
2997;19/10/2020;08:30:00;COM VÍTIMA;FINALIZADA;AFOGADOS;RUA DA PAZ;396;;EM FRENTE AO BANCO ITAU;AFOGADOS;;SUBURBIO;ATROPELAMENTO;1.0;0.0;0.0;0.0;1.0;0.0;0.0;0.0;0.0;1.0;0.0;Longo da via;Bom;Sem defeito;Incompleta;Seca;Perfeito estado;Faixa de pedestre;R-6a;;Única;Faixa seccionada;;;Manhã
2998;19/10/2020;09:34:00;COM VÍTIMA;FINALIZADA;SAN MARTIN;AV GENERAL SAN MARTIN;1208;AV ENGENHEIRO ABDIAS DE CARVALHO;;SAN MARTIN;58.0;NORTE/SUL;COLISÃO FRONTAL;1.0;1.0;0.0;0.0;0.0;0.0;0.0;0.0;0.0;1.0;0.0;Longo da via;Bom;Sem defeito;Perfeito estado;Seca;Perfeito estado;Agente;Outras;;Dupla;Faixa contínua;;;Manhã
2999;19/10/2020;14:28:00;COM VÍTIMA;FINALIZADA;CAMPO GRANDE;AV GOVERNADOR AGAMENON MAGALHAES;;;E/F AO SHOPPING TACARUNA;CAMPO GRANDE;;RECIFE;CAPOTAMENTO;1.0;0.0;0.0;0.0;0.0;0.0;0.0;0.0;0.0;1.0;0.0;;;;;;;;;;;;;;Tarde
3000;19/10/2020;15:14:00;COM VÍTIMA;FINALIZADA;BOA VIAGEM;AV CONSELHEIRO AGUIAR;1851;RUA JORNALISTA FRANCISCO ALMEIDA;NO CRUZAMENTO MESMO;BOA VIAGEM;;CIDADE;ABALROAMENTO LONGITUDINAL;1.0;1.0;0.0;0.0;0.0;0.0;0.0;0.0;0.0;2.0;0.0;Longo da via;Bom;Não existe;Perfeito estado;Seca;;;Outras;;Única;Faixa contínua;Faixa seccionada;;Tarde
3001;20/10/2020;09:49:00;COM VÍTIMA;FINALIZADA;BOA VIAGEM;RUA PROFESSOR JOAO MEDEIROS;311;RUA ERNESTO DE PAULA SANTOS;POR TRAS DA DELEGACIA DE BOA VIAGEM;BOA VIAGEM;;CIDADE;COLISÃO TRASEIRA;1.0;1.0;0.0;0.0;0.0;0.0;0.0;0.0;0.0;1.0;0.0;Longo da via;Bom;Não existe;Perfeito estado;Seca;Perfeito estado;Não existe;Outras;;Única;Faixa seccionada;;;Manhã
3002;20/10/2020;10:10:00;COM VÍTIMA;FINALIZADA;ESPINHEIRO;RUA SANTO ELIAS;;RUA DO ESPINHEIRO;EM FRENTE AO POSTO DE GASOLINA IPIRANGA;ESPINHEIRO;;CIDADE;ABALROAMENTO TRANSVERSAL;1.0;1.0;0.0;0.0;0.0;0.0;0.0;0.0;0.0;1.0;0.0;Cruzamento;Bom;Não existe;Incompleta;Seca;Perfeito estado;Faixa de pedestre;R-6a;;Única;Não existe;;;Manhã
3003;20/10/2020;10:10:00;COM VÍTIMA;FINALIZADA;IMBIRIBEIRA;RUA ITACARI;301;RUA ITAJAI;JUNTO A LOJA YNOVE- ESQUINA DO BANCO ITAU;IMBIRIBEIRA;;CIDADE;ABALROAMENTO LONGITUDINAL;1.0;1.0;0.0;0.0;0.0;0.0;0.0;0.0;0.0;1.0;0.0;Cruzamento;Bom;Não existe;Perfeito estado;Seca;Perfeito estado;Faixa de pedestre;Placas Pare;40 km/h;Dupla;Faixa seccionada;;;Manhã
3004;20/10/2020;13:47:00;COM VÍTIMA;FINALIZADA;JOANA BEZERRA;AV CENTRAL;;;E/F A ESTAÇAO JOANA BEZERRA NA SAIDA DOS ONIBUS. AO LADO DO TERMINAL INTEGRADO.;JOANA BEZERRA;;;COLISÃO FRONTAL;0.0;1.0;0.0;0.0;0.0;1.0;0.0;0.0;1.0;1.0;0.0;Longo da via;Bom;Não existe;Não existente;Seca;Perfeito estado;Não existe;Não há placas;;Única;Não existe;;;Tarde
3005;20/10/2020;14:14:00;SEM VÍTIMA;FINALIZADA;IMBIRIBEIRA;RUA ANTONIO FALCAO;475;;ANTES DA ESTAÇAO ANTONIO FALCAO E/F A GEOVANE SONDAS;IMBIRIBEIRA;;;COLISÃO;2.0;0.0;0.0;0.0;0.0;0.0;0.0;0.0;0.0;0.0;0.0;;;;;;;;;;;;;;Tarde
3006;20/10/2020;17:35:00;COM VÍTIMA;FINALIZADA;BOA VIAGEM;AV CONSELHEIRO AGUIAR;2610;;E/F AO ATACADAO MEC BATEDOR NA MOTO 08/39/06/35. TECNO HOUSE.;BOA VIAGEM;;;COLISÃO TRASEIRA;1.0;1.0;0.0;0.0;0.0;0.0;0.0;0.0;0.0;1.0;0.0;Longo da via;Bom;Não existe;Perfeito estado;Seca;Perfeito estado;Não existe;Outras;60 km/h;Única;Faixa contínua;Faixa seccionada;;Tarde
3007;20/10/2020;18:27:00;COM VÍTIMA;FINALIZADA;BEBERIBE;AV BEBERIBE;3195;;EM FRENTE A GALERIA CAJUEIRO E MARRON CAPOTARIA.;BEBERIBE;;CIDADE;ABALROAMENTO LONGITUDINAL;1.0;0.0;0.0;1.0;0.0;0.0;1.0;0.0;0.0;1.0;0.0;Longo da via;Bom;Não existe;Incompleta;Seca;Perfeito estado;Não existe;R-19;50 km/h;Única;Faixa seccionada;;;Noite
3008;20/10/2020;21:49:00;COM VÍTIMA;FINALIZADA;IMBIRIBEIRA;RUA ITACARI;301;RUA ITAJAI;EM FRENTE A EMPRESA YNOVE;IMBIRIBEIRA;;CIDADE;ABALROAMENTO TRANSVERSAL;1.0;1.0;0.0;0.0;0.0;0.0;0.0;0.0;0.0;2.0;0.0;Cruzamento;Bom;Não existe;Perfeito estado;Seca;Perfeito estado;Faixa de pedestre;Placas Pare;40 km/h;Única;Faixa contínua;;;Noite
3009;21/10/2020;07:27:00;COM VÍTIMA;FINALIZADA;IMBIRIBEIRA;AV MARECHAL MASCARENHAS DE MORAES;2716;;EM FRENTE AO GERALDAO E INTER HOTEL;IMBIRIBEIRA;290.0;SUBURBIO;ABALROAMENTO TRANSVERSAL;1.0;1.0;0.0;0.0;0.0;0.0;0.0;0.0;0.0;1.0;0.0;Cruzamento;Bom;Intermitente;Perfeito estado;Seca;Perfeito estado;Faixa de retenção;Não há placas;;Dupla;Canteiro central;;;Manhã
3010;21/10/2020;13:03:00;COM VÍTIMA;FINALIZADA;IMBIRIBEIRA;AV MARECHAL MASCARENHAS DE MORAES;4080;;EM FRENTE AO VENEZA AO MATERIAL DE CONSTRUÇAO;IMBIRIBEIRA;310.0;SUBURBIO;ABALROAMENTO TRANSVERSAL;1.0;1.0;0.0;0.0;0.0;0.0;0.0;0.0;0.0;1.0;0.0;Cruzamento;Bom;Sem defeito;Perfeito estado;Seca;Perfeito estado;Outros;;60 km/h;Dupla;;;;Tarde
3011;21/10/2020;15:10:00;COM VÍTIMA;FINALIZADA;IPSEP;AV RECIFE;1600;AV PRESIDENTE KENNEDY;PROX A PONTE DO CAÇOTE. LADO OPOSTO AO NÚMERO INFORMADO.;IPSEP;212.0;BR 101;COLISÃO TRASEIRA;1.0;1.0;0.0;0.0;0.0;0.0;0.0;0.0;0.0;1.0;0.0;Esquina;Bom;Sem defeito;Perfeito estado;Seca;Perfeito estado;Outros;Outras;60 km/h;Dupla;Canteiro central;;;Tarde
3012;21/10/2020;17:22:00;COM VÍTIMA;FINALIZADA;MADALENA;RUA REAL DA TORRE;;RUA JOSE OSORIO;;MADALENA;179.0;SUBURBIO;ATROPELAMENTO;0.0;0.0;0.0;1.0;2.0;0.0;0.0;0.0;0.0;3.0;0.0;Cruzamento;Bom;Sem defeito;Perfeito estado;;;Faixa de pedestre;;;;;;;Tarde
3013;21/10/2020;21:30:00;COM VÍTIMA;FINALIZADA;VÁRZEA;RUA EMILIANO BRAGA;;AV PROFESSOR MORAES REGO;AO LADO DO TERMINAL INTEGRADO CDU.;VÁRZEA;;SUBURBIO;ABALROAMENTO LONGITUDINAL;0.0;1.0;0.0;0.0;0.0;1.0;0.0;0.0;0.0;1.0;0.0;Esquina;Bom;Não existe;Perfeito estado;Seca;Perfeito estado;Não existe;Não há placas;;Única;Não existe;;;Noite
3014;22/10/2020;07:01:00;COM VÍTIMA;FINALIZADA;GRAÇAS;AV RUI BARBOSA;1104;;EM FRENTE AO COLEGIO MARISTA SÃO LUIZ.;GRAÇAS;;CIDADE;ABALROAMENTO LONGITUDINAL;0.0;1.0;0.0;0.0;0.0;1.0;0.0;0.0;0.0;1.0;0.0;Longo da via;Chuvoso;Não existe;Perfeito estado;Seca;Perfeito estado;Não existe;R-6a;;Única;Faixa seccionada;;;Manhã
3015;22/10/2020;07:35:00;SEM VÍTIMA;FINALIZADA;SANTO AMARO;AV CRUZ CABUGA;991;;PROXIMO AO MAERCADO DE SANTO AMARO;SANTO AMARO;;;COLISÃO;1.0;0.0;0.0;0.0;0.0;0.0;1.0;0.0;0.0;0.0;0.0;Longo da via;Bom;Sem defeito;Perfeito estado;Seca;Perfeito estado;Faixa de pedestre;;;Dupla;Faixa contínua;;;Manhã
3016;22/10/2020;07:38:00;SEM VÍTIMA;FINALIZADA;SANTO ANTÔNIO;RUA DA CONCORDIA;;;AO LADO DO EDIFICIO GARAGEM DA SECRETARIA DA FAZENDA;SANTO ANTÔNIO;;;COLISÃO;1.0;0.0;0.0;0.0;0.0;0.0;1.0;0.0;0.0;0.0;0.0;Longo da via;Bom;Sem defeito;Perfeito estado;Seca;Perfeito estado;Outros;Não há placas;40km/h;Única;Outros;;;Manhã
3017;22/10/2020;08:21:00;COM VÍTIMA;FINALIZADA;AREIAS;AV DR JOSE RUFINO;2537;;IGREJA DO BARRO;AREIAS;;CIDADE;COLISÃO;1.0;1.0;0.0;0.0;0.0;0.0;0.0;0.0;0.0;1.0;0.0;;;;;;;;;;;;;;Manhã
3018;22/10/2020;13:59:00;COM VÍTIMA;FINALIZADA;AFOGADOS;RUA SAO MIGUEL;1331;RUA DR ROBENILDO ROCHA LEAO;PROX AO PARAISO DO PET;AFOGADOS;;SUBURBIO;ABALROAMENTO TRANSVERSAL;1.0;1.0;0.0;0.0;0.0;0.0;0.0;0.0;0.0;1.0;0.0;Cruzamento;Bom;Não existe;Perfeito estado;Seca;Perfeito estado;Não existe;Não há placas;60 km/h;Dupla;Faixa contínua;Faixa seccionada;;Tarde
3019;22/10/2020;18:48:00;COM VÍTIMA;FINALIZADA;DOIS IRMÃOS;RUA DOIS IRMAOS;;AV DA RECUPERACAO;SOB O VIADUTO DE DOIS IRMÃOS;DOIS IRMÃOS;416.0;CIDADE;CHOQUE OBJETO FIXO;0.0;0.0;0.0;0.0;0.0;0.0;0.0;1.0;0.0;2.0;0.0;Longo da via;Bom;Sem defeito;Perfeito estado;Seca;Perfeito estado;Não existe;R-6a;;Dupla;Faixa contínua;;;Noite
3020;23/10/2020;08:44:00;COM VÍTIMA;FINALIZADA;ALTO JOSÉ DO PINHO;AV NORTE;4660;;LADO OPOSTO AO ARMAZÉM CORAL.;ALTO JOSÉ DO PINHO;;SUBURBIO;COLISÃO TRASEIRA;3.0;1.0;0.0;0.0;0.0;0.0;0.0;0.0;0.0;1.0;0.0;Longo da via;Bom;Não existe;Perfeito estado;Seca;Perfeito estado;Não existe;R-6a;60 km/h;Única;Faixa contínua;;;Manhã
3021;23/10/2020;09:01:00;COM VÍTIMA;FINALIZADA;VÁRZEA;RUA GENERAL POLIDORO;;RUA AGRICOLANDIA;;VÁRZEA;577.0;;ATROPELAMENTO;0.0;0.0;0.0;0.0;1.0;1.0;0.0;0.0;0.0;1.0;0.0;Cruzamento;Bom;Sem defeito;Perfeito estado;Seca;Perfeito estado;Faixa de pedestre;Outras;;Dupla;Faixa contínua;;;Manhã
3022;23/10/2020;10:02:00;COM VÍTIMA;FINALIZADA;MADALENA;RUA REAL DA TORRE;1201;RUA CONDE DE IRAJA;PRÓXIMO AO SUPERMERCADO EXTRABOM.;MADALENA;106.0;SUBURBIO;COLISÃO TRASEIRA;1.0;1.0;0.0;0.0;0.0;0.0;0.0;0.0;0.0;1.0;0.0;Longo da via;Bom;Sem defeito;Perfeito estado;Seca;Perfeito estado;Faixa de pedestre;R-6a;;Única;Faixa seccionada;;;Manhã
3023;23/10/2020;10:39:00;COM VÍTIMA;FINALIZADA;ARRUDA;AV BEBERIBE;;AV PROFESSOR JOSE DOS ANJOS;;ARRUDA;131.0;SUBURBIO;CHOQUE VEÍCULO PARADO;1.0;1.0;0.0;0.0;0.0;0.0;0.0;0.0;0.0;1.0;0.0;Longo da via;Bom;Sem defeito;Perfeito estado;Seca;Perfeito estado;Faixa de pedestre;R-6a;;Dupla;Faixa seccionada;;;Manhã
3024;23/10/2020;12:31:00;COM VÍTIMA;FINALIZADA;CAMPO GRANDE;RUA PRUDENTE DE MORAES;158;RUA CARLOS FERNANDES;ULTRAGÁS.;CAMPO GRANDE;;CIDADE;ABALROAMENTO TRANSVERSAL;2.0;0.0;0.0;0.0;0.0;0.0;0.0;0.0;0.0;3.0;0.0;Cruzamento;Bom;Não existe;Perfeito estado;Seca;Perfeito estado;Faixa de retenção;Placas Pare;30 km/h;Dupla;Faixa seccionada;;;Tarde