indice;data;hora;natureza_acidente;situacao;bairro;endereco;numero;detalhe_endereco_acidente;complemento;bairro_cruzamento;num_semaforo;sentido_via;tipo;auto;moto;ciclom;ciclista;pedestre;onibus;caminhao;viatura;outros;vitimas;vitimasfatais;acidente_verificado;tempo_clima;situacao_semaforo;sinalizacao;condicao_via;conservacao_via;ponto_controle;situacao_placa;velocidade_max_via;mao_direcao;divisao_via1;divisao_via2;divisao_via3;turno
3025;23/10/2020;13:36:00;COM VÍTIMA;FINALIZADA;BOA VIAGEM;AV DOM JOAO VI;;RUA PEDRO PAES DE MENDONCA;POR TRÁS DO BIG BOMPRECO DE BOA VIAGEM.;BOA VIAGEM;543.0;CIDADE;ABALROAMENTO LONGITUDINAL;1.0;1.0;0.0;0.0;0.0;0.0;0.0;0.0;0.0;1.0;0.0;Cruzamento;Bom;Sem defeito;Perfeito estado;Seca;Perfeito estado;Faixa de pedestre;Não há placas;60 km/h;Dupla;Faixa seccionada;;;Tarde
3026;23/10/2020;16:29:00;COM VÍTIMA;FINALIZADA;TAMARINEIRA;AV CONS ROSA E SILVA;1829;;EM FRENTE AO EDF. TABOCAS;TAMARINEIRA;;SUBURBIO;CHOQUE OBJETO FIXO;0.0;0.0;0.0;1.0;0.0;0.0;0.0;0.0;0.0;1.0;0.0;Longo da via;Bom;Não existe;Perfeito estado;Seca;Perfeito estado;Não existe;Não há placas;;Única;Faixa seccionada;;;Tarde
3027;23/10/2020;23:37:00;COM VÍTIMA;FINALIZADA;SANTO AMARO;VDO ENG ROBERTO PEREIRA DE CARVALHO;;;EM CIMA DO VIADUTO PROXIMO AO SHOPPING TACARUNA.;SANTO AMARO;;SUBURBIO;COLISÃO TRASEIRA;2.0;0.0;0.0;0.0;0.0;0.0;0.0;0.0;0.0;1.0;0.0;Viaduto;Bom;Não existe;Perfeito estado;Seca;Perfeito estado;Não existe;Não há placas;;Única;Faixa seccionada;;;Noite
3028;24/10/2020;01:35:00;SEM VÍTIMA;FINALIZADA;PINA;AV REPUBLICA ARABE UNIDA;78;;PRÓXIMO AO SHOPPING RIOMAR;PINA;;CIDADE;ABALROAMENTO LONGITUDINAL;1.0;1.0;0.0;0.0;0.0;0.0;0.0;0.0;0.0;0.0;0.0;;Bom;Não existe;Perfeito estado;Seca;Perfeito estado;;;;Única;Faixa seccionada;;;Madrugada
3029;24/10/2020;11:07:00;COM VÍTIMA;FINALIZADA;MADALENA;RUA CARLOS GOMES;125;RUA GOMES TABORDA;EM FRENTE AO EDIFICIO JOAQUIM BANDEIRA;MADALENA;348.0;CIDADE;ABALROAMENTO LONGITUDINAL;1.0;1.0;0.0;0.0;0.0;0.0;0.0;0.0;0.0;1.0;0.0;Longo da via;Bom;Sem defeito;Perfeito estado;Seca;Perfeito estado;Não existe;R-6a;;Dupla;Faixa seccionada;;;Manhã
3030;24/10/2020;12:13:00;COM VÍTIMA;FINALIZADA;CAMPINA DO BARRETO;AV POETA VINICIUS DE MORAIS;32;;SENTIDO CAMPO GRANDE /LADO OPOSTO A ASSEMBLEIA DE DEUS;CAMPINA DO BARRETO;;SUBURBIO;ATROPELAMENTO;0.0;1.0;0.0;0.0;1.0;0.0;0.0;0.0;0.0;2.0;0.0;Longo da via;Bom;Não existe;Perfeito estado;Seca;Perfeito estado;Não existe;Não há placas;;Dupla;Faixa seccionada;;;Tarde
3031;24/10/2020;13:06:00;COM VÍTIMA;FINALIZADA;SANTO AMARO;AV NORTE;;;COLISAO SOBRE O VIADUTO PRESIDENTE MÉDICI.;SANTO AMARO;;CIDADE;COLISÃO TRASEIRA;0.0;1.0;0.0;0.0;0.0;1.0;0.0;0.0;0.0;1.0;0.0;Viaduto;Bom;Não existe;Perfeito estado;Seca;Perfeito estado;Não existe;Não há placas;;Dupla;Faixa seccionada;;;Tarde
3032;24/10/2020;14:49:00;COM VÍTIMA;FINALIZADA;PRADO;AV ENGENHEIRO ABDIAS DE CARVALHO;289;RUA JOAO IVO DA SILVA;HABIB'S.;PRADO;132.0;;ABALROAMENTO LONGITUDINAL;0.0;1.0;0.0;0.0;0.0;0.0;0.0;0.0;0.0;1.0;0.0;Longo da via;Bom;Sem defeito;Perfeito estado;Seca;Perfeito estado;Faixa de pedestre;Outras;;Dupla;Faixa contínua;Faixa seccionada;Canteiro central;Tarde
3033;24/10/2020;16:29:00;COM VÍTIMA;FINALIZADA;ESPINHEIRO;AV GOVERNADOR AGAMENON MAGALHAES;;RUA BUENOS AYRES;EM FRENTE AO BANCO DO NORDESTE;ESPINHEIRO;78.0;;COLISÃO TRASEIRA;3.0;0.0;0.0;0.0;0.0;0.0;0.0;0.0;0.0;2.0;0.0;Longo da via;Bom;Sem defeito;Perfeito estado;Seca;Perfeito estado;Faixa de retenção;;;Dupla;Outros;;;Tarde
3034;24/10/2020;17:17:00;COM VÍTIMA;FINALIZADA;ENGENHO DO MEIO;RUA ANTONIO CURADO;;AV MUCIO UCHOA CAVALCANTE;EM FRENTE AO BOM PASTOR;ENGENHO DO MEIO;;;ABALROAMENTO LONGITUDINAL;1.0;1.0;0.0;0.0;0.0;0.0;0.0;0.0;0.0;2.0;0.0;Cruzamento;Bom;Não existe;Ilegível;Seca;Perfeito estado;Faixa de retenção;Não há placas;40 km/h;Dupla;Faixa seccionada;;;Tarde
3035;24/10/2020;19:39:00;COM VÍTIMA;FINALIZADA;IPUTINGA;AV MAURICIO DE NASSAU;;;PROX A LOMBADA ELETRONICA;IPUTINGA;;SUBURBIO;ATROPELAMENTO;0.0;1.0;0.0;0.0;2.0;0.0;0.0;0.0;0.0;3.0;0.0;Longo da via;Bom;Não existe;Ilegível;Seca;Mal conservada;Não existe;;;Dupla;Não existe;;;Noite
3036;25/10/2020;08:01:00;SEM VÍTIMA;FINALIZADA;BOA VIAGEM;AVENIDA CELSO FURTADO (VIA MANGUE);;;NA ALÇA DA ESQUERDA -ANTES DO BIG BOMPREÇO;BOA VIAGEM;;SUBURBIO;CHOQUE;1.0;0.0;0.0;0.0;0.0;0.0;0.0;0.0;0.0;0.0;0.0;;;;;;;;;;;;;;Manhã
3037;25/10/2020;10:00:00;COM VÍTIMA;FINALIZADA;TEJIPIÓ;RUA FALCAO DE LACERDA;387;RUA QUINZE DE NOVEMBRO;EM FRENTE AO CARTORIO DE TEJIPIO. LADO OPOSTO A MAXICLÍNICA MÉDICA AQUI DOUTOR.;TEJIPIÓ;285.0;SUBURBIO;ABALROAMENTO LONGITUDINAL;2.0;0.0;0.0;0.0;0.0;0.0;0.0;0.0;0.0;1.0;0.0;Longo da via;Bom;Sem defeito;Perfeito estado;Seca;Perfeito estado;Não existe;Outras;;Dupla;Faixa contínua;;;Manhã
3038;25/10/2020;12:26:00;SEM VÍTIMA;FINALIZADA;IMBIRIBEIRA;RUA JOAQUIM BANDEIRA;;AV SUL;;IMBIRIBEIRA;;;ABALROAMENTO TRANSVERSAL;2.0;0.0;0.0;0.0;0.0;0.0;0.0;0.0;0.0;0.0;0.0;Cruzamento;Bom;Não existe;Incompleta;Seca;Perfeito estado;Não existe;R-4a;;Única;Faixa seccionada;;;Tarde
3039;27/10/2020;09:00:00;COM VÍTIMA;FINALIZADA;VASCO DA GAMA;RUA VASCO DA GAMA;208;;SESI DO VASCO DA GAMA;VASCO DA GAMA;;SUBURBIO;ABALROAMENTO TRANSVERSAL;1.0;1.0;0.0;0.0;0.0;0.0;0.0;0.0;0.0;2.0;0.0;Cruzamento;Bom;Não existe;Incompleta;Seca;Perfeito estado;Não existe;Placas Pare;30 km/h;Dupla;Não existe;;;Manhã
3040;27/10/2020;11:00:00;COM VÍTIMA;FINALIZADA;ILHA DO RETIRO;RUA SPORT CLUBE DO RECIFE;;;LADO OPOSTO AO ESTÁDIO DO SPORT.;ILHA DO RETIRO;367.0;SUBURBIO;COLISÃO TRASEIRA;1.0;1.0;0.0;0.0;0.0;0.0;0.0;0.0;0.0;1.0;0.0;Longo da via;Bom;Sem defeito;Perfeito estado;Seca;Perfeito estado;Faixa de pedestre;Não há placas;;Dupla;Canteiro central;;;Manhã
3041;27/10/2020;11:00:00;COM VÍTIMA;FINALIZADA;CORDEIRO;AV CAXANGA;1417;;EM FRENTE A IGREJA DE SÃO SEBASTIÃO;CORDEIRO;;CIDADE;COLISÃO COM CICLISTA;1.0;0.0;0.0;1.0;0.0;0.0;0.0;0.0;0.0;1.0;0.0;Longo da via;Bom;Não existe;Perfeito estado;Seca;Perfeito estado;Não existe;Não há placas;60 km/h;Dupla;Canteiro central;;;Manhã
3042;27/10/2020;21:47:00;COM VÍTIMA;FINALIZADA;PINA;AV BOA VIAGEM;;;PÓLO PINA;PINA;104.0;CIDADE;ATROPELAMENTO;0.0;1.0;0.0;0.0;1.0;0.0;0.0;0.0;0.0;2.0;0.0;Longo da via;Bom;Sem defeito;Perfeito estado;Seca;Mal iluminada;Faixa de pedestre;Outras;60 km/h;Única;Faixa contínua;;;Noite
3043;28/10/2020;07:14:00;COM VÍTIMA;FINALIZADA;DERBY;AV GOVERNADOR AGAMENON MAGALHAES;;;EM FRENTE AO HOSPITAL MEMORIAL SÃO JOSE- SENT. BOA VIAGEM. EM FRENTE AO CERPE.;DERBY;;CIDADE;TOMBAMENTO;1.0;1.0;0.0;0.0;0.0;0.0;0.0;0.0;0.0;1.0;0.0;Longo da via;Bom;Não existe;Perfeito estado;Seca;Perfeito estado;Não existe;Outras;60 km/h;Dupla;Faixa contínua;Faixa seccionada;;Manhã
3044;28/10/2020;09:32:00;SEM VÍTIMA;FINALIZADA;DERBY;AV GOVERNADOR AGAMENON MAGALHAES;;RUA JOAQUIM NABUCO;AO LADO DA RESTAURAÇÃO;DERBY;;;COLISÃO;1.0;0.0;0.0;0.0;0.0;0.0;0.0;1.0;0.0;0.0;0.0;Cruzamento;Bom;Sem defeito;Perfeito estado;Seca;Perfeito estado;Faixa de pedestre;Outras;60km/h;Única;Faixa seccionada;;;Manhã
3045;28/10/2020;12:32:00;COM VÍTIMA;FINALIZADA;IMBIRIBEIRA;RUA BARAO DE AGUA BRANCA;376;RUA DUQUE ESTRADA;EM FRENTE AO ESPETINHO DO CHEFE E A POUSADA SOL E MAR;IMBIRIBEIRA;;CIDADE;ABALROAMENTO TRANSVERSAL;2.0;0.0;0.0;0.0;0.0;0.0;0.0;0.0;0.0;1.0;0.0;Cruzamento;Bom;Não existe;Incompleta;Seca;Perfeito estado;Não existe;Placas Pare;;Dupla;Não existe;;;Tarde
3046;28/10/2020;14:12:00;COM VÍTIMA;FINALIZADA;VASCO DA GAMA;RUA VASCO DA GAMA;95;;NA RUA DO SESI DO VASCO AO LADO DO CONSUTORIO ODONTOLOGICO DRA CAROLINA ARTEIRO.;VASCO DA GAMA;;CIDADE;COLISÃO FRONTAL;1.0;1.0;0.0;0.0;0.0;0.0;0.0;0.0;0.0;1.0;0.0;Longo da via;Bom;Não existe;Perfeito estado;Seca;Perfeito estado;Não existe;Outras;;Dupla;Não existe;;;Tarde
3047;28/10/2020;16:16:00;SEM VÍTIMA;FINALIZADA;BOA VIAGEM;AV ENGENHEIRO DOMINGOS FERREIRA;;;EM FRENTE A PAMESA CERAMICA;BOA VIAGEM;;;COLISÃO;1.0;1.0;0.0;0.0;0.0;0.0;0.0;0.0;0.0;0.0;0.0;Longo da via;Bom;Sem defeito;Perfeito estado;Seca;Perfeito estado;Faixa de pedestre;Outras;;Única;Faixa contínua;;;Tarde
3048;28/10/2020;17:30:00;COM VÍTIMA;FINALIZADA;SANTO AMARO;AV CRUZ CABUGA;;;EM FRENTE AO TACARUNA / SENTIDO OLINDA E AO POSTE B030809.;SANTO AMARO;;SUBURBIO;ATROPELAMENTO;0.0;0.0;0.0;0.0;1.0;1.0;0.0;0.0;0.0;1.0;0.0;Longo da via;Bom;Sem defeito;Perfeito estado;Seca;Perfeito estado;Outros;Não há placas;;Dupla;Canteiro central;;;Tarde
3049;28/10/2020;17:55:00;COM VÍTIMA;FINALIZADA;CASA AMARELA;RUA MAJOR NEREU GUERRA;236;;EM FRENTE AO COLÉGIO PADRE MACHADO;CASA AMARELA;;;CHOQUE OBJETO FIXO;0.0;1.0;0.0;0.0;0.0;0.0;0.0;0.0;0.0;1.0;0.0;;;;;;;;;;;;;;Tarde
3050;28/10/2020;20:56:00;COM VÍTIMA;FINALIZADA;DERBY;RUA JENER DE SOUZA;;PRC DO DERBY;E/F A PRC DO DERBY E QUARTEL // VT 25 NO LOCAL;DERBY;40.0;CIDADE;ABALROAMENTO TRANSVERSAL;1.0;1.0;0.0;0.0;0.0;0.0;0.0;0.0;0.0;2.0;0.0;Cruzamento;Bom;Sem defeito;Perfeito estado;Seca;Perfeito estado;Faixa de pedestre;R-4b;50 km/h;Única;Canteiro central;;;Noite
3051;29/10/2020;08:03:00;COM VÍTIMA;FINALIZADA;PORTO DA MADEIRA;AV BEBERIBE;;RUA DALVA DE OLIVEIRA;SENAI.;PORTO DA MADEIRA;575.0;SUBURBIO;ABALROAMENTO TRANSVERSAL;1.0;1.0;0.0;0.0;0.0;0.0;0.0;0.0;0.0;1.0;0.0;Cruzamento;Bom;Sem defeito;Perfeito estado;Seca;Perfeito estado;Faixa de pedestre;R-6a;60 km/h;Dupla;Faixa contínua;;;Manhã
3052;29/10/2020;10:55:00;COM VÍTIMA;FINALIZADA;CASA AMARELA;EST DO ARRAIAL;3480;;EM FRENTE A IGREJA HARMONIA;CASA AMARELA;;SUBURBIO;ATROPELAMENTO;0.0;1.0;0.0;0.0;1.0;0.0;0.0;0.0;0.0;1.0;0.0;Longo da via;Bom;Sem defeito;Perfeito estado;Seca;Perfeito estado;Não existe;Não há placas;40 km/h;Única;Faixa contínua;;;Manhã
3053;29/10/2020;12:31:00;COM VÍTIMA;FINALIZADA;BOA VISTA;AV VISCONDE DE SUASSUNA;775;RUA GOUVEIA DE BARROS;EM FRENTE A UMA GALERIA DE NUMERO 775;BOA VISTA;;SUBURBIO;ABALROAMENTO LONGITUDINAL;1.0;1.0;0.0;0.0;0.0;0.0;0.0;0.0;0.0;2.0;0.0;Cruzamento;Bom;Não existe;Perfeito estado;Seca;Perfeito estado;Não existe;;60 km/h;;;;;Tarde
3054;29/10/2020;12:44:00;COM VÍTIMA;FINALIZADA;VÁRZEA;RUA PROFESSOR ANTONIO COELHO;;RUA EMILIANO BRAGA;PROX A CAXANGA VEICULOS;VÁRZEA;;SUBURBIO;ABALROAMENTO TRANSVERSAL;0.0;1.0;0.0;0.0;0.0;1.0;0.0;0.0;0.0;1.0;0.0;Cruzamento;Bom;Não existe;Perfeito estado;Seca;Perfeito estado;Faixa de pedestre;R-6a;;Única;Faixa seccionada;;;Tarde
3055;30/10/2020;07:05:00;COM VÍTIMA;FINALIZADA;IMBIRIBEIRA;AV MARECHAL MASCARENHAS DE MORAES;;;EM FRENTE AO AEROPORTO- SENT. JABOATÃO;IMBIRIBEIRA;570.0;SUBURBIO;COLISÃO TRASEIRA;1.0;1.0;0.0;0.0;0.0;0.0;0.0;0.0;0.0;1.0;0.0;Longo da via;Bom;Sem defeito;Perfeito estado;Seca;Perfeito estado;Faixa de pedestre;R-6a;60 km/h;Dupla;Faixa contínua;Canteiro central;;Manhã
3056;30/10/2020;07:11:00;COM VÍTIMA;FINALIZADA;IMBIRIBEIRA;AV MARECHAL MASCARENHAS DE MORAES;5653;;EM FRENTE AO AEROPORTO- SENT. CIDADE. EM FRENTE A LOCALIZA HERTZ.;IMBIRIBEIRA;218.0;CIDADE;COLISÃO TRASEIRA;1.0;1.0;0.0;0.0;0.0;0.0;0.0;0.0;0.0;1.0;0.0;Longo da via;Bom;Sem defeito;Perfeito estado;Seca;Perfeito estado;Faixa de pedestre;Não há placas;60 km/h;Dupla;Canteiro central;;;Manhã
3057;30/10/2020;09:09:00;SEM VÍTIMA;FINALIZADA;SANTO AMARO;AV CRUZ CABUGA;98;;FANIP;SANTO AMARO;;CIDADE;ABALROAMENTO LONGITUDINAL;2.0;0.0;0.0;0.0;0.0;0.0;0.0;0.0;0.0;0.0;0.0;Longo da via;Bom;Não existe;Perfeito estado;Seca;Perfeito estado;Não existe;Outras;60 km/h;Dupla;Faixa contínua;;;Manhã
3058;31/10/2020;01:43:00;COM VÍTIMA;FINALIZADA;MADALENA;RUA JOSE OSORIO;;AV VISCONDE DE ALBUQUERQUE;ESQUINA COM A EXTRA FARMA;MADALENA;50.0;CIDADE;ABALROAMENTO TRANSVERSAL;2.0;0.0;0.0;0.0;0.0;0.0;0.0;0.0;0.0;2.0;0.0;Cruzamento;Bom;;Perfeito estado;Seca;Perfeito estado;Faixa de pedestre;;;Única;Faixa contínua;;;Madrugada
3059;31/10/2020;03:06:00;COM VÍTIMA;FINALIZADA;IMBIRIBEIRA;AV MARECHAL MASCARENHAS DE MORAES;2716;RUA JALISCO;EM FRENTE AO INTER HOTEL. GERALDÃO.;IMBIRIBEIRA;290.0;SUBURBIO;ABALROAMENTO TRANSVERSAL;2.0;0.0;0.0;0.0;0.0;0.0;0.0;0.0;0.0;3.0;0.0;Cruzamento;Bom;Sem defeito;Perfeito estado;Seca;Perfeito estado;Não existe;Não há placas;;Dupla;Canteiro central;;;Madrugada
3060;31/10/2020;12:53:00;SEM VÍTIMA;FINALIZADA;CAMPO GRANDE;AV GOVERNADOR AGAMENON MAGALHAES;;RUA ODORICO MENDES;LADO OPOSTO AO IC;CAMPO GRANDE;;SUBURBIO;ABALROAMENTO TRANSVERSAL;2.0;0.0;0.0;0.0;0.0;0.0;0.0;0.0;0.0;0.0;0.0;Cruzamento;Bom;Sem defeito;Perfeito estado;Seca;Perfeito estado;Faixa de retenção;Placas Dê a preferência;;Dupla;Faixa contínua;;;Tarde
3061;31/10/2020;13:02:00;COM VÍTIMA;FINALIZADA;SÃO JOSÉ;AV SUL;;AV DANTAS BARRETO;E/F A PRAÇA SÉRGIO LORETO;SÃO JOSÉ;311.0;CIDADE;COLISÃO FRONTAL;1.0;1.0;0.0;0.0;0.0;0.0;0.0;0.0;0.0;1.0;0.0;Cruzamento;Bom;Sem defeito;Perfeito estado;Seca;Perfeito estado;Faixa de retenção;Outras;;Dupla;Faixa seccionada;Canteiro central;;Tarde
3062;31/10/2020;15:37:00;COM VÍTIMA;FINALIZADA;SANTO AMARO;RUA DOS PALMARES;;RUA TREZE DE MAIO;NO CRUZAMENTO MESMO;SANTO AMARO;30.0;SUBURBIO;ABALROAMENTO TRANSVERSAL;1.0;1.0;0.0;0.0;0.0;0.0;0.0;0.0;0.0;1.0;0.0;Cruzamento;Bom;Sem defeito;Perfeito estado;Seca;Perfeito estado;Faixa de pedestre;Não há placas;;Dupla;Faixa contínua;;;Tarde
3063;31/10/2020;17:33:00;COM VÍTIMA;FINALIZADA;CORDEIRO;AV GENERAL SAN MARTIN;530;;PRÓXIMO AO CHEUS CONSTRUÇÃO.;CORDEIRO;;;ABALROAMENTO LONGITUDINAL;0.0;1.0;0.0;0.0;0.0;0.0;0.0;0.0;0.0;1.0;0.0;Longo da via;Bom;Não existe;Perfeito estado;Seca;Perfeito estado;Outros;R-6a;;Dupla;Faixa contínua;;;Tarde
3064;31/10/2020;18:12:00;COM VÍTIMA;FINALIZADA;CORDEIRO;AV MAURICIO DE NASSAU;35;;PRÓXIMO AO PARQUE DO CAIARA;CORDEIRO;;BR 101;COLISÃO COM CICLISTA;1.0;0.0;0.0;1.0;0.0;0.0;0.0;0.0;0.0;1.0;0.0;Longo da via;Bom;Não existe;Ilegível;Seca;Perfeito estado;Não existe;Outras;40 km/h;Dupla;Faixa contínua;;;Noite
3065;01/11/2020;22:56:00;COM VÍTIMA;FINALIZADA;CAMPINA DO BARRETO;RUA CORONEL URBANO RIBEIRO DE SENA;548;;AO LADO DO CALDINHO CALDELHO;CAMPINA DO BARRETO;;SUBURBIO;ATROPELAMENTO;0.0;1.0;0.0;0.0;2.0;0.0;0.0;0.0;0.0;2.0;0.0;Longo da via;Bom;Não existe;Perfeito estado;Seca;Perfeito estado;Não existe;Não há placas;;Dupla;Faixa seccionada;;;Noite
3066;02/11/2020;00:03:00;COM VÍTIMA;FINALIZADA;CABANGA;RUA CAPITAO TEMUDO;56;;PROXIMO A LOMBADO ELETRONICA. COMUNIDADE CATÓLICA FILHOS DA MISERICÓRDIA.;CABANGA;;SUBURBIO;ATROPELAMENTO ANIMAL;2.0;0.0;0.0;0.0;0.0;0.0;0.0;0.0;1.0;1.0;0.0;Viaduto;Bom;Não existe;Perfeito estado;Seca;Perfeito estado;;Não há placas;60 km/h;Dupla;Outros;;;Madrugada
3067;02/11/2020;00:12:00;COM VÍTIMA;FINALIZADA;IBURA;AV DOIS RIOS;-8.1193662- -34.9430123;;SOB O VIATUDO DA BR 101.;IBURA;;CIDADE;COLISÃO FRONTAL;2.0;0.0;0.0;0.0;0.0;0.0;0.0;0.0;0.0;2.0;0.0;Longo da via;Bom;Não existe;Perfeito estado;Seca;Perfeito estado;Não existe;R-6a;;Dupla;Faixa contínua;;;Madrugada
3068;02/11/2020;03:31:00;COM VÍTIMA;FINALIZADA;TORRE;RUA SOUZA BANDEIRA;;RUA MARQUES DE MARICA;SEMAFORO 317;TORRE;317.0;SUBURBIO;ABALROAMENTO TRANSVERSAL;0.0;1.0;0.0;0.0;0.0;0.0;0.0;1.0;0.0;1.0;0.0;Cruzamento;Bom;Sem defeito;Perfeito estado;Seca;Perfeito estado;Não existe;Não há placas;;Dupla;Faixa seccionada;;;Madrugada
3069;02/11/2020;08:40:00;COM VÍTIMA;FINALIZADA;IPSEP;RUA JEAN EMILE FAVRE;1322;;EM FRENTE AO SUPERMERCADO NOVA IGUAÇU;IPSEP;;;COLISÃO;1.0;1.0;0.0;0.0;0.0;0.0;0.0;0.0;0.0;2.0;0.0;;;;;;;;;;;;;;Manhã
3070;02/11/2020;16:30:00;COM VÍTIMA;FINALIZADA;DOIS UNIDOS;AV HILDEBRANDO DE VASCONCELOS;24;;ACADEMIA/SEM NOME... TERMINAL DE DOIS UNIDOS. ARMAZÉM DO NEGO.;DOIS UNIDOS;;SUBURBIO;ABALROAMENTO LONGITUDINAL;0.0;1.0;0.0;0.0;0.0;1.0;0.0;0.0;0.0;1.0;0.0;Longo da via;Bom;Não existe;Perfeito estado;Seca;Perfeito estado;Não existe;Não há placas;;Dupla;Faixa seccionada;;;Tarde
3071;02/11/2020;17:13:00;COM VÍTIMA;FINALIZADA;TEJIPIÓ;AV LIBERDADE;-8.0821981- -34.9599935;;EM FRENTE DO CEMITERIO PARQUE DAS FLORES;TEJIPIÓ;;SUBURBIO;ABALROAMENTO LONGITUDINAL;1.0;1.0;0.0;0.0;0.0;0.0;0.0;0.0;0.0;1.0;0.0;Longo da via;Bom;Não existe;Incompleta;Seca;Perfeito estado;Não existe;Não há placas;30 km/h;Dupla;Faixa contínua;;;Tarde
3072;02/11/2020;18:00:00;COM VÍTIMA;FINALIZADA;DERBY;RUA DR SEVERINO PINHEIRO;-8.0576556--34.9009656;;NA PRAÇA DO DERBY MESMO. QUARTEL DO DERBY.;DERBY;;SUBURBIO;CHOQUE OBJETO FIXO;0.0;1.0;0.0;0.0;0.0;0.0;0.0;0.0;0.0;1.0;0.0;Longo da via;Bom;Sem defeito;Perfeito estado;Seca;Perfeito estado;Faixa de pedestre;R-6a;;Única;Canteiro central;;;Noite
3073;03/11/2020;08:00:00;SEM VÍTIMA;FINALIZADA;CAXANGÁ;AV CAXANGA;;;PROX A INTEGRAÇÃO  DA CAXANGA;CAXANGÁ;;;COLISÃO;0.0;1.0;0.0;0.0;0.0;0.0;0.0;1.0;0.0;0.0;0.0;Longo da via;Bom;Sem defeito;Perfeito estado;Seca;Perfeito estado;Agente;Outras;;Dupla;Faixa contínua;;;Manhã
3074;03/11/2020;08:11:00;COM VÍTIMA;FINALIZADA;AREIAS;AV DR JOSE RUFINO;2125;RUA DOMINGOS TEOTONIO;EM FRENTE AO COLEGIO IMACULADA CONCEIÇÃO . PIZZA HOT.;AREIAS;213.0;CIDADE;COLISÃO FRONTAL;1.0;1.0;0.0;0.0;0.0;0.0;0.0;0.0;0.0;1.0;0.0;Longo da via;Bom;Sem defeito;Perfeito estado;Seca;Perfeito estado;Faixa de retenção;Placas Pare;;Dupla;Faixa contínua;;;Manhã
3075;03/11/2020;09:34:00;COM VÍTIMA;FINALIZADA;ARRUDA;AV BEBERIBE;1285;;EM FRENTE AO BOMPREÇO E ESTÁDIO DE FUTEBOL SANTA CRUZ F. C.;ARRUDA;131.0;SUBURBIO;ATROPELAMENTO;1.0;0.0;0.0;0.0;1.0;0.0;0.0;0.0;0.0;1.0;0.0;Longo da via;Bom;Sem defeito;Perfeito estado;Seca;Perfeito estado;Faixa de pedestre;Outras;;Dupla;Faixa contínua;;;Manhã
3076;03/11/2020;11:21:00;COM VÍTIMA;FINALIZADA;IMBIRIBEIRA;AV MARECHAL MASCARENHAS DE MORAES;2931;RUA ALMEIDA JUNIOR;PROX A FACULDADE  UNIVERSOEM FRENTE A CONCESSIONARIA HONDA   NO SENTIDO AFOGADOS;IMBIRIBEIRA;631.0;CIDADE;COLISÃO TRASEIRA;1.0;1.0;0.0;0.0;0.0;0.0;0.0;0.0;0.0;1.0;0.0;Cruzamento;Bom;Sem defeito;Perfeito estado;Seca;Perfeito estado;Faixa de retenção;Não há placas;60 km/h;Dupla;Canteiro central;;;Manhã
3077;03/11/2020;15:59:00;COM VÍTIMA;FINALIZADA;IMBIRIBEIRA;RUA BARAO DE AGUA BRANCA;;RUA SARGENTO SILVINO DE MACEDO;PROXIMO A IGREJA CATEDRAL DA RECONCILIACAO E A ANATEL.;IMBIRIBEIRA;;;COLISÃO FRONTAL;1.0;1.0;0.0;0.0;0.0;0.0;0.0;0.0;0.0;1.0;0.0;Esquina;Bom;Não existe;Não existente;Seca;Perfeito estado;Não existe;Não há placas;;Dupla;Não existe;;;Tarde
3078;03/11/2020;18:54:00;COM VÍTIMA;FINALIZADA;TORRÕES;RUA DR MIGUEL VIEIRA FERREIRA;275;RUA CLAUDIO BROTHERHOOD;PROX AO EDF. OCEANO E BETO BEBIDAS;TORRÕES;;SUBURBIO;COLISÃO FRONTAL;3.0;0.0;0.0;0.0;0.0;0.0;0.0;0.0;0.0;1.0;0.0;Cruzamento;Bom;Não existe;Incompleta;Seca;Mal iluminada;Faixa de pedestre;Outras;30 km/h;Dupla;Faixa contínua;;;Noite
3079;04/11/2020;08:37:00;COM VÍTIMA;FINALIZADA;SANTO AMARO;RUA DOS PALMARES;547;;EM FRENTE AO COMANDO DA GUARDA;SANTO AMARO;;CIDADE;ABALROAMENTO LONGITUDINAL;1.0;1.0;0.0;0.0;0.0;0.0;0.0;0.0;0.0;1.0;0.0;Longo da via;Bom;Não existe;Perfeito estado;Seca;Perfeito estado;Não existe;Não há placas;60 km/h;Dupla;Faixa seccionada;Canteiro central;;Manhã
3080;04/11/2020;11:20:00;COM VÍTIMA;FINALIZADA;ARRUDA;AV BEBERIBE;;RUA SAO BENTO;;ARRUDA;64.0;SUBURBIO;ABALROAMENTO TRANSVERSAL;0.0;1.0;0.0;0.0;0.0;0.0;1.0;0.0;0.0;1.0;0.0;Cruzamento;Bom;Sem defeito;Perfeito estado;Seca;Perfeito estado;Faixa de pedestre;R-6a;30 km/h;Dupla;Não existe;;;Manhã
3081;04/11/2020;15:00:00;COM VÍTIMA;FINALIZADA;VÁRZEA;AV CAXANGA;;RUA RODRIGUES FERREIRA;PROXIMO AO RESIDENCIAL JD. CAXANGA;VÁRZEA;232.0;;ABALROAMENTO TRANSVERSAL;0.0;1.0;0.0;0.0;0.0;1.0;0.0;0.0;0.0;1.0;0.0;Longo da via;Bom;Sem defeito;Perfeito estado;Seca;Perfeito estado;Não existe;Não há placas;;Única;Não existe;;;Tarde
3082;04/11/2020;15:45:00;COM VÍTIMA;FINALIZADA;CASA FORTE;AV DEZESSETE DE AGOSTO;;RUA PIAUI;PROX AO HOSPITAL HEMILIO DE MORAIS;CASA FORTE;251.0;SUBURBIO;COLISÃO FRONTAL;1.0;1.0;0.0;0.0;0.0;0.0;0.0;0.0;0.0;1.0;0.0;Cruzamento;Bom;Sem defeito;Perfeito estado;Seca;Perfeito estado;Agente;R-6a;;Dupla;Faixa contínua;;;Tarde