indice;data;hora;natureza_acidente;situacao;bairro;endereco;numero;detalhe_endereco_acidente;complemento;bairro_cruzamento;num_semaforo;sentido_via;tipo;auto;moto;ciclom;ciclista;pedestre;onibus;caminhao;viatura;outros;vitimas;vitimasfatais;acidente_verificado;tempo_clima;situacao_semaforo;sinalizacao;condicao_via;conservacao_via;ponto_controle;situacao_placa;velocidade_max_via;mao_direcao;divisao_via1;divisao_via2;divisao_via3;turno
3083;04/11/2020;16:22:00;COM VÍTIMA;FINALIZADA;PARNAMIRIM;AV DEZESSETE DE AGOSTO;223;;50 METROS ANTES DA CULTURA INGLESA. PRAÇA JOSÉ VILELA.;PARNAMIRIM;;SUBURBIO;ABALROAMENTO LONGITUDINAL;1.0;1.0;0.0;0.0;0.0;1.0;0.0;0.0;0.0;1.0;0.0;Longo da via;Bom;Não existe;Perfeito estado;Seca;Perfeito estado;Não existe;Não há placas;;Dupla;Faixa contínua;;;Tarde
3084;04/11/2020;19:32:00;COM VÍTIMA;FINALIZADA;BOA VIAGEM;RUA SA E SOUZA;;RUA GENERAL SALGADO;AO LADO DA DROGARIA DROGAMAR.;BOA VIAGEM;;;ABALROAMENTO TRANSVERSAL;1.0;1.0;0.0;0.0;0.0;0.0;0.0;0.0;0.0;1.0;0.0;Cruzamento;Bom;Não existe;Perfeito estado;Seca;Perfeito estado;Não existe;Placas Pare;;Dupla;Faixa seccionada;;;Noite
3085;04/11/2020;20:26:00;COM VÍTIMA;FINALIZADA;FUNDÃO;RUA CORONEL URBANO RIBEIRO DE SENA;439;;PROX. A BARRIGUDA;FUNDÃO;;SUBURBIO;ABALROAMENTO TRANSVERSAL;1.0;1.0;0.0;0.0;0.0;0.0;0.0;0.0;0.0;1.0;0.0;Longo da via;Bom;Não existe;Perfeito estado;Seca;Perfeito estado;Não existe;;;Dupla;Faixa seccionada;;;Noite
3086;05/11/2020;08:55:00;COM VÍTIMA;FINALIZADA;ESTÂNCIA;AV DR JOSE RUFINO;;RUA HAVAI;PROX. A GALERIA MARGARIDA;ESTÂNCIA;;;ABALROAMENTO TRANSVERSAL;1.0;1.0;0.0;0.0;0.0;0.0;0.0;0.0;0.0;1.0;0.0;Cruzamento;Bom;Não existe;Perfeito estado;Seca;Perfeito estado;Não existe;Não há placas;40 km/h;Dupla;Faixa contínua;;;Manhã
3087;05/11/2020;11:21:00;SEM VÍTIMA;FINALIZADA;MADALENA;RUA BELARMINO CARNEIRO;;RUA MANOEL BERNARDES;PROX. A COMUNIDADE BATISTA;MADALENA;;;ENGAVETAMENTO;3.0;0.0;0.0;0.0;0.0;0.0;0.0;1.0;0.0;0.0;0.0;Cruzamento;Bom;Não existe;Não existente;Seca;Perfeito estado;Não existe;Não há placas;;Dupla;Não existe;;;Manhã
3088;05/11/2020;13:25:00;SEM VÍTIMA;FINALIZADA;COELHOS;RUA FRANCISCO ALVES;49;;PROX. AO IMIP;COELHOS;;;COLISÃO;2.0;0.0;0.0;0.0;0.0;0.0;0.0;0.0;0.0;0.0;0.0;Longo da via;Bom;Não existe;Perfeito estado;Seca;Perfeito estado;Outros;Outras;;Dupla;Faixa contínua;;;Tarde
3089;05/11/2020;13:54:00;COM VÍTIMA;FINALIZADA;CASA FORTE;AV DEZESSETE DE AGOSTO;1255;;ANTES DA PRAÇA VITORIA REGIA S/T CID ENTRE A FARMACIA DROGASIL E O POSTO PETROBRAS;CASA FORTE;;;ABALROAMENTO TRANSVERSAL;1.0;1.0;0.0;0.0;0.0;0.0;0.0;0.0;0.0;1.0;0.0;Longo da via;Bom;Não existe;Perfeito estado;Seca;Perfeito estado;Não existe;Outras;;Dupla;;;;Tarde
3090;05/11/2020;21:00:00;COM VÍTIMA;FINALIZADA;PINA;AV HERCULANO BANDEIRA;348;;APOS A IGREJA EM FRENTE A BIFURCAÇAO;PINA;;SUBURBIO;COLISÃO TRASEIRA;1.0;1.0;0.0;0.0;0.0;0.0;0.0;0.0;0.0;1.0;0.0;Longo da via;Bom;Não existe;Perfeito estado;Seca;Perfeito estado;Não existe;R-6a;50 km/h;Única;;;;Noite
3091;06/11/2020;01:29:00;SEM VÍTIMA;FINALIZADA;TEJIPIÓ;AV DR JOSE RUFINO;;;EM FRENTE A ESCOLA ALBERTO TORRES;TEJIPIÓ;;;COLISÃO;2.0;0.0;0.0;0.0;0.0;0.0;0.0;0.0;0.0;0.0;0.0;Longo da via;Chuvoso;Não existe;Perfeito estado;Molhada;Perfeito estado;;;;Dupla;Faixa contínua;;;Madrugada
3092;06/11/2020;08:22:00;COM VÍTIMA;FINALIZADA;JORDÃO;AV MARIA IRENE;55;RUA ANTONIO ROCHA;EM FRENTE AO MARTELINHO DE OURO ALTO CRUZ;JORDÃO;;CIDADE;ABALROAMENTO TRANSVERSAL;1.0;1.0;0.0;0.0;0.0;0.0;0.0;0.0;0.0;1.0;0.0;Cruzamento;Bom;Não existe;Perfeito estado;Seca;Perfeito estado;Não existe;Não há placas;;Dupla;Faixa contínua;;;Manhã
3093;06/11/2020;10:05:00;COM VÍTIMA;FINALIZADA;SÃO JOSÉ;RUA IMPERIAL;;PRC SERGIO LORETO;;SÃO JOSÉ;408.0;CIDADE;ATROPELAMENTO;0.0;1.0;0.0;0.0;1.0;0.0;0.0;0.0;0.0;1.0;0.0;Longo da via;Bom;Sem defeito;Perfeito estado;Seca;Perfeito estado;Não existe;Não há placas;;Única;Não existe;;;Manhã
3094;06/11/2020;12:15:00;SEM VÍTIMA;FINALIZADA;SANTO AMARO;RUA DA UNIAO;;RUA PRINCESA IZABEL;NA RUA DA ASSEMBLEA LEGISLATIVA;SANTO AMARO;;;COLISÃO;1.0;1.0;0.0;0.0;0.0;0.0;0.0;0.0;0.0;0.0;0.0;;;;;;;;;;;;;;Tarde
3095;06/11/2020;12:36:00;COM VÍTIMA;FINALIZADA;AFOGADOS;RUA SAO MIGUEL;1204;RUA DONA MARIA DE ANGELIS;EM FRENTE CLINICA JAILME CORDEIRO- AO LADO DO CHINA IN BOX;AFOGADOS;;CIDADE;ABALROAMENTO LONGITUDINAL;1.0;1.0;0.0;0.0;0.0;0.0;0.0;0.0;0.0;1.0;0.0;Esquina;Bom;Não existe;Perfeito estado;Seca;Perfeito estado;Outros;Outras;50 km/h;Dupla;Faixa;;;Tarde
3096;06/11/2020;13:07:00;COM VÍTIMA;FINALIZADA;APIPUCOS;RUA DE APIPUCOS;;RUA MANDACARU;EM FRENTE AO RESIDENCIAL E PARQUE APIPUCOS.;APIPUCOS;500.0;CIDADE;COLISÃO FRONTAL;1.0;1.0;0.0;0.0;0.0;0.0;0.0;0.0;0.0;1.0;0.0;Longo da via;Bom;;Perfeito estado;Seca;Perfeito estado;;;50 km/h;Dupla;Faixa contínua;;;Tarde
3097;06/11/2020;14:33:00;COM VÍTIMA;FINALIZADA;PINA;AV HERCULANO BANDEIRA;;RUA NOGUEIRA DE SOUZA;INÍCIO DA AV HERCULANO BANDEIRA. EM FRENTE A MERCEDES BENZ.;PINA;657.0;SUBURBIO;ABALROAMENTO LONGITUDINAL;2.0;1.0;0.0;0.0;0.0;0.0;0.0;0.0;0.0;2.0;0.0;Longo da via;Bom;Sem defeito;Perfeito estado;Seca;Perfeito estado;Faixa de pedestre;Não há placas;60 km/h;Única;Faixa seccionada;;;Tarde
3098;06/11/2020;19:42:00;COM VÍTIMA;FINALIZADA;VÁRZEA;RUA TENENTE ROLAND RITTMISTER;37;;PROX AO BAR DE QUETA. ASSOCIAÇÃO DOS MORADORES.;VÁRZEA;;SUBURBIO;CHOQUE VEÍCULO PARADO;1.0;1.0;0.0;0.0;0.0;0.0;0.0;0.0;0.0;1.0;0.0;Longo da via;Bom;Não existe;Perfeito estado;Seca;Perfeito estado;Não existe;Não há placas;;Dupla;Faixa contínua;;;Noite
3099;06/11/2020;19:52:00;COM VÍTIMA;FINALIZADA;IBURA;AV SANTOS;186B;RUA PARNARAMA;EM FRENTE A ASSISTÊNCIA TÉCNICA.;IBURA;;CIDADE;COLISÃO;0.0;2.0;0.0;0.0;0.0;0.0;0.0;0.0;0.0;2.0;0.0;Longo da via;Bom;Não existe;Incompleta;Seca;Mal conservada;Não existe;Não há placas;;Dupla;Faixa seccionada;;;Noite
3100;06/11/2020;22:15:00;COM VÍTIMA;FINALIZADA;IPSEP;RUA RIO DOCE;500;RUA PINTOR ANTONIO ALBUQUERQUE;SINDICATO DOS MOTORISTAS;IPSEP;;SUBURBIO;COLISÃO FRONTAL;1.0;1.0;0.0;0.0;0.0;0.0;0.0;0.0;0.0;1.0;0.0;Cruzamento;Bom;Não existe;Perfeito estado;Seca;Perfeito estado;Faixa de pedestre;Não há placas;;Dupla;Faixa contínua;;;Noite
3101;07/11/2020;09:09:00;COM VÍTIMA;FINALIZADA;CAMPO GRANDE;RUA ODORICO MENDES;100;;EM FRENTE AO RESIDENCIAL AUGUSTO LUCENA;CAMPO GRANDE;;SUBURBIO;ABALROAMENTO TRANSVERSAL;1.0;1.0;0.0;0.0;0.0;0.0;0.0;0.0;0.0;1.0;0.0;Longo da via;Bom;Não existe;Incompleta;Seca;Perfeito estado;Não existe;Não há placas;;Dupla;Faixa seccionada;;;Manhã
3102;07/11/2020;14:02:00;COM VÍTIMA;FINALIZADA;ARRUDA;RUA DO MACHADO;;RUA ZEFERINO AGRA;IGREJA BATISTA DO ARRUDA.;ARRUDA;;;COLISÃO FRONTAL;1.0;1.0;0.0;0.0;0.0;0.0;0.0;0.0;0.0;1.0;0.0;Cruzamento;Bom;Não existe;Perfeito estado;Seca;Perfeito estado;Faixa de pedestre;R-6a;;Dupla;Faixa seccionada;;;Tarde
3103;07/11/2020;14:42:00;SEM VÍTIMA;FINALIZADA;;RUA DR BENIGNO JORDAO DE VASCONCELOS;386;;PROXIMO A IGREJA CATOLICA DE LAGOA ENCANTADA;;;SUBURBIO;ABALROAMENTO LONGITUDINAL;2.0;0.0;0.0;0.0;0.0;0.0;0.0;0.0;0.0;0.0;0.0;Longo da via;Bom;Não existe;Perfeito estado;Seca;Perfeito estado;;Outras;30 km/h;Dupla;Faixa seccionada;;;Tarde
3104;07/11/2020;22:20:00;COM VÍTIMA;FINALIZADA;SANTO AMARO;AV JOAO DE BARROS;594;;CONSERVATORIO PERNAMBUCANO DE MUSICA;SANTO AMARO;;SUBURBIO;COLISÃO TRASEIRA;2.0;0.0;0.0;0.0;0.0;0.0;0.0;0.0;0.0;1.0;0.0;Longo da via;Chuvoso;Sem defeito;Perfeito estado;Molhada;Perfeito estado;Faixa de pedestre;Outras;;Única;Não existe;;;Noite
3105;08/11/2020;02:35:00;SEM VÍTIMA;FINALIZADA;BOA VISTA;AV CONDE DA BOA VISTA;357A;RUA DAS NINFAS;CASA AFRICANA;BOA VISTA;681.0;SUBURBIO;CHOQUE VEÍCULO PARADO;1.0;1.0;0.0;0.0;0.0;0.0;0.0;0.0;0.0;0.0;0.0;Longo da via;Bom;Intermitente;Perfeito estado;Seca;Perfeito estado;Faixa de pedestre;;;Única;Faixa contínua;;;Madrugada
3106;08/11/2020;04:56:00;SEM VÍTIMA;FINALIZADA;JORDÃO;AV MARIA IRENE;;;MURO DA BASE ÁEREA;JORDÃO;;;CHOQUE OBJETO FIXO;1.0;0.0;0.0;0.0;0.0;0.0;0.0;0.0;0.0;0.0;0.0;;;;;;;;;;;;;;Madrugada
3107;08/11/2020;10:57:00;SEM VÍTIMA;FINALIZADA;BOA VIAGEM;AV BOA VIAGEM;2784;;APÓS A PADARIA BOA VIAGEM;BOA VIAGEM;;CIDADE;CHOQUE VEÍCULO PARADO;3.0;0.0;0.0;0.0;0.0;0.0;0.0;0.0;0.0;0.0;0.0;Longo da via;Bom;Não existe;Perfeito estado;Seca;Perfeito estado;Não existe;Não há placas;;Única;Faixa seccionada;;;Manhã
3108;08/11/2020;13:25:00;COM VÍTIMA;FINALIZADA;MADALENA;AV VISCONDE DE ALBUQUERQUE;400;RUA LOPES DE CARVALHO;EM FRENTE A LOJA SPUK- AO LADO DO CENTRO ESPIRITA QUINTA LUZ. GALERIA MADALENA CENTER.;MADALENA;;TORRE;ABALROAMENTO TRANSVERSAL;1.0;1.0;0.0;0.0;0.0;0.0;0.0;0.0;0.0;1.0;0.0;Cruzamento;Bom;Não existe;Perfeito estado;Seca;Perfeito estado;Não existe;Placas Pare;;Única;Faixa seccionada;;;Tarde
3109;08/11/2020;14:23:00;COM VÍTIMA;FINALIZADA;ROSARINHO;RUA AMARO COUTINHO;;AV SANTOS DUMONT;AO LADO DA PRAÇA DO ROSARINHO;ROSARINHO;;;ABALROAMENTO TRANSVERSAL;1.0;1.0;0.0;0.0;0.0;0.0;0.0;0.0;0.0;1.0;0.0;Cruzamento;Bom;Não existe;Perfeito estado;Seca;Perfeito estado;Não existe;Placas Pare;40 km/h;Dupla;Faixa seccionada;;;Tarde
3110;08/11/2020;15:44:00;SEM VÍTIMA;FINALIZADA;IMBIRIBEIRA;RUA ITACARI;;AV MARECHAL MASCARENHAS DE MORAES;;IMBIRIBEIRA;;;CHOQUE;0.0;0.0;0.0;0.0;0.0;0.0;0.0;0.0;0.0;0.0;0.0;;;;;;;;;;;;;;Tarde
3111;08/11/2020;16:11:00;COM VÍTIMA;FINALIZADA;LINHA DO TIRO;RUA URIEL DE HOLANDA;515A;;EM FRENTE AO NUMERO 515A. LADO OPOSTO AO LAVA JATO DEUS É FIEL.;LINHA DO TIRO;;PRAÇA DA CONVENÇÃO;COLISÃO FRONTAL;1.0;1.0;0.0;0.0;0.0;0.0;0.0;0.0;0.0;1.0;0.0;Longo da via;Bom;Não existe;Incompleta;Seca;Perfeito estado;Não existe;R-6a;;Dupla;Não existe;;;Tarde
3112;08/11/2020;19:00:00;COM VÍTIMA;FINALIZADA;IBURA;AV DOM HELDER CAMARA;309;;AO LADO DA MOTO SHOW DISTRIBUIDORA- PROXIMO DO FORMAQUINAS. PARADA DE ÔNIBUS 020180.;IBURA;;CIDADE;CHOQUE VEÍCULO PARADO;0.0;1.0;0.0;0.0;0.0;1.0;0.0;0.0;0.0;1.0;0.0;Longo da via;Bom;Não existe;Perfeito estado;Seca;Perfeito estado;;;;;;;;Noite
3113;08/11/2020;19:40:00;COM VÍTIMA;FINALIZADA;CAMPO GRANDE;RUA PITIGUARAS;470;RUA ESBERARD;PROX. A COMUNIDADE DO CHIE;CAMPO GRANDE;;SUBURBIO;CHOQUE VEÍCULO PARADO;1.0;0.0;0.0;0.0;0.0;0.0;1.0;0.0;0.0;1.0;0.0;Longo da via;Chuvoso;Não existe;Incompleta;Molhada;Mal conservada;Não existe;Não há placas;;Dupla;Não existe;;;Noite
3114;09/11/2020;02:58:00;SEM VÍTIMA;FINALIZADA;TAMARINEIRA;AV CONS ROSA E SILVA;;RUA CONEGO BARATA;;TAMARINEIRA;;;COLISÃO;1.0;0.0;0.0;0.0;0.0;0.0;1.0;0.0;0.0;0.0;0.0;Cruzamento;Chuvoso;Sem defeito;Perfeito estado;Molhada;Perfeito estado;Faixa de pedestre;Outras;;;;;;Madrugada
3115;09/11/2020;08:46:00;COM VÍTIMA;FINALIZADA;ILHA DO LEITE;AV BEIRA RIO;-8.0667434- -34.8967541;;AO LADO DO HOSPITAL ESPERANÇA- EMBAIXO DO VIADUTO JOSÉ DE BARROS LIMA.;ILHA DO LEITE;;ILHA DO LEITE;COLISÃO TRASEIRA;1.0;1.0;0.0;0.0;0.0;0.0;0.0;0.0;0.0;1.0;0.0;Longo da via;Bom;Não existe;Perfeito estado;Seca;Perfeito estado;Não existe;Não há placas;40 km/h;;Faixa seccionada;;;Manhã
3116;09/11/2020;12:14:00;COM VÍTIMA;FINALIZADA;PARNAMIRIM;RUA FERREIRA LOPES;249;;LADO OPOSTO AO EDIFICIO TIGNANELLO;PARNAMIRIM;;EST. ENCANAMENTO;ABALROAMENTO LONGITUDINAL;1.0;1.0;0.0;0.0;0.0;0.0;0.0;0.0;0.0;1.0;0.0;Longo da via;Bom;Sem defeito;Perfeito estado;Seca;Perfeito estado;Não existe;Não há placas;;Dupla;Faixa seccionada;;;Tarde
3117;09/11/2020;12:34:00;COM VÍTIMA;FINALIZADA;ENCRUZILHADA;AV BEBERIBE;259;RUA PROFESSOR MIRANDA CURIO;PROXIMO A AUTO ESCOLA NOVA YORK/ SENTIDO ARRUDA;ENCRUZILHADA;;SUBURBIO;ABALROAMENTO TRANSVERSAL;1.0;1.0;0.0;0.0;0.0;0.0;0.0;0.0;0.0;1.0;0.0;Longo da via;Bom;Não existe;Perfeito estado;Seca;Perfeito estado;Não existe;Outras;;Dupla;Faixa seccionada;;;Tarde
3118;09/11/2020;14:09:00;COM VÍTIMA;FINALIZADA;ÁGUA FRIA;AV BEBERIBE;2202;RUA DA REGENERACAO;NO LARGO DE AGUA FRIA E/F AO POSTO DE GASOLINA IPIRANGA;ÁGUA FRIA;187.0;SUBURBIO;ATROPELAMENTO;1.0;0.0;0.0;0.0;1.0;0.0;0.0;0.0;0.0;2.0;0.0;Longo da via;Bom;Sem defeito;Perfeito estado;Seca;Perfeito estado;Faixa de pedestre;;40 km/h;Dupla;Faixa contínua;;;Tarde
3119;09/11/2020;14:25:00;COM VÍTIMA;FINALIZADA;SANTO ANTÔNIO;AV GUARARAPES;161;;E/F A CAIXA ECONOMICA DA GUARARAPES;SANTO ANTÔNIO;603.0;CIDADE;ATROPELAMENTO;1.0;0.0;0.0;0.0;1.0;0.0;0.0;0.0;0.0;1.0;0.0;Longo da via;Bom;Sem defeito;Perfeito estado;Seca;Perfeito estado;Faixa de pedestre;Outras;;Dupla;Faixa seccionada;Canteiro central;;Tarde
3120;09/11/2020;15:16:00;COM VÍTIMA;FINALIZADA;BOA VISTA;AV GOVERNADOR AGAMENON MAGALHAES;;RUA DR BANDEIRA FILHO;E/F AO AO WALMART NO SEMAFORO 173;BOA VISTA;173.0;SUBURBIO;COLISÃO TRASEIRA;1.0;1.0;0.0;0.0;0.0;0.0;0.0;0.0;0.0;1.0;0.0;Longo da via;Bom;Sem defeito;Perfeito estado;Seca;Perfeito estado;;R-6a;60 km/h;Dupla;Canteiro central;;;Tarde
3121;09/11/2020;16:07:00;COM VÍTIMA;FINALIZADA;MADALENA;AV CAXANGA;1086;;EM FRENTE A IGREJA UNIVERSAL.;MADALENA;;SUBURBIO;COLISÃO COM CICLISTA;0.0;0.0;0.0;1.0;0.0;1.0;1.0;0.0;0.0;1.0;0.0;Longo da via;Bom;Não existe;Perfeito estado;Seca;Perfeito estado;;Outras;;Dupla;Canteiro central;;;Tarde
3122;09/11/2020;17:51:00;COM VÍTIMA;FINALIZADA;CAMPO GRANDE;RUA PROFESSOR FRANCISCO DA TRINDADE;481;RUA CATULO DA PAIXAO CEARENSE;PROXIMO AO ATELIER FRANCISCO FERREIRA;CAMPO GRANDE;;OLINDA;ABALROAMENTO TRANSVERSAL;1.0;2.0;0.0;0.0;0.0;0.0;0.0;0.0;0.0;2.0;0.0;Cruzamento;Chuvoso;Não existe;Perfeito estado;Seca;Perfeito estado;Faixa de retenção;Placas Pare;;Dupla;Faixa seccionada;;;Tarde
3123;09/11/2020;17:55:00;COM VÍTIMA;FINALIZADA;JOANA BEZERRA;RUA DOM PAULO II;-8.071333- -34.895516;;LADO OPOSTO AO FORUM JOANA BEZERRA S/T BOA VIAGEM;JOANA BEZERRA;;SUBURBIO;COLISÃO COM CICLISTA;1.0;1.0;0.0;1.0;0.0;0.0;0.0;0.0;0.0;1.0;0.0;Longo da via;Chuvoso;Não existe;Perfeito estado;Molhada;Perfeito estado;Não existe;Não há placas;60 km/h;Única;Faixa seccionada;;;Tarde
3124;09/11/2020;18:20:00;COM VÍTIMA;FINALIZADA;MACAXEIRA;RUA CORONEL JOAO BATISTA DO REGO BARROS;101;;AO LADO DO PARQUE DA MACAXEIRA;MACAXEIRA;;CIDADE;ATROPELAMENTO;0.0;1.0;0.0;0.0;1.0;0.0;0.0;0.0;0.0;1.0;0.0;Longo da via;Bom;Não existe;Perfeito estado;Seca;Perfeito estado;Não existe;Outras;;Dupla;Não existe;;;Noite
3125;09/11/2020;20:04:00;SEM VÍTIMA;FINALIZADA;SANTO AMARO;AV GOVERNADOR AGAMENON MAGALHAES;;;ENF A REITORIA DA UPE VIA PRINCIPAL;SANTO AMARO;;;COLISÃO;1.0;0.0;0.0;0.0;0.0;0.0;0.0;1.0;0.0;0.0;0.0;Longo da via;Bom;Não existe;Perfeito estado;Seca;Perfeito estado;Não existe;;60 km/h;Dupla;Canteiro central;;;Noite
3126;09/11/2020;21:23:00;COM VÍTIMA;FINALIZADA;TOTÓ;RUA DES PAULO ANDRE;91;;AO LADO DA PADARIA ONZE DE AGOSTO / BIDO KRAUSE.;TOTÓ;;SUBURBIO;COLISÃO FRONTAL;1.0;1.0;0.0;0.0;0.0;0.0;0.0;0.0;0.0;1.0;0.0;Longo da via;Bom;Não existe;Perfeito estado;Seca;Perfeito estado;Não existe;Não há placas;;Dupla;Não existe;;;Noite
3127;10/11/2020;08:22:00;COM VÍTIMA;FINALIZADA;IPSEP;AV RECIFE;3592;;EM FRENTE A RECIFE HONDA MOTOS;IPSEP;;BOA VIAGEM;COLISÃO TRASEIRA;1.0;1.0;0.0;0.0;0.0;0.0;0.0;0.0;0.0;2.0;0.0;Longo da via;Bom;Não existe;Perfeito estado;Seca;Perfeito estado;Outros;Outras;;Dupla;Faixa contínua;Faixa seccionada;Canteiro central;Manhã
3128;10/11/2020;08:32:00;COM VÍTIMA;FINALIZADA;ROSARINHO;AV NORTE;3533;;EM FRENTE AO RESIDENCIAL SANTA LUZIA;ROSARINHO;;CIDADE;COLISÃO TRASEIRA;0.0;1.0;1.0;0.0;0.0;0.0;0.0;0.0;0.0;1.0;0.0;Longo da via;Chuvoso;Sem defeito;Perfeito estado;Molhada;Perfeito estado;Não existe;Não há placas;60 km/h;Única;Faixa seccionada;;;Manhã
3129;10/11/2020;09:30:00;COM VÍTIMA;FINALIZADA;IPUTINGA;AV CAXANGA;;AV PROFESSOR JOAQUIM CAVALCANTI;EMBAIXO DO VIADUTO -APÓS A SUPLANOR;IPUTINGA;;SUBURBIO;COLISÃO COM CICLISTA;1.0;0.0;0.0;1.0;0.0;0.0;0.0;0.0;0.0;1.0;0.0;Cruzamento;Bom;Não existe;Perfeito estado;Seca;Perfeito estado;Não existe;;60 km/h;Dupla;Faixa contínua;Faixa seccionada;Canteiro central;Manhã
3130;10/11/2020;09:33:00;COM VÍTIMA;FINALIZADA;TAMARINEIRA;RUA CONEGO BARATA;275;;AO LADO DA FERREIRA COSTA;TAMARINEIRA;;CIDADE;ENGAVETAMENTO;5.0;0.0;0.0;0.0;0.0;0.0;0.0;0.0;0.0;1.0;0.0;Longo da via;Bom;Não existe;Perfeito estado;Seca;Perfeito estado;Outros;R-6a;;Dupla;Faixa seccionada;Canteiro central;;Manhã
3131;10/11/2020;09:37:00;COM VÍTIMA;FINALIZADA;BARRO;AV DR JOSE RUFINO;;RUA MAJOR CHAGAS DE OLIVEIRA;EM CIMA DO VIADUTO. AO LADO DA SERRALHARIA GUEDES.;BARRO;;;COLISÃO FRONTAL;1.0;1.0;0.0;0.0;0.0;0.0;0.0;0.0;0.0;1.0;0.0;Cruzamento;Bom;Não existe;Perfeito estado;Seca;Perfeito estado;Não existe;Não há placas;;Dupla;Faixa contínua;;;Manhã
3132;10/11/2020;09:45:00;COM VÍTIMA;FINALIZADA;PINA;AV HERCULANO BANDEIRA;949;RUA ARQUITETO AUGUSTO REINALDO;EM FRENTE AO ATACADO DOS PRESENTES E A PARVI.;PINA;660.0;SUBURBIO;COLISÃO TRASEIRA;0.0;2.0;0.0;0.0;0.0;0.0;0.0;0.0;0.0;1.0;0.0;Longo da via;Bom;Sem defeito;Perfeito estado;Seca;Perfeito estado;Não existe;Não há placas;60 km/h;Única;Faixa seccionada;;;Manhã
3133;10/11/2020;12:46:00;COM VÍTIMA;FINALIZADA;HIPÓDROMO;EST DE BELEM;84;RUA DONA ELVIRA;EM FRENTE A QUITANDARIA / PROX A IGREJA DE BELEM;HIPÓDROMO;;SUBURBIO;ABALROAMENTO LONGITUDINAL;1.0;0.0;0.0;0.0;0.0;0.0;1.0;0.0;0.0;1.0;0.0;Longo da via;Bom;Não existe;Perfeito estado;Seca;Perfeito estado;Não existe;R-6b;;Dupla;Não existe;;;Tarde
3134;10/11/2020;14:48:00;COM VÍTIMA;FINALIZADA;PRADO;RUA GOMES TABORDA;284;;DEPOIS DO BAR DO PERFUMADO. LADO OPOSTO AO TERRENO DO JOCKEY CLUB DE PERNAMBUCO.;PRADO;;SUBURBIO;ABALROAMENTO LONGITUDINAL;1.0;1.0;0.0;0.0;0.0;0.0;0.0;0.0;0.0;2.0;0.0;Longo da via;Bom;Não existe;Não existente;Seca;Perfeito estado;Não existe;Não há placas;;Dupla;Faixa seccionada;;;Tarde
3135;10/11/2020;19:44:00;COM VÍTIMA;FINALIZADA;CAXANGÁ;AV CAXANGA;;PRC DO CAXANGA;NA SAIDA DA INTEGRAÇÃO DA CAXANGÁ;CAXANGÁ;262.0;SUBURBIO;ABALROAMENTO TRANSVERSAL;0.0;1.0;0.0;0.0;0.0;1.0;0.0;0.0;0.0;1.0;0.0;Cruzamento;Bom;Sem defeito;Perfeito estado;Seca;Perfeito estado;;Não há placas;60 km/h;Dupla;Canteiro central;;;Noite
3136;10/11/2020;21:15:00;SEM VÍTIMA;FINALIZADA;BOA VISTA;RUA DA CONCEICAO;;;POR TRAS DO ATACADO DOS PRESENTES- PROXIMO DO COLEGIO E CURSO BANDEIRA;BOA VISTA;;;COLISÃO;2.0;0.0;0.0;0.0;0.0;0.0;0.0;0.0;0.0;0.0;0.0;;;;;;;;;;;;;;Noite
3137;10/11/2020;22:25:00;COM VÍTIMA;FINALIZADA;AFOGADOS;RUA SAO MIGUEL;2035;;NA QUADRA EM FRENTE DO POSTO IPIRANGA;AFOGADOS;;SUBURBIO;ABALROAMENTO TRANSVERSAL;1.0;2.0;0.0;0.0;0.0;0.0;0.0;0.0;0.0;1.0;0.0;Longo da via;Bom;Não existe;Perfeito estado;Seca;Perfeito estado;Não existe;Não há placas;;Dupla;Faixa seccionada;;;Noite
3138;11/11/2020;08:24:00;COM VÍTIMA;FINALIZADA;IPUTINGA;AV MAURICIO DE NASSAU;2075;;EM FRENTE AO HOSPITAL FUNDAÇÃO ALTINO VENTURA;IPUTINGA;645.0;CIDADE;ABALROAMENTO TRANSVERSAL;1.0;1.0;0.0;0.0;0.0;0.0;0.0;0.0;0.0;1.0;0.0;Longo da via;Bom;Sem defeito;Perfeito estado;Seca;Perfeito estado;Faixa de pedestre;Não há placas;;Dupla;Faixa contínua;;;Manhã
3139;11/11/2020;09:52:00;COM VÍTIMA;FINALIZADA;JIQUIÁ;RUA SAO MIGUEL;1892;;;JIQUIÁ;;SUBURBIO;COLISÃO COM CICLISTA;0.0;1.0;0.0;1.0;0.0;0.0;0.0;0.0;0.0;2.0;0.0;Longo da via;Bom;Não existe;Perfeito estado;Seca;Perfeito estado;;Não há placas;40 km/h;Dupla;Faixa contínua;;;Manhã
3140;11/11/2020;10:42:00;COM VÍTIMA;FINALIZADA;SANTO AMARO;RUA DOS PALMARES;158;;PARTIDO DO TRABALHADOR- POSTE B022084;SANTO AMARO;;CIDADE;ABALROAMENTO LONGITUDINAL;1.0;1.0;0.0;0.0;0.0;0.0;0.0;0.0;0.0;1.0;0.0;Longo da via;Bom;Não existe;Perfeito estado;Seca;Perfeito estado;Outros;Outras;;Única;Não existe;;;Manhã