indice;data;hora;natureza_acidente;situacao;bairro;endereco;numero;detalhe_endereco_acidente;complemento;bairro_cruzamento;num_semaforo;sentido_via;tipo;auto;moto;ciclom;ciclista;pedestre;onibus;caminhao;viatura;outros;vitimas;vitimasfatais;acidente_verificado;tempo_clima;situacao_semaforo;sinalizacao;condicao_via;conservacao_via;ponto_controle;situacao_placa;velocidade_max_via;mao_direcao;divisao_via1;divisao_via2;divisao_via3;turno
3141;11/11/2020;11:29:00;COM VÍTIMA;FINALIZADA;DERBY;AV GOVERNADOR AGAMENON MAGALHAES;;RUA HENRIQUE DIAS;;DERBY;68.0;CIDADE;COLISÃO TRASEIRA;1.0;1.0;0.0;0.0;0.0;0.0;0.0;0.0;0.0;1.0;0.0;Cruzamento;Bom;Sem defeito;Perfeito estado;Seca;Perfeito estado;Agente;Não há placas;;Única;Não existe;;;Manhã
3142;11/11/2020;12:25:00;COM VÍTIMA;FINALIZADA;SANTO AMARO;RUA DOS PALMARES;1301;;LADO OPOSTO AO PROCAPE;SANTO AMARO;;CIDADE;ABALROAMENTO LONGITUDINAL;1.0;1.0;0.0;0.0;0.0;0.0;0.0;0.0;0.0;1.0;0.0;Longo da via;Bom;Não existe;;Seca;Outros;Não existe;R-6a;;Única;Faixa seccionada;;;Tarde
3143;11/11/2020;14:12:00;SEM VÍTIMA;FINALIZADA;AFOGADOS;RUA MOTOCOLOMBO;228;;PRÓXIMO AO TROCÃO;AFOGADOS;;SUBURBIO;ABALROAMENTO LONGITUDINAL;2.0;0.0;0.0;0.0;0.0;0.0;0.0;0.0;0.0;0.0;0.0;Longo da via;Bom;Sem defeito;Perfeito estado;Seca;Perfeito estado;Faixa de retenção;Não há placas;;Única;Não existe;;;Tarde
3144;11/11/2020;14:28:00;COM VÍTIMA;FINALIZADA;CAMPO GRANDE;RUA VISCONDE DE CAIRU;74;RUA HAMILTON RIBEIRO;PROXIMO AO CLUBE DAS PAS;CAMPO GRANDE;;SUBURBIO;COLISÃO FRONTAL;1.0;1.0;0.0;0.0;0.0;0.0;0.0;0.0;0.0;1.0;0.0;Esquina;Bom;Não existe;Não existente;Seca;Perfeito estado;Não existe;Não há placas;;;;;;Tarde
3145;11/11/2020;18:11:00;COM VÍTIMA;FINALIZADA;TAMARINEIRA;AV NORTE;;RUA IAPU;APÓS O CRUZAMENTO DA CONEGO BARATA;TAMARINEIRA;;SUBURBIO;ABALROAMENTO LONGITUDINAL;0.0;2.0;0.0;0.0;0.0;0.0;0.0;0.0;0.0;2.0;0.0;Cruzamento;Bom;Não existe;Perfeito estado;Seca;Perfeito estado;Não existe;Não há placas;40 km/h;Dupla;Canteiro central;;;Noite
3146;11/11/2020;20:21:00;COM VÍTIMA;FINALIZADA;CAXANGÁ;AV CAXANGA;;RUA RODRIGUES FERREIRA;E/F A ASSEMBLEIA DE DEUS / SEMAFORO 232;CAXANGÁ;;;COLISÃO;0.0;1.0;0.0;0.0;0.0;1.0;0.0;0.0;0.0;1.0;0.0;;;;;;;;;;;;;;Noite
3147;11/11/2020;20:45:00;COM VÍTIMA;FINALIZADA;CASA FORTE;AV DEZESSETE DE AGOSTO;1691;EST DAS UBAIAS;PROX AO FORTE FESTA;CASA FORTE;469.0;SUBURBIO;ABALROAMENTO LONGITUDINAL;1.0;1.0;0.0;0.0;0.0;0.0;0.0;0.0;0.0;1.0;0.0;Cruzamento;Bom;Sem defeito;Perfeito estado;Seca;Perfeito estado;Faixa de pedestre;Outras;;Dupla;Faixa contínua;;;Noite
3148;12/11/2020;07:09:00;COM VÍTIMA;FINALIZADA;JAQUEIRA;AV PARNAMIRIM;25;RUA LEONARDO BEZERRA CAVALCANTE;AO LADO DO HOSPITAL MARIA LUCINDA / E EM FRENTE AO LABORATORIO A MAIS . EDF. PRÍNCIPE DE CASTELLAS.;JAQUEIRA;460.0;;COLISÃO COM CICLISTA;1.0;0.0;0.0;1.0;0.0;0.0;0.0;0.0;0.0;1.0;0.0;Longo da via;Bom;Sem defeito;Ilegível;Seca;Perfeito estado;Agente;R-6a;;Dupla;Faixa seccionada;;;Manhã
3149;12/11/2020;07:21:00;COM VÍTIMA;FINALIZADA;IMBIRIBEIRA;AV ENGENHEIRO ALVES DE SOUZA;416;;EM FRENT SUB ESTAÇAO DA CELPE;IMBIRIBEIRA;;CIDADE;ABALROAMENTO LONGITUDINAL;1.0;0.0;0.0;0.0;0.0;0.0;1.0;0.0;0.0;1.0;0.0;Longo da via;Bom;Não existe;Perfeito estado;Seca;Perfeito estado;Não existe;Não há placas;;Dupla;Faixa seccionada;;;Manhã
3150;12/11/2020;07:45:00;COM VÍTIMA;FINALIZADA;BARRO;AV DR JOSE RUFINO;2365;RUA CAPITAO PONCIANO;AO LADO DA IGREJA DO BARRO;BARRO;;SUBURBIO;ABALROAMENTO TRANSVERSAL;1.0;1.0;0.0;0.0;0.0;0.0;0.0;0.0;0.0;1.0;0.0;Cruzamento;Bom;Não existe;Incompleta;Seca;Perfeito estado;Não existe;Placas Pare;;Dupla;Faixa contínua;Faixa seccionada;;Manhã
3151;12/11/2020;14:33:00;COM VÍTIMA;FINALIZADA;BARRO;AV DR JOSE RUFINO;2906;;PROX AO CONJUTO RESIDENCIAL PEDRO MACHADO;BARRO;;SUBURBIO;ABALROAMENTO LONGITUDINAL;1.0;1.0;0.0;0.0;0.0;0.0;0.0;0.0;0.0;2.0;0.0;Longo da via;Bom;Não existe;Perfeito estado;Seca;Perfeito estado;Não existe;Outras;60 km/h;Dupla;Faixa contínua;Faixa seccionada;;Tarde
3152;12/11/2020;15:40:00;COM VÍTIMA;FINALIZADA;IPUTINGA;RUA BOM PASTOR;430;1 TRV JUSTICA E PAZ;EM FRENTE A GALERIA MARCELA CENTER;IPUTINGA;;;COLISÃO FRONTAL;1.0;1.0;0.0;0.0;0.0;0.0;0.0;0.0;0.0;1.0;0.0;Longo da via;Bom;Não existe;;Seca;;Não existe;R-6b;;Dupla;Não existe;;;Tarde
3153;12/11/2020;16:20:00;SEM VÍTIMA;FINALIZADA;IMBIRIBEIRA;RUA SARGENTO SILVINO DE MACEDO;71;;;IMBIRIBEIRA;;SUBURBIO;COLISÃO TRASEIRA;2.0;0.0;0.0;0.0;0.0;0.0;0.0;0.0;0.0;0.0;0.0;Longo da via;Bom;Não existe;Perfeito estado;Seca;Perfeito estado;Não existe;Não há placas;;Dupla;Faixa contínua;;;Tarde
3154;12/11/2020;17:00:00;COM VÍTIMA;FINALIZADA;IMBIRIBEIRA;AV DOM JOAO VI;;RUA JOSE DA SILVA LUCENA;AO LADO DO COLÉGIO GGE.;IMBIRIBEIRA;669.0;SUBURBIO;COLISÃO FRONTAL;0.0;2.0;0.0;0.0;0.0;0.0;1.0;0.0;0.0;1.0;0.0;Longo da via;Bom;Sem defeito;Perfeito estado;Seca;Perfeito estado;Faixa de pedestre;Placas Dê a preferência;50 km/h;Única;Não existe;;;Tarde
3155;12/11/2020;20:14:00;COM VÍTIMA;FINALIZADA;BOA VIAGEM;RUA VISCONDE DE JEQUITINHONHA;;RUA BALTAZAR PASSOS;LADO ESQUERDO DA JEQUITINHONHA- AO LADO DO EDIFICIO COSTA DOS NAVEGANTES;BOA VIAGEM;154.0;SUBURBIO;ABALROAMENTO LONGITUDINAL;1.0;1.0;0.0;0.0;0.0;0.0;0.0;0.0;0.0;1.0;0.0;Cruzamento;Bom;Sem defeito;Perfeito estado;Seca;Perfeito estado;Faixa de pedestre;Não há placas;;Dupla;Faixa contínua;;;Noite
3156;12/11/2020;21:31:00;COM VÍTIMA;FINALIZADA;IMBIRIBEIRA;AV MARECHAL MASCARENHAS DE MORAES;5313;;EM FRENTE AO HOTEL IBIS HOTEL;IMBIRIBEIRA;;CIDADE;CHOQUE OBJETO FIXO;0.0;1.0;0.0;0.0;0.0;0.0;0.0;0.0;0.0;1.0;0.0;Longo da via;Bom;Não existe;Perfeito estado;Seca;Perfeito estado;Não existe;Não há placas;;Única;Canteiro central;;;Noite
3157;12/11/2020;23:53:00;COM VÍTIMA;FINALIZADA;JARDIM SÃO PAULO;RUA LEANDRO BARRETO;1309;RUA LEOBINA PEREIRA;EM FRENTE A PIZZARIA DO GORDO;JARDIM SÃO PAULO;;SUBURBIO;ABALROAMENTO TRANSVERSAL;1.0;1.0;0.0;0.0;0.0;0.0;0.0;0.0;0.0;1.0;0.0;Cruzamento;Bom;Não existe;Incompleta;Seca;Perfeito estado;Não existe;Não há placas;;Dupla;Faixa seccionada;;;Noite
3158;13/11/2020;01:33:00;COM VÍTIMA;FINALIZADA;BAIRRO DO RECIFE;CAIS DO APOLO;;AV MILITAR;SEMAFORO 436 EM FRENTE A PCR;BAIRRO DO RECIFE;436.0;;CHOQUE OBJETO FIXO;1.0;0.0;0.0;0.0;0.0;0.0;0.0;0.0;0.0;1.0;0.0;Longo da via;Bom;;Perfeito estado;Seca;Perfeito estado;Faixa de pedestre;Não há placas;;Única;Faixa contínua;Faixa seccionada;;Madrugada
3159;13/11/2020;08:09:00;COM VÍTIMA;FINALIZADA;PRADO;RUA SANTA EDWIRGES;123;RUA PADRE TEOFILO TWORZ;POR TRAS DA ENGEFRIO;PRADO;;SUBURBIO;ABALROAMENTO TRANSVERSAL;2.0;0.0;0.0;0.0;0.0;0.0;0.0;0.0;0.0;1.0;0.0;Cruzamento;Bom;Sem defeito;;Seca;Mal conservada;Faixa de retenção;R-4a;;Única;Não existe;;;Manhã
3160;13/11/2020;10:12:00;COM VÍTIMA;FINALIZADA;BARRO;AV DR JOSE RUFINO;2125;;E/F AO MERCADINHO FRUTOS E FRUTAS;BARRO;213.0;CIDADE;COLISÃO TRASEIRA;2.0;1.0;0.0;0.0;0.0;0.0;0.0;0.0;0.0;1.0;0.0;Longo da via;Bom;Sem defeito;Perfeito estado;Seca;Perfeito estado;Faixa de pedestre;R-19;40 km/h;Dupla;Faixa contínua;;;Manhã
3161;13/11/2020;11:05:00;COM VÍTIMA;FINALIZADA;IBURA;RUA JORNALISTA EDSON REGIS;809;;PROX. AO HOTEL CRISTAL;IBURA;;SUBURBIO;ABALROAMENTO TRANSVERSAL;1.0;1.0;0.0;0.0;0.0;0.0;0.0;0.0;0.0;1.0;0.0;Longo da via;Bom;Não existe;Perfeito estado;Seca;Perfeito estado;Outros;Outras;;Dupla;Faixa seccionada;;;Manhã
3162;13/11/2020;14:36:00;SEM VÍTIMA;FINALIZADA;TORRE;PTE ENGENHEIRO CANDIDO PINTO DE MELO;;;PONTE QUE LIGA RUA AMELIA COM A RUA CONDE DE IRAJÁ;TORRE;;;COLISÃO;1.0;1.0;0.0;0.0;0.0;0.0;0.0;0.0;0.0;0.0;0.0;Ponte;Bom;Sem defeito;Perfeito estado;Seca;Perfeito estado;Faixa de pedestre;;;Dupla;Faixa contínua;;;Tarde
3163;13/11/2020;16:42:00;COM VÍTIMA;FINALIZADA;PINA;AV ENGENHEIRO DOMINGOS FERREIRA;99;;APOS A IGREJA DO PINA. EM FRENTE AO POSTO PETRONAC.;PINA;;SUBURBIO;ABALROAMENTO LONGITUDINAL;1.0;1.0;0.0;0.0;0.0;0.0;0.0;0.0;0.0;1.0;0.0;Longo da via;Bom;Não existe;Perfeito estado;Seca;Perfeito estado;Outros;Outras;;Única;Faixa contínua;Faixa seccionada;;Tarde
3164;13/11/2020;19:01:00;COM VÍTIMA;FINALIZADA;PINA;AV ENGENHEIRO DOMINGOS FERREIRA;467;;PISTA LESTE. LADO OPOSTO AO MUNDO PET.;PINA;;SUBURBIO;ABALROAMENTO LONGITUDINAL;1.0;1.0;0.0;0.0;0.0;0.0;0.0;0.0;0.0;1.0;0.0;Longo da via;Bom;Não existe;Perfeito estado;Seca;Perfeito estado;Não existe;Não há placas;60 km/h;Única;Canteiro central;;;Noite
3165;13/11/2020;20:32:00;SEM VÍTIMA;FINALIZADA;VÁRZEA;RUA VALE DO SIRIJI;2010;;NO COMEÇO DA LADEIRA DO UR7;VÁRZEA;;;COLISÃO;3.0;0.0;0.0;0.0;0.0;0.0;0.0;0.0;0.0;0.0;0.0;Longo da via;Bom;Não existe;Incompleta;Seca;Mal iluminada;Não existe;Não há placas;;Dupla;Não existe;;;Noite
3166;13/11/2020;21:16:00;COM VÍTIMA;FINALIZADA;ILHA DO RETIRO;AV ENGENHEIRO ABDIAS DE CARVALHO;;EST DOS REMEDIOS;EM FRENTE A BOB´S E FARMACIA DEPENDENTE;ILHA DO RETIRO;52.0;SUBURBIO;ABALROAMENTO TRANSVERSAL;2.0;0.0;0.0;0.0;0.0;0.0;0.0;0.0;0.0;1.0;0.0;Cruzamento;Bom;Sem defeito;Perfeito estado;Seca;Perfeito estado;Faixa de pedestre;Placas Pare;;Dupla;Canteiro central;;;Noite
3167;14/11/2020;00:39:00;COM VÍTIMA;FINALIZADA;TORRE;RUA TOMAZ GONZAGA;;RUA SOUZA BANDEIRA;COM A RUA SOUZA BANDEIRA;TORRE;448.0;CIDADE;ABALROAMENTO TRANSVERSAL;1.0;1.0;0.0;0.0;0.0;0.0;0.0;0.0;0.0;1.0;0.0;Cruzamento;Bom;Intermitente;Perfeito estado;Seca;Perfeito estado;Faixa de pedestre;R-4b;;Dupla;Faixa contínua;;;Madrugada
3168;14/11/2020;08:01:00;COM VÍTIMA;FINALIZADA;ARRUDA;RUA SETE PECADOS;167;RUA RAUL POMPEIA;EM FRENTE AO EDIFÍCIO RESIDENCIAL CHATEAU;ARRUDA;;SUBURBIO;ABALROAMENTO LONGITUDINAL;0.0;2.0;0.0;0.0;0.0;0.0;0.0;0.0;0.0;2.0;0.0;Esquina;Bom;Não existe;Perfeito estado;Seca;Perfeito estado;Faixa de pedestre;Placas Pare;20 km/h;Dupla;Faixa seccionada;;;Manhã
3169;14/11/2020;09:34:00;COM VÍTIMA;FINALIZADA;MADALENA;AV ENGENHEIRO ABDIAS DE CARVALHO;2116;EST DOS REMEDIOS;FARMACIA INDEPENDENTE;MADALENA;52.0;SUBURBIO;ABALROAMENTO LONGITUDINAL;1.0;1.0;0.0;0.0;0.0;0.0;0.0;0.0;0.0;1.0;0.0;Cruzamento;Bom;Sem defeito;Perfeito estado;Seca;Perfeito estado;Faixa de pedestre;Não há placas;;Única;Canteiro central;;;Manhã
3170;14/11/2020;09:37:00;COM VÍTIMA;FINALIZADA;CORDEIRO;AV CAXANGA;3124;;LADO CONTRARIO DA SEMI NOVOS MOVIDA;CORDEIRO;;CIDADE;TOMBAMENTO;0.0;1.0;0.0;0.0;0.0;0.0;0.0;0.0;0.0;1.0;0.0;Longo da via;Bom;Não existe;Perfeito estado;Seca;Perfeito estado;Não existe;R-6a;;Única;Faixa seccionada;;;Manhã
3171;14/11/2020;10:01:00;COM VÍTIMA;FINALIZADA;IPSEP;RUA JEAN EMILE FAVRE;509;RUA JAMAICA;EM FRENTE A FACULDADE BOA VIAGEM;IPSEP;;;COLISÃO COM CICLISTA;0.0;1.0;0.0;1.0;0.0;0.0;0.0;0.0;0.0;1.0;0.0;Longo da via;Bom;Não existe;Perfeito estado;Seca;Perfeito estado;Faixa de pedestre;;;Dupla;Faixa contínua;;;Manhã
3172;14/11/2020;15:15:00;COM VÍTIMA;FINALIZADA;CABANGA;AV SUL;1030;;;CABANGA;205.0;CIDADE;ATROPELAMENTO ANIMAL;0.0;1.0;0.0;0.0;0.0;0.0;0.0;0.0;0.0;1.0;0.0;Longo da via;Bom;Sem defeito;Perfeito estado;Seca;Perfeito estado;Faixa de pedestre;;60 km/h;Dupla;Faixa seccionada;;;Tarde
3173;14/11/2020;16:27:00;COM VÍTIMA;FINALIZADA;JOANA BEZERRA;AV CENTRAL;;;PROX A ESTAÇÃO JOANA BEZERRA;JOANA BEZERRA;;SUBURBIO;ABALROAMENTO LONGITUDINAL;0.0;1.0;0.0;0.0;0.0;1.0;0.0;0.0;0.0;1.0;0.0;Longo da via;Bom;Não existe;Perfeito estado;Seca;Perfeito estado;Não existe;R-26;;Única;Não existe;;;Tarde
3174;14/11/2020;16:49:00;COM VÍTIMA;FINALIZADA;BARRO;AV DR JOSE RUFINO;;;SOBRE O VIADUTO DA BR101;BARRO;;;COLISÃO;1.0;1.0;0.0;0.0;0.0;0.0;0.0;0.0;0.0;1.0;0.0;Longo da via;Bom;Não existe;Perfeito estado;Seca;Perfeito estado;Não existe;;;Dupla;Não existe;;;Tarde
3175;14/11/2020;17:00:00;COM VÍTIMA;FINALIZADA;CAJUEIRO;AV BEBERIBE;;;BAR DA FAVA;CAJUEIRO;388.0;CIDADE;ABALROAMENTO LONGITUDINAL;1.0;1.0;0.0;0.0;0.0;0.0;0.0;0.0;0.0;1.0;0.0;Longo da via;Bom;Sem defeito;Perfeito estado;Seca;Perfeito estado;Faixa de pedestre;Outras;;Dupla;Faixa contínua;;;Tarde
3176;14/11/2020;17:56:00;SEM VÍTIMA;FINALIZADA;SANTO AMARO;RUA DOS PALMARES;;;E/F AO PROCAPE;SANTO AMARO;;;COLISÃO;1.0;0.0;0.0;0.0;0.0;0.0;0.0;1.0;0.0;0.0;0.0;;;;;;;;;;;;;;Tarde
3177;14/11/2020;19:07:00;COM VÍTIMA;FINALIZADA;BOA VIAGEM;RUA DEZ DE JULHO;;RUA CAMBOIM;NO CRUZAMENTO MESMO;BOA VIAGEM;;CIDADE;ABALROAMENTO TRANSVERSAL;1.0;1.0;0.0;0.0;0.0;0.0;0.0;0.0;0.0;1.0;0.0;Cruzamento;Bom;Não existe;Perfeito estado;Seca;Perfeito estado;Não existe;Não há placas;;Única;Faixa seccionada;;;Noite
3178;14/11/2020;21:41:00;COM VÍTIMA;FINALIZADA;ÁGUA FRIA;RUA DA REGENERACAO;230;;PROX A JOSE LUIZ DA FONSECA;ÁGUA FRIA;;SUBURBIO;COLISÃO FRONTAL;1.0;1.0;0.0;0.0;0.0;0.0;0.0;0.0;0.0;1.0;0.0;Longo da via;Bom;Não existe;Incompleta;Seca;Perfeito estado;Não existe;Não há placas;40 km/h;Dupla;Não existe;;;Noite
3179;15/11/2020;00:51:00;COM VÍTIMA;FINALIZADA;BOA VIAGEM;RUA ARTUR MUNIZ;;AV CONSELHEIRO AGUIAR;POSTO DE COMBUSTÍVEL BR;BOA VIAGEM;5.0;SUBURBIO;COLISÃO FRONTAL;1.0;1.0;0.0;0.0;0.0;0.0;0.0;0.0;0.0;1.0;0.0;Cruzamento;Bom;Sem defeito;Perfeito estado;Seca;Perfeito estado;Faixa de pedestre;;;Dupla;Não existe;;;Madrugada
3180;15/11/2020;10:32:00;COM VÍTIMA;FINALIZADA;BOA VISTA;AV GOVERNADOR AGAMENON MAGALHAES;2997;RUA DR LEOPOLDO LINS;EM FRENTE A CAIXA ECONÔMICA FEDERAL E RECEITA FEDERAL DO BRASIL.;BOA VISTA;78.0;SUBURBIO;TOMBAMENTO;0.0;1.0;0.0;0.0;0.0;0.0;0.0;0.0;0.0;1.0;0.0;Longo da via;Bom;Sem defeito;Perfeito estado;Seca;Perfeito estado;Faixa de pedestre;Outras;;Dupla;Faixa seccionada;Canteiro central;;Manhã
3181;15/11/2020;12:40:00;COM VÍTIMA;FINALIZADA;CAMPO GRANDE;EST DE BELEM;65;;LADO OPOSTO DO BANCO ITAU. EM FRENTE A IGREJA BATISTA.;CAMPO GRANDE;;CIDADE;COLISÃO COM CICLISTA;1.0;0.0;0.0;1.0;0.0;0.0;0.0;0.0;0.0;1.0;0.0;Longo da via;Bom;Não existe;Não existente;Seca;Perfeito estado;Não existe;Não há placas;;Dupla;Faixa contínua;;;Tarde
3182;15/11/2020;12:49:00;COM VÍTIMA;FINALIZADA;SANTO AMARO;AV CRUZ CABUGA;212;;LADO OPOSTO A ASSEMBLÉIA DE DEUS.;SANTO AMARO;;SUBURBIO;ABALROAMENTO TRANSVERSAL;1.0;1.0;0.0;0.0;0.0;0.0;0.0;0.0;0.0;1.0;0.0;Longo da via;Bom;Não existe;Perfeito estado;Seca;Perfeito estado;Não existe;Não há placas;40 km/h;Dupla;Faixa contínua;;;Tarde
3183;15/11/2020;13:18:00;COM VÍTIMA;FINALIZADA;PINA;AV ENGENHEIRO DOMINGOS FERREIRA;40;RUA BARREIROS;LADO OPOSTO AO ARMAZÉM BEIRA MAR;PINA;;SUBURBIO;ABALROAMENTO LONGITUDINAL;1.0;1.0;0.0;0.0;0.0;0.0;0.0;0.0;0.0;1.0;0.0;Longo da via;Bom;Não existe;Perfeito estado;Seca;Perfeito estado;Não existe;Não há placas;60 km/h;Única;Faixa contínua;;;Tarde
3184;16/11/2020;01:32:00;COM VÍTIMA;FINALIZADA;AFOGADOS;RUA VINTE E UM DE ABRIL;66;RUA VISCONDE DE PELOTAS;APOS O EROS;AFOGADOS;334.0;;ABALROAMENTO TRANSVERSAL;1.0;1.0;0.0;1.0;0.0;0.0;0.0;0.0;0.0;1.0;0.0;Cruzamento;Bom;Intermitente;Incompleta;Seca;Perfeito estado;Outros;R-6a;;Única;Faixa;;;Madrugada
3185;16/11/2020;08:26:00;SEM VÍTIMA;FINALIZADA;FUNDÃO;AV BEBERIBE;2995;;EM FRENTE A ASSEMBLEIA DE DEUS DO FUNDÃO;FUNDÃO;;;COLISÃO;0.0;1.0;0.0;0.0;0.0;1.0;0.0;0.0;0.0;0.0;0.0;;;;;;;;;;;;;;Manhã
3186;16/11/2020;09:44:00;COM VÍTIMA;FINALIZADA;ARRUDA;RUA MEM DE SA;254;RUA PROFESSOR JERONIMO GUEIROS;RUA DA COCA COLA;ARRUDA;495.0;CIDADE;ABALROAMENTO TRANSVERSAL;1.0;1.0;0.0;0.0;0.0;0.0;0.0;0.0;0.0;1.0;0.0;Cruzamento;Bom;Sem defeito;Incompleta;Seca;Perfeito estado;Não existe;Não há placas;;Dupla;Não existe;;;Manhã
3187;16/11/2020;11:58:00;COM VÍTIMA;FINALIZADA;BARRO;AV DR JOSE RUFINO;2881;;SOBRE O VIADUTO.;BARRO;;CIDADE;ABALROAMENTO LONGITUDINAL;1.0;1.0;0.0;0.0;0.0;0.0;0.0;0.0;0.0;2.0;0.0;Longo da via;Bom;Não existe;Ilegível;Seca;Perfeito estado;Não existe;Não há placas;;Dupla;Não existe;;;Manhã
3188;16/11/2020;13:29:00;COM VÍTIMA;FINALIZADA;ESTÂNCIA;AV DR JOSE RUFINO;401;RUA ANTONIO FIGUEIREDO;PRÓXIMO AO COLEGIO DECISAO;ESTÂNCIA;;CIDADE;ABALROAMENTO TRANSVERSAL;1.0;1.0;0.0;0.0;0.0;0.0;0.0;0.0;0.0;1.0;0.0;Longo da via;Bom;Sem defeito;Perfeito estado;Seca;Perfeito estado;Outros;R-6a;60 km/h;Dupla;Faixa contínua;;;Tarde
3189;16/11/2020;15:35:00;COM VÍTIMA;FINALIZADA;IPUTINGA;AV MAURICIO DE NASSAU;402;RUA ITAPIRANGA;NA ENTRADA DO TERMINAL MONSENHOR FABRÍCIO.;IPUTINGA;;CIDADE;ABALROAMENTO LONGITUDINAL;1.0;1.0;0.0;0.0;0.0;0.0;0.0;0.0;0.0;2.0;0.0;Longo da via;Bom;Não existe;Perfeito estado;Seca;Perfeito estado;Outros;Outras;40 km/h;Dupla;Não existe;;;Tarde
3190;16/11/2020;15:42:00;COM VÍTIMA;FINALIZADA;ILHA DO RETIRO;EST DOS REMEDIOS;;RUA TABAIARES;PROX CONCESSIONÁRIA HYUNDAI;ILHA DO RETIRO;390.0;CIDADE;ABALROAMENTO LONGITUDINAL;1.0;1.0;0.0;0.0;0.0;0.0;0.0;0.0;0.0;1.0;0.0;Longo da via;Bom;Sem defeito;Perfeito estado;Seca;Perfeito estado;Faixa de retenção;Não há placas;;Única;Faixa contínua;;;Tarde
3191;16/11/2020;16:24:00;VÍTIMA FATAL;FINALIZADA;GRAÇAS;AV RUI BARBOSA;;RUA AMELIA;SOB O SEMÁFORO DE Nº 048;GRAÇAS;48.0;CIDADE;ABALROAMENTO TRANSVERSAL;1.0;2.0;0.0;0.0;0.0;0.0;0.0;0.0;0.0;1.0;1.0;Cruzamento;Bom;Sem defeito;Perfeito estado;Seca;Perfeito estado;Faixa de pedestre;;60 km/h;Única;;;;Tarde
3192;16/11/2020;17:36:00;COM VÍTIMA;FINALIZADA;BOA VIAGEM;AV BOA VIAGEM;;;EM FRENTE A PRACINHA DE BOA VIAGEM;BOA VIAGEM;4.0;CIDADE;ATROPELAMENTO;1.0;0.0;0.0;0.0;1.0;0.0;0.0;0.0;0.0;1.0;0.0;Longo da via;Bom;Sem defeito;Perfeito estado;Seca;Perfeito estado;Faixa de pedestre;Não há placas;;Única;Faixa seccionada;;;Tarde
3193;16/11/2020;19:47:00;COM VÍTIMA;FINALIZADA;ARRUDA;EST VELHA DE AGUA FRIA;;AV PROFESSOR JOSE DOS ANJOS;;ARRUDA;306.0;SUBURBIO;COLISÃO TRASEIRA;1.0;1.0;0.0;0.0;0.0;0.0;0.0;0.0;0.0;1.0;0.0;Cruzamento;Bom;Sem defeito;Perfeito estado;Seca;Perfeito estado;Faixa de pedestre;Não há placas;;Única;Faixa contínua;;;Noite
3194;16/11/2020;23:11:00;SEM VÍTIMA;FINALIZADA;DOIS UNIDOS;AV HILDEBRANDO DE VASCONCELOS;;;PRÓXIMO AO ARMAZÉM DO NEGO- APÓS O CANIL- SENTIDO TERMINAL;DOIS UNIDOS;;;COLISÃO;0.0;1.0;0.0;0.0;0.0;0.0;0.0;1.0;0.0;0.0;0.0;Longo da via;Bom;Não existe;Não existente;Seca;Perfeito estado;Não existe;;;Dupla;Não existe;;;Noite
3195;17/11/2020;06:53:00;COM VÍTIMA;FINALIZADA;PINA;AV BRASILIA FORMOSA;8;;E/F AO BAR DO PEIXE;PINA;;;ATROPELAMENTO;0.0;1.0;0.0;0.0;1.0;0.0;0.0;0.0;0.0;1.0;0.0;Longo da via;Bom;Não existe;Perfeito estado;Seca;Perfeito estado;Não existe;Não há placas;;Dupla;Faixa seccionada;;;Manhã
3196;17/11/2020;07:50:00;COM VÍTIMA;FINALIZADA;ARRUDA;AV BEBERIBE;;;E/F AO CERPE E AO CAMPO DO ARRUDA.;ARRUDA;;CIDADE;COLISÃO COM CICLISTA;0.0;1.0;0.0;1.0;0.0;0.0;0.0;0.0;0.0;1.0;0.0;Longo da via;Bom;Sem defeito;Perfeito estado;Seca;Perfeito estado;Não existe;Outras;;Dupla;Faixa contínua;;;Manhã
3197;17/11/2020;08:08:00;COM VÍTIMA;FINALIZADA;PINA;AV ENGENHEIRO DOMINGOS FERREIRA;50;;EM FRENTE AO POSTO DE GASOLINA PETRONAC E ARMAZÉM BEIRA MAR.;PINA;;SUBURBIO;COLISÃO COM CICLISTA;0.0;0.0;0.0;1.0;0.0;1.0;0.0;0.0;0.0;1.0;0.0;Longo da via;Bom;Não existe;Perfeito estado;Seca;Perfeito estado;Outros;Não há placas;;Única;Faixa seccionada;;;Manhã
3198;17/11/2020;08:14:00;COM VÍTIMA;FINALIZADA;CORDEIRO;AV CAXANGA;;RUA GASPAR PEREZ;EM FRENTE A FACULDADE IMACULADA CONCEIÇAO;CORDEIRO;;CIDADE;ABALROAMENTO LONGITUDINAL;1.0;1.0;0.0;0.0;0.0;0.0;0.0;0.0;0.0;1.0;0.0;Longo da via;Bom;Sem defeito;Perfeito estado;Seca;Perfeito estado;;Placas Pare;;Dupla;Faixa seccionada;Canteiro central;;Manhã
3199;17/11/2020;09:01:00;COM VÍTIMA;FINALIZADA;SANTO AMARO;RUA ODORICO MENDES;625;;EM FRENTE  A EMPRESA SEAB;SANTO AMARO;;CIDADE;ABALROAMENTO TRANSVERSAL;1.0;1.0;0.0;0.0;0.0;0.0;0.0;0.0;0.0;2.0;0.0;Longo da via;Bom;Não existe;Perfeito estado;Seca;Perfeito estado;Não existe;Não há placas;40 km/h;Dupla;Faixa contínua;;;Manhã