indice;data;hora;natureza_acidente;situacao;bairro;endereco;numero;detalhe_endereco_acidente;complemento;bairro_cruzamento;num_semaforo;sentido_via;tipo;auto;moto;ciclom;ciclista;pedestre;onibus;caminhao;viatura;outros;vitimas;vitimasfatais;acidente_verificado;tempo_clima;situacao_semaforo;sinalizacao;condicao_via;conservacao_via;ponto_controle;situacao_placa;velocidade_max_via;mao_direcao;divisao_via1;divisao_via2;divisao_via3;turno
3200;17/11/2020;11:10:00;COM VÍTIMA;FINALIZADA;PAISSANDU;RUA PAISSANDU;601;;EM FRENTE AO COLEGIO GGE E AO BANCO BRADESCO;PAISSANDU;;CIDADE;ATROPELAMENTO;0.0;1.0;0.0;0.0;1.0;0.0;0.0;0.0;0.0;2.0;0.0;Longo da via;Bom;Não existe;Perfeito estado;Seca;Perfeito estado;Outros;Outras;;Dupla;Canteiro central;;;Manhã
3201;17/11/2020;11:43:00;COM VÍTIMA;FINALIZADA;TORREÃO;RUA DOM JOAO COSTA;211;RUA FREI MIGUELINHO;PROX. A PRAÇA DO TORREÃO E RESTAURANTE ARVO.;TORREÃO;;CIDADE;ABALROAMENTO TRANSVERSAL;1.0;1.0;0.0;0.0;0.0;0.0;0.0;0.0;0.0;1.0;0.0;Cruzamento;Bom;Não existe;Perfeito estado;Seca;Perfeito estado;;Placas Pare;;Dupla;Não existe;;;Manhã
3202;17/11/2020;14:51:00;COM VÍTIMA;FINALIZADA;SÃO JOSÉ;AV MARTINS DE BARROS;451;;E/F AO MINISTERIO PUBLICO DE PERNAMBUCO.;SÃO JOSÉ;;SUBURBIO;ABALROAMENTO LONGITUDINAL;1.0;1.0;0.0;0.0;0.0;0.0;0.0;0.0;0.0;1.0;0.0;Longo da via;Bom;Sem defeito;Perfeito estado;Seca;Perfeito estado;Não existe;R-6a;;Única;Não existe;;;Tarde
3203;17/11/2020;16:45:00;COM VÍTIMA;FINALIZADA;MADALENA;AV CAXANGA;522;;EM FRENTE AO NUCLEO DE SAUDE/ SENTIDO CIDADE. AO LADO DO COMPAZ DA CAXANGÁ.;MADALENA;;CIDADE;ATROPELAMENTO;0.0;0.0;0.0;0.0;1.0;1.0;0.0;0.0;0.0;1.0;0.0;Longo da via;Bom;Sem defeito;Perfeito estado;Seca;Perfeito estado;;Não há placas;;Única;Faixa seccionada;Canteiro central;;Tarde
3204;17/11/2020;17:13:00;COM VÍTIMA;FINALIZADA;IPSEP;AV RECIFE;;RUA JEAN EMILE FAVRE;NA ENTRADA DO IPSEP´E/F A PADARIA VILA DO PAO S/T BOA VIAGEM;IPSEP;130.0;BOA VIAGEM;COLISÃO TRASEIRA;1.0;1.0;0.0;0.0;0.0;0.0;0.0;0.0;0.0;1.0;0.0;Longo da via;Bom;Sem defeito;Perfeito estado;Seca;Perfeito estado;Faixa de pedestre;Outras;;Dupla;Canteiro central;;;Tarde
3205;17/11/2020;17:18:00;COM VÍTIMA;FINALIZADA;BOA VIAGEM;RUA COPACABANA;;RUA CAMBOIM;NO TERMINAL DO ÔNIBUS DE SETUBAL;BOA VIAGEM;;SUBURBIO;ABALROAMENTO TRANSVERSAL;1.0;1.0;0.0;0.0;0.0;0.0;0.0;0.0;0.0;1.0;0.0;Cruzamento;Bom;Não existe;Perfeito estado;Seca;Perfeito estado;Não existe;Placas Pare;30 km/h;Dupla;Faixa seccionada;;;Tarde
3206;17/11/2020;18:47:00;COM VÍTIMA;FINALIZADA;SANTO AMARO;AV CRUZ CABUGA;;;EM FRENTE AO HOSPITAL NAVAL DO RECIFE. POSTE B030148.;SANTO AMARO;;CIDADE;COLISÃO COM CICLISTA;0.0;1.0;0.0;1.0;0.0;0.0;0.0;0.0;0.0;1.0;0.0;Longo da via;Bom;Sem defeito;Perfeito estado;Seca;Perfeito estado;Não existe;Outras;;Dupla;Faixa contínua;;;Noite
3207;18/11/2020;06:37:00;SEM VÍTIMA;FINALIZADA;SÃO JOSÉ;TRV DO RAPOSO;3 B;PTE JOAQUIM CARDOSO;NA ENTRADA DA FAVELA DO PAPELÃO;SÃO JOSÉ;;IMIP;COLISÃO;1.0;0.0;0.0;0.0;0.0;0.0;0.0;1.0;0.0;0.0;0.0;Longo da via;Bom;Não existe;Não existente;Seca;Mal conservada;Não existe;Não há placas;N/I;Dupla;Blocos;;;Manhã
3208;18/11/2020;08:00:00;SEM VÍTIMA;FINALIZADA;ESPINHEIRO;RUA QUARENTA E OITO;;;EM FRENTE AO Nº 462;ESPINHEIRO;;CIDADE;COLISÃO TRASEIRA;0.0;1.0;0.0;0.0;0.0;0.0;0.0;1.0;0.0;0.0;0.0;Longo da via;Bom;Sem defeito;Perfeito estado;Seca;Perfeito estado;;Não há placas;;Única;Faixa contínua;;;Manhã
3209;18/11/2020;08:24:00;COM VÍTIMA;FINALIZADA;BOA VIAGEM;RUA FRANCISCO DA CUNHA;654;RUA PADRE BERNADINO PESSOA;EM FRENTE AO MERCADINHO SINAS;BOA VIAGEM;;CIDADE;ABALROAMENTO TRANSVERSAL;2.0;0.0;0.0;0.0;0.0;0.0;0.0;0.0;0.0;1.0;0.0;Cruzamento;Bom;Não existe;Perfeito estado;Seca;Perfeito estado;Não existe;Placas Pare;;Única;Não existe;;;Manhã
3210;18/11/2020;08:31:00;COM VÍTIMA;FINALIZADA;SANTO AMARO;RUA DO POMBAL;;RUA FREI CASSIMIRO;;SANTO AMARO;;SUBURBIO;ABALROAMENTO TRANSVERSAL;2.0;0.0;0.0;0.0;0.0;0.0;0.0;0.0;0.0;1.0;0.0;Cruzamento;Bom;Não existe;Perfeito estado;Seca;Perfeito estado;Faixa de retenção;Placas Pare;30 km/h;Única;Canteiro central;;;Manhã
3211;18/11/2020;08:40:00;COM VÍTIMA;FINALIZADA;BOA VIAGEM;RUA BARAO DE SOUZA LEAO;;AV DOM JOAO VI;EM FRENTE AO SUPERMERCADO TREVO;BOA VIAGEM;476.0;OESTE;ABALROAMENTO LONGITUDINAL;1.0;1.0;0.0;0.0;0.0;0.0;0.0;0.0;0.0;1.0;0.0;Cruzamento;Bom;Sem defeito;Incompleta;Seca;Perfeito estado;Outros;Não há placas;60 km/h;Única;Não existe;;;Manhã
3212;18/11/2020;09:31:00;COM VÍTIMA;FINALIZADA;MORRO DA CONCEIÇÃO;RUA DOIS DE FEVEREIRO;146;;EM FRENTE AO DEPOSITO DE AGUA;MORRO DA CONCEIÇÃO;;SUBURBIO;ABALROAMENTO LONGITUDINAL;1.0;1.0;0.0;0.0;0.0;0.0;0.0;0.0;0.0;1.0;0.0;Longo da via;Bom;Não existe;Não existente;Seca;Perfeito estado;Não existe;Não há placas;;Dupla;Não existe;;;Manhã
3213;18/11/2020;12:00:00;COM VÍTIMA;FINALIZADA;BOA VIAGEM;AV ENGENHEIRO DOMINGOS FERREIRA;2742;;EM FRENTE A LOJA AREZZO. CERVEJA E TUDO.;BOA VIAGEM;;SUBURBIO;COLISÃO TRASEIRA;1.0;1.0;0.0;0.0;0.0;0.0;0.0;0.0;0.0;1.0;0.0;Longo da via;Bom;Não existe;Perfeito estado;Seca;Perfeito estado;Não existe;Não há placas;;Única;Faixa seccionada;;;Tarde
3214;18/11/2020;12:41:00;COM VÍTIMA;FINALIZADA;AREIAS;AV RECIFE;;;LADO OPOSTO AO BIG BOMPREÇO;AREIAS;618.0;BR-101;ABALROAMENTO LONGITUDINAL;1.0;1.0;0.0;0.0;0.0;0.0;0.0;0.0;0.0;2.0;0.0;Longo da via;Bom;Sem defeito;Incompleta;Seca;Perfeito estado;Não existe;Não há placas;;Única;Faixa contínua;;;Tarde
3215;18/11/2020;16:56:00;COM VÍTIMA;FINALIZADA;VÁRZEA;AV CAXANGA;;;EM FRENTE A INTEGRAÇÃO DA CAXANGA. DENTRO DO TI DA CAXANGÁ.;VÁRZEA;;SUBURBIO;ATROPELAMENTO;0.0;0.0;0.0;0.0;1.0;1.0;0.0;0.0;0.0;1.0;0.0;Outros;Bom;Não existe;Não existente;Seca;Perfeito estado;Faixa de pedestre;Não há placas;20 km/h;Única;Não existe;;;Tarde
3216;18/11/2020;19:23:00;COM VÍTIMA;FINALIZADA;JORDÃO;AV MARIA IRENE;877;;EM FRENTE AO POSTO TOTAL- EM FRENTE A JORDÃO PEÇAS E SERVIÇOS;JORDÃO;;SUBURBIO;ABALROAMENTO TRANSVERSAL;1.0;1.0;0.0;0.0;0.0;0.0;0.0;0.0;0.0;1.0;0.0;Longo da via;Bom;Não existe;Ilegível;Seca;Perfeito estado;Não existe;Não há placas;;Dupla;Faixa seccionada;;;Noite
3217;18/11/2020;19:48:00;SEM VÍTIMA;FINALIZADA;PARNAMIRIM;EST DO ENCANAMENTO;;;EM FRENTE A PRAÇA DE PARNAMIRIM- AO LADO DA FARMACIA DROGASIL;PARNAMIRIM;358.0;;COLISÃO;3.0;0.0;0.0;0.0;0.0;0.0;0.0;0.0;0.0;0.0;0.0;;;;;;;;;;;;;;Noite
3218;19/11/2020;16:08:00;COM VÍTIMA;FINALIZADA;IMBIRIBEIRA;RUA ITAJAI;162;RUA PAMPULHA;EM FRENTE A CASA BRANCA RECEPÇÕES. PORTO DELICATESSEN;IMBIRIBEIRA;;;ABALROAMENTO TRANSVERSAL;1.0;1.0;0.0;0.0;0.0;0.0;0.0;0.0;0.0;1.0;0.0;Cruzamento;Bom;Não existe;Perfeito estado;Seca;Perfeito estado;Faixa de retenção;Placas Pare;;Dupla;Faixa contínua;Faixa seccionada;;Tarde
3219;19/11/2020;16:52:00;SEM VÍTIMA;FINALIZADA;CABANGA;AV ENGENHEIRO JOSE ESTELITA;;;E/F AO CATAMARAN;CABANGA;;;COLISÃO;0.0;0.0;0.0;0.0;0.0;0.0;1.0;1.0;0.0;0.0;0.0;Não informado;Bom;Não existe;;Outros;Outros;Outros;Outras;N/I;Única;Outros;;;Tarde
3220;19/11/2020;17:30:00;COM VÍTIMA;FINALIZADA;AFOGADOS;RUA SAO MIGUEL;1031;;EM FRENTE A EMPRESA SENO;AFOGADOS;;CIDADE;ATROPELAMENTO;0.0;1.0;0.0;0.0;1.0;0.0;0.0;0.0;0.0;1.0;0.0;Longo da via;Bom;Não existe;Incompleta;Seca;Mal conservada;Não existe;R-6a;;Dupla;Faixa contínua;;;Tarde
3221;19/11/2020;18:39:00;COM VÍTIMA;FINALIZADA;CAMPO GRANDE;EST DE BELEM;1838;;E/F A IGREJA BATISTA. COM A RUA LUIS CORREA DE BRITO (OLINDA).;CAMPO GRANDE;;CIDADE;COLISÃO COM CICLISTA;1.0;0.0;0.0;1.0;0.0;0.0;0.0;0.0;0.0;1.0;0.0;Rotatória;Bom;Não existe;Perfeito estado;Seca;Perfeito estado;;R-6a;30 km/h;Única;Faixa contínua;;;Noite
3222;19/11/2020;21:08:00;SEM VÍTIMA;FINALIZADA;VÁRZEA;AV AFONSO OLINDENSE;1764;;E/F A UPINHA;VÁRZEA;;;COLISÃO;1.0;1.0;0.0;0.0;0.0;0.0;0.0;0.0;0.0;0.0;0.0;Longo da via;Bom;Não existe;Perfeito estado;Seca;Outros;Não existe;R-6c;N/I;Dupla;Faixa contínua;;;Noite
3223;19/11/2020;23:20:00;VÍTIMA FATAL;FINALIZADA;BEBERIBE;AV BEBERIBE;4231;RUA SAPUCAIA DO SUL;SEMÁFORO 314 / APÓS A PIZZARIA DO RUSH;BEBERIBE;314.0;;COLISÃO FRONTAL;0.0;1.0;0.0;0.0;0.0;1.0;0.0;0.0;0.0;1.0;1.0;Longo da via;Bom;Sem defeito;Perfeito estado;Seca;Mal conservada;Não existe;Não há placas;;Dupla;Faixa contínua;;;Noite
3224;20/11/2020;01:01:00;COM VÍTIMA;FINALIZADA;BOA VIAGEM;RUA GENERAL EDSON AMANCIO RAMALHO;940;RUA FELIX DE BRITO E MELO;EM FRENTE AO BIG BOMPREÇO. EDF. GOLDEN WAY.;BOA VIAGEM;544.0;CIDADE;ABALROAMENTO TRANSVERSAL;2.0;0.0;0.0;0.0;0.0;0.0;0.0;0.0;0.0;1.0;0.0;Cruzamento;Bom;Sem defeito;Perfeito estado;Seca;Perfeito estado;Faixa de pedestre;Outras;;Única;Faixa contínua;;;Madrugada
3225;20/11/2020;07:28:00;COM VÍTIMA;FINALIZADA;BOA VIAGEM;AV ENGENHEIRO DOMINGOS FERREIRA;3360;RUA FAUSTINO PORTO;EM FRENTE A LOJA FAVORITA;BOA VIAGEM;;;ABALROAMENTO LONGITUDINAL;1.0;1.0;0.0;0.0;0.0;0.0;0.0;0.0;0.0;1.0;0.0;Longo da via;Bom;Não existe;Perfeito estado;Seca;Perfeito estado;Não existe;Não há placas;;Dupla;Canteiro central;;;Manhã
3226;20/11/2020;08:18:00;VÍTIMA FATAL;FINALIZADA;DOIS IRMÃOS;RUA MANUEL DE MEDEIROS;;;PROX DA RURAL / AO LADO DO BAR DA CURVA.;DOIS IRMÃOS;;;COLISÃO FRONTAL;3.0;0.0;0.0;0.0;0.0;0.0;0.0;0.0;0.0;0.0;1.0;Longo da via;Bom;Não existe;Perfeito estado;Seca;Perfeito estado;Não existe;Não há placas;;Dupla;Não existe;;;Manhã
3227;20/11/2020;10:23:00;COM VÍTIMA;FINALIZADA;APIPUCOS;RUA DE APIPUCOS;430;;AO LADO DO ARCADIA DE APIPUCOS. CAMATEX.;APIPUCOS;;SUBURBIO;COLISÃO TRASEIRA;1.0;1.0;0.0;0.0;0.0;0.0;0.0;0.0;0.0;1.0;0.0;Longo da via;Bom;Não existe;Perfeito estado;Seca;Perfeito estado;Não existe;Não há placas;;Dupla;Faixa contínua;;;Manhã
3228;20/11/2020;15:07:00;COM VÍTIMA;FINALIZADA;BOA VIAGEM;AV ENGENHEIRO DOMINGOS FERREIRA;348;;PROX AO ARMAZEM BEIRA MAR. LADO OPOSTO AO NÚMERO INFORMADO.;BOA VIAGEM;;SUBURBIO;ABALROAMENTO LONGITUDINAL;1.0;1.0;0.0;0.0;0.0;0.0;0.0;0.0;0.0;1.0;0.0;Longo da via;Bom;Não existe;Perfeito estado;Seca;Perfeito estado;Não existe;Não há placas;;Única;Faixa contínua;;;Tarde
3229;20/11/2020;17:04:00;SEM VÍTIMA;FINALIZADA;ILHA DO LEITE;PTE JOSE DE BARROS LIMA;;;;ILHA DO LEITE;;BOA VIAGEM;COLISÃO;0.0;0.0;0.0;0.0;0.0;0.0;0.0;0.0;0.0;0.0;0.0;;;;;;;;;;;;;;Tarde
3230;20/11/2020;17:16:00;COM VÍTIMA;FINALIZADA;ILHA DO RETIRO;RUA SPORT CLUBE DO RECIFE;;;EM FRENTE AO CLUBE DO SPORT SENTIDO AGAMENOM;ILHA DO RETIRO;;CIDADE;ABALROAMENTO LONGITUDINAL;1.0;1.0;0.0;0.0;0.0;0.0;0.0;0.0;0.0;2.0;0.0;Longo da via;Bom;Não existe;Perfeito estado;Seca;Perfeito estado;Não existe;R-6a;;Dupla;Faixa seccionada;;;Tarde
3231;20/11/2020;18:28:00;COM VÍTIMA;FINALIZADA;CABANGA;AV SUL;;;SENTIDO CIDADE;CABANGA;260.0;CIDADE;COLISÃO COM CICLISTA;0.0;0.0;0.0;1.0;0.0;0.0;0.0;0.0;0.0;1.0;0.0;Longo da via;Bom;Sem defeito;Perfeito estado;Seca;Perfeito estado;Faixa de pedestre;Não há placas;;Dupla;Canteiro central;;;Noite
3232;20/11/2020;19:09:00;COM VÍTIMA;FINALIZADA;BONGI;EST DO BONGI;388;;PROXIMO DA DELEGACIA DO BONGI- PROXIMO DE GL REFRIGERAÇÃO AUTOMOTIVA;BONGI;;SUBURBIO;ATROPELAMENTO;0.0;1.0;0.0;0.0;1.0;0.0;0.0;0.0;0.0;2.0;0.0;Longo da via;Bom;Não existe;Perfeito estado;Seca;Perfeito estado;Não existe;Não há placas;;Única;Faixa seccionada;;;Noite
3233;21/11/2020;13:17:00;COM VÍTIMA;FINALIZADA;BOA VIAGEM;AV ENGENHEIRO DOMINGOS FERREIRA;;RUA ALEXANDRINO MARTINS RODRIGUES;E/F AO BOMPREÇO;BOA VIAGEM;303.0;SUBURBIO;COLISÃO TRASEIRA;1.0;1.0;0.0;0.0;0.0;0.0;0.0;0.0;0.0;1.0;0.0;Longo da via;Bom;Sem defeito;;Seca;Perfeito estado;Faixa de pedestre;Outras;;Dupla;Faixa contínua;Canteiro central;;Tarde
3234;21/11/2020;16:36:00;SEM VÍTIMA;FINALIZADA;BOA VIAGEM;AV BOA VIAGEM;6274;;;BOA VIAGEM;;CIDADE;ABALROAMENTO LONGITUDINAL;2.0;0.0;0.0;0.0;0.0;0.0;0.0;0.0;0.0;0.0;0.0;Longo da via;Bom;Sem defeito;Perfeito estado;Seca;Perfeito estado;Não existe;;60 km/h;Única;Faixa contínua;Faixa seccionada;;Tarde
3235;21/11/2020;16:47:00;COM VÍTIMA;FINALIZADA;IMBIRIBEIRA;AV MARECHAL MASCARENHAS DE MORAES;;;EM FRENTE AO IBIS HOTEL/ SENTIDO CIDADE;IMBIRIBEIRA;;CIDADE;ATROPELAMENTO;1.0;0.0;0.0;0.0;1.0;0.0;0.0;0.0;0.0;1.0;0.0;Longo da via;Bom;Não existe;Perfeito estado;Seca;Perfeito estado;Não existe;Não há placas;;Única;Faixa contínua;;;Tarde
3236;21/11/2020;23:20:00;SEM VÍTIMA;FINALIZADA;NOVA DESCOBERTA;AV NORTE;1049;;AO LADO DA PRAÇA DOS TAXISTAS;NOVA DESCOBERTA;65.0;;COLISÃO TRASEIRA;2.0;0.0;0.0;0.0;0.0;0.0;0.0;0.0;0.0;0.0;0.0;Longo da via;Bom;Sem defeito;Perfeito estado;Seca;Perfeito estado;Faixa de pedestre;Outras;;Dupla;Canteiro central;;;Noite
3237;21/11/2020;23:36:00;COM VÍTIMA;FINALIZADA;IPSEP;RUA JEAN EMILE FAVRE;;RUA PAMPULHA;PROX A PRAÇA MAURICEIA SENTIDO BOA VIAGEM E FARMACIA DIARIAMENTE;IPSEP;564.0;BOA VIAGEM;ABALROAMENTO TRANSVERSAL;2.0;0.0;0.0;0.0;0.0;0.0;0.0;0.0;0.0;1.0;0.0;Cruzamento;Bom;Sem defeito;Não existente;Seca;Perfeito estado;Não existe;Não há placas;;Única;Não existe;;;Noite
3238;22/11/2020;08:20:00;COM VÍTIMA;FINALIZADA;CORDEIRO;AV CAXANGA;2811;;EM FRENTE A JBS VEÍCULOS. MASSARELLA GRILL;CORDEIRO;;CIDADE;COLISÃO COM CICLISTA;1.0;0.0;0.0;1.0;0.0;0.0;0.0;0.0;0.0;1.0;0.0;Longo da via;Bom;Não existe;Incompleta;Seca;Perfeito estado;Não existe;R-32;;Única;Faixa contínua;Faixa seccionada;;Manhã
3239;22/11/2020;08:28:00;COM VÍTIMA;FINALIZADA;ALTO SANTA TERESINHA;RUA TAMBOARA;548;;HA 100 METROS DA ASSEMBLEIA DE DEUS;ALTO SANTA TERESINHA;;CIDADE;ABALROAMENTO LONGITUDINAL;1.0;1.0;0.0;0.0;0.0;0.0;0.0;0.0;0.0;2.0;0.0;Longo da via;Bom;Não existe;Perfeito estado;Seca;Perfeito estado;Não existe;R-6a;;Dupla;Faixa seccionada;;;Manhã
3240;22/11/2020;11:47:00;SEM VÍTIMA;FINALIZADA;IPUTINGA;RUA DR JOSE ANASTACIO DA SILVA GUIMARAES;630;;EM FRENTE AO SUPERMERCADO ECONOMICO;IPUTINGA;;;COLISÃO;3.0;0.0;0.0;0.0;0.0;0.0;0.0;0.0;0.0;0.0;0.0;;;;;;;;;;;;;;Manhã
3241;22/11/2020;23:26:00;SEM VÍTIMA;FINALIZADA;BOA VIAGEM;AV ENGENHEIRO DOMINGOS FERREIRA;3436;RUA PADRE CARAPUCEIRO;FAIXA DA DIREITA DA DOMINGOS FERREIRA- EM FRENTE AO GOSTO DE BOLO- AO LADO DO BANCO DO BRASIL;BOA VIAGEM;;;COLISÃO;1.0;0.0;0.0;0.0;0.0;0.0;0.0;1.0;0.0;0.0;0.0;Longo da via;Bom;Sem defeito;Perfeito estado;Seca;Perfeito estado;Faixa de pedestre;Outras;N/I;Única;Canteiro central;;;Noite
3242;23/11/2020;08:32:00;COM VÍTIMA;FINALIZADA;BOA VIAGEM;RUA GENERAL SALGADO;820;RUA COSMORAMA;EM FRENTE AO  EDIFICIO CHATEAU  HERMITAGE. PRÓXIMO A SHARK ARENA.;BOA VIAGEM;;;ABALROAMENTO TRANSVERSAL;2.0;0.0;0.0;0.0;0.0;0.0;0.0;0.0;0.0;1.0;0.0;Cruzamento;Bom;Não existe;Perfeito estado;Seca;Perfeito estado;Não existe;Placas Pare;;Dupla;Não existe;;;Manhã
3243;23/11/2020;19:02:00;COM VÍTIMA;FINALIZADA;IMBIRIBEIRA;AV RECIFE;;;DECIDA DO ACESSO SENTIDO AV MASCARENHAS DE MORAIS;IMBIRIBEIRA;;AFOGADOS;CHOQUE OBJETO FIXO;1.0;0.0;0.0;0.0;0.0;0.0;0.0;0.0;0.0;1.0;0.0;;;;;;;;;;;;;;Noite
3244;23/11/2020;19:07:00;SEM VÍTIMA;FINALIZADA;IPSEP;RUA PINTOR ANTONIO ALBUQUERQUE;16;RUA ABDIAS CABRAL DE MOURA;AO LADO DO POSTO SHELL;IPSEP;;;CHOQUE OBJETO FIXO;0.0;0.0;0.0;0.0;0.0;0.0;1.0;0.0;0.0;0.0;0.0;Longo da via;Bom;Não existe;Perfeito estado;Seca;Perfeito estado;Outros;R-6a;30KM;Única;Outros;;;Noite
3245;23/11/2020;19:39:00;COM VÍTIMA;FINALIZADA;BOA VIAGEM;AV ENGENHEIRO DOMINGOS FERREIRA;4036;RUA RIBEIRO DE BRITO;E/F A MORADA DO SOL E AO PET SHOP AMIGO DO BIXO;BOA VIAGEM;;;COLISÃO;1.0;1.0;0.0;0.0;0.0;0.0;0.0;0.0;0.0;1.0;0.0;;;;;;;;;;;;;;Noite
3246;23/11/2020;19:47:00;COM VÍTIMA;FINALIZADA;IMBIRIBEIRA;AV PINHEIROS;473;RUA ARQUITETO LUIZ NUNES;NO CRUZAMENTO COM A ARQUITETO LUIZ NUNES.;IMBIRIBEIRA;537.0;CIDADE;COLISÃO FRONTAL;1.0;1.0;0.0;0.0;0.0;0.0;0.0;0.0;0.0;1.0;0.0;Cruzamento;Bom;Sem defeito;Perfeito estado;Seca;Perfeito estado;Não existe;Não há placas;;Dupla;Faixa contínua;;;Noite
3247;24/11/2020;09:54:00;COM VÍTIMA;FINALIZADA;APIPUCOS;RUA DE APIPUCOS;600;;EM FRENTE AO MOTEL SENZALA;APIPUCOS;;DOIS IRMÃOS;COLISÃO FRONTAL;2.0;0.0;0.0;0.0;0.0;0.0;0.0;0.0;0.0;2.0;0.0;Longo da via;Bom;Sem defeito;Perfeito estado;Seca;Perfeito estado;;R-6a;;Dupla;Faixa contínua;;;Manhã
3248;24/11/2020;10:13:00;COM VÍTIMA;FINALIZADA;PAISSANDU;AV GOVERNADOR AGAMENON MAGALHAES;4318;;EM FRENTE AO EMPRESARIAL RENATO DIAS;PAISSANDU;;SUBURBIO;ATROPELAMENTO;1.0;1.0;0.0;0.0;1.0;0.0;0.0;0.0;0.0;1.0;0.0;Longo da via;Bom;Não existe;Perfeito estado;Seca;Perfeito estado;Não existe;Outras;;Dupla;Faixa seccionada;;;Manhã
3249;24/11/2020;12:39:00;COM VÍTIMA;FINALIZADA;VÁRZEA;RUA PROFESSOR ANTONIO COELHO;455;RUA ODON RODRIGUES DE MORAIS REGO;RUA DO COLÉGIO PONTUAL / PRÓX AO HAPVIDA DA CAXANGÁ;VÁRZEA;;SUBURBIO;COLISÃO COM CICLISTA;1.0;0.0;0.0;1.0;0.0;0.0;0.0;0.0;0.0;1.0;0.0;Cruzamento;Bom;Não existe;Perfeito estado;Seca;Perfeito estado;Não existe;Placas Pare;30 km/h;Dupla;Não existe;;;Tarde
3250;24/11/2020;12:50:00;SEM VÍTIMA;FINALIZADA;JARDIM SÃO PAULO;RUA LEANDRO BARRETO;159;;PRÓXIMO À IGREJA DE JESUS CRISTO DOS SANTOS DOS ÚLTIMOS DIAS;JARDIM SÃO PAULO;;SUBURBIO;COLISÃO TRASEIRA;2.0;0.0;0.0;0.0;0.0;0.0;0.0;0.0;0.0;0.0;0.0;Longo da via;Bom;Não existe;Não existente;Seca;Perfeito estado;Faixa de pedestre;Não há placas;;Dupla;Faixa contínua;;;Tarde
3251;24/11/2020;13:45:00;COM VÍTIMA;FINALIZADA;BOA VISTA;RUA DA AURORA;;RUA MAMEDE SIMOES;EM FRENTE AO GINÁSIO PERNAMBUCANO;BOA VISTA;;SUBURBIO;COLISÃO TRASEIRA;1.0;1.0;0.0;0.0;0.0;0.0;0.0;0.0;0.0;1.0;0.0;Longo da via;Bom;Sem defeito;Perfeito estado;Seca;Perfeito estado;Faixa de pedestre;Não há placas;;Única;Faixa seccionada;;;Tarde
3252;24/11/2020;17:14:00;COM VÍTIMA;FINALIZADA;VÁRZEA;AV AFONSO OLINDENSE;366;;PLANETA MAR PESCADO;VÁRZEA;;;ABALROAMENTO LONGITUDINAL;1.0;1.0;0.0;0.0;0.0;0.0;0.0;0.0;0.0;2.0;0.0;Longo da via;Bom;Não existe;Perfeito estado;Seca;Perfeito estado;Não existe;Não há placas;;Dupla;Faixa contínua;;;Tarde
3253;24/11/2020;18:44:00;COM VÍTIMA;FINALIZADA;ENCRUZILHADA;EST DE BELEM;190;RUA DONA JULIETA;EM FRENTE A PAROQUI NOSSA SENHORA DE BELEM- AO LADO DO VAN LONG ENCRUZILHADA. EDF. JÚLIO II;ENCRUZILHADA;;SUBURBIO;ABALROAMENTO TRANSVERSAL;1.0;1.0;0.0;0.0;0.0;0.0;0.0;0.0;0.0;1.0;0.0;Cruzamento;Bom;Não existe;Perfeito estado;Seca;Perfeito estado;;Não há placas;;Dupla;Faixa contínua;;;Noite
3254;24/11/2020;21:14:00;COM VÍTIMA;FINALIZADA;SANTO AMARO;AV CRUZ CABUGA;644;RUA DOIS DE JULHO;EM FRENTE A IGREJA MISSIONARIA;SANTO AMARO;;SUBURBIO;ABALROAMENTO TRANSVERSAL;1.0;1.0;0.0;0.0;0.0;0.0;0.0;0.0;0.0;1.0;0.0;Esquina;Bom;Sem defeito;Perfeito estado;Seca;Perfeito estado;Faixa de pedestre;Outras;;Dupla;Faixa seccionada;;;Noite
3255;25/11/2020;09:04:00;COM VÍTIMA;FINALIZADA;CABANGA;RUA DILERMANO REIS;25;RUA COMANDANTE ANTONIO MANHAES DE MATTOS;AO LADO DA COMPESA.;CABANGA;;SUBURBIO;COLISÃO COM CICLISTA;0.0;0.0;0.0;1.0;0.0;1.0;0.0;0.0;0.0;1.0;0.0;Longo da via;Bom;Não existe;Perfeito estado;Seca;Perfeito estado;Não existe;Não há placas;30 km/h;Dupla;Faixa contínua;;;Manhã
3256;25/11/2020;14:09:00;COM VÍTIMA;FINALIZADA;ROSARINHO;EST VELHA DE AGUA FRIA;978;;E/F A FUNDAÇAO DA IBGE E ANTIGO DNOCS;ROSARINHO;;CIDADE;ABALROAMENTO LONGITUDINAL;1.0;1.0;0.0;0.0;0.0;0.0;0.0;0.0;0.0;1.0;0.0;Longo da via;Bom;Sem defeito;Perfeito estado;Seca;Perfeito estado;Não existe;Não há placas;;Dupla;Faixa contínua;;;Tarde
3257;25/11/2020;15:43:00;COM VÍTIMA;FINALIZADA;TEJIPIÓ;RUA FALCAO DE LACERDA;354;;EM FRENTE A CLINICA AQUI DOUTOR E PROXIMO AO SEMÁFORO 285;TEJIPIÓ;;SUBURBIO;ABALROAMENTO TRANSVERSAL;1.0;1.0;0.0;0.0;0.0;0.0;0.0;0.0;0.0;1.0;0.0;Longo da via;Bom;;Incompleta;Seca;Mal conservada;Não existe;R-6a;;Dupla;Não existe;;;Tarde
3258;25/11/2020;19:05:00;COM VÍTIMA;FINALIZADA;SÃO JOSÉ;RUA IMPERIAL;981;TRV DO RAPOSO;E/F A FERRO E AÇO;SÃO JOSÉ;510.0;SUBURBIO;ABALROAMENTO TRANSVERSAL;2.0;0.0;0.0;0.0;0.0;0.0;0.0;0.0;0.0;1.0;0.0;Cruzamento;Bom;Sem defeito;Perfeito estado;Seca;Perfeito estado;Faixa de pedestre;;;Única;Faixa contínua;;;Noite