indice;data;hora;natureza_acidente;situacao;bairro;endereco;numero;detalhe_endereco_acidente;complemento;bairro_cruzamento;num_semaforo;sentido_via;tipo;auto;moto;ciclom;ciclista;pedestre;onibus;caminhao;viatura;outros;vitimas;vitimasfatais;acidente_verificado;tempo_clima;situacao_semaforo;sinalizacao;condicao_via;conservacao_via;ponto_controle;situacao_placa;velocidade_max_via;mao_direcao;divisao_via1;divisao_via2;divisao_via3;turno
3377;13/12/2020;13:30:00;COM VÍTIMA;FINALIZADA;PINA;AV REPUBLICA ARABE UNIDA;;RUA NOGUEIRA DE SOUZA;NA ENTRADA DO SHOPPING RIOMAR;PINA;658.0;SHOP RIO MAR;ABALROAMENTO TRANSVERSAL;1.0;1.0;0.0;0.0;0.0;0.0;0.0;0.0;0.0;1.0;0.0;Cruzamento;Bom;Sem defeito;Perfeito estado;Seca;Perfeito estado;Não existe;Não há placas;;Única;Faixa seccionada;;;Tarde
3378;13/12/2020;15:13:00;COM VÍTIMA;FINALIZADA;AFOGADOS;AV SUL;2056;;ESTAÇÃO LARGO DA PAZ. BORRACHARIA SUL.;AFOGADOS;;CIDADE;ABALROAMENTO LONGITUDINAL;1.0;1.0;0.0;0.0;0.0;0.0;0.0;0.0;0.0;1.0;0.0;Longo da via;Bom;Não existe;Perfeito estado;Seca;Perfeito estado;Não existe;Outras;;Única;Faixa seccionada;;;Tarde
3379;13/12/2020;16:07:00;COM VÍTIMA;FINALIZADA;IBURA;RUA PINTOR AGENOR DE ALBUQUERQUE CESAR;;AV DOIS RIOS;;IBURA;561.0;SUBURBIO;ATROPELAMENTO;0.0;1.0;0.0;0.0;1.0;0.0;0.0;0.0;0.0;1.0;0.0;Longo da via;Bom;Sem defeito;Incompleta;Seca;Perfeito estado;Faixa de pedestre;Outras;40 km/h;Dupla;Faixa seccionada;;;Tarde
3380;13/12/2020;17:40:00;COM VÍTIMA;FINALIZADA;TAMARINEIRA;EST VELHA DE AGUA FRIA;637;;PROX AO DNOCS;TAMARINEIRA;;SUBURBIO;ABALROAMENTO LONGITUDINAL;1.0;1.0;0.0;0.0;0.0;0.0;0.0;0.0;0.0;1.0;0.0;Longo da via;Bom;Não existe;Perfeito estado;Seca;Perfeito estado;Não existe;Não há placas;;Dupla;Faixa contínua;;;Tarde
3381;13/12/2020;19:20:00;COM VÍTIMA;FINALIZADA;ESPINHEIRO;RUA DO ESPINHEIRO;278;RUA SANTO ELIAS;E/F AO POSTO IPIRANGA;ESPINHEIRO;;NORTE;ABALROAMENTO TRANSVERSAL;1.0;1.0;0.0;0.0;0.0;0.0;0.0;0.0;0.0;1.0;0.0;Cruzamento;Bom;Não existe;Perfeito estado;Seca;Perfeito estado;Faixa de pedestre;Não há placas;;Única;Faixa seccionada;;;Noite
3382;13/12/2020;19:57:00;COM VÍTIMA;FINALIZADA;CAXANGÁ;AV JOAQUIM RIBEIRO;340;AV PERNAMBUCO;APÓS A UPA DA CAXANGÁ - PROXIMO À ESTAÇÃO BRT. EM FRENTE A REDE TEM SUPERMERCADO.;CAXANGÁ;;SUBURBIO;ATROPELAMENTO;0.0;1.0;0.0;0.0;1.0;0.0;0.0;0.0;0.0;1.0;0.0;Longo da via;Bom;Não existe;Perfeito estado;Seca;Perfeito estado;Outros;;;Dupla;Faixa seccionada;;;Noite
3383;14/12/2020;13:02:00;COM VÍTIMA;FINALIZADA;CORDEIRO;AV CAXANGA;2900;;EM FRENTE A O EXTRA SUPERMERCADO.;CORDEIRO;;SUBURBIO;COLISÃO TRASEIRA;0.0;1.0;0.0;0.0;0.0;1.0;0.0;0.0;0.0;1.0;0.0;Longo da via;Bom;;Perfeito estado;Seca;Perfeito estado;Agente;Não há placas;60 km/h;Dupla;Faixa contínua;Faixa seccionada;Canteiro central;Tarde
3384;14/12/2020;14:15:00;COM VÍTIMA;FINALIZADA;SÃO JOSÉ;RUA IMPERIAL;981;TRV DO RAPOSO;C.M. PRODUTOS SIDERÚRGICOS FERRO E AÇO.;SÃO JOSÉ;510.0;SUBURBIO;ABALROAMENTO TRANSVERSAL;1.0;1.0;0.0;0.0;0.0;0.0;0.0;0.0;0.0;1.0;0.0;Cruzamento;Bom;Sem defeito;Perfeito estado;Seca;Perfeito estado;Faixa de pedestre;Não há placas;;Única;Faixa contínua;;;Tarde
3385;14/12/2020;15:01:00;COM VÍTIMA;FINALIZADA;CAMPO GRANDE;RUA PROFESSOR FRANCISCO DA TRINDADE;481;RUA CATULO DA PAIXAO CEARENSE;PROX AO CENTRO DE BELEZA MERY. AO LADO DA CAPELA SÃO VICENTE.;CAMPO GRANDE;;CIDADE;ABALROAMENTO TRANSVERSAL;1.0;1.0;0.0;0.0;0.0;0.0;0.0;0.0;0.0;1.0;0.0;Cruzamento;Bom;Não existe;Incompleta;Seca;Perfeito estado;Faixa de retenção;Placas Pare;;Dupla;Faixa seccionada;;;Tarde
3386;14/12/2020;16:28:00;COM VÍTIMA;FINALIZADA;CAXANGÁ;AV CAXANGA;;;EM FRENTE AO TI CAXANGA / PROX A PONTE SENTIDO UPA;CAXANGÁ;;SUBURBIO;COLISÃO COM CICLISTA;0.0;0.0;0.0;1.0;0.0;1.0;0.0;0.0;0.0;1.0;0.0;Longo da via;Bom;Sem defeito;Perfeito estado;Seca;Perfeito estado;Faixa de pedestre;Não há placas;60 km/h;Dupla;Faixa seccionada;;;Tarde
3387;14/12/2020;16:55:00;COM VÍTIMA;FINALIZADA;BOA VISTA;RUA DR LEOPOLDO LINS;;AV GOVERNADOR AGAMENON MAGALHAES;NA ESQUINA DA CAIXA ECONOMICA;BOA VISTA;78.0;SUBURBIO;ABALROAMENTO TRANSVERSAL;1.0;1.0;0.0;0.0;0.0;0.0;0.0;0.0;0.0;1.0;0.0;Cruzamento;Bom;Sem defeito;Perfeito estado;Seca;Perfeito estado;Faixa de pedestre;R-19;60 km/h;Dupla;Canal;;;Tarde
3388;14/12/2020;18:43:00;COM VÍTIMA;FINALIZADA;ENCRUZILHADA;AV NORTE;1835;AV JOAO DE BARROS;EM FRENTE AO BANCO SANTANDER;ENCRUZILHADA;43.0;;ABALROAMENTO TRANSVERSAL;1.0;1.0;0.0;0.0;0.0;0.0;0.0;0.0;0.0;1.0;0.0;Cruzamento;Bom;Sem defeito;Perfeito estado;Seca;Perfeito estado;Agente;R-26;;Dupla;Canteiro central;;;Noite
3389;15/12/2020;08:02:00;SEM VÍTIMA;FINALIZADA;TORRE;RUA NETO CAMPELO JUNIOR;;RUA PADRE ANCHIETA;MINUTO PÃO DE AÇUCAR;TORRE;;;COLISÃO;2.0;0.0;0.0;0.0;0.0;0.0;0.0;0.0;0.0;0.0;0.0;Longo da via;Bom;Não existe;Não existente;Seca;Perfeito estado;Não existe;Não há placas;;Única;Não existe;;;Manhã
3390;15/12/2020;08:36:00;COM VÍTIMA;FINALIZADA;CIDADE UNIVERSITÁRIA;RUA GENERAL POLIDORO;788;;GALERIA UNIVERSITARIA. AO LADO DO NÚMERO INFORMADO.;CIDADE UNIVERSITÁRIA;;SUBURBIO;ABALROAMENTO LONGITUDINAL;1.0;1.0;0.0;0.0;0.0;0.0;0.0;0.0;0.0;1.0;0.0;Longo da via;Bom;Não existe;Perfeito estado;Seca;Perfeito estado;Não existe;Não há placas;;Dupla;Faixa contínua;;;Manhã
3391;15/12/2020;09:00:00;COM VÍTIMA;FINALIZADA;IBURA;AV DOIS RIOS;1333;;CONSELHO TUTELAR RPA 6B;;;SUBURBIO;COLISÃO FRONTAL;1.0;1.0;0.0;0.0;0.0;0.0;0.0;0.0;0.0;1.0;0.0;Longo da via;Bom;Não existe;Não existente;Seca;Perfeito estado;Não existe;Não há placas;;Dupla;Faixa contínua;;;Manhã
3392;15/12/2020;14:01:00;COM VÍTIMA;FINALIZADA;CORDEIRO;AV CAXANGA;1845;;EM FRENTE AO SOBERANO/ SENTIDO CIDADE;CORDEIRO;;CIDADE;ABALROAMENTO LONGITUDINAL;1.0;1.0;0.0;0.0;0.0;0.0;0.0;0.0;0.0;1.0;0.0;Longo da via;Bom;Não existe;Perfeito estado;Seca;Perfeito estado;Não existe;R-6a;60 km/h;Única;Faixa seccionada;Canteiro central;;Tarde
3393;15/12/2020;18:13:00;COM VÍTIMA;FINALIZADA;MADALENA;AV ENGENHEIRO ABDIAS DE CARVALHO;;EST DOS REMEDIOS;;MADALENA;52.0;TORRE;ABALROAMENTO LONGITUDINAL;0.0;2.0;0.0;0.0;0.0;0.0;0.0;0.0;0.0;1.0;0.0;Longo da via;Bom;Sem defeito;Perfeito estado;Seca;Perfeito estado;Não existe;Não há placas;60 km/h;Única;Faixa seccionada;;;Noite
3394;15/12/2020;18:59:00;COM VÍTIMA;FINALIZADA;CABANGA;RUA CAPITAO TEMUDO;;AV SATURNINO DE BRITO;SNT BV- AO LADO DO VIADUTO CAP TEMUDO;CABANGA;;BOA VIAGEM;ABALROAMENTO LONGITUDINAL;1.0;1.0;0.0;0.0;0.0;0.0;0.0;0.0;0.0;1.0;0.0;Esquina;Chuvoso;Não existe;Perfeito estado;Molhada;Perfeito estado;Não existe;Não há placas;;Única;Faixa seccionada;;;Noite
3395;15/12/2020;19:14:00;SEM VÍTIMA;FINALIZADA;CAMPO GRANDE;EST DE BELEM;1555;;E/F A PRAÇA DO TERMINAL DE ONIBUS DE CAMPO GRANDRE;CAMPO GRANDE;;;COLISÃO;3.0;0.0;0.0;0.0;0.0;0.0;0.0;0.0;0.0;0.0;0.0;;;;;;;;;;;;;;Noite
3396;15/12/2020;21:23:00;COM VÍTIMA;FINALIZADA;VÁRZEA;AV AFONSO OLINDENSE;420;;E/F AO ANTIGO COLISEU- EMPRESA COOPERNORTE. SINPETRACOPE.;VÁRZEA;;PRAÇA DA VÁRZEA;ABALROAMENTO TRANSVERSAL;0.0;1.0;0.0;0.0;0.0;1.0;0.0;0.0;0.0;2.0;0.0;Longo da via;Bom;Não existe;Perfeito estado;Seca;Perfeito estado;Não existe;Não há placas;;Dupla;Faixa seccionada;;;Noite
3397;16/12/2020;09:20:00;COM VÍTIMA;FINALIZADA;VÁRZEA;RUA CONEGO JOSE FERNANDES MACHADO;41A;;RUA DA ANTENA DO UR7 VÁRZEA;VÁRZEA;;;COLISÃO FRONTAL;1.0;1.0;0.0;0.0;0.0;0.0;0.0;0.0;0.0;1.0;0.0;Longo da via;Bom;Não existe;Não existente;Seca;Perfeito estado;Não existe;Não há placas;;Dupla;Não existe;;;Manhã
3398;16/12/2020;09:48:00;COM VÍTIMA;FINALIZADA;CORDEIRO;EST DO FORTE DO ARRAIAL N. DO B. JESUS;1291;RUA TAMBORIL;AO LADO DA PRAÇA AMPO DO 15. SELF SERVICE DA BENE.;CORDEIRO;482.0;SUBURBIO;ABALROAMENTO LONGITUDINAL;1.0;1.0;0.0;0.0;0.0;0.0;0.0;0.0;0.0;1.0;0.0;Longo da via;Bom;Sem defeito;Perfeito estado;Seca;Perfeito estado;Não existe;Não há placas;30 km/h;Dupla;Faixa seccionada;;;Manhã
3399;16/12/2020;10:49:00;SEM VÍTIMA;FINALIZADA;MADALENA;AV VISCONDE DE ALBUQUERQUE;185;RUA ARNALDO BASTOS;PRÓXIMO AO BANCO ITAÚ;MADALENA;;CIDADE;ABALROAMENTO LONGITUDINAL;1.0;0.0;0.0;0.0;0.0;0.0;0.0;1.0;0.0;0.0;0.0;Longo da via;Bom;Não existe;Perfeito estado;Seca;Perfeito estado;Faixa de pedestre;;;Única;Faixa seccionada;;;Manhã
3400;16/12/2020;14:16:00;SEM VÍTIMA;FINALIZADA;IPUTINGA;RUA EMILIANO BRAGA;97;RUA MANOEL JOAQUIM DE ALMEIDA;PB HOSPITALAR MATERIAIS HOSPITALARES ( EM FRENTE);IPUTINGA;;SUBURBIO;ABALROAMENTO TRANSVERSAL;2.0;0.0;0.0;0.0;0.0;0.0;0.0;0.0;0.0;0.0;0.0;Cruzamento;Bom;Não existe;Não existente;Seca;Perfeito estado;Não existe;Não há placas;;Dupla;Não existe;;;Tarde
3401;16/12/2020;14:42:00;SEM VÍTIMA;FINALIZADA;BOA VIAGEM;RUA PADRE GIORDANO;57;RUA PINHAL;;BOA VIAGEM;;SUBURBIO;ABALROAMENTO TRANSVERSAL;2.0;0.0;0.0;0.0;0.0;0.0;0.0;0.0;0.0;0.0;0.0;Longo da via;Bom;Não existe;Não existente;Seca;Perfeito estado;Não existe;Não há placas;;Dupla;Não existe;;;Tarde
3402;16/12/2020;17:33:00;COM VÍTIMA;FINALIZADA;TORRE;RUA CONDE DE IRAJA;;RUA REAL DA TORRE;ESQUINA COM O EXTRA BOM;TORRE;106.0;AFOGADOS;COLISÃO TRASEIRA;1.0;1.0;0.0;0.0;0.0;0.0;0.0;0.0;0.0;1.0;0.0;Longo da via;Bom;Sem defeito;Perfeito estado;Seca;Perfeito estado;Faixa de pedestre;R-6a;50 km/h;Única;Faixa seccionada;;;Tarde
3403;16/12/2020;17:35:00;COM VÍTIMA;FINALIZADA;BOA VIAGEM;RUA DOS NAVEGANTES;2313;RUA PROFESSOR JOSE BRANDAO;;BOA VIAGEM;;SUBURBIO;ABALROAMENTO TRANSVERSAL;1.0;1.0;0.0;0.0;0.0;0.0;0.0;0.0;0.0;1.0;0.0;Longo da via;Bom;Não existe;Perfeito estado;Seca;Perfeito estado;Não existe;Não há placas;;Dupla;Não existe;;;Tarde
3404;16/12/2020;18:22:00;COM VÍTIMA;FINALIZADA;MADALENA;EST DOS REMEDIOS;;RUA PADRE GABRIEL MOUSINHO;;MADALENA;;CIDADE;ABALROAMENTO LONGITUDINAL;1.0;1.0;0.0;0.0;0.0;0.0;0.0;0.0;0.0;1.0;0.0;Cruzamento;Bom;Não existe;Perfeito estado;Seca;Perfeito estado;Não existe;Placas Pare;;Única;Não existe;;;Noite
3405;16/12/2020;20:19:00;COM VÍTIMA;FINALIZADA;BONGI;EST DO BONGI;919;;PRÓXIMO À DELEGACIA DA POLÍCIA CIVIL;BONGI;;SUBURBIO;ABALROAMENTO TRANSVERSAL;1.0;1.0;0.0;0.0;0.0;0.0;0.0;0.0;0.0;1.0;0.0;Longo da via;Bom;Não existe;Perfeito estado;Seca;Perfeito estado;Não existe;Outras;;Dupla;Faixa contínua;;;Noite
3406;17/12/2020;08:29:00;SEM VÍTIMA;FINALIZADA;;RUA N S DO CARMO;;AV DANTAS BARRETO;;;;;COLISÃO;2.0;0.0;0.0;0.0;0.0;0.0;0.0;0.0;0.0;0.0;0.0;Longo da via;Bom;;Perfeito estado;Seca;Perfeito estado;;Não há placas;40 km/h;Dupla;Faixa contínua;;;Manhã
3407;17/12/2020;11:16:00;COM VÍTIMA;FINALIZADA;SAN MARTIN;RUA GOMES TABORDA;;AV GENERAL SAN MARTIN;;SAN MARTIN;67.0;CIDADE;TOMBAMENTO;0.0;1.0;0.0;0.0;0.0;0.0;0.0;0.0;0.0;1.0;0.0;Cruzamento;Bom;Sem defeito;Perfeito estado;Seca;Perfeito estado;Faixa de pedestre;R-6a;;Dupla;Faixa contínua;;;Manhã
3408;17/12/2020;17:43:00;COM VÍTIMA;FINALIZADA;BOA VISTA;AV CONDE DA BOA VISTA;;RUA DOM BOSCO;;BOA VISTA;27.0;SUBURBIO;ABALROAMENTO LONGITUDINAL;0.0;2.0;0.0;0.0;0.0;0.0;0.0;0.0;0.0;1.0;0.0;Cruzamento;Bom;Sem defeito;Perfeito estado;Seca;Perfeito estado;Faixa de pedestre;Não há placas;60 km/h;Única;Faixa contínua;;;Tarde
3409;17/12/2020;19:40:00;SEM VÍTIMA;FINALIZADA;IMBIRIBEIRA;AV MARECHAL MASCARENHAS DE MORAES;7935;;SEMAFORO Nº626;IMBIRIBEIRA;;CIDADE;COLISÃO;0.0;0.0;0.0;0.0;0.0;0.0;0.0;0.0;0.0;0.0;0.0;Longo da via;Bom;Sem defeito;Perfeito estado;Seca;Perfeito estado;;Não há placas;60km/h;Dupla;Canteiro central;;;Noite
3410;17/12/2020;20:00:00;COM VÍTIMA;FINALIZADA;PRADO;EST DOS REMEDIOS;;AV ENGENHEIRO ABDIAS DE CARVALHO;E/F À FARMACIA DROGASIL;PRADO;52.0;SUBURBIO;ABALROAMENTO LONGITUDINAL;1.0;1.0;0.0;0.0;0.0;0.0;0.0;0.0;0.0;2.0;0.0;Cruzamento;Bom;Sem defeito;Perfeito estado;Seca;Mal conservada;Faixa de pedestre;R-6a;60 km/h;Dupla;Faixa contínua;;;Noite
3411;18/12/2020;07:32:00;COM VÍTIMA;FINALIZADA;GRAÇAS;AV GOVERNADOR AGAMENON MAGALHAES;3158;;EM FRENTE AO MEDICAL CENTES- PISTA CENTRAL.;GRAÇAS;;SUBURBIO;ABALROAMENTO LONGITUDINAL;1.0;1.0;0.0;0.0;0.0;0.0;0.0;0.0;0.0;1.0;0.0;Longo da via;Bom;Não existe;Perfeito estado;Seca;Perfeito estado;Não existe;Não há placas;60 km/h;Dupla;Canal;;;Manhã
3412;18/12/2020;08:30:00;COM VÍTIMA;FINALIZADA;ESPINHEIRO;RUA GOMES PACHECO;245;RUA AFONSO BATISTA;EM FRENTE AO POSTO SHELL;ESPINHEIRO;;SUBURBIO;COLISÃO FRONTAL;1.0;1.0;0.0;0.0;0.0;0.0;0.0;0.0;0.0;1.0;0.0;Cruzamento;Bom;Não existe;Incompleta;Seca;Perfeito estado;Não existe;R-4a;;Dupla;;;;Manhã
3413;18/12/2020;09:30:00;COM VÍTIMA;FINALIZADA;APIPUCOS;RUA DE APIPUCOS;685;;AÇUDE DE APIPUCOS;APIPUCOS;;CIDADE;COLISÃO FRONTAL;1.0;1.0;0.0;0.0;0.0;0.0;0.0;0.0;0.0;1.0;0.0;Cruzamento;Bom;Sem defeito;Perfeito estado;Seca;Perfeito estado;Faixa de retenção;R-6a;60 km/h;Dupla;Faixa contínua;;;Manhã
3414;18/12/2020;13:35:00;COM VÍTIMA;FINALIZADA;SANTO AMARO;AV GOVERNADOR AGAMENON MAGALHAES;;;EM FRENTE A UPE.;SANTO AMARO;465.0;SUBURBIO;ABALROAMENTO LONGITUDINAL;1.0;1.0;0.0;0.0;0.0;0.0;0.0;0.0;0.0;2.0;0.0;Longo da via;Bom;Sem defeito;Perfeito estado;Seca;Perfeito estado;Faixa de pedestre;R-19;60 km/h;Única;Faixa seccionada;;;Tarde
3415;18/12/2020;14:26:00;COM VÍTIMA;FINALIZADA;BOA VISTA;AV CONDE DA BOA VISTA;785;;EM FRENTE AO SANTANDER;BOA VISTA;;CIDADE;ABALROAMENTO LONGITUDINAL;1.0;1.0;0.0;0.0;0.0;0.0;0.0;0.0;0.0;1.0;0.0;Longo da via;Bom;Não existe;Perfeito estado;Seca;Perfeito estado;Não existe;Outras;40 km/h;Dupla;Canteiro central;;;Tarde
3416;19/12/2020;01:12:00;VÍTIMA FATAL;FINALIZADA;SANTO AMARO;AV NORTE;;RUA TREZE DE MAIO;COM RUA 13 DE MAIO;SANTO AMARO;36.0;CIDADE;CHOQUE OBJETO FIXO;1.0;0.0;0.0;0.0;0.0;0.0;0.0;0.0;0.0;1.0;1.0;Cruzamento;Bom;Sem defeito;Perfeito estado;Seca;Perfeito estado;Faixa de pedestre;Não há placas;;Dupla;Canteiro central;;;Madrugada
3417;19/12/2020;20:45:00;COM VÍTIMA;FINALIZADA;CORDEIRO;AV GENERAL SAN MARTIN;;AV CAXANGA;TERMINAL INTEGRADO CAXANGÁ III PERIMETRAL.;CORDEIRO;;CIDADE;ABALROAMENTO LONGITUDINAL;1.0;1.0;0.0;0.0;0.0;0.0;0.0;0.0;0.0;1.0;0.0;Longo da via;Bom;Sem defeito;Ilegível;Seca;Perfeito estado;Faixa de retenção;R-6a;60 km/h;Única;Faixa contínua;;;Noite
3418;20/12/2020;13:08:00;COM VÍTIMA;FINALIZADA;AFOGADOS;RUA SAO MIGUEL;630;;LADO OPOSTO A CLAYTON AUTO PEÇAS E SERVIÇOS.;AFOGADOS;;SUBURBIO;ABALROAMENTO LONGITUDINAL;1.0;1.0;0.0;0.0;0.0;0.0;0.0;0.0;0.0;1.0;0.0;Longo da via;Bom;Não existe;Perfeito estado;Seca;Perfeito estado;Não existe;Não há placas;;Dupla;Faixa contínua;;;Tarde
3419;20/12/2020;13:07:00;COM VÍTIMA;FINALIZADA;SÃO JOSÉ;RUA DA CONCORDIA;854;RUA DO PEIXOTO;;SÃO JOSÉ;182.0;CIDADE;COLISÃO FRONTAL;1.0;1.0;0.0;0.0;0.0;0.0;0.0;0.0;0.0;1.0;0.0;Cruzamento;Bom;Sem defeito;Perfeito estado;Seca;Perfeito estado;Outros;Não há placas;40 km/h;Única;Não existe;;;Tarde
3420;20/12/2020;16:53:00;COM VÍTIMA;FINALIZADA;IPSEP;RUA JEAN EMILE FAVRE;;RUA RIO AMAZONAS;SOB SEMÁFORO 527. PANIFICADORA PÃO NORTE.;IPSEP;527.0;;ABALROAMENTO LONGITUDINAL;1.0;0.0;1.0;0.0;0.0;0.0;0.0;0.0;0.0;1.0;0.0;Cruzamento;Bom;Sem defeito;Incompleta;Seca;Perfeito estado;Outros;Outras;;Dupla;Faixa contínua;;;Tarde
3421;20/12/2020;21:09:00;SEM VÍTIMA;FINALIZADA;CABANGA;PTE GOVERNADOR PAULO GUERRA;;;COLISÃO ENVOLVENDO HB 20 E FIAT PUNTO ENVOLVENDO CONDUTOR COM SINTOMAS DE EMBRIAGUEZ;CABANGA;;;COLISÃO;2.0;0.0;0.0;0.0;0.0;0.0;0.0;0.0;0.0;0.0;0.0;Ponte;Bom;Não existe;Perfeito estado;Seca;Perfeito estado;Outros;Não há placas;;Única;Faixa contínua;;;Noite
3422;21/12/2020;07:19:00;COM VÍTIMA;FINALIZADA;GRAÇAS;AV GOVERNADOR AGAMENON MAGALHAES;;;PRÓXIMO AO SEMÁFORO 174. EM FRENTE À ESCOLA ESTADUAL GOV. BARBOSA LIMA.;GRAÇAS;174.0;BOA VIAGEM;COLISÃO COM CICLISTA;1.0;0.0;0.0;1.0;0.0;0.0;0.0;0.0;0.0;1.0;0.0;Longo da via;Bom;Sem defeito;Perfeito estado;Seca;Perfeito estado;Outros;Outras;60 km/h;Dupla;Canteiro central;;;Manhã
3423;21/12/2020;11:31:00;COM VÍTIMA;FINALIZADA;SANTO AMARO;RUA DO POMBAL;;RUA DOS PALMARES;CENTRO DE SAUDE PROF. VALDEMAR DE OLIVEIRA;SANTO AMARO;;;ABALROAMENTO TRANSVERSAL;1.0;1.0;0.0;0.0;0.0;0.0;0.0;0.0;0.0;1.0;0.0;Cruzamento;Bom;Não existe;Perfeito estado;Seca;Perfeito estado;Faixa de pedestre;R-34;40 km/h;Dupla;Canteiro central;;;Manhã
3424;21/12/2020;13:48:00;COM VÍTIMA;FINALIZADA;SANTO AMARO;AV NORTE;;PRC GENERAL ABREU E LIMA;POR TRAS DO CEMITERIO DOS INGLESES;SANTO AMARO;587.0;CIDADE;ABALROAMENTO LONGITUDINAL;1.0;1.0;0.0;0.0;0.0;0.0;0.0;0.0;0.0;1.0;0.0;Cruzamento;Bom;Sem defeito;Perfeito estado;Seca;Perfeito estado;Outros;Outras;;Dupla;Faixa contínua;;;Tarde
3425;21/12/2020;16:05:00;COM VÍTIMA;FINALIZADA;ESPINHEIRO;AV GOVERNADOR AGAMENON MAGALHAES;2125;;EM FRENTE AO SANTANDER SELECT;ESPINHEIRO;;BOA VIAGEM;ABALROAMENTO LONGITUDINAL;1.0;1.0;0.0;0.0;0.0;0.0;0.0;0.0;0.0;1.0;0.0;Longo da via;Bom;Sem defeito;Perfeito estado;Seca;Perfeito estado;Não existe;Outras;;Dupla;Canal;;;Tarde
3426;21/12/2020;16:24:00;COM VÍTIMA;FINALIZADA;BOA VIAGEM;AVENIDA CELSO FURTADO (VIA MANGUE);;;PROX A LOMBADA ELETRONICA. POSTE J013384.;BOA VIAGEM;;CIDADE;COLISÃO TRASEIRA;1.0;1.0;0.0;0.0;0.0;0.0;0.0;0.0;0.0;1.0;0.0;Longo da via;Bom;Não existe;Perfeito estado;Seca;Perfeito estado;Não existe;Não há placas;60 km/h;Dupla;Canteiro central;;;Tarde
3427;21/12/2020;19:18:00;SEM VÍTIMA;FINALIZADA;TORRE;RUA PROFESSOR TRAJANO DE MENDONCA;;;E/F AO POSTO SHELL / APÓS O ATACADO DOS PRESENTES;TORRE;;;CHOQUE OBJETO FIXO;0.0;0.0;0.0;0.0;0.0;0.0;1.0;0.0;0.0;0.0;0.0;;;;;;;;;;;;;;Noite
3428;21/12/2020;19:26:00;COM VÍTIMA;FINALIZADA;TORRE;RUA REAL DA TORRE;;;AO LADO DO ATACADO DOS PRESENTES;TORRE;;SUBURBIO;ABALROAMENTO LONGITUDINAL;1.0;1.0;0.0;0.0;0.0;0.0;0.0;0.0;0.0;1.0;0.0;Longo da via;Bom;Não existe;Perfeito estado;Seca;Perfeito estado;;Não há placas;40 km/h;Única;;;;Noite
3429;21/12/2020;20:28:00;COM VÍTIMA;FINALIZADA;BAIRRO DO RECIFE;CAIS DO APOLO;222;;E/F AO PORTO DIGITAL;BAIRRO DO RECIFE;;CIDADE;COLISÃO COM CICLISTA;0.0;0.0;0.0;1.0;0.0;1.0;0.0;0.0;0.0;1.0;0.0;Longo da via;Bom;Não existe;Perfeito estado;Seca;Perfeito estado;Não existe;Outras;;Única;Faixa seccionada;;;Noite
3430;21/12/2020;21:49:00;COM VÍTIMA;FINALIZADA;TORRE;RUA DIANOPOLIS;;RUA SOUZA BANDEIRA;E/F AO EDFC VIVENDA DOS GIRASSOIS;TORRE;317.0;SUBURBIO;COLISÃO FRONTAL;1.0;1.0;0.0;0.0;0.0;0.0;0.0;0.0;0.0;1.0;0.0;Cruzamento;Bom;Intermitente;Perfeito estado;Seca;Perfeito estado;Faixa de pedestre;R-6a;30 km/h;Dupla;Faixa contínua;;;Noite
3431;22/12/2020;07:24:00;COM VÍTIMA;FINALIZADA;MANGUEIRA;RUA ALEXANDRE RODRIGUES FERREIRA;563;RUA MEDINA;EM FRENTE AO ARMAZEM REDE CONSTRUIR;MANGUEIRA;;CIDADE;COLISÃO COM CICLISTA;1.0;0.0;0.0;1.0;0.0;0.0;0.0;0.0;0.0;2.0;0.0;Cruzamento;Bom;Não existe;Incompleta;Seca;Perfeito estado;Não existe;Não há placas;;Única;Não existe;;;Manhã
3432;22/12/2020;10:19:00;COM VÍTIMA;FINALIZADA;SANTO AMARO;AV CRUZ CABUGA;;;EM FRENTE A ESCOLA DE APRENDIZES DE MARINHEIROS;SANTO AMARO;;;COLISÃO;0.0;2.0;0.0;0.0;0.0;0.0;0.0;0.0;0.0;2.0;0.0;;;;;;;;;;;;;;Manhã
3433;22/12/2020;10:52:00;SEM VÍTIMA;FINALIZADA;BOA VISTA;RUA JOAO FERNANDES VIEIRA;;RUA OSVALDO CRUZ;TEATRO WALDEMAR DE OLIVEIRA;BOA VISTA;;;COLISÃO;2.0;0.0;0.0;0.0;0.0;0.0;0.0;0.0;0.0;0.0;0.0;Longo da via;Bom;Não existe;Perfeito estado;Seca;Perfeito estado;Não existe;Não há placas;;Única;Faixa seccionada;;;Manhã
3434;22/12/2020;11:44:00;COM VÍTIMA;FINALIZADA;IMBIRIBEIRA;AV MARECHAL MASCARENHAS DE MORAES;1919;;EM FRENTE AO JUIZADO ESPECIAL DO RECIFE;IMBIRIBEIRA;;CIDADE;COLISÃO TRASEIRA;1.0;1.0;0.0;0.0;0.0;0.0;0.0;0.0;0.0;2.0;0.0;Longo da via;Bom;Não existe;Perfeito estado;Seca;Perfeito estado;Não existe;Não há placas;60 km/h;Única;Faixa seccionada;;;Manhã