indice;data;hora;natureza_acidente;situacao;bairro;endereco;numero;detalhe_endereco_acidente;complemento;bairro_cruzamento;num_semaforo;sentido_via;tipo;auto;moto;ciclom;ciclista;pedestre;onibus;caminhao;viatura;outros;vitimas;vitimasfatais;acidente_verificado;tempo_clima;situacao_semaforo;sinalizacao;condicao_via;conservacao_via;ponto_controle;situacao_placa;velocidade_max_via;mao_direcao;divisao_via1;divisao_via2;divisao_via3;turno
3435;22/12/2020;11:50:00;COM VÍTIMA;FINALIZADA;CASA AMARELA;AV NORTE;3799;RUA OSCAR DE BARROS;;CASA AMARELA;676.0;SUBURBIO;COLISÃO COM CICLISTA;0.0;1.0;0.0;1.0;0.0;0.0;0.0;0.0;0.0;1.0;0.0;Cruzamento;Bom;Sem defeito;Perfeito estado;Seca;Perfeito estado;Faixa de pedestre;R-6a;;Dupla;Faixa contínua;;;Manhã
3436;22/12/2020;14:58:00;COM VÍTIMA;FINALIZADA;TORRE;RUA JOSE BONIFACIO;;RUA JOSE DE HOLANDA;EM FRENTE AO MERCADO TORRE;TORRE;601.0;;COLISÃO;1.0;1.0;0.0;0.0;0.0;0.0;0.0;0.0;0.0;1.0;0.0;;;;;;;;;;;;;;Tarde
3437;22/12/2020;16:08:00;COM VÍTIMA;FINALIZADA;BOA VIAGEM;AV CONSELHEIRO AGUIAR;3384;;EM FRENTE AO ED. TROPICAL / APOS A CAIXA ECONIMICA;BOA VIAGEM;;SUBURBIO;ATROPELAMENTO;0.0;0.0;0.0;0.0;1.0;1.0;0.0;0.0;0.0;1.0;0.0;Longo da via;Bom;Sem defeito;Perfeito estado;Seca;Perfeito estado;Não existe;Não há placas;;Única;Não existe;;;Tarde
3438;22/12/2020;17:22:00;SEM VÍTIMA;FINALIZADA;PINA;;;;NA SAIDA DO TUNEL ANTONIO DE GOES;PINA;;;COLISÃO;0.0;0.0;0.0;0.0;0.0;0.0;0.0;0.0;0.0;0.0;0.0;;;;;;;;;;;;;;Tarde
3439;22/12/2020;17:41:00;COM VÍTIMA;FINALIZADA;SÃO JOSÉ;RUA SAO JOAO;209;RUA PASSO DA PATRIA;;SÃO JOSÉ;;SUBURBIO;ABALROAMENTO TRANSVERSAL;1.0;1.0;0.0;0.0;0.0;0.0;0.0;0.0;0.0;2.0;0.0;Cruzamento;Bom;Não existe;;Seca;Perfeito estado;Não existe;R-4b;40 km/h;Única;Não existe;;;Tarde
3440;22/12/2020;18:11:00;COM VÍTIMA;FINALIZADA;BEBERIBE;AV BEBERIBE;2329;;LADO OPOSTO AO SUPERMERCADO SOBERANO;BEBERIBE;;CIDADE;COLISÃO TRASEIRA;1.0;1.0;0.0;0.0;0.0;0.0;0.0;0.0;0.0;1.0;0.0;Longo da via;Bom;Não existe;Não existente;Seca;Perfeito estado;Não existe;R-6a;;Dupla;Faixa contínua;;;Noite
3441;23/12/2020;07:15:00;COM VÍTIMA;FINALIZADA;MADALENA;RUA JOAO IVO DA SILVA;205;;SENTIDO AFOGADOS  NA SAÍDA DO TÚNEL DA ABOLIÇÃO.;MADALENA;;CIDADE;ABALROAMENTO LONGITUDINAL;0.0;2.0;0.0;0.0;0.0;0.0;0.0;0.0;0.0;1.0;0.0;Longo da via;Bom;Não existe;Perfeito estado;Seca;Perfeito estado;Não existe;Não há placas;;Única;Faixa contínua;;;Manhã
3442;23/12/2020;08:30:00;COM VÍTIMA;FINALIZADA;MANGUEIRA;RUA VINTE E UM DE ABRIL;2058;RUA ALEXANDRE RODRIGUES FERREIRA;EM FRENTE  A LOJA J.A PAPEIS;MANGUEIRA;;;COLISÃO FRONTAL;1.0;1.0;0.0;0.0;0.0;0.0;0.0;0.0;0.0;2.0;0.0;Cruzamento;Bom;Não existe;Incompleta;Seca;Perfeito estado;Não existe;Placas Pare;;Dupla;Não existe;;;Manhã
3443;23/12/2020;08:38:00;COM VÍTIMA;FINALIZADA;CORDEIRO;RUA TIJUCA;2;AV ENGENHEIRO ABDIAS DE CARVALHO;DROGAMAIA-AQUITEM;CORDEIRO;422.0;SUBURBIO;ABALROAMENTO TRANSVERSAL;2.0;0.0;0.0;0.0;0.0;0.0;0.0;0.0;0.0;1.0;0.0;Cruzamento;Bom;Sem defeito;Perfeito estado;Seca;Perfeito estado;Outros;R-4a;60 km/h;Única;Canteiro central;;;Manhã
3444;23/12/2020;15:16:00;COM VÍTIMA;FINALIZADA;AFOGADOS;RUA SAO MIGUEL;1166;;PROXIMO AO CHINA BOX;AFOGADOS;;AFOGADOS;COLISÃO FRONTAL;2.0;1.0;0.0;0.0;0.0;0.0;0.0;0.0;0.0;1.0;0.0;Longo da via;Bom;Não existe;Perfeito estado;Seca;Perfeito estado;Não existe;Não há placas;50 km/h;Dupla;Faixa contínua;;;Tarde
3445;23/12/2020;18:55:00;COM VÍTIMA;FINALIZADA;MADALENA;EST DOS REMEDIOS;400;;PRÓX A GALERIA MADALENA CENTER 401;MADALENA;;SUBURBIO;ABALROAMENTO TRANSVERSAL;1.0;1.0;0.0;0.0;0.0;0.0;0.0;0.0;0.0;1.0;0.0;Cruzamento;Bom;Não existe;Não existente;Seca;Perfeito estado;Não existe;Placas Pare;;Única;Faixa seccionada;;;Noite
3446;24/12/2020;06:24:00;COM VÍTIMA;FINALIZADA;MORRO DA CONCEIÇÃO;RUA DOIS DE FEVEREIRO;137;;CASA / CENTRO ESPIRITA PEDRO CARNEIRO;MORRO DA CONCEIÇÃO;;;ABALROAMENTO LONGITUDINAL;0.0;1.0;0.0;0.0;0.0;1.0;0.0;0.0;0.0;1.0;0.0;Longo da via;Chuvoso;Não existe;Não existente;;Mal conservada;Não existe;Não há placas;30 km/h;Dupla;Não existe;;;Manhã
3447;24/12/2020;07:23:00;COM VÍTIMA;FINALIZADA;CASA AMARELA;AV NORTE;5237;RUA DA HARMONIA;EM FRENTE A FARMACIA PAGUE MENOS;CASA AMARELA;312.0;;COLISÃO;1.0;1.0;0.0;0.0;0.0;0.0;0.0;0.0;0.0;2.0;0.0;;;;;;;;;;;;;;Manhã
3448;24/12/2020;07:59:00;COM VÍTIMA;FINALIZADA;CAXANGÁ;AV CAXANGA;5532;;LADO OPOSTO AO RESIDENCIAL CAXANGÁ.;CAXANGÁ;;SUBURBIO;COLISÃO COM CICLISTA;1.0;0.0;0.0;1.0;0.0;0.0;0.0;0.0;0.0;1.0;0.0;Longo da via;Bom;Sem defeito;Perfeito estado;Seca;Perfeito estado;Faixa de pedestre;Não há placas;60 km/h;Dupla;Faixa seccionada;;;Manhã
3449;24/12/2020;08:38:00;COM VÍTIMA;FINALIZADA;NOVA DESCOBERTA;RUA NOVA DESCOBERTA;2061;;;NOVA DESCOBERTA;;VASCO DA GAMA;COLISÃO;1.0;1.0;0.0;0.0;0.0;0.0;0.0;0.0;0.0;1.0;0.0;Longo da via;Bom;Não existe;Perfeito estado;Seca;Perfeito estado;Não existe;R-6a;;Dupla;Faixa seccionada;;;Manhã
3450;24/12/2020;09:28:00;SEM VÍTIMA;FINALIZADA;JORDÃO;AV DONA CARENTINA;20;;NA SUBIDA DA LADEIRA;JORDÃO;;;CHOQUE OBJETO FIXO;1.0;0.0;0.0;0.0;0.0;0.0;0.0;0.0;1.0;0.0;0.0;Longo da via;Chuvoso;Não existe;Perfeito estado;Molhada;Perfeito estado;Não existe;Não há placas;;Dupla;Faixa contínua;;;Manhã
3451;24/12/2020;09:35:00;COM VÍTIMA;FINALIZADA;AFOGADOS;RUA VINTE E UM DE ABRIL;411;;EM FRENTE AO AFOGADOS CENTER;AFOGADOS;;;COLISÃO;0.0;1.0;1.0;0.0;0.0;0.0;0.0;0.0;0.0;1.0;0.0;;;;;;;;;;;;;;Manhã
3452;24/12/2020;11:47:00;COM VÍTIMA;FINALIZADA;ALTO JOSÉ DO PINHO;COR DO BARTOLOMEU;;RUA PADRE OLIVEIRA;FEIRA DA RODINHA - PANIFICADORA SENHOR DO BOMFIM.;ALTO JOSÉ DO PINHO;;SUBURBIO;ATROPELAMENTO;1.0;0.0;0.0;0.0;1.0;0.0;0.0;0.0;0.0;1.0;0.0;Longo da via;Bom;Não existe;Perfeito estado;Seca;Perfeito estado;Não existe;Outras;;Dupla;Faixa contínua;;;Manhã
3453;24/12/2020;13:21:00;COM VÍTIMA;FINALIZADA;IMBIRIBEIRA;AV MARECHAL MASCARENHAS DE MORAES;;;EM FRENTE À UNIVERSIDADE UNIVERSO;IMBIRIBEIRA;501.0;CIDADE;COLISÃO TRASEIRA;1.0;1.0;0.0;0.0;0.0;0.0;0.0;0.0;0.0;1.0;0.0;Longo da via;Bom;Sem defeito;Perfeito estado;Seca;Perfeito estado;Faixa de pedestre;R-6a;60 km/h;Dupla;Canteiro central;;;Tarde
3454;22/12/2020;09:16:00;SEM VÍTIMA;FINALIZADA;GRAÇAS;AV GOVERNADOR AGAMENON MAGALHAES;;;;GRAÇAS;37.0;PARNAMIRIM-DERBY;COLISÃO;1.0;1.0;0.0;0.0;0.0;0.0;0.0;0.0;0.0;0.0;0.0;;;;;;;;;;;;;;Manhã
3455;24/12/2020;15:16:00;SEM VÍTIMA;FINALIZADA;ENCRUZILHADA;AV JOAO DE BARROS;;AV NORTE;;ENCRUZILHADA;43.0;CIDADE;COLISÃO;2.0;0.0;0.0;0.0;0.0;0.0;0.0;0.0;0.0;0.0;0.0;;;;;;;;;;;;;;Tarde
3456;24/12/2020;15:27:00;COM VÍTIMA;FINALIZADA;VÁRZEA;AV CAXANGA;5759;;LADO OPOSTO AO TERMINAL INTEGRADO DA CAXANGÁ;VÁRZEA;262.0;CIDADE;COLISÃO TRASEIRA;1.0;1.0;0.0;0.0;0.0;0.0;0.0;0.0;0.0;1.0;0.0;Longo da via;Bom;Sem defeito;Perfeito estado;Seca;Perfeito estado;Faixa de pedestre;Não há placas;60 km/h;Única;Faixa contínua;;;Tarde
3457;24/12/2020;17:37:00;COM VÍTIMA;FINALIZADA;BOA VIAGEM;AV ENGENHEIRO DOMINGOS FERREIRA;3340;RUA FAUSTINO PORTO;EM FRENTE AO ED. ERICA;BOA VIAGEM;;PIEDADE;COLISÃO TRASEIRA;2.0;1.0;0.0;0.0;0.0;0.0;0.0;0.0;0.0;1.0;0.0;Longo da via;Bom;Sem defeito;Perfeito estado;Seca;Perfeito estado;Não existe;R-6a;;Dupla;Faixa contínua;Faixa seccionada;;Tarde
3458;24/12/2020;18:24:00;COM VÍTIMA;FINALIZADA;ALTO JOSÉ DO PINHO;AV NORTE;12;;APÓS A ENTRADA DA MANGABEIRA / EM FRENTE AO ARMAZÉM CORAL.;ALTO JOSÉ DO PINHO;;SUBURBIO;COLISÃO COM CICLISTA;0.0;1.0;0.0;1.0;0.0;0.0;0.0;0.0;0.0;2.0;0.0;Longo da via;Bom;Não existe;Perfeito estado;Seca;Perfeito estado;Não existe;Não há placas;60 km/h;Única;Canteiro central;;;Noite
3459;25/12/2020;16:07:00;COM VÍTIMA;FINALIZADA;IMBIRIBEIRA;RUA ITAJAI;160;RUA PAMPULHA;E/F PORTO DELICATESSEN. CASA BRANCA BUFFET.;IMBIRIBEIRA;;CIDADE;ABALROAMENTO TRANSVERSAL;1.0;1.0;0.0;0.0;0.0;0.0;0.0;0.0;0.0;1.0;0.0;Cruzamento;Bom;Não existe;Perfeito estado;Seca;Perfeito estado;Faixa de retenção;Placas Pare;;Dupla;Faixa contínua;;;Tarde
3460;25/12/2020;22:53:00;COM VÍTIMA;FINALIZADA;ENGENHO DO MEIO;RUA ANTONIO CURADO;427;RUA MANUEL ALVES DEUSDARA;AO LADO DA COMPESA / PRÓX A PRC DO ENGENHO DO MEIO. IGREJA PENTECOSTAL JESUS É A ESPERANÇA.;ENGENHO DO MEIO;;CIDADE;COLISÃO COM CICLISTA;1.0;0.0;0.0;1.0;0.0;0.0;0.0;0.0;0.0;2.0;0.0;Longo da via;Bom;Não existe;Perfeito estado;Seca;Perfeito estado;Não existe;Outras;;Dupla;Faixa seccionada;;;Noite
3461;26/12/2020;05:22:00;SEM VÍTIMA;FINALIZADA;SOLEDADE;RUA JOAO FERNANDES VIEIRA;11;;PRÓXIMO AO CRUZAMENTO C/A RUA DA SOLEDADE;SOLEDADE;;;CHOQUE OBJETO FIXO;1.0;0.0;0.0;0.0;0.0;0.0;0.0;0.0;0.0;0.0;0.0;;;;;;;;;;;;;;Madrugada
3462;26/12/2020;09:59:00;SEM VÍTIMA;FINALIZADA;CORDEIRO;AV CAXANGA;;RUA SAO MATEUS;FATO OCORRIDO NO ELEVADO DA AV CASXANGA- NO SENTIDO CIDADE / SUBURBIO.;CORDEIRO;;SUBURBIO;COLISÃO COM CICLISTA;0.0;0.0;0.0;2.0;0.0;0.0;0.0;0.0;0.0;0.0;0.0;;;;;;;;;;;;;;Manhã
3463;26/12/2020;10:34:00;COM VÍTIMA;FINALIZADA;CORDEIRO;RUA MAURICIO DE NASSAU;;;POR TRAS DO PARQUE DE EXPOSIÇÕES.;CORDEIRO;;SUBURBIO;COLISÃO COM CICLISTA;0.0;1.0;0.0;1.0;0.0;0.0;0.0;0.0;0.0;1.0;0.0;Longo da via;Bom;Não existe;Perfeito estado;Seca;Perfeito estado;Não existe;Não há placas;;Dupla;Faixa contínua;Faixa seccionada;;Manhã
3464;26/12/2020;17:39:00;SEM VÍTIMA;FINALIZADA;IMBIRIBEIRA;RUA JORGE DE LIMA;2245;;EM FRENTE A GEOVANE SONDA / EM FRENTE AO ED- VITA CLUBE;IMBIRIBEIRA;402.0;;COLISÃO;2.0;0.0;0.0;0.0;0.0;0.0;0.0;0.0;0.0;0.0;0.0;;;;;;;;;;;;;;Tarde
3465;26/12/2020;17:47:00;COM VÍTIMA;FINALIZADA;TORRE;VDO GOVERNADOR CORDEIRO DE FARIAS;;;PONTE DA TORRE AO LADO DO CARREFOUR;TORRE;;SUBURBIO;TOMBAMENTO;0.0;1.0;0.0;0.0;0.0;0.0;0.0;0.0;0.0;1.0;0.0;Viaduto;Bom;Não existe;Perfeito estado;Seca;Perfeito estado;Não existe;Não há placas;;Única;Faixa seccionada;;;Tarde
3466;26/12/2020;19:44:00;SEM VÍTIMA;FINALIZADA;IMBIRIBEIRA;AV MARECHAL MASCARENHAS DE MORAES;;;EM FRENTE A CHEVROLET TAMBAI;IMBIRIBEIRA;161.0;SUBURBIO;COLISÃO;1.0;0.0;0.0;0.0;0.0;0.0;0.0;1.0;0.0;0.0;0.0;Longo da via;Bom;Sem defeito;Perfeito estado;Seca;Perfeito estado;Faixa de pedestre;Não há placas;60 KM/H;Única;Canteiro central;;;Noite
3467;27/12/2020;00:53:00;SEM VÍTIMA;FINALIZADA;BOA VIAGEM;AV CONSELHEIRO AGUIAR;635;;;BOA VIAGEM;;;COLISÃO;2.0;0.0;0.0;0.0;0.0;0.0;0.0;1.0;0.0;0.0;0.0;;;;;;;;;;;;;;Madrugada
3468;27/12/2020;08:44:00;COM VÍTIMA;FINALIZADA;IMBIRIBEIRA;RUA ITAJAI;159;RUA PAMPULHA;EM FRENTE A PADARIA PORTO DELICATESSEN;IMBIRIBEIRA;;SUBURBIO;ABALROAMENTO TRANSVERSAL;2.0;0.0;0.0;0.0;0.0;0.0;0.0;0.0;0.0;1.0;0.0;Cruzamento;Bom;Não existe;Perfeito estado;Seca;Perfeito estado;Faixa de retenção;Placas Pare;;Dupla;Faixa contínua;;;Manhã
3469;27/12/2020;12:06:00;COM VÍTIMA;FINALIZADA;IPSEP;RUA SAO NICOLAU;231;RUA PROFESSOR JOSE VICENTE;PROX A NUCLEO DA POLICIA E FARMÁCIA BOM CONSELHO.;IPSEP;;SUBURBIO;ABALROAMENTO TRANSVERSAL;1.0;1.0;0.0;0.0;0.0;0.0;0.0;0.0;0.0;1.0;0.0;Longo da via;Bom;Não existe;Perfeito estado;Seca;Perfeito estado;Faixa de pedestre;Placas Pare;;Única;Não existe;;;Tarde
3470;28/12/2020;06:22:00;COM VÍTIMA;FINALIZADA;CABANGA;AV SUL;1180;;APÓS O VIADUTO - SENTIDO SUB/CID;CABANGA;;CIDADE;CHOQUE OBJETO FIXO;0.0;1.0;0.0;0.0;0.0;0.0;0.0;0.0;0.0;1.0;0.0;Longo da via;Bom;Não existe;Não existente;Molhada;Outros;Não existe;Não há placas;;Dupla;Faixa seccionada;Canteiro central;;Manhã
3471;28/12/2020;07:28:00;COM VÍTIMA;FINALIZADA;BOA VIAGEM;AVENIDA CELSO FURTADO (VIA MANGUE);;;NO FINAL DA VIA MANGUE- NA ALÇA DA ANTÔNIO FALCÃO.;BOA VIAGEM;;SUBURBIO;ABALROAMENTO LONGITUDINAL;1.0;1.0;0.0;0.0;0.0;0.0;0.0;0.0;0.0;2.0;0.0;Longo da via;Bom;Não existe;Incompleta;Seca;Perfeito estado;Não existe;Não há placas;;Única;Não existe;;;Manhã
3472;28/12/2020;12:03:00;COM VÍTIMA;FINALIZADA;BOA VIAGEM;RUA ERNESTO DE PAULA SANTOS;;AV ENGENHEIRO DOMINGOS FERREIRA;PROX A RESTAURANTE DOMINGOS FERREIRA;BOA VIAGEM;217.0;SUBURBIO;ABALROAMENTO TRANSVERSAL;1.0;2.0;0.0;0.0;0.0;0.0;0.0;0.0;0.0;1.0;0.0;Cruzamento;Bom;Sem defeito;Perfeito estado;Seca;Perfeito estado;Faixa de retenção;Não há placas;60 km/h;Única;Faixa contínua;;;Tarde
3473;28/12/2020;12:22:00;SEM VÍTIMA;FINALIZADA;IMBIRIBEIRA;AV MARECHAL MASCARENHAS DE MORAES;;RUA MIS JOEL CARLSON;PRÓX AO DEPÓSITO DA LASER ELETRO;IMBIRIBEIRA;287.0;;COLISÃO;2.0;0.0;0.0;0.0;0.0;0.0;0.0;0.0;0.0;0.0;0.0;Longo da via;Bom;Sem defeito;Perfeito estado;Seca;Perfeito estado;Não existe;Não há placas;60 KM/H;Dupla;Canteiro central;;;Tarde
3474;28/12/2020;14:55:00;SEM VÍTIMA;FINALIZADA;ARRUDA;AV BEBERIBE;;;EM FRENTE AO MERCADAO OLEO / PROX AO CAMPO DO ARRUDA;ARRUDA;;;COLISÃO;0.0;0.0;0.0;0.0;0.0;1.0;1.0;0.0;0.0;0.0;0.0;Longo da via;Bom;Sem defeito;Perfeito estado;Seca;Perfeito estado;;;;Dupla;Faixa contínua;;;Tarde
3475;28/12/2020;15:23:00;COM VÍTIMA;FINALIZADA;BOA VIAGEM;AV DOM JOAO VI;;;AO LADO DO BIG BOMPREÇO.;BOA VIAGEM;;SUBURBIO;ABALROAMENTO TRANSVERSAL;0.0;1.0;0.0;0.0;0.0;1.0;0.0;0.0;0.0;1.0;0.0;Longo da via;Bom;Sem defeito;Perfeito estado;Seca;Perfeito estado;Não existe;Não há placas;;Única;Não existe;;;Tarde
3476;28/12/2020;16:26:00;COM VÍTIMA;FINALIZADA;BOA VIAGEM;RUA JOAO CARDOSO AIRES;647;RUA ALMIRANTE BATISTA LEAO;PROX AO COLEGIO MADRE DE DEUS / PROX AO HAPVIDA DIAGNÓSTICOS.;BOA VIAGEM;;SUBURBIO;ABALROAMENTO TRANSVERSAL;1.0;1.0;0.0;0.0;0.0;0.0;0.0;0.0;0.0;1.0;0.0;Cruzamento;Chuvoso;Não existe;Perfeito estado;Seca;Perfeito estado;Não existe;Placas Pare;;Única;Não existe;;;Tarde
3477;28/12/2020;16:42:00;COM VÍTIMA;FINALIZADA;SANTO AMARO;AV NORTE;866;;EM FRENTE AO CENTRO DE JUVENTUDE E O CRAS;SANTO AMARO;397.0;SUBURBIO;ATROPELAMENTO;0.0;1.0;0.0;0.0;1.0;0.0;0.0;0.0;0.0;1.0;0.0;Longo da via;Bom;Sem defeito;Perfeito estado;Seca;Perfeito estado;Não existe;Outras;60 km/h;Dupla;Canteiro central;;;Tarde
3478;28/12/2020;20:23:00;COM VÍTIMA;FINALIZADA;IMBIRIBEIRA;RUA JAMAICA;71;RUA IZABEL DE SOUZA;EM FRENTE A BSS BLINDAGEM;IMBIRIBEIRA;;;COLISÃO;1.0;1.0;0.0;0.0;0.0;0.0;0.0;0.0;0.0;2.0;0.0;Cruzamento;Bom;Não existe;Perfeito estado;Seca;Perfeito estado;Não existe;Placas Pare;;Única;Faixa seccionada;;;Noite
3479;29/12/2020;07:20:00;SEM VÍTIMA;FINALIZADA;BOA VISTA;RUA JOSE DE ALENCAR;;RUA BARAO DE SAO BORJA;POR TRAS DO SHOPPING BOA VISTA;BOA VISTA;;;CAPOTAMENTO;2.0;0.0;0.0;0.0;0.0;0.0;0.0;0.0;0.0;0.0;0.0;;;;;;;;;;;;;;Manhã
3480;29/12/2020;10:22:00;COM VÍTIMA;FINALIZADA;AREIAS;RUA CAPITAO DOMINGOS DA COSTA;555;RUA AURORA CACOTE;EM FRENTE AO SUPERMERCADO COBAL;AREIAS;569.0;;ATROPELAMENTO;1.0;0.0;0.0;0.0;1.0;0.0;0.0;0.0;0.0;1.0;0.0;Cruzamento;Bom;Sem defeito;;Seca;Perfeito estado;Não existe;R-19;30 km/h;Dupla;Não existe;;;Manhã
3481;29/12/2020;10:55:00;COM VÍTIMA;FINALIZADA;ARRUDA;RUA SAO BENTO;195;;NA ENTRADA DA BOMBA DO HEMETERIO PROX AO POSTO DE GASOLINA DESATIVADO BR;ARRUDA;;SUBURBIO;COLISÃO TRASEIRA;1.0;1.0;0.0;0.0;0.0;0.0;0.0;0.0;0.0;1.0;0.0;Longo da via;Bom;Sem defeito;Perfeito estado;Seca;Perfeito estado;Outros;Placas Pare;;Única;Faixa seccionada;;;Manhã
3482;29/12/2020;15:12:00;COM VÍTIMA;FINALIZADA;ESPINHEIRO;RUA QUARENTA E OITO;347;RUA DO ESPINHEIRO;EM FRENTE A DELICATENSSEN ESPINHEIRO;ESPINHEIRO;166.0;CIDADE;ABALROAMENTO LONGITUDINAL;1.0;1.0;0.0;0.0;0.0;0.0;0.0;0.0;0.0;1.0;0.0;Cruzamento;Bom;Sem defeito;Perfeito estado;Seca;Perfeito estado;Faixa de pedestre;Outras;;Única;Faixa seccionada;;;Tarde
3483;29/12/2020;18:14:00;COM VÍTIMA;FINALIZADA;SANTO ANTÔNIO;AV GUARARAPES;;RUA DO SOL;AO LADO DA AGENCIA DOS CORREIOS;SANTO ANTÔNIO;14.0;CIDADE;ATROPELAMENTO;0.0;0.0;0.0;0.0;1.0;1.0;0.0;0.0;0.0;1.0;0.0;Cruzamento;Bom;Sem defeito;Perfeito estado;Seca;Perfeito estado;Faixa de pedestre;Outras;60 km/h;Única;Faixa contínua;;;Noite
3484;29/12/2020;20:02:00;SEM VÍTIMA;FINALIZADA;JORDÃO;RUA DR ALVARO FERRAZ;24;;PROX AO TERMINAL DO JORDAO;JORDÃO;;;COLISÃO;0.0;1.0;0.0;0.0;0.0;0.0;0.0;1.0;0.0;0.0;0.0;Longo da via;Bom;Não existe;Perfeito estado;Seca;Perfeito estado;Não existe;R-6a;;Única;Não existe;;;Noite
3485;30/12/2020;07:15:00;COM VÍTIMA;FINALIZADA;IPUTINGA;AV CAXANGA;4068;AV PROFESSOR JOAQUIM CAVALCANTI;EMBAIXO DO VIADUTO AO LADFO DO BIG BOMPREÇO;IPUTINGA;;SUBURBIO;COLISÃO;0.0;1.0;0.0;0.0;0.0;0.0;0.0;0.0;0.0;1.0;0.0;Longo da via;Chuvoso;Não existe;Perfeito estado;Molhada;Perfeito estado;Não existe;Não há placas;60 km/h;Única;;;;Manhã
3486;30/12/2020;07:31:00;COM VÍTIMA;FINALIZADA;CABANGA;RUA JOAO PAULO II;292;;NO FINAL DO VIADUTO CAPITÃO TEMUDO /SENTIDO BOA VIAGEM;CABANGA;;SUBURBIO;COLISÃO TRASEIRA;1.0;1.0;0.0;0.0;0.0;0.0;0.0;0.0;0.0;1.0;0.0;Viaduto;Chuvoso;Não existe;Perfeito estado;Molhada;Perfeito estado;Não existe;Não há placas;60 km/h;Dupla;Canteiro central;;;Manhã
3487;30/12/2020;07:52:00;COM VÍTIMA;FINALIZADA;LINHA DO TIRO;RUA URIEL DE HOLANDA;1541;;EM FRENTE AO ARMAZEM OLIVEIRA;LINHA DO TIRO;;SUBURBIO;COLISÃO FRONTAL;1.0;1.0;0.0;0.0;0.0;0.0;0.0;0.0;0.0;1.0;0.0;Longo da via;Chuvoso;Não existe;Incompleta;Molhada;Perfeito estado;Não existe;Não há placas;;Dupla;Não existe;;;Manhã
3488;30/12/2020;08:41:00;COM VÍTIMA;FINALIZADA;SÍTIO DOS PINTOS;RUA PROF CLAUDIO SELVA;135;RUA DA JAQUEIRA;;SÍTIO DOS PINTOS;;SUBURBIO;TOMBAMENTO;0.0;0.0;0.0;1.0;0.0;0.0;0.0;0.0;0.0;1.0;0.0;Longo da via;Bom;Não existe;Não existente;Seca;Perfeito estado;Não existe;Não há placas;;Dupla;Não existe;;;Manhã
3489;30/12/2020;11:51:00;COM VÍTIMA;FINALIZADA;IBURA;RUA PINTOR AGENOR DE ALBUQUERQUE CESAR;705;;RUA DA COMPESA;IBURA;;SUBURBIO;ABALROAMENTO TRANSVERSAL;1.0;1.0;0.0;0.0;0.0;0.0;0.0;0.0;0.0;1.0;0.0;Longo da via;Chuvoso;Não existe;Perfeito estado;Molhada;Perfeito estado;Não existe;Não há placas;;Dupla;Não existe;;;Manhã
3490;30/12/2020;14:04:00;COM VÍTIMA;FINALIZADA;JORDÃO;AV MARIA IRENE;1672;;RROX AO POSTO IPIRANGA / PROX A FEIRA LIVRE DO JORDAO;JORDÃO;;;COLISÃO TRASEIRA;1.0;1.0;0.0;0.0;0.0;0.0;0.0;0.0;0.0;1.0;0.0;Cruzamento;Bom;Não existe;Não existente;Seca;Perfeito estado;Não existe;Não há placas;;Dupla;Não existe;;;Tarde
3491;30/12/2020;15:43:00;COM VÍTIMA;FINALIZADA;CAMPO GRANDE;RUA PROFESSOR FRANCISCO DA TRINDADE;290;RUA SAO CAETANO;APÓS O SUPERMERCADO STILOS / PRÓX À MISSÃO EVANGÉLICA PENTECOSTAL.;CAMPO GRANDE;;;COLISÃO;1.0;1.0;0.0;0.0;0.0;0.0;0.0;0.0;0.0;1.0;0.0;Cruzamento;Bom;Não existe;Perfeito estado;Seca;Perfeito estado;Não existe;;;Dupla;Não existe;;;Tarde
3492;30/12/2020;17:26:00;SEM VÍTIMA;FINALIZADA;TEJIPIÓ;AV DR JOSE RUFINO;;;PRÓX À ESTAÇÃO DE TEJIPIÓ;TEJIPIÓ;;SUBURBIO;COLISÃO;2.0;0.0;0.0;0.0;0.0;0.0;0.0;0.0;0.0;0.0;0.0;;;;;;;;;;;;;;Tarde
3493;30/12/2020;17:30:00;SEM VÍTIMA;FINALIZADA;DERBY;AV GOVERNADOR AGAMENON MAGALHAES;;RUA JOAQUIM NABUCO;AO LADO DO HOSPITAL DA RESTAURAÇÃO;DERBY;;;COLISÃO;1.0;0.0;0.0;0.0;0.0;0.0;0.0;1.0;0.0;0.0;0.0;;;;;;;;;;;;;;Tarde
3494;30/12/2020;20:38:00;COM VÍTIMA;FINALIZADA;MANGABEIRA;AV NORTE;4560;;EM FRENTE AO SESC DE CASA AMARELA/VÍTIMA JÁ SOCORRIDA;MANGABEIRA;;;ATROPELAMENTO;1.0;0.0;0.0;0.0;1.0;0.0;0.0;0.0;0.0;1.0;0.0;Longo da via;Bom;;Perfeito estado;Seca;Perfeito estado;Não existe;Outras;;Dupla;Canteiro central;;;Noite
3495;31/12/2020;15:47:00;COM VÍTIMA;FINALIZADA;CASA AMARELA;EST DAS UBAIAS;147;;;CASA AMARELA;;CIDADE;COLISÃO FRONTAL;1.0;1.0;0.0;0.0;0.0;0.0;0.0;0.0;0.0;1.0;0.0;Longo da via;Bom;Não existe;Perfeito estado;Seca;Perfeito estado;Não existe;Outras;;Dupla;Não existe;;;Tarde
3496;31/12/2020;21:48:00;COM VÍTIMA;FINALIZADA;CAMPINA DO BARRETO;AV PROFESSOR JOSE DOS ANJOS;;;E/F A ACADEMIA DA CHAO DE ESTRELA;CAMPINA DO BARRETO;;SUBURBIO;COLISÃO FRONTAL;0.0;2.0;0.0;0.0;0.0;0.0;0.0;0.0;0.0;4.0;0.0;Longo da via;Nublado;Não existe;Perfeito estado;Seca;Perfeito estado;Não existe;Outras;;Dupla;Faixa seccionada;;;Noite